solid bottom_case
facet normal 0 0 -1
outer loop
vertex 193.22413823637626 -80.18012370956009 0
vertex 193.57236259257112 -80.23839507230161 0
vertex 193.90718406531644 -80.35042335155156 0
endloop
endfacet
facet normal 0 0 -1
outer loop
vertex 193.22413823637626 -80.18012370956009 0
vertex 193.90718406531644 -80.35042335155156 0
vertex 194.2203582253525 -80.5134500347934 0
endloop
endfacet
facet normal 0 0 -1
outer loop
vertex 193.22413823637626 -80.18012370956009 0
vertex 194.2203582253525 -80.5134500347934 0
vertex 194.50417367296728 -80.72346085751036 0
endloop
endfacet
facet normal 0 0 -1
outer loop
vertex 193.22413823637626 -80.18012370956009 0
vertex 194.50417367296728 -80.72346085751036 0
vertex 194.75164191855924 -80.97528464786141 0
endloop
endfacet
facet normal 0 0 -1
outer loop
vertex 193.22413823637626 -80.18012370956009 0
vertex 194.75164191855924 -80.97528464786141 0
vertex 194.9566694627236 -81.26272065830042 0
endloop
endfacet
facet normal 0 0 -1
outer loop
vertex 193.22413823637626 -80.18012370956009 0
vertex 194.9566694627236 -81.26272065830042 0
vertex 195.11420783867482 -81.57869124880776 0
endloop
endfacet
facet normal 0 0 -1
outer loop
vertex 193.22413823637626 -80.18012370956009 0
vertex 195.11420783867482 -81.57869124880776 0
vertex 195.2203779224562 -81.91541616216143 0
endloop
endfacet
facet normal 0 0 -1
outer loop
vertex 193.22413823637626 -80.18012370956009 0
vertex 195.2203779224562 -81.91541616216143 0
vertex 195.27256090000003 -82.26460820000017 0
endloop
endfacet
facet normal 0 0 -1
outer loop
vertex 193.22413823637626 -80.18012370956009 0
vertex 195.27256090000003 -82.26460820000017 0
vertex 195.31057823439966 -82.80828150000025 0
endloop
endfacet
facet normal 0 0 -1
outer loop
vertex 193.22413823637626 -80.18012370956009 0
vertex 195.31057823439966 -82.80828150000025 0
vertex 189.06742049999988 -82.80828150000025 0
endloop
endfacet
facet normal 0 0 -1
outer loop
vertex 193.22413823637626 -80.18012370956009 0
vertex 189.06742049999988 -82.80828150000025 0
vertex 173.4844351399602 -82.80828150000025 0
endloop
endfacet
facet normal 0 0 -1
outer loop
vertex 193.22413823637626 -80.18012370956009 0
vertex 173.4844351399602 -82.80828150000025 0
vertex 173.49953370155163 -82.76315608468344 0
endloop
endfacet
facet normal 0 0 -1
outer loop
vertex 193.22413823637626 -80.18012370956009 0
vertex 173.49953370155163 -82.76315608468344 0
vertex 173.66256038479332 -82.44998192464766 0
endloop
endfacet
facet normal 0 0 -1
outer loop
vertex 193.22413823637626 -80.18012370956009 0
vertex 173.66256038479332 -82.44998192464766 0
vertex 173.87257120751056 -82.16616647703258 0
endloop
endfacet
facet normal 0 0 -1
outer loop
vertex 193.22413823637626 -80.18012370956009 0
vertex 173.87257120751056 -82.16616647703258 0
vertex 174.1243949978615 -81.91869823144074 0
endloop
endfacet
facet normal 0 0 -1
outer loop
vertex 193.22413823637626 -80.18012370956009 0
vertex 174.1243949978615 -81.91869823144074 0
vertex 174.4118310083004 -81.71367068727643 0
endloop
endfacet
facet normal 0 0 -1
outer loop
vertex 193.22413823637626 -80.18012370956009 0
vertex 174.4118310083004 -81.71367068727643 0
vertex 174.72780159880784 -81.55613231132516 0
endloop
endfacet
facet normal 0 0 -1
outer loop
vertex 193.22413823637626 -80.18012370956009 0
vertex 174.72780159880784 -81.55613231132516 0
vertex 175.06452651216148 -81.44996222754379 0
endloop
endfacet
facet normal 0 0 -1
outer loop
vertex 193.22413823637626 -80.18012370956009 0
vertex 175.06452651216148 -81.44996222754379 0
vertex 175.41371889999982 -81.39777940000002 0
endloop
endfacet
facet normal 0 0 -1
outer loop
vertex 193.22413823637626 -80.18012370956009 0
vertex 175.41371889999982 -81.39777940000002 0
vertex 192.8710854500001 -80.1770441 0
endloop
endfacet
facet normal 0 0 -1
outer loop
vertex 189.06742049999988 -82.80828150000025 0
vertex 188.30656824413356 -82.883218906428 0
vertex 173.4593617519701 -82.883218906428 0
endloop
endfacet
facet normal 0 0 -1
outer loop
vertex 189.06742049999988 -82.80828150000025 0
vertex 173.4593617519701 -82.883218906428 0
vertex 173.4844351399602 -82.80828150000025 0
endloop
endfacet
facet normal 0 0 -1
outer loop
vertex 195.31057823439966 -82.80828150000025 0
vertex 195.31581836747077 -82.883218906428 0
vertex 189.82827275586618 -82.883218906428 0
endloop
endfacet
facet normal 0 0 -1
outer loop
vertex 195.31057823439966 -82.80828150000025 0
vertex 189.82827275586618 -82.883218906428 0
vertex 189.06742049999988 -82.80828150000025 0
endloop
endfacet
facet normal 0 0 -1
outer loop
vertex 188.30656824413356 -82.883218906428 0
vertex 187.5749551137678 -83.10515132320913 0
vertex 173.38630497465758 -83.10515132320913 0
endloop
endfacet
facet normal 0 0 -1
outer loop
vertex 188.30656824413356 -82.883218906428 0
vertex 173.38630497465758 -83.10515132320913 0
vertex 173.38750542230164 -83.09797755742892 0
endloop
endfacet
facet normal 0 0 -1
outer loop
vertex 188.30656824413356 -82.883218906428 0
vertex 173.38750542230164 -83.09797755742892 0
vertex 173.4593617519701 -82.883218906428 0
endloop
endfacet
facet normal 0 0 -1
outer loop
vertex 195.31581836747077 -82.883218906428 0
vertex 195.33133739130895 -83.10515132320913 0
vertex 190.55988588623558 -83.10515132320913 0
endloop
endfacet
facet normal 0 0 -1
outer loop
vertex 195.31581836747077 -82.883218906428 0
vertex 190.55988588623558 -83.10515132320913 0
vertex 189.82827275586618 -82.883218906428 0
endloop
endfacet
facet normal 0 0 -1
outer loop
vertex 187.5749551137678 -83.10515132320913 0
vertex 186.9006965912159 -83.4655500120285 0
vertex 173.32906528992814 -83.4655500120285 0
endloop
endfacet
facet normal 0 0 -1
outer loop
vertex 187.5749551137678 -83.10515132320913 0
vertex 173.32906528992814 -83.4655500120285 0
vertex 173.3292340595601 -83.44620191362382 0
endloop
endfacet
facet normal 0 0 -1
outer loop
vertex 187.5749551137678 -83.10515132320913 0
vertex 173.3292340595601 -83.44620191362382 0
vertex 173.38630497465758 -83.10515132320913 0
endloop
endfacet
facet normal 0 0 -1
outer loop
vertex 195.33133739130895 -83.10515132320913 0
vertex 195.3565389185313 -83.4655500120285 0
vertex 191.23414440879804 -83.4655500120285 0
endloop
endfacet
facet normal 0 0 -1
outer loop
vertex 195.33133739130895 -83.10515132320913 0
vertex 191.23414440879804 -83.4655500120285 0
vertex 190.55988588623558 -83.10515132320913 0
endloop
endfacet
facet normal 0 0 -1
outer loop
vertex 186.9006965912159 -83.4655500120285 0
vertex 186.30970405341276 -83.95056505334269 0
vertex 173.33673501165603 -83.95056505334269 0
endloop
endfacet
facet normal 0 0 -1
outer loop
vertex 186.9006965912159 -83.4655500120285 0
vertex 173.33673501165603 -83.95056505334269 0
vertex 173.32615445 -83.79925469999965 0
endloop
endfacet
facet normal 0 0 -1
outer loop
vertex 186.9006965912159 -83.4655500120285 0
vertex 173.32615445 -83.79925469999965 0
vertex 173.32906528992814 -83.4655500120285 0
endloop
endfacet
facet normal 0 0 -1
outer loop
vertex 195.3565389185313 -83.4655500120285 0
vertex 195.39045446857668 -83.95056505334269 0
vertex 191.82513694660267 -83.95056505334269 0
endloop
endfacet
facet normal 0 0 -1
outer loop
vertex 195.3565389185313 -83.4655500120285 0
vertex 191.82513694660267 -83.95056505334269 0
vertex 191.23414440879804 -83.4655500120285 0
endloop
endfacet
facet normal 0 0 -1
outer loop
vertex 186.30970405341276 -83.95056505334269 0
vertex 185.82468901200482 -84.54155759122429 0
vertex 173.37806088822137 -84.54155759122429 0
endloop
endfacet
facet normal 0 0 -1
outer loop
vertex 186.30970405341276 -83.95056505334269 0
vertex 173.37806088822137 -84.54155759122429 0
vertex 173.33673501165603 -83.95056505334269 0
endloop
endfacet
facet normal 0 0 -1
outer loop
vertex 195.39045446857668 -83.95056505334269 0
vertex 195.4317806858846 -84.54155759122429 0
vertex 192.31015198798008 -84.54155759122429 0
endloop
endfacet
facet normal 0 0 -1
outer loop
vertex 195.39045446857668 -83.95056505334269 0
vertex 192.31015198798008 -84.54155759122429 0
vertex 191.82513694660267 -83.95056505334269 0
endloop
endfacet
facet normal 0 0 -1
outer loop
vertex 185.82468901200482 -84.54155759122429 0
vertex 185.46429032320532 -85.21581611377587 0
vertex 173.4252092406794 -85.21581611377587 0
endloop
endfacet
facet normal 0 0 -1
outer loop
vertex 185.82468901200482 -84.54155759122429 0
vertex 173.4252092406794 -85.21581611377587 0
vertex 173.37806088822137 -84.54155759122429 0
endloop
endfacet
facet normal 0 0 -1
outer loop
vertex 195.4317806858846 -84.54155759122429 0
vertex 195.478929427093 -85.21581611377587 0
vertex 192.67055067679365 -85.21581611377587 0
endloop
endfacet
facet normal 0 0 -1
outer loop
vertex 195.4317806858846 -84.54155759122429 0
vertex 192.67055067679365 -85.21581611377587 0
vertex 192.31015198798008 -84.54155759122429 0
endloop
endfacet
facet normal 0 0 -1
outer loop
vertex 185.46429032320532 -85.21581611377587 0
vertex 185.24235790642774 -85.94742924413613 0
vertex 173.47636818428845 -85.94742924413613 0
endloop
endfacet
facet normal 0 0 -1
outer loop
vertex 185.46429032320532 -85.21581611377587 0
vertex 173.47636818428845 -85.94742924413613 0
vertex 173.4252092406794 -85.21581611377587 0
endloop
endfacet
facet normal 0 0 -1
outer loop
vertex 195.478929427093 -85.21581611377587 0
vertex 195.53008879252081 -85.94742924413613 0
vertex 192.892483093572 -85.94742924413613 0
endloop
endfacet
facet normal 0 0 -1
outer loop
vertex 195.478929427093 -85.21581611377587 0
vertex 192.892483093572 -85.94742924413613 0
vertex 192.67055067679365 -85.21581611377587 0
endloop
endfacet
facet normal 0 0 -1
outer loop
vertex 195.53008879252081 -85.94742924413613 0
vertex 195.53291400000003 -85.98783160000002 0
vertex 192.89646237829996 -85.98783160000002 0
endloop
endfacet
facet normal 0 0 -1
outer loop
vertex 195.53008879252081 -85.94742924413613 0
vertex 192.89646237829996 -85.98783160000002 0
vertex 192.892483093572 -85.94742924413613 0
endloop
endfacet
facet normal 0 0 -1
outer loop
vertex 216.98742725717162 -85.26634264939798 0
vertex 217.3334056614375 -85.33673167786708 0
vertex 217.66411321804182 -85.46037707224896 0
endloop
endfacet
facet normal 0 0 -1
outer loop
vertex 216.98742725717162 -85.26634264939798 0
vertex 217.66411321804182 -85.46037707224896 0
vertex 217.97140680154206 -85.6342342696459 0
endloop
endfacet
facet normal 0 0 -1
outer loop
vertex 216.98742725717162 -85.26634264939798 0
vertex 217.97140680154206 -85.6342342696459 0
vertex 218.2477198167748 -85.85402232473524 0
endloop
endfacet
facet normal 0 0 -1
outer loop
vertex 216.98742725717162 -85.26634264939798 0
vertex 218.2477198167748 -85.85402232473524 0
vertex 218.37033408581868 -85.98783160000002 0
endloop
endfacet
facet normal 0 0 -1
outer loop
vertex 216.98742725717162 -85.26634264939798 0
vertex 218.37033408581868 -85.98783160000002 0
vertex 195.53291400000003 -85.98783160000002 0
endloop
endfacet
facet normal 0 0 -1
outer loop
vertex 216.98742725717162 -85.26634264939798 0
vertex 195.53291400000003 -85.98783160000002 0
vertex 216.63469715000025 -85.2509432 0
endloop
endfacet
facet normal 0 0 -1
outer loop
vertex 185.24235790642774 -85.94742924413613 0
vertex 185.16742049999996 -86.70828149999713 0
vertex 173.5295717095358 -86.70828149999713 0
endloop
endfacet
facet normal 0 0 -1
outer loop
vertex 185.24235790642774 -85.94742924413613 0
vertex 173.5295717095358 -86.70828149999713 0
vertex 173.47636818428845 -85.94742924413613 0
endloop
endfacet
facet normal 0 0 -1
outer loop
vertex 195.53291400000003 -85.98783160000002 0
vertex 218.37033408581868 -85.98783160000002 0
vertex 218.48624851372142 -86.11432932095327 0
endloop
endfacet
facet normal 0 0 -1
outer loop
vertex 195.53291400000003 -85.98783160000002 0
vertex 218.48624851372142 -86.11432932095327 0
vertex 218.68111951857423 -86.40874562996979 0
endloop
endfacet
facet normal 0 0 -1
outer loop
vertex 195.53291400000003 -85.98783160000002 0
vertex 218.68111951857423 -86.40874562996979 0
vertex 218.81762679221882 -86.70828149999713 0
endloop
endfacet
facet normal 0 0 -1
outer loop
vertex 195.53291400000003 -85.98783160000002 0
vertex 218.81762679221882 -86.70828149999713 0
vertex 192.9674204999992 -86.70828149999713 0
endloop
endfacet
facet normal 0 0 -1
outer loop
vertex 195.53291400000003 -85.98783160000002 0
vertex 192.9674204999992 -86.70828149999713 0
vertex 192.89646237829996 -85.98783160000002 0
endloop
endfacet
facet normal 0 0 -1
outer loop
vertex 185.16742049999996 -86.70828149999713 0
vertex 185.24235790642717 -87.46913375586307 0
vertex 173.5827752347835 -87.46913375586307 0
endloop
endfacet
facet normal 0 0 -1
outer loop
vertex 185.16742049999996 -86.70828149999713 0
vertex 173.5827752347835 -87.46913375586307 0
vertex 173.5295717095358 -86.70828149999713 0
endloop
endfacet
facet normal 0 0 -1
outer loop
vertex 218.81762679221882 -86.70828149999713 0
vertex 218.82753445583177 -86.73002173816177 0
vertex 218.92188810034284 -87.07024675387112 0
endloop
endfacet
facet normal 0 0 -1
outer loop
vertex 218.81762679221882 -86.70828149999713 0
vertex 218.92188810034284 -87.07024675387112 0
vertex 218.9618543 -87.42104639999994 0
endloop
endfacet
facet normal 0 0 -1
outer loop
vertex 218.81762679221882 -86.70828149999713 0
vertex 218.9618543 -87.42104639999994 0
vertex 218.96353354694196 -87.46913375586307 0
endloop
endfacet
facet normal 0 0 -1
outer loop
vertex 218.81762679221882 -86.70828149999713 0
vertex 218.96353354694196 -87.46913375586307 0
vertex 192.8924830935715 -87.46913375586307 0
endloop
endfacet
facet normal 0 0 -1
outer loop
vertex 218.81762679221882 -86.70828149999713 0
vertex 192.8924830935715 -87.46913375586307 0
vertex 192.9674204999992 -86.70828149999713 0
endloop
endfacet
facet normal 0 0 -1
outer loop
vertex 185.24235790642717 -87.46913375586307 0
vertex 185.31247049946748 -87.700264 0
vertex 173.59893730000002 -87.700264 0
endloop
endfacet
facet normal 0 0 -1
outer loop
vertex 185.24235790642717 -87.46913375586307 0
vertex 173.59893730000002 -87.700264 0
vertex 173.5827752347835 -87.46913375586307 0
endloop
endfacet
facet normal 0 0 -1
outer loop
vertex 185.31247049946748 -87.700264 0
vertex 185.46429032320577 -88.20074688622415 0
vertex 168.83716055331433 -88.20074688622415 0
endloop
endfacet
facet normal 0 0 -1
outer loop
vertex 185.31247049946748 -87.700264 0
vertex 168.83716055331433 -88.20074688622415 0
vertex 173.59893730000002 -87.700264 0
endloop
endfacet
facet normal 0 0 -1
outer loop
vertex 218.96353354694196 -87.46913375586307 0
vertex 218.98908203239768 -88.20074688622415 0
vertex 192.67055067679394 -88.20074688622415 0
endloop
endfacet
facet normal 0 0 -1
outer loop
vertex 218.96353354694196 -87.46913375586307 0
vertex 192.67055067679394 -88.20074688622415 0
vertex 192.8924830935715 -87.46913375586307 0
endloop
endfacet
facet normal 0 0 -1
outer loop
vertex 185.46429032320577 -88.20074688622415 0
vertex 185.82468901201463 -88.87500540876981 0
vertex 162.4220190124413 -88.87500540876981 0
endloop
endfacet
facet normal 0 0 -1
outer loop
vertex 185.46429032320577 -88.20074688622415 0
vertex 162.4220190124413 -88.87500540876981 0
vertex 168.83716055331433 -88.20074688622415 0
endloop
endfacet
facet normal 0 0 -1
outer loop
vertex 218.98908203239768 -88.20074688622415 0
vertex 219.01262765144384 -88.87500540876981 0
vertex 192.31015198797908 -88.87500540876981 0
endloop
endfacet
facet normal 0 0 -1
outer loop
vertex 218.98908203239768 -88.20074688622415 0
vertex 192.31015198797908 -88.87500540876981 0
vertex 192.67055067679394 -88.20074688622415 0
endloop
endfacet
facet normal 0 0 -1
outer loop
vertex 185.82468901201463 -88.87500540876981 0
vertex 186.30970405338942 -89.46599794664425 0
vertex 156.7991004236628 -89.46599794664425 0
endloop
endfacet
facet normal 0 0 -1
outer loop
vertex 185.82468901201463 -88.87500540876981 0
vertex 156.7991004236628 -89.46599794664425 0
vertex 162.4220190124413 -88.87500540876981 0
endloop
endfacet
facet normal 0 0 -1
outer loop
vertex 219.01262765144384 -88.87500540876981 0
vertex 219.03326555914634 -89.46599794664425 0
vertex 191.82513694662583 -89.46599794664425 0
endloop
endfacet
facet normal 0 0 -1
outer loop
vertex 219.01262765144384 -88.87500540876981 0
vertex 191.82513694662583 -89.46599794664425 0
vertex 192.31015198797908 -88.87500540876981 0
endloop
endfacet
facet normal 0 0 -1
outer loop
vertex 186.30970405338942 -89.46599794664425 0
vertex 186.9006965912156 -89.9510129879762 0
vertex 153.24943084549685 -89.9510129879762 0
endloop
endfacet
facet normal 0 0 -1
outer loop
vertex 186.30970405338942 -89.46599794664425 0
vertex 153.24943084549685 -89.9510129879762 0
vertex 153.5276491606004 -89.84421439288171 0
endloop
endfacet
facet normal 0 0 -1
outer loop
vertex 186.30970405338942 -89.46599794664425 0
vertex 153.5276491606004 -89.84421439288171 0
vertex 153.91264619999995 -89.76937650000002 0
endloop
endfacet
facet normal 0 0 -1
outer loop
vertex 186.30970405338942 -89.46599794664425 0
vertex 153.91264619999995 -89.76937650000002 0
vertex 156.7991004236628 -89.46599794664425 0
endloop
endfacet
facet normal 0 0 -1
outer loop
vertex 219.03326555914634 -89.46599794664425 0
vertex 219.05020265228347 -89.9510129879762 0
vertex 191.23414440877744 -89.9510129879762 0
endloop
endfacet
facet normal 0 0 -1
outer loop
vertex 219.03326555914634 -89.46599794664425 0
vertex 191.23414440877744 -89.9510129879762 0
vertex 191.82513694662583 -89.46599794664425 0
endloop
endfacet
facet normal 0 0 -1
outer loop
vertex 186.9006965912156 -89.9510129879762 0
vertex 187.57495511378528 -90.31141167679942 0
vertex 152.6819296663297 -90.31141167679942 0
endloop
endfacet
facet normal 0 0 -1
outer loop
vertex 186.9006965912156 -89.9510129879762 0
vertex 152.6819296663297 -90.31141167679942 0
vertex 152.82531858574512 -90.18676533140413 0
endloop
endfacet
facet normal 0 0 -1
outer loop
vertex 186.9006965912156 -89.9510129879762 0
vertex 152.82531858574512 -90.18676533140413 0
vertex 153.1614992465663 -89.98476695283182 0
endloop
endfacet
facet normal 0 0 -1
outer loop
vertex 186.9006965912156 -89.9510129879762 0
vertex 153.1614992465663 -89.98476695283182 0
vertex 153.24943084549685 -89.9510129879762 0
endloop
endfacet
facet normal 0 0 -1
outer loop
vertex 219.05020265228347 -89.9510129879762 0
vertex 219.06278804786695 -90.31141167679942 0
vertex 190.55988588622705 -90.31141167679942 0
endloop
endfacet
facet normal 0 0 -1
outer loop
vertex 219.05020265228347 -89.9510129879762 0
vertex 190.55988588622705 -90.31141167679942 0
vertex 191.23414440877744 -89.9510129879762 0
endloop
endfacet
facet normal 0 0 -1
outer loop
vertex 187.57495511378528 -90.31141167679942 0
vertex 188.30656824412912 -90.53334409357282 0
vertex 152.45703073593577 -90.53334409357282 0
endloop
endfacet
facet normal 0 0 -1
outer loop
vertex 187.57495511378528 -90.31141167679942 0
vertex 152.45703073593577 -90.53334409357282 0
vertex 152.5293218096485 -90.44407193877413 0
endloop
endfacet
facet normal 0 0 -1
outer loop
vertex 187.57495511378528 -90.31141167679942 0
vertex 152.5293218096485 -90.44407193877413 0
vertex 152.6819296663297 -90.31141167679942 0
endloop
endfacet
facet normal 0 0 -1
outer loop
vertex 219.06278804786695 -90.31141167679942 0
vertex 219.07053809620095 -90.53334409357282 0
vertex 189.82827275586016 -90.53334409357282 0
endloop
endfacet
facet normal 0 0 -1
outer loop
vertex 219.06278804786695 -90.31141167679942 0
vertex 189.82827275586016 -90.53334409357282 0
vertex 190.55988588622705 -90.31141167679942 0
endloop
endfacet
facet normal 0 0 -1
outer loop
vertex 188.30656824412912 -90.53334409357282 0
vertex 189.06742049999897 -90.60828150000091 0
vertex 152.39634769782438 -90.60828150000091 0
endloop
endfacet
facet normal 0 0 -1
outer loop
vertex 188.30656824412912 -90.53334409357282 0
vertex 152.39634769782438 -90.60828150000091 0
vertex 152.45703073593577 -90.53334409357282 0
endloop
endfacet
facet normal 0 0 -1
outer loop
vertex 219.07053809620095 -90.53334409357282 0
vertex 219.07315496727497 -90.60828150000091 0
vertex 189.06742049999897 -90.60828150000091 0
endloop
endfacet
facet normal 0 0 -1
outer loop
vertex 219.07053809620095 -90.53334409357282 0
vertex 189.06742049999897 -90.60828150000091 0
vertex 189.82827275586016 -90.53334409357282 0
endloop
endfacet
facet normal 0 0 -1
outer loop
vertex 189.06742049999897 -90.60828150000091 0
vertex 219.07315496727497 -90.60828150000091 0
vertex 219.1761293 -93.5570815 0
endloop
endfacet
facet normal 0 0 -1
outer loop
vertex 189.06742049999897 -90.60828150000091 0
vertex 219.1761293 -93.5570815 0
vertex 152.04835816812982 -93.5570815 0
endloop
endfacet
facet normal 0 0 -1
outer loop
vertex 189.06742049999897 -90.60828150000091 0
vertex 152.04835816812982 -93.5570815 0
vertex 151.9101631 -92.24223825000004 0
endloop
endfacet
facet normal 0 0 -1
outer loop
vertex 189.06742049999897 -90.60828150000091 0
vertex 151.9101631 -92.24223825000004 0
vertex 151.90331866535251 -91.85009805138414 0
endloop
endfacet
facet normal 0 0 -1
outer loop
vertex 189.06742049999897 -90.60828150000091 0
vertex 151.90331866535251 -91.85009805138414 0
vertex 151.96467248549183 -91.46272679482311 0
endloop
endfacet
facet normal 0 0 -1
outer loop
vertex 189.06742049999897 -90.60828150000091 0
vertex 151.96467248549183 -91.46272679482311 0
vertex 152.0923603643547 -91.09189450490278 0
endloop
endfacet
facet normal 0 0 -1
outer loop
vertex 189.06742049999897 -90.60828150000091 0
vertex 152.0923603643547 -91.09189450490278 0
vertex 152.282502588492 -90.74886868042901 0
endloop
endfacet
facet normal 0 0 -1
outer loop
vertex 189.06742049999897 -90.60828150000091 0
vertex 152.282502588492 -90.74886868042901 0
vertex 152.39634769782438 -90.60828150000091 0
endloop
endfacet
facet normal 0 0 -1
outer loop
vertex 219.1761293 -93.5570815 0
vertex 264.44691694999995 -94.74254305000001 0
vertex 264.7980490540922 -94.77944711976247 0
endloop
endfacet
facet normal 0 0 -1
outer loop
vertex 219.1761293 -93.5570815 0
vertex 264.7980490540922 -94.77944711976247 0
vertex 265.13908506435837 -94.87082602646933 0
endloop
endfacet
facet normal 0 0 -1
outer loop
vertex 219.1761293 -93.5570815 0
vertex 265.13908506435837 -94.87082602646933 0
vertex 265.46162753475187 -95.01442971612103 0
endloop
endfacet
facet normal 0 0 -1
outer loop
vertex 219.1761293 -93.5570815 0
vertex 265.46162753475187 -95.01442971612103 0
vertex 265.75773439196917 -95.20672218606822 0
endloop
endfacet
facet normal 0 0 -1
outer loop
vertex 219.1761293 -93.5570815 0
vertex 265.75773439196917 -95.20672218606822 0
vertex 266.02011449582864 -95.44296855321016 0
endloop
endfacet
facet normal 0 0 -1
outer loop
vertex 219.1761293 -93.5570815 0
vertex 266.02011449582864 -95.44296855321016 0
vertex 266.2423071715062 -95.71735164263893 0
endloop
endfacet
facet normal 0 0 -1
outer loop
vertex 219.1761293 -93.5570815 0
vertex 266.2423071715062 -95.71735164263893 0
vertex 266.41884129293356 -96.0231152259205 0
endloop
endfacet
facet normal 0 0 -1
outer loop
vertex 219.1761293 -93.5570815 0
vertex 266.41884129293356 -96.0231152259205 0
vertex 266.54537000020315 -96.35273038201338 0
endloop
endfacet
facet normal 0 0 -1
outer loop
vertex 219.1761293 -93.5570815 0
vertex 266.54537000020315 -96.35273038201338 0
vertex 266.6187777337824 -96.69808088445956 0
endloop
endfacet
facet normal 0 0 -1
outer loop
vertex 219.1761293 -93.5570815 0
vertex 266.6187777337824 -96.69808088445956 0
vertex 266.63364323950594 -96.9817629000003 0
endloop
endfacet
facet normal 0 0 -1
outer loop
vertex 219.1761293 -93.5570815 0
vertex 266.63364323950594 -96.9817629000003 0
vertex 260.13473919998404 -96.9817629000003 0
endloop
endfacet
facet normal 0 0 -1
outer loop
vertex 219.1761293 -93.5570815 0
vertex 260.13473919998404 -96.9817629000003 0
vertex 152.4083053172641 -96.9817629000003 0
endloop
endfacet
facet normal 0 0 -1
outer loop
vertex 219.1761293 -93.5570815 0
vertex 152.4083053172641 -96.9817629000003 0
vertex 152.04835816812982 -93.5570815 0
endloop
endfacet
facet normal 0 0 -1
outer loop
vertex 260.13473919998404 -96.9817629000003 0
vertex 259.3738869441106 -97.05670030642875 0
vertex 152.41618152607217 -97.05670030642875 0
endloop
endfacet
facet normal 0 0 -1
outer loop
vertex 260.13473919998404 -96.9817629000003 0
vertex 152.41618152607217 -97.05670030642875 0
vertex 152.4083053172641 -96.9817629000003 0
endloop
endfacet
facet normal 0 0 1
outer loop
vertex 266.63364323950594 -96.9817629000003 0
vertex 266.6372530689353 -97.05065024058749 0
vertex 266.6372539000021 -97.05066610000009 0
endloop
endfacet
facet normal 0 0 1
outer loop
vertex 266.63364323950594 -96.9817629000003 0
vertex 266.6372539000021 -97.05066610000009 0
vertex 266.63709464324336 -97.05670030642875 0
endloop
endfacet
facet normal 0 0 1
outer loop
vertex 266.63364323950594 -96.9817629000003 0
vertex 266.63709464324336 -97.05670030642875 0
vertex 260.8955914558574 -97.05670030642875 0
endloop
endfacet
facet normal 0 0 1
outer loop
vertex 266.63364323950594 -96.9817629000003 0
vertex 260.8955914558574 -97.05670030642875 0
vertex 260.13473919998404 -96.9817629000003 0
endloop
endfacet
facet normal 0 0 -1
outer loop
vertex 259.3738869441106 -97.05670030642875 0
vertex 258.6422738137659 -97.27863272321606 0
vertex 152.43950747420942 -97.27863272321606 0
endloop
endfacet
facet normal 0 0 -1
outer loop
vertex 259.3738869441106 -97.05670030642875 0
vertex 152.43950747420942 -97.27863272321606 0
vertex 152.41618152607217 -97.05670030642875 0
endloop
endfacet
facet normal 0 0 -1
outer loop
vertex 266.63709464324336 -97.05670030642875 0
vertex 266.6312831698438 -97.27863272321606 0
vertex 261.62720458624705 -97.27863272321606 0
endloop
endfacet
facet normal 0 0 -1
outer loop
vertex 266.63709464324336 -97.05670030642875 0
vertex 261.62720458624705 -97.27863272321606 0
vertex 260.8955914558574 -97.05670030642875 0
endloop
endfacet
facet normal 0 0 -1
outer loop
vertex 258.6422738137659 -97.27863272321606 0
vertex 257.9680152912583 -97.63903141200323 0
vertex 152.4773867585658 -97.63903141200323 0
endloop
endfacet
facet normal 0 0 -1
outer loop
vertex 258.6422738137659 -97.27863272321606 0
vertex 152.4773867585658 -97.63903141200323 0
vertex 152.43950747420942 -97.27863272321606 0
endloop
endfacet
facet normal 0 0 -1
outer loop
vertex 266.6312831698438 -97.27863272321606 0
vertex 266.62184584913416 -97.63903141200323 0
vertex 262.3014631087493 -97.63903141200323 0
endloop
endfacet
facet normal 0 0 -1
outer loop
vertex 266.6312831698438 -97.27863272321606 0
vertex 262.3014631087493 -97.63903141200323 0
vertex 261.62720458624705 -97.27863272321606 0
endloop
endfacet
facet normal 0 0 -1
outer loop
vertex 257.9680152912583 -97.63903141200323 0
vertex 257.5760113895797 -97.96074070000003 0
vertex 152.51119963852145 -97.96074070000003 0
endloop
endfacet
facet normal 0 0 -1
outer loop
vertex 257.9680152912583 -97.63903141200323 0
vertex 152.51119963852145 -97.96074070000003 0
vertex 152.4773867585658 -97.63903141200323 0
endloop
endfacet
facet normal 0 0 -1
outer loop
vertex 257.5760113895797 -97.96074070000003 0
vertex 257.3770227533339 -98.12404645338381 0
vertex 150.95744921211136 -98.12404645338381 0
endloop
endfacet
facet normal 0 0 -1
outer loop
vertex 257.5760113895797 -97.96074070000003 0
vertex 150.95744921211136 -98.12404645338381 0
vertex 152.51119963852145 -97.96074070000003 0
endloop
endfacet
facet normal 0 0 -1
outer loop
vertex 266.62184584913416 -97.63903141200323 0
vertex 266.60914535205427 -98.12404645338381 0
vertex 262.8924556466347 -98.12404645338381 0
endloop
endfacet
facet normal 0 0 -1
outer loop
vertex 266.62184584913416 -97.63903141200323 0
vertex 262.8924556466347 -98.12404645338381 0
vertex 262.3014631087493 -97.63903141200323 0
endloop
endfacet
facet normal 0 0 -1
outer loop
vertex 257.3770227533339 -98.12404645338381 0
vertex 256.8920077120218 -98.71503899123861 0
vertex 145.33453092129582 -98.71503899123861 0
endloop
endfacet
facet normal 0 0 -1
outer loop
vertex 257.3770227533339 -98.12404645338381 0
vertex 145.33453092129582 -98.71503899123861 0
vertex 150.95744921211136 -98.12404645338381 0
endloop
endfacet
facet normal 0 0 -1
outer loop
vertex 266.60914535205427 -98.12404645338381 0
vertex 266.5936697515865 -98.71503899123861 0
vertex 263.3774706879901 -98.71503899123861 0
endloop
endfacet
facet normal 0 0 -1
outer loop
vertex 266.60914535205427 -98.12404645338381 0
vertex 263.3774706879901 -98.71503899123861 0
vertex 262.8924556466347 -98.12404645338381 0
endloop
endfacet
facet normal 0 0 -1
outer loop
vertex 256.8920077120218 -98.71503899123861 0
vertex 256.53160902321815 -99.38929751375834 0
vertex 143.48502126592328 -99.38929751375834 0
endloop
endfacet
facet normal 0 0 -1
outer loop
vertex 256.8920077120218 -98.71503899123861 0
vertex 143.48502126592328 -99.38929751375834 0
vertex 143.71632798574512 -99.18822523140412 0
endloop
endfacet
facet normal 0 0 -1
outer loop
vertex 256.8920077120218 -98.71503899123861 0
vertex 143.71632798574512 -99.18822523140412 0
vertex 144.0525086465663 -98.9862268528318 0
endloop
endfacet
facet normal 0 0 -1
outer loop
vertex 256.8920077120218 -98.71503899123861 0
vertex 144.0525086465663 -98.9862268528318 0
vertex 144.41865856060025 -98.84567429288175 0
endloop
endfacet
facet normal 0 0 -1
outer loop
vertex 256.8920077120218 -98.71503899123861 0
vertex 144.41865856060025 -98.84567429288175 0
vertex 144.8036550000002 -98.77083629999997 0
endloop
endfacet
facet normal 0 0 -1
outer loop
vertex 256.8920077120218 -98.71503899123861 0
vertex 144.8036550000002 -98.77083629999997 0
vertex 145.33453092129582 -98.71503899123861 0
endloop
endfacet
facet normal 0 0 -1
outer loop
vertex 266.5936697515865 -98.71503899123861 0
vertex 266.57601376637837 -99.38929751375834 0
vertex 263.73786937678665 -99.38929751375834 0
endloop
endfacet
facet normal 0 0 -1
outer loop
vertex 266.5936697515865 -98.71503899123861 0
vertex 263.73786937678665 -99.38929751375834 0
vertex 263.3774706879901 -98.71503899123861 0
endloop
endfacet
facet normal 0 0 -1
outer loop
vertex 256.53160902321815 -99.38929751375834 0
vertex 256.30967660642335 -100.12091064414277 0
vertex 142.9738813842065 -100.12091064414277 0
endloop
endfacet
facet normal 0 0 -1
outer loop
vertex 256.53160902321815 -99.38929751375834 0
vertex 142.9738813842065 -100.12091064414277 0
vertex 142.98336976435468 -100.09335440490285 0
endloop
endfacet
facet normal 0 0 -1
outer loop
vertex 256.53160902321815 -99.38929751375834 0
vertex 142.98336976435468 -100.09335440490285 0
vertex 143.17351198849204 -99.750328580429 0
endloop
endfacet
facet normal 0 0 -1
outer loop
vertex 256.53160902321815 -99.38929751375834 0
vertex 143.17351198849204 -99.750328580429 0
vertex 143.42033120964865 -99.44553183877397 0
endloop
endfacet
facet normal 0 0 -1
outer loop
vertex 256.53160902321815 -99.38929751375834 0
vertex 143.42033120964865 -99.44553183877397 0
vertex 143.48502126592328 -99.38929751375834 0
endloop
endfacet
facet normal 0 0 -1
outer loop
vertex 266.57601376637837 -99.38929751375834 0
vertex 266.55685590603736 -100.12091064414277 0
vertex 263.95980179357235 -100.12091064414277 0
endloop
endfacet
facet normal 0 0 -1
outer loop
vertex 266.57601376637837 -99.38929751375834 0
vertex 263.95980179357235 -100.12091064414277 0
vertex 263.73786937678665 -99.38929751375834 0
endloop
endfacet
facet normal 0 0 -1
outer loop
vertex 256.30967660642335 -100.12091064414277 0
vertex 256.2347392000006 -100.88176290000814 0
vertex 142.79485526403712 -100.88176290000814 0
endloop
endfacet
facet normal 0 0 -1
outer loop
vertex 256.30967660642335 -100.12091064414277 0
vertex 142.79485526403712 -100.88176290000814 0
vertex 142.79432806535252 -100.85155795138446 0
endloop
endfacet
facet normal 0 0 -1
outer loop
vertex 256.30967660642335 -100.12091064414277 0
vertex 142.79432806535252 -100.85155795138446 0
vertex 142.85568188549186 -100.46418669482301 0
endloop
endfacet
facet normal 0 0 -1
outer loop
vertex 256.30967660642335 -100.12091064414277 0
vertex 142.85568188549186 -100.46418669482301 0
vertex 142.9738813842065 -100.12091064414277 0
endloop
endfacet
facet normal 0 0 -1
outer loop
vertex 266.55685590603736 -100.12091064414277 0
vertex 266.53693239639455 -100.88176290000814 0
vertex 264.03473919999993 -100.88176290000814 0
endloop
endfacet
facet normal 0 0 -1
outer loop
vertex 266.55685590603736 -100.12091064414277 0
vertex 264.03473919999993 -100.88176290000814 0
vertex 263.95980179357235 -100.12091064414277 0
endloop
endfacet
facet normal 0 0 -1
outer loop
vertex 256.2347392000006 -100.88176290000814 0
vertex 256.3096766064272 -101.64261515586928 0
vertex 142.8431001077806 -101.64261515586928 0
endloop
endfacet
facet normal 0 0 -1
outer loop
vertex 256.2347392000006 -100.88176290000814 0
vertex 142.8431001077806 -101.64261515586928 0
vertex 142.8011725 -101.2436981499996 0
endloop
endfacet
facet normal 0 0 -1
outer loop
vertex 256.2347392000006 -100.88176290000814 0
vertex 142.8011725 -101.2436981499996 0
vertex 142.79485526403712 -100.88176290000814 0
endloop
endfacet
facet normal 0 0 -1
outer loop
vertex 266.53693239639455 -100.88176290000814 0
vertex 266.5170088867519 -101.64261515586928 0
vertex 263.95980179357275 -101.64261515586928 0
endloop
endfacet
facet normal 0 0 -1
outer loop
vertex 266.53693239639455 -100.88176290000814 0
vertex 263.95980179357275 -101.64261515586928 0
vertex 264.03473919999993 -100.88176290000814 0
endloop
endfacet
facet normal 0 0 -1
outer loop
vertex 256.3096766064272 -101.64261515586928 0
vertex 256.53160902320076 -102.3742282862133 0
vertex 142.9199952712478 -102.3742282862133 0
endloop
endfacet
facet normal 0 0 -1
outer loop
vertex 256.3096766064272 -101.64261515586928 0
vertex 142.9199952712478 -102.3742282862133 0
vertex 142.8431001077806 -101.64261515586928 0
endloop
endfacet
facet normal 0 0 -1
outer loop
vertex 266.5170088867519 -101.64261515586928 0
vertex 266.4978510264119 -102.3742282862133 0
vertex 263.7378693767934 -102.3742282862133 0
endloop
endfacet
facet normal 0 0 -1
outer loop
vertex 266.5170088867519 -101.64261515586928 0
vertex 263.7378693767934 -102.3742282862133 0
vertex 263.95980179357275 -101.64261515586928 0
endloop
endfacet
facet normal 0 0 -1
outer loop
vertex 256.53160902320076 -102.3742282862133 0
vertex 256.8920077120165 -103.04848680876897 0
vertex 142.9908622597704 -103.04848680876897 0
endloop
endfacet
facet normal 0 0 -1
outer loop
vertex 256.53160902320076 -102.3742282862133 0
vertex 142.9908622597704 -103.04848680876897 0
vertex 142.9199952712478 -102.3742282862133 0
endloop
endfacet
facet normal 0 0 -1
outer loop
vertex 266.4978510264119 -102.3742282862133 0
vertex 266.4801950412028 -103.04848680876897 0
vertex 263.37747068798035 -103.04848680876897 0
endloop
endfacet
facet normal 0 0 -1
outer loop
vertex 266.4978510264119 -102.3742282862133 0
vertex 263.37747068798035 -103.04848680876897 0
vertex 263.7378693767934 -102.3742282862133 0
endloop
endfacet
facet normal 0 0 -1
outer loop
vertex 256.8920077120165 -103.04848680876897 0
vertex 257.37702275333726 -103.63947934658148 0
vertex 143.05297769471568 -103.63947934658148 0
endloop
endfacet
facet normal 0 0 -1
outer loop
vertex 256.8920077120165 -103.04848680876897 0
vertex 143.05297769471568 -103.63947934658148 0
vertex 142.9908622597704 -103.04848680876897 0
endloop
endfacet
facet normal 0 0 -1
outer loop
vertex 266.4801950412028 -103.04848680876897 0
vertex 266.4647194407362 -103.63947934658148 0
vertex 262.8924556466342 -103.63947934658148 0
endloop
endfacet
facet normal 0 0 -1
outer loop
vertex 266.4801950412028 -103.04848680876897 0
vertex 262.8924556466342 -103.63947934658148 0
vertex 263.37747068798035 -103.04848680876897 0
endloop
endfacet
facet normal 0 0 -1
outer loop
vertex 257.37702275333726 -103.63947934658148 0
vertex 257.96801529127885 -104.12449438800813 0
vertex 143.1039545147695 -104.12449438800813 0
endloop
endfacet
facet normal 0 0 -1
outer loop
vertex 257.37702275333726 -103.63947934658148 0
vertex 143.1039545147695 -104.12449438800813 0
vertex 143.05297769471568 -103.63947934658148 0
endloop
endfacet
facet normal 0 0 -1
outer loop
vertex 266.4647194407362 -103.63947934658148 0
vertex 266.4520189436551 -104.12449438800813 0
vertex 262.301463108765 -104.12449438800813 0
endloop
endfacet
facet normal 0 0 -1
outer loop
vertex 266.4647194407362 -103.63947934658148 0
vertex 262.301463108765 -104.12449438800813 0
vertex 262.8924556466342 -103.63947934658148 0
endloop
endfacet
facet normal 0 0 -1
outer loop
vertex 257.96801529127885 -104.12449438800813 0
vertex 258.64227381378925 -104.48489307679965 0
vertex 143.14183370930357 -104.48489307679965 0
endloop
endfacet
facet normal 0 0 -1
outer loop
vertex 257.96801529127885 -104.12449438800813 0
vertex 143.14183370930357 -104.48489307679965 0
vertex 143.1039545147695 -104.12449438800813 0
endloop
endfacet
facet normal 0 0 -1
outer loop
vertex 266.4520189436551 -104.12449438800813 0
vertex 266.4425816229453 -104.48489307679965 0
vertex 261.6272045862316 -104.48489307679965 0
endloop
endfacet
facet normal 0 0 -1
outer loop
vertex 266.4520189436551 -104.12449438800813 0
vertex 261.6272045862316 -104.48489307679965 0
vertex 262.301463108765 -104.12449438800813 0
endloop
endfacet
facet normal 0 0 -1
outer loop
vertex 258.64227381378925 -104.48489307679965 0
vertex 259.3738869441354 -104.70682549357375 0
vertex 143.16515960212686 -104.70682549357375 0
endloop
endfacet
facet normal 0 0 -1
outer loop
vertex 258.64227381378925 -104.48489307679965 0
vertex 143.16515960212686 -104.70682549357375 0
vertex 143.14183370930357 -104.48489307679965 0
endloop
endfacet
facet normal 0 0 -1
outer loop
vertex 266.4425816229453 -104.48489307679965 0
vertex 266.43677014954613 -104.70682549357375 0
vertex 260.89559145586406 -104.70682549357375 0
endloop
endfacet
facet normal 0 0 -1
outer loop
vertex 266.4425816229453 -104.48489307679965 0
vertex 260.89559145586406 -104.70682549357375 0
vertex 261.6272045862316 -104.48489307679965 0
endloop
endfacet
facet normal 0 0 -1
outer loop
vertex 259.3738869441354 -104.70682549357375 0
vertex 260.134739199987 -104.78176290000005 0
vertex 143.1730357922579 -104.78176290000005 0
endloop
endfacet
facet normal 0 0 -1
outer loop
vertex 259.3738869441354 -104.70682549357375 0
vertex 143.1730357922579 -104.78176290000005 0
vertex 143.16515960212686 -104.70682549357375 0
endloop
endfacet
facet normal 0 0 -1
outer loop
vertex 266.43677014954613 -104.70682549357375 0
vertex 266.4348078551217 -104.78176290000005 0
vertex 260.134739199987 -104.78176290000005 0
endloop
endfacet
facet normal 0 0 -1
outer loop
vertex 266.43677014954613 -104.70682549357375 0
vertex 260.134739199987 -104.78176290000005 0
vertex 260.89559145586406 -104.70682549357375 0
endloop
endfacet
facet normal 0 0 -1
outer loop
vertex 260.134739199987 -104.78176290000005 0
vertex 266.4348078551217 -104.78176290000005 0
vertex 266.42129400000226 -105.2978390000001 0
endloop
endfacet
facet normal 0 0 -1
outer loop
vertex 260.134739199987 -104.78176290000005 0
vertex 266.42129400000226 -105.2978390000001 0
vertex 266.4078086192953 -105.81282769999999 0
endloop
endfacet
facet normal 0 0 -1
outer loop
vertex 260.134739199987 -104.78176290000005 0
vertex 266.4078086192953 -105.81282769999999 0
vertex 143.28140440000007 -105.81282769999999 0
endloop
endfacet
facet normal 0 0 -1
outer loop
vertex 260.134739199987 -104.78176290000005 0
vertex 143.28140440000007 -105.81282769999999 0
vertex 143.1730357922579 -104.78176290000005 0
endloop
endfacet
facet normal 0 0 -1
outer loop
vertex 266.4078086192953 -105.81282769999999 0
vertex 266.29620457958333 -110.07483710000031 0
vertex 136.38015679999543 -110.07483710000031 0
endloop
endfacet
facet normal 0 0 -1
outer loop
vertex 266.4078086192953 -105.81282769999999 0
vertex 136.38015679999543 -110.07483710000031 0
vertex 129.30431726652128 -110.07483710000031 0
endloop
endfacet
facet normal 0 0 -1
outer loop
vertex 266.4078086192953 -105.81282769999999 0
vertex 129.30431726652128 -110.07483710000031 0
vertex 129.36008322151636 -109.96298727125493 0
endloop
endfacet
facet normal 0 0 -1
outer loop
vertex 266.4078086192953 -105.81282769999999 0
vertex 129.36008322151636 -109.96298727125493 0
vertex 129.56510983700616 -109.67554951395529 0
endloop
endfacet
facet normal 0 0 -1
outer loop
vertex 266.4078086192953 -105.81282769999999 0
vertex 129.56510983700616 -109.67554951395529 0
vertex 129.8125775377444 -109.42372395037552 0
endloop
endfacet
facet normal 0 0 -1
outer loop
vertex 266.4078086192953 -105.81282769999999 0
vertex 129.8125775377444 -109.42372395037552 0
vertex 130.09639280726753 -109.21371140273614 0
endloop
endfacet
facet normal 0 0 -1
outer loop
vertex 266.4078086192953 -105.81282769999999 0
vertex 130.09639280726753 -109.21371140273614 0
vertex 130.40956712540998 -109.05068311121276 0
endloop
endfacet
facet normal 0 0 -1
outer loop
vertex 266.4078086192953 -105.81282769999999 0
vertex 130.40956712540998 -109.05068311121276 0
vertex 130.7443881 -108.93865679999999 0
endloop
endfacet
facet normal 0 0 -1
outer loop
vertex 266.4078086192953 -105.81282769999999 0
vertex 130.7443881 -108.93865679999999 0
vertex 143.28140440000007 -105.81282769999999 0
endloop
endfacet
facet normal 0 0 -1
outer loop
vertex 136.38015679999543 -110.07483710000031 0
vertex 135.61930454413846 -110.14977450642714 0
vertex 129.2669550632786 -110.14977450642714 0
endloop
endfacet
facet normal 0 0 -1
outer loop
vertex 136.38015679999543 -110.07483710000031 0
vertex 129.2669550632786 -110.14977450642714 0
vertex 129.30431726652128 -110.07483710000031 0
endloop
endfacet
facet normal 0 0 -1
outer loop
vertex 266.29620457958333 -110.07483710000031 0
vertex 266.2942422851588 -110.14977450642714 0
vertex 137.1410090558625 -110.14977450642714 0
endloop
endfacet
facet normal 0 0 -1
outer loop
vertex 266.29620457958333 -110.07483710000031 0
vertex 137.1410090558625 -110.14977450642714 0
vertex 136.38015679999543 -110.07483710000031 0
endloop
endfacet
facet normal 0 0 -1
outer loop
vertex 135.61930454413846 -110.14977450642714 0
vertex 134.8876914137815 -110.3717069232045 0
vertex 129.1733032927723 -110.3717069232045 0
endloop
endfacet
facet normal 0 0 -1
outer loop
vertex 135.61930454413846 -110.14977450642714 0
vertex 129.1733032927723 -110.3717069232045 0
vertex 129.20254616044087 -110.2789595038456 0
endloop
endfacet
facet normal 0 0 -1
outer loop
vertex 135.61930454413846 -110.14977450642714 0
vertex 129.20254616044087 -110.2789595038456 0
vertex 129.2669550632786 -110.14977450642714 0
endloop
endfacet
facet normal 0 0 -1
outer loop
vertex 266.2942422851588 -110.14977450642714 0
vertex 266.2884308117596 -110.3717069232045 0
vertex 137.87262218622 -110.3717069232045 0
endloop
endfacet
facet normal 0 0 -1
outer loop
vertex 266.2942422851588 -110.14977450642714 0
vertex 137.87262218622 -110.3717069232045 0
vertex 137.1410090558625 -110.14977450642714 0
endloop
endfacet
facet normal 0 0 -1
outer loop
vertex 134.8876914137815 -110.3717069232045 0
vertex 134.21343289120173 -110.73210561203311 0
vertex 129.07897910894286 -110.73210561203311 0
endloop
endfacet
facet normal 0 0 -1
outer loop
vertex 134.8876914137815 -110.3717069232045 0
vertex 129.07897910894286 -110.73210561203311 0
vertex 129.09637776475964 -110.61568587516123 0
endloop
endfacet
facet normal 0 0 -1
outer loop
vertex 134.8876914137815 -110.3717069232045 0
vertex 129.09637776475964 -110.61568587516123 0
vertex 129.1733032927723 -110.3717069232045 0
endloop
endfacet
facet normal 0 0 -1
outer loop
vertex 266.2884308117596 -110.3717069232045 0
vertex 266.2789934910488 -110.73210561203311 0
vertex 138.5468807087975 -110.73210561203311 0
endloop
endfacet
facet normal 0 0 -1
outer loop
vertex 266.2884308117596 -110.3717069232045 0
vertex 138.5468807087975 -110.73210561203311 0
vertex 137.87262218622 -110.3717069232045 0
endloop
endfacet
facet normal 0 0 -1
outer loop
vertex 134.21343289120173 -110.73210561203311 0
vertex 133.6224403533964 -111.21712065336223 0
vertex 129.04639454350806 -111.21712065336223 0
endloop
endfacet
facet normal 0 0 -1
outer loop
vertex 134.21343289120173 -110.73210561203311 0
vertex 129.04639454350806 -111.21712065336223 0
vertex 129.0441922700479 -110.96487500947421 0
endloop
endfacet
facet normal 0 0 -1
outer loop
vertex 134.21343289120173 -110.73210561203311 0
vertex 129.0441922700479 -110.96487500947421 0
vertex 129.07897910894286 -110.73210561203311 0
endloop
endfacet
facet normal 0 0 -1
outer loop
vertex 266.2789934910488 -110.73210561203311 0
vertex 266.26629299397024 -111.21712065336223 0
vertex 139.13787324662022 -111.21712065336223 0
endloop
endfacet
facet normal 0 0 -1
outer loop
vertex 266.2789934910488 -110.73210561203311 0
vertex 139.13787324662022 -111.21712065336223 0
vertex 138.5468807087975 -110.73210561203311 0
endloop
endfacet
facet normal 0 0 -1
outer loop
vertex 133.6224403533964 -111.21712065336223 0
vertex 133.1374253120159 -111.80811319122493 0
vertex 129.1409435999605 -111.80811319122493 0
endloop
endfacet
facet normal 0 0 -1
outer loop
vertex 133.6224403533964 -111.21712065336223 0
vertex 129.1409435999605 -111.80811319122493 0
vertex 129.10554905 -111.66615340000001 0
endloop
endfacet
facet normal 0 0 -1
outer loop
vertex 133.6224403533964 -111.21712065336223 0
vertex 129.10554905 -111.66615340000001 0
vertex 129.0472746648926 -111.31792865443894 0
endloop
endfacet
facet normal 0 0 -1
outer loop
vertex 133.6224403533964 -111.21712065336223 0
vertex 129.0472746648926 -111.31792865443894 0
vertex 129.04639454350806 -111.21712065336223 0
endloop
endfacet
facet normal 0 0 -1
outer loop
vertex 266.26629299397024 -111.21712065336223 0
vertex 266.2508173935023 -111.80811319122493 0
vertex 139.62288828798214 -111.80811319122493 0
endloop
endfacet
facet normal 0 0 -1
outer loop
vertex 266.26629299397024 -111.21712065336223 0
vertex 139.62288828798214 -111.80811319122493 0
vertex 139.13787324662022 -111.21712065336223 0
endloop
endfacet
facet normal 0 0 -1
outer loop
vertex 133.1374253120159 -111.80811319122493 0
vertex 132.77702662321065 -112.48237171376852 0
vertex 129.309055124756 -112.48237171376852 0
endloop
endfacet
facet normal 0 0 -1
outer loop
vertex 133.1374253120159 -111.80811319122493 0
vertex 129.309055124756 -112.48237171376852 0
vertex 129.1409435999605 -111.80811319122493 0
endloop
endfacet
facet normal 0 0 -1
outer loop
vertex 266.2508173935023 -111.80811319122493 0
vertex 266.23316140829354 -112.48237171376852 0
vertex 139.9832869767914 -112.48237171376852 0
endloop
endfacet
facet normal 0 0 -1
outer loop
vertex 266.2508173935023 -111.80811319122493 0
vertex 139.9832869767914 -112.48237171376852 0
vertex 139.62288828798214 -111.80811319122493 0
endloop
endfacet
facet normal 0 0 -1
outer loop
vertex 132.77702662321065 -112.48237171376852 0
vertex 132.55509420642525 -113.21398484414031 0
vertex 129.49146675886215 -113.21398484414031 0
endloop
endfacet
facet normal 0 0 -1
outer loop
vertex 132.77702662321065 -112.48237171376852 0
vertex 129.49146675886215 -113.21398484414031 0
vertex 129.309055124756 -112.48237171376852 0
endloop
endfacet
facet normal 0 0 -1
outer loop
vertex 266.23316140829354 -112.48237171376852 0
vertex 266.21400354795287 -113.21398484414031 0
vertex 140.20521939357326 -113.21398484414031 0
endloop
endfacet
facet normal 0 0 -1
outer loop
vertex 266.23316140829354 -112.48237171376852 0
vertex 140.20521939357326 -113.21398484414031 0
vertex 139.9832869767914 -112.48237171376852 0
endloop
endfacet
facet normal 0 0 -1
outer loop
vertex 132.55509420642525 -113.21398484414031 0
vertex 132.48015680000026 -113.97483709999662 0
vertex 129.68116852546876 -113.97483709999662 0
endloop
endfacet
facet normal 0 0 -1
outer loop
vertex 132.55509420642525 -113.21398484414031 0
vertex 129.68116852546876 -113.97483709999662 0
vertex 129.49146675886215 -113.21398484414031 0
endloop
endfacet
facet normal 0 0 -1
outer loop
vertex 266.21400354795287 -113.21398484414031 0
vertex 266.1940800383103 -113.97483709999662 0
vertex 140.28015680000001 -113.97483709999662 0
endloop
endfacet
facet normal 0 0 -1
outer loop
vertex 266.21400354795287 -113.21398484414031 0
vertex 140.28015680000001 -113.97483709999662 0
vertex 140.20521939357326 -113.21398484414031 0
endloop
endfacet
facet normal 0 0 -1
outer loop
vertex 132.48015680000026 -113.97483709999662 0
vertex 132.55509420642844 -114.73568935586559 0
vertex 129.8708702920785 -114.73568935586559 0
endloop
endfacet
facet normal 0 0 -1
outer loop
vertex 132.48015680000026 -113.97483709999662 0
vertex 129.8708702920785 -114.73568935586559 0
vertex 129.68116852546876 -113.97483709999662 0
endloop
endfacet
facet normal 0 0 -1
outer loop
vertex 266.1940800383103 -113.97483709999662 0
vertex 266.1741565286674 -114.73568935586559 0
vertex 140.205219393572 -114.73568935586559 0
endloop
endfacet
facet normal 0 0 -1
outer loop
vertex 266.1940800383103 -113.97483709999662 0
vertex 140.205219393572 -114.73568935586559 0
vertex 140.28015680000001 -113.97483709999662 0
endloop
endfacet
facet normal 0 0 -1
outer loop
vertex 132.55509420642844 -114.73568935586559 0
vertex 132.77702662321292 -115.46730248624594 0
vertex 130.05328192618683 -115.46730248624594 0
endloop
endfacet
facet normal 0 0 -1
outer loop
vertex 132.55509420642844 -114.73568935586559 0
vertex 130.05328192618683 -115.46730248624594 0
vertex 129.8708702920785 -114.73568935586559 0
endloop
endfacet
facet normal 0 0 -1
outer loop
vertex 266.1741565286674 -114.73568935586559 0
vertex 266.1549986683265 -115.46730248624594 0
vertex 139.98328697679267 -115.46730248624594 0
endloop
endfacet
facet normal 0 0 -1
outer loop
vertex 266.1741565286674 -114.73568935586559 0
vertex 139.98328697679267 -115.46730248624594 0
vertex 140.205219393572 -114.73568935586559 0
endloop
endfacet
facet normal 0 0 -1
outer loop
vertex 132.77702662321292 -115.46730248624594 0
vertex 133.13742531201044 -116.14156100876748 0
vertex 130.2213934509768 -116.14156100876748 0
endloop
endfacet
facet normal 0 0 -1
outer loop
vertex 132.77702662321292 -115.46730248624594 0
vertex 130.2213934509768 -116.14156100876748 0
vertex 130.05328192618683 -115.46730248624594 0
endloop
endfacet
facet normal 0 0 -1
outer loop
vertex 266.1549986683265 -115.46730248624594 0
vertex 266.13734268311833 -116.14156100876748 0
vertex 139.62288828798194 -116.14156100876748 0
endloop
endfacet
facet normal 0 0 -1
outer loop
vertex 266.1549986683265 -115.46730248624594 0
vertex 139.62288828798194 -116.14156100876748 0
vertex 139.98328697679267 -115.46730248624594 0
endloop
endfacet
facet normal 0 0 -1
outer loop
vertex 133.13742531201044 -116.14156100876748 0
vertex 133.62244035336323 -116.7325535466191 0
vertex 130.36874443484894 -116.7325535466191 0
endloop
endfacet
facet normal 0 0 -1
outer loop
vertex 133.13742531201044 -116.14156100876748 0
vertex 130.36874443484894 -116.7325535466191 0
vertex 130.2213934509768 -116.14156100876748 0
endloop
endfacet
facet normal 0 0 -1
outer loop
vertex 266.13734268311833 -116.14156100876748 0
vertex 266.1218670826507 -116.7325535466191 0
vertex 139.1378732466278 -116.7325535466191 0
endloop
endfacet
facet normal 0 0 -1
outer loop
vertex 266.13734268311833 -116.14156100876748 0
vertex 139.1378732466278 -116.7325535466191 0
vertex 139.62288828798194 -116.14156100876748 0
endloop
endfacet
facet normal 0 0 -1
outer loop
vertex 133.62244035336323 -116.7325535466191 0
vertex 134.21343289122527 -117.21756858798044 0
vertex 130.48967226212267 -117.21756858798044 0
endloop
endfacet
facet normal 0 0 -1
outer loop
vertex 133.62244035336323 -116.7325535466191 0
vertex 130.48967226212267 -117.21756858798044 0
vertex 130.36874443484894 -116.7325535466191 0
endloop
endfacet
facet normal 0 0 -1
outer loop
vertex 266.1218670826507 -116.7325535466191 0
vertex 266.1091665855713 -117.21756858798044 0
vertex 138.54688070877566 -117.21756858798044 0
endloop
endfacet
facet normal 0 0 -1
outer loop
vertex 266.1218670826507 -116.7325535466191 0
vertex 138.54688070877566 -117.21756858798044 0
vertex 139.1378732466278 -116.7325535466191 0
endloop
endfacet
facet normal 0 0 -1
outer loop
vertex 134.21343289122527 -117.21756858798044 0
vertex 134.88769141378307 -117.57796727679732 0
vertex 130.57952974420942 -117.57796727679732 0
endloop
endfacet
facet normal 0 0 -1
outer loop
vertex 134.21343289122527 -117.21756858798044 0
vertex 130.57952974420942 -117.57796727679732 0
vertex 130.48967226212267 -117.21756858798044 0
endloop
endfacet
facet normal 0 0 -1
outer loop
vertex 266.1091665855713 -117.21756858798044 0
vertex 266.0997292648608 -117.57796727679732 0
vertex 137.87262218622374 -117.57796727679732 0
endloop
endfacet
facet normal 0 0 -1
outer loop
vertex 266.1091665855713 -117.21756858798044 0
vertex 137.87262218622374 -117.57796727679732 0
vertex 138.54688070877566 -117.21756858798044 0
endloop
endfacet
facet normal 0 0 -1
outer loop
vertex 134.88769141378307 -117.57796727679732 0
vertex 135.61930454412905 -117.79989969357135 0
vertex 130.63486370846496 -117.79989969357135 0
endloop
endfacet
facet normal 0 0 -1
outer loop
vertex 134.88769141378307 -117.57796727679732 0
vertex 130.63486370846496 -117.79989969357135 0
vertex 130.57952974420942 -117.57796727679732 0
endloop
endfacet
facet normal 0 0 -1
outer loop
vertex 266.0997292648608 -117.57796727679732 0
vertex 266.09391779146165 -117.79989969357135 0
vertex 137.14100905586403 -117.79989969357135 0
endloop
endfacet
facet normal 0 0 -1
outer loop
vertex 266.0997292648608 -117.57796727679732 0
vertex 137.14100905586403 -117.79989969357135 0
vertex 137.87262218622374 -117.57796727679732 0
endloop
endfacet
facet normal 0 0 -1
outer loop
vertex 135.61930454412905 -117.79989969357135 0
vertex 136.38015680000188 -117.87483709999974 0
vertex 130.65354770167778 -117.87483709999974 0
endloop
endfacet
facet normal 0 0 -1
outer loop
vertex 135.61930454412905 -117.79989969357135 0
vertex 130.65354770167778 -117.87483709999974 0
vertex 130.63486370846496 -117.79989969357135 0
endloop
endfacet
facet normal 0 0 -1
outer loop
vertex 266.09391779146165 -117.79989969357135 0
vertex 266.09195549703713 -117.87483709999974 0
vertex 136.38015680000188 -117.87483709999974 0
endloop
endfacet
facet normal 0 0 -1
outer loop
vertex 266.09391779146165 -117.79989969357135 0
vertex 136.38015680000188 -117.87483709999974 0
vertex 137.14100905586403 -117.79989969357135 0
endloop
endfacet
facet normal 0 0 -1
outer loop
vertex 136.38015680000188 -117.87483709999974 0
vertex 266.09195549703713 -117.87483709999974 0
vertex 265.34623019522394 -146.3530916 0
endloop
endfacet
facet normal 0 0 -1
outer loop
vertex 136.38015680000188 -117.87483709999974 0
vertex 265.34623019522394 -146.3530916 0
vertex 208.02938839999993 -146.3530916 0
endloop
endfacet
facet normal 0 0 -1
outer loop
vertex 136.38015680000188 -117.87483709999974 0
vertex 208.02938839999993 -146.3530916 0
vertex 137.75397376592375 -146.3530916 0
endloop
endfacet
facet normal 0 0 -1
outer loop
vertex 136.38015680000188 -117.87483709999974 0
vertex 137.75397376592375 -146.3530916 0
vertex 130.65354770167778 -117.87483709999974 0
endloop
endfacet
facet normal 0 0 -1
outer loop
vertex 265.34623019522394 -146.3530916 0
vertex 265.29706224639216 -148.23074997724743 0
vertex 263.2963701947528 -148.23074997724743 0
endloop
endfacet
facet normal 0 0 -1
outer loop
vertex 265.34623019522394 -146.3530916 0
vertex 263.2963701947528 -148.23074997724743 0
vertex 208.01300233295106 -148.23074997724743 0
endloop
endfacet
facet normal 0 0 -1
outer loop
vertex 265.34623019522394 -146.3530916 0
vertex 208.01300233295106 -148.23074997724743 0
vertex 208.02938839999993 -146.3530916 0
endloop
endfacet
facet normal 0 0 -1
outer loop
vertex 265.29706224639216 -148.23074997724743 0
vertex 265.2956913148595 -148.2831040236969 0
vertex 263.2963701947528 -148.23074997724743 0
endloop
endfacet
facet normal 0 0 -1
outer loop
vertex 208.02938839999993 -146.3530916 0
vertex 188.1386635316392 -151.31240540000042 0
vertex 146.66183729999543 -151.31240540000042 0
endloop
endfacet
facet normal 0 0 -1
outer loop
vertex 208.02938839999993 -146.3530916 0
vertex 146.66183729999543 -151.31240540000042 0
vertex 138.9904695267962 -151.31240540000042 0
endloop
endfacet
facet normal 0 0 -1
outer loop
vertex 208.02938839999993 -146.3530916 0
vertex 138.9904695267962 -151.31240540000042 0
vertex 137.75397376592375 -146.3530916 0
endloop
endfacet
facet normal 0 0 -1
outer loop
vertex 146.66183729999543 -151.31240540000042 0
vertex 145.90098504412373 -151.38734280642868 0
vertex 139.009153520009 -151.38734280642868 0
endloop
endfacet
facet normal 0 0 -1
outer loop
vertex 146.66183729999543 -151.31240540000042 0
vertex 139.009153520009 -151.38734280642868 0
vertex 138.9904695267962 -151.31240540000042 0
endloop
endfacet
facet normal 0 0 -1
outer loop
vertex 188.1386635316392 -151.31240540000042 0
vertex 187.83810595578808 -151.38734280642868 0
vertex 147.422689555867 -151.38734280642868 0
endloop
endfacet
facet normal 0 0 -1
outer loop
vertex 188.1386635316392 -151.31240540000042 0
vertex 147.422689555867 -151.38734280642868 0
vertex 146.66183729999543 -151.31240540000042 0
endloop
endfacet
facet normal 0 0 -1
outer loop
vertex 145.90098504412373 -151.38734280642868 0
vertex 145.16937191378724 -151.609275223204 0
vertex 139.06448748426487 -151.609275223204 0
endloop
endfacet
facet normal 0 0 -1
outer loop
vertex 145.90098504412373 -151.38734280642868 0
vertex 139.06448748426487 -151.609275223204 0
vertex 139.009153520009 -151.38734280642868 0
endloop
endfacet
facet normal 0 0 -1
outer loop
vertex 187.83810595578808 -151.38734280642868 0
vertex 186.94798348734332 -151.609275223204 0
vertex 148.15430268621725 -151.609275223204 0
endloop
endfacet
facet normal 0 0 -1
outer loop
vertex 187.83810595578808 -151.38734280642868 0
vertex 148.15430268621725 -151.609275223204 0
vertex 147.422689555867 -151.38734280642868 0
endloop
endfacet
facet normal 0 0 -1
outer loop
vertex 145.16937191378724 -151.609275223204 0
vertex 144.49511339120977 -151.96967391202165 0
vertex 139.1543449663518 -151.96967391202165 0
endloop
endfacet
facet normal 0 0 -1
outer loop
vertex 145.16937191378724 -151.609275223204 0
vertex 139.1543449663518 -151.96967391202165 0
vertex 139.06448748426487 -151.609275223204 0
endloop
endfacet
facet normal 0 0 -1
outer loop
vertex 186.94798348734332 -151.609275223204 0
vertex 185.5025030335376 -151.96967391202165 0
vertex 148.82856120877648 -151.96967391202165 0
endloop
endfacet
facet normal 0 0 -1
outer loop
vertex 186.94798348734332 -151.609275223204 0
vertex 148.82856120877648 -151.96967391202165 0
vertex 148.15430268621725 -151.609275223204 0
endloop
endfacet
facet normal 0 0 -1
outer loop
vertex 144.49511339120977 -151.96967391202165 0
vertex 143.90412085336703 -152.45468895338232 0
vertex 139.27527279362536 -152.45468895338232 0
endloop
endfacet
facet normal 0 0 -1
outer loop
vertex 144.49511339120977 -151.96967391202165 0
vertex 139.27527279362536 -152.45468895338232 0
vertex 139.1543449663518 -151.96967391202165 0
endloop
endfacet
facet normal 0 0 -1
outer loop
vertex 185.5025030335376 -151.96967391202165 0
vertex 183.5572135975836 -152.45468895338232 0
vertex 149.41955374663763 -152.45468895338232 0
endloop
endfacet
facet normal 0 0 -1
outer loop
vertex 185.5025030335376 -151.96967391202165 0
vertex 149.41955374663763 -152.45468895338232 0
vertex 148.82856120877648 -151.96967391202165 0
endloop
endfacet
facet normal 0 0 -1
outer loop
vertex 143.90412085336703 -152.45468895338232 0
vertex 143.41910581201898 -153.04568149123313 0
vertex 139.4226237774973 -153.04568149123313 0
endloop
endfacet
facet normal 0 0 -1
outer loop
vertex 143.90412085336703 -152.45468895338232 0
vertex 139.4226237774973 -153.04568149123313 0
vertex 139.27527279362536 -152.45468895338232 0
endloop
endfacet
facet normal 0 0 -1
outer loop
vertex 183.5572135975836 -152.45468895338232 0
vertex 181.1868715616262 -153.04568149123313 0
vertex 149.90456878798977 -153.04568149123313 0
endloop
endfacet
facet normal 0 0 -1
outer loop
vertex 183.5572135975836 -152.45468895338232 0
vertex 149.90456878798977 -153.04568149123313 0
vertex 149.41955374663763 -152.45468895338232 0
endloop
endfacet
facet normal 0 0 -1
outer loop
vertex 143.41910581201898 -153.04568149123313 0
vertex 143.05870712322297 -153.71994001374972 0
vertex 139.59073530228605 -153.71994001374972 0
endloop
endfacet
facet normal 0 0 -1
outer loop
vertex 143.41910581201898 -153.04568149123313 0
vertex 139.59073530228605 -153.71994001374972 0
vertex 139.4226237774973 -153.04568149123313 0
endloop
endfacet
facet normal 0 0 -1
outer loop
vertex 181.1868715616262 -153.04568149123313 0
vertex 178.48256784091308 -153.71994001374972 0
vertex 150.26496747678462 -153.71994001374972 0
endloop
endfacet
facet normal 0 0 -1
outer loop
vertex 181.1868715616262 -153.04568149123313 0
vertex 150.26496747678462 -153.71994001374972 0
vertex 149.90456878798977 -153.04568149123313 0
endloop
endfacet
facet normal 0 0 -1
outer loop
vertex 143.05870712322297 -153.71994001374972 0
vertex 142.8367747064205 -154.45155314415064 0
vertex 139.77314693639948 -154.45155314415064 0
endloop
endfacet
facet normal 0 0 -1
outer loop
vertex 143.05870712322297 -153.71994001374972 0
vertex 139.77314693639948 -154.45155314415064 0
vertex 139.59073530228605 -153.71994001374972 0
endloop
endfacet
facet normal 0 0 -1
outer loop
vertex 178.48256784091308 -153.71994001374972 0
vertex 175.54822731039783 -154.45155314415064 0
vertex 150.4868998935753 -154.45155314415064 0
endloop
endfacet
facet normal 0 0 -1
outer loop
vertex 178.48256784091308 -153.71994001374972 0
vertex 150.4868998935753 -154.45155314415064 0
vertex 150.26496747678462 -153.71994001374972 0
endloop
endfacet
facet normal 0 0 -1
outer loop
vertex 142.8367747064205 -154.45155314415064 0
vertex 142.76183730000128 -155.2124053999842 0
vertex 139.96284870300042 -155.2124053999842 0
endloop
endfacet
facet normal 0 0 -1
outer loop
vertex 142.8367747064205 -154.45155314415064 0
vertex 139.96284870300042 -155.2124053999842 0
vertex 139.77314693639948 -154.45155314415064 0
endloop
endfacet
facet normal 0 0 -1
outer loop
vertex 175.54822731039783 -154.45155314415064 0
vertex 172.4966150316476 -155.2124053999842 0
vertex 150.56183729999984 -155.2124053999842 0
endloop
endfacet
facet normal 0 0 -1
outer loop
vertex 175.54822731039783 -154.45155314415064 0
vertex 150.56183729999984 -155.2124053999842 0
vertex 150.4868998935753 -154.45155314415064 0
endloop
endfacet
facet normal 0 0 -1
outer loop
vertex 263.2963701947528 -148.23074997724743 0
vertex 263.113131502193 -155.22835127482398 0
vertex 207.951935226478 -155.22835127482398 0
endloop
endfacet
facet normal 0 0 -1
outer loop
vertex 263.2963701947528 -148.23074997724743 0
vertex 207.951935226478 -155.22835127482398 0
vertex 208.01300233295106 -148.23074997724743 0
endloop
endfacet
facet normal 0 0 -1
outer loop
vertex 142.76183730000128 -155.2124053999842 0
vertex 142.8367747064301 -155.9732576558705 0
vertex 140.15255046961448 -155.9732576558705 0
endloop
endfacet
facet normal 0 0 -1
outer loop
vertex 142.76183730000128 -155.2124053999842 0
vertex 140.15255046961448 -155.9732576558705 0
vertex 139.96284870300042 -155.2124053999842 0
endloop
endfacet
facet normal 0 0 -1
outer loop
vertex 172.4966150316476 -155.2124053999842 0
vertex 169.44500275268575 -155.9732576558705 0
vertex 150.4868998935701 -155.9732576558705 0
endloop
endfacet
facet normal 0 0 -1
outer loop
vertex 172.4966150316476 -155.2124053999842 0
vertex 150.4868998935701 -155.9732576558705 0
vertex 150.56183729999984 -155.2124053999842 0
endloop
endfacet
facet normal 0 0 -1
outer loop
vertex 142.8367747064301 -155.9732576558705 0
vertex 143.05870712320962 -156.704870786236 0
vertex 140.33496210371908 -156.704870786236 0
endloop
endfacet
facet normal 0 0 -1
outer loop
vertex 142.8367747064301 -155.9732576558705 0
vertex 140.33496210371908 -156.704870786236 0
vertex 140.15255046961448 -155.9732576558705 0
endloop
endfacet
facet normal 0 0 -1
outer loop
vertex 169.44500275268575 -155.9732576558705 0
vertex 166.51066222231256 -156.704870786236 0
vertex 150.26496747679815 -156.704870786236 0
endloop
endfacet
facet normal 0 0 -1
outer loop
vertex 169.44500275268575 -155.9732576558705 0
vertex 150.26496747679815 -156.704870786236 0
vertex 150.4868998935701 -155.9732576558705 0
endloop
endfacet
facet normal 0 0 -1
outer loop
vertex 143.05870712320962 -156.704870786236 0
vertex 143.41910581200707 -157.37912930875748 0
vertex 140.50307362850904 -157.37912930875748 0
endloop
endfacet
facet normal 0 0 -1
outer loop
vertex 143.05870712320962 -156.704870786236 0
vertex 140.50307362850904 -157.37912930875748 0
vertex 140.33496210371908 -156.704870786236 0
endloop
endfacet
facet normal 0 0 -1
outer loop
vertex 166.51066222231256 -156.704870786236 0
vertex 163.80635850157984 -157.37912930875748 0
vertex 149.90456878797795 -157.37912930875748 0
endloop
endfacet
facet normal 0 0 -1
outer loop
vertex 166.51066222231256 -156.704870786236 0
vertex 149.90456878797795 -157.37912930875748 0
vertex 150.26496747679815 -156.704870786236 0
endloop
endfacet
facet normal 0 0 -1
outer loop
vertex 143.41910581200707 -157.37912930875748 0
vertex 143.90412085337053 -157.97012184662202 0
vertex 140.65042461238443 -157.97012184662202 0
endloop
endfacet
facet normal 0 0 -1
outer loop
vertex 143.41910581200707 -157.37912930875748 0
vertex 140.65042461238443 -157.97012184662202 0
vertex 140.50307362850904 -157.37912930875748 0
endloop
endfacet
facet normal 0 0 -1
outer loop
vertex 163.80635850157984 -157.37912930875748 0
vertex 161.43601646556738 -157.97012184662202 0
vertex 149.4195537466322 -157.97012184662202 0
endloop
endfacet
facet normal 0 0 -1
outer loop
vertex 163.80635850157984 -157.37912930875748 0
vertex 149.4195537466322 -157.97012184662202 0
vertex 149.90456878797795 -157.37912930875748 0
endloop
endfacet
facet normal 0 0 -1
outer loop
vertex 143.90412085337053 -157.97012184662202 0
vertex 144.49511339123214 -158.45513688798275 0
vertex 140.771352439658 -158.45513688798275 0
endloop
endfacet
facet normal 0 0 -1
outer loop
vertex 143.90412085337053 -157.97012184662202 0
vertex 140.771352439658 -158.45513688798275 0
vertex 140.65042461238443 -157.97012184662202 0
endloop
endfacet
facet normal 0 0 -1
outer loop
vertex 161.43601646556738 -157.97012184662202 0
vertex 159.49072702961314 -158.45513688798275 0
vertex 148.82856120877096 -158.45513688798275 0
endloop
endfacet
facet normal 0 0 -1
outer loop
vertex 161.43601646556738 -157.97012184662202 0
vertex 148.82856120877096 -158.45513688798275 0
vertex 149.4195537466322 -157.97012184662202 0
endloop
endfacet
facet normal 0 0 -1
outer loop
vertex 144.49511339123214 -158.45513688798275 0
vertex 145.16937191379634 -158.8155355768024 0
vertex 140.86120992174543 -158.8155355768024 0
endloop
endfacet
facet normal 0 0 -1
outer loop
vertex 144.49511339123214 -158.45513688798275 0
vertex 140.86120992174543 -158.8155355768024 0
vertex 140.771352439658 -158.45513688798275 0
endloop
endfacet
facet normal 0 0 -1
outer loop
vertex 159.49072702961314 -158.45513688798275 0
vertex 158.04524657579933 -158.8155355768024 0
vertex 148.15430268622248 -158.8155355768024 0
endloop
endfacet
facet normal 0 0 -1
outer loop
vertex 159.49072702961314 -158.45513688798275 0
vertex 148.15430268622248 -158.8155355768024 0
vertex 148.82856120877096 -158.45513688798275 0
endloop
endfacet
facet normal 0 0 -1
outer loop
vertex 145.16937191379634 -158.8155355768024 0
vertex 145.90098504413012 -159.03746799357276 0
vertex 140.91654388600006 -159.03746799357276 0
endloop
endfacet
facet normal 0 0 -1
outer loop
vertex 145.16937191379634 -158.8155355768024 0
vertex 140.91654388600006 -159.03746799357276 0
vertex 140.86120992174543 -158.8155355768024 0
endloop
endfacet
facet normal 0 0 -1
outer loop
vertex 158.04524657579933 -158.8155355768024 0
vertex 157.15512410737452 -159.03746799357276 0
vertex 147.42268955586414 -159.03746799357276 0
endloop
endfacet
facet normal 0 0 -1
outer loop
vertex 158.04524657579933 -158.8155355768024 0
vertex 147.42268955586414 -159.03746799357276 0
vertex 148.15430268622248 -158.8155355768024 0
endloop
endfacet
facet normal 0 0 -1
outer loop
vertex 145.90098504413012 -159.03746799357276 0
vertex 146.6618372999952 -159.1124054000004 0
vertex 140.9352278792127 -159.1124054000004 0
endloop
endfacet
facet normal 0 0 -1
outer loop
vertex 145.90098504413012 -159.03746799357276 0
vertex 140.9352278792127 -159.1124054000004 0
vertex 140.91654388600006 -159.03746799357276 0
endloop
endfacet
facet normal 0 0 -1
outer loop
vertex 157.15512410737452 -159.03746799357276 0
vertex 156.8545665315259 -159.1124054000004 0
vertex 146.6618372999952 -159.1124054000004 0
endloop
endfacet
facet normal 0 0 -1
outer loop
vertex 157.15512410737452 -159.03746799357276 0
vertex 146.6618372999952 -159.1124054000004 0
vertex 147.42268955586414 -159.03746799357276 0
endloop
endfacet
facet normal 0 0 -1
outer loop
vertex 146.6618372999952 -159.1124054000004 0
vertex 156.8545665315259 -159.1124054000004 0
vertex 144.05008630000046 -162.3049202999999 0
endloop
endfacet
facet normal 0 0 -1
outer loop
vertex 146.6618372999952 -159.1124054000004 0
vertex 144.05008630000046 -162.3049202999999 0
vertex 143.66271523974407 -162.36627236668414 0
endloop
endfacet
facet normal 0 0 -1
outer loop
vertex 146.6618372999952 -159.1124054000004 0
vertex 143.66271523974407 -162.36627236668414 0
vertex 143.27057553750538 -162.3594263212176 0
endloop
endfacet
facet normal 0 0 -1
outer loop
vertex 146.6618372999952 -159.1124054000004 0
vertex 143.27057553750538 -162.3594263212176 0
vertex 142.88558207555712 -162.28459017575852 0
endloop
endfacet
facet normal 0 0 -1
outer loop
vertex 146.6618372999952 -159.1124054000004 0
vertex 142.88558207555712 -162.28459017575852 0
vertex 142.5194326028094 -162.14403777265883 0
endloop
endfacet
facet normal 0 0 -1
outer loop
vertex 146.6618372999952 -159.1124054000004 0
vertex 142.5194326028094 -162.14403777265883 0
vertex 142.18325230714126 -161.94203969540334 0
endloop
endfacet
facet normal 0 0 -1
outer loop
vertex 146.6618372999952 -159.1124054000004 0
vertex 142.18325230714126 -161.94203969540334 0
vertex 141.8872557845818 -161.68473351000785 0
endloop
endfacet
facet normal 0 0 -1
outer loop
vertex 146.6618372999952 -159.1124054000004 0
vertex 141.8872557845818 -161.68473351000785 0
vertex 141.6404366761703 -161.3799372794976 0
endloop
endfacet
facet normal 0 0 -1
outer loop
vertex 146.6618372999952 -159.1124054000004 0
vertex 141.6404366761703 -161.3799372794976 0
vertex 141.45029440265557 -161.03691201769746 0
endloop
endfacet
facet normal 0 0 -1
outer loop
vertex 146.6618372999952 -159.1124054000004 0
vertex 141.45029440265557 -161.03691201769746 0
vertex 141.32260260000007 -160.66608060000016 0
endloop
endfacet
facet normal 0 0 -1
outer loop
vertex 146.6618372999952 -159.1124054000004 0
vertex 141.32260260000007 -160.66608060000016 0
vertex 140.9352278792127 -159.1124054000004 0
endloop
endfacet
facet normal 0 0 -1
outer loop
vertex 263.113131502193 -155.22835127482398 0
vertex 265.112453667341 -155.2807053486388 0
vertex 264.89649484999995 -163.52788450000108 0
endloop
endfacet
facet normal 0 0 -1
outer loop
vertex 263.113131502193 -155.22835127482398 0
vertex 264.89649484999995 -163.52788450000108 0
vertex 264.8595877227587 -163.87901638769998 0
endloop
endfacet
facet normal 0 0 -1
outer loop
vertex 263.113131502193 -155.22835127482398 0
vertex 264.8595877227587 -163.87901638769998 0
vertex 264.7682058141955 -164.22005170169055 0
endloop
endfacet
facet normal 0 0 -1
outer loop
vertex 263.113131502193 -155.22835127482398 0
vertex 264.7682058141955 -164.22005170169055 0
vertex 264.624599253556 -164.54259300810418 0
endloop
endfacet
facet normal 0 0 -1
outer loop
vertex 263.113131502193 -155.22835127482398 0
vertex 264.624599253556 -164.54259300810418 0
vertex 264.4323041162752 -164.83869825759987 0
endloop
endfacet
facet normal 0 0 -1
outer loop
vertex 263.113131502193 -155.22835127482398 0
vertex 264.4323041162752 -164.83869825759987 0
vertex 264.34609948367506 -164.93443720000056 0
endloop
endfacet
facet normal 0 0 -1
outer loop
vertex 263.113131502193 -155.22835127482398 0
vertex 264.34609948367506 -164.93443720000056 0
vertex 242.83892919999252 -164.93443720000056 0
endloop
endfacet
facet normal 0 0 -1
outer loop
vertex 263.113131502193 -155.22835127482398 0
vertex 242.83892919999252 -164.93443720000056 0
vertex 207.86723154625628 -164.93443720000056 0
endloop
endfacet
facet normal 0 0 -1
outer loop
vertex 263.113131502193 -155.22835127482398 0
vertex 207.86723154625628 -164.93443720000056 0
vertex 207.951935226478 -155.22835127482398 0
endloop
endfacet
facet normal 0 0 -1
outer loop
vertex 242.83892919999252 -164.93443720000056 0
vertex 242.07807694412404 -165.0093746064285 0
vertex 207.86657757779156 -165.0093746064285 0
endloop
endfacet
facet normal 0 0 -1
outer loop
vertex 242.83892919999252 -164.93443720000056 0
vertex 207.86657757779156 -165.0093746064285 0
vertex 207.86723154625628 -164.93443720000056 0
endloop
endfacet
facet normal 0 0 -1
outer loop
vertex 264.34609948367506 -164.93443720000056 0
vertex 264.2786248341004 -165.0093746064285 0
vertex 243.5997814558609 -165.0093746064285 0
endloop
endfacet
facet normal 0 0 -1
outer loop
vertex 264.34609948367506 -164.93443720000056 0
vertex 243.5997814558609 -165.0093746064285 0
vertex 242.83892919999252 -164.93443720000056 0
endloop
endfacet
facet normal 0 0 -1
outer loop
vertex 242.07807694412404 -165.0093746064285 0
vertex 241.34646381377308 -165.2313070232087 0
vertex 207.86464080403883 -165.2313070232087 0
endloop
endfacet
facet normal 0 0 -1
outer loop
vertex 242.07807694412404 -165.0093746064285 0
vertex 207.86464080403883 -165.2313070232087 0
vertex 207.86657757779156 -165.0093746064285 0
endloop
endfacet
facet normal 0 0 -1
outer loop
vertex 264.2786248341004 -165.0093746064285 0
vertex 264.1960553539305 -165.10107634527486 0
vertex 264.035232110899 -165.2313070232087 0
endloop
endfacet
facet normal 0 0 -1
outer loop
vertex 264.2786248341004 -165.0093746064285 0
vertex 264.035232110899 -165.2313070232087 0
vertex 244.33139458622716 -165.2313070232087 0
endloop
endfacet
facet normal 0 0 -1
outer loop
vertex 264.2786248341004 -165.0093746064285 0
vertex 244.33139458622716 -165.2313070232087 0
vertex 243.5997814558609 -165.0093746064285 0
endloop
endfacet
facet normal 0 0 -1
outer loop
vertex 241.34646381377308 -165.2313070232087 0
vertex 240.672205291231 -165.59170571201656 0
vertex 207.86149565412728 -165.59170571201656 0
endloop
endfacet
facet normal 0 0 -1
outer loop
vertex 241.34646381377308 -165.2313070232087 0
vertex 207.86149565412728 -165.59170571201656 0
vertex 207.86464080403883 -165.2313070232087 0
endloop
endfacet
facet normal 0 0 -1
outer loop
vertex 264.035232110899 -165.2313070232087 0
vertex 263.9216702038492 -165.32326664212812 0
vertex 263.61590494919915 -165.49979807743193 0
endloop
endfacet
facet normal 0 0 -1
outer loop
vertex 264.035232110899 -165.2313070232087 0
vertex 263.61590494919915 -165.49979807743193 0
vertex 263.3764733995195 -165.59170571201656 0
endloop
endfacet
facet normal 0 0 -1
outer loop
vertex 264.035232110899 -165.2313070232087 0
vertex 263.3764733995195 -165.59170571201656 0
vertex 245.00565310876812 -165.59170571201656 0
endloop
endfacet
facet normal 0 0 -1
outer loop
vertex 264.035232110899 -165.2313070232087 0
vertex 245.00565310876812 -165.59170571201656 0
vertex 244.33139458622716 -165.2313070232087 0
endloop
endfacet
facet normal 0 0 -1
outer loop
vertex 263.3764733995195 -165.59170571201656 0
vertex 263.2862885566304 -165.6263238548487 0
vertex 263.10243709093373 -165.6654016 0
endloop
endfacet
facet normal 0 0 -1
outer loop
vertex 263.3764733995195 -165.59170571201656 0
vertex 263.10243709093373 -165.6654016 0
vertex 260.5717282 -165.6654016 0
endloop
endfacet
facet normal 0 0 -1
outer loop
vertex 263.3764733995195 -165.59170571201656 0
vertex 260.5717282 -165.6654016 0
vertex 245.09545180809727 -165.6654016 0
endloop
endfacet
facet normal 0 0 -1
outer loop
vertex 263.3764733995195 -165.59170571201656 0
vertex 245.09545180809727 -165.6654016 0
vertex 245.00565310876812 -165.59170571201656 0
endloop
endfacet
facet normal 0 0 -1
outer loop
vertex 263.10243709093373 -165.6654016 0
vertex 262.9409372878444 -165.69972848514718 0
vertex 262.58835969999984 -165.718209 0
endloop
endfacet
facet normal 0 0 -1
outer loop
vertex 263.10243709093373 -165.6654016 0
vertex 262.58835969999984 -165.718209 0
vertex 260.5717282 -165.6654016 0
endloop
endfacet
facet normal 0 0 -1
outer loop
vertex 240.672205291231 -165.59170571201656 0
vertex 240.08121275337504 -166.07672075336617 0
vertex 207.8572629944041 -166.07672075336617 0
endloop
endfacet
facet normal 0 0 -1
outer loop
vertex 240.672205291231 -165.59170571201656 0
vertex 207.8572629944041 -166.07672075336617 0
vertex 207.86149565412728 -165.59170571201656 0
endloop
endfacet
facet normal 0 0 -1
outer loop
vertex 260.5717282 -165.6654016 0
vertex 260.41794234552793 -166.07672075336617 0
vertex 245.5966456466158 -166.07672075336617 0
endloop
endfacet
facet normal 0 0 -1
outer loop
vertex 260.5717282 -165.6654016 0
vertex 245.5966456466158 -166.07672075336617 0
vertex 245.09545180809727 -165.6654016 0
endloop
endfacet
facet normal 0 0 -1
outer loop
vertex 240.08121275337504 -166.07672075336617 0
vertex 239.59619771200374 -166.66771329124487 0
vertex 207.8521054836085 -166.66771329124487 0
endloop
endfacet
facet normal 0 0 -1
outer loop
vertex 240.08121275337504 -166.07672075336617 0
vertex 207.8521054836085 -166.66771329124487 0
vertex 207.8572629944041 -166.07672075336617 0
endloop
endfacet
facet normal 0 0 -1
outer loop
vertex 260.41794234552793 -166.07672075336617 0
vertex 260.19697939819014 -166.66771329124487 0
vertex 246.08166068799082 -166.66771329124487 0
endloop
endfacet
facet normal 0 0 -1
outer loop
vertex 260.41794234552793 -166.07672075336617 0
vertex 246.08166068799082 -166.66771329124487 0
vertex 245.5966456466158 -166.07672075336617 0
endloop
endfacet
facet normal 0 0 -1
outer loop
vertex 239.59619771200374 -166.66771329124487 0
vertex 239.2357990232036 -167.34197181378462 0
vertex 207.84622132198865 -167.34197181378462 0
endloop
endfacet
facet normal 0 0 -1
outer loop
vertex 239.59619771200374 -166.66771329124487 0
vertex 207.84622132198865 -167.34197181378462 0
vertex 207.8521054836085 -166.66771329124487 0
endloop
endfacet
facet normal 0 0 -1
outer loop
vertex 260.19697939819014 -166.66771329124487 0
vertex 259.944884590119 -167.34197181378462 0
vertex 246.44205937679803 -167.34197181378462 0
endloop
endfacet
facet normal 0 0 -1
outer loop
vertex 260.19697939819014 -166.66771329124487 0
vertex 246.44205937679803 -167.34197181378462 0
vertex 246.08166068799082 -166.66771329124487 0
endloop
endfacet
facet normal 0 0 -1
outer loop
vertex 239.2357990232036 -167.34197181378462 0
vertex 239.01386660642706 -168.0735849441328 0
vertex 207.83983663457533 -168.0735849441328 0
endloop
endfacet
facet normal 0 0 -1
outer loop
vertex 239.2357990232036 -167.34197181378462 0
vertex 207.83983663457533 -168.0735849441328 0
vertex 207.84622132198865 -167.34197181378462 0
endloop
endfacet
facet normal 0 0 -1
outer loop
vertex 259.944884590119 -167.34197181378462 0
vertex 259.67134578339727 -168.0735849441328 0
vertex 246.66399179357273 -168.0735849441328 0
endloop
endfacet
facet normal 0 0 -1
outer loop
vertex 259.944884590119 -167.34197181378462 0
vertex 246.66399179357273 -168.0735849441328 0
vertex 246.44205937679803 -167.34197181378462 0
endloop
endfacet
facet normal 0 0 -1
outer loop
vertex 239.01386660642706 -168.0735849441328 0
vertex 238.9389291999978 -168.83443720001586 0
vertex 207.833196781325 -168.83443720001586 0
endloop
endfacet
facet normal 0 0 -1
outer loop
vertex 239.01386660642706 -168.0735849441328 0
vertex 207.833196781325 -168.83443720001586 0
vertex 207.83983663457533 -168.0735849441328 0
endloop
endfacet
facet normal 0 0 -1
outer loop
vertex 259.67134578339727 -168.0735849441328 0
vertex 259.3868749209529 -168.83443720001586 0
vertex 246.73892920000213 -168.83443720001586 0
endloop
endfacet
facet normal 0 0 -1
outer loop
vertex 259.67134578339727 -168.0735849441328 0
vertex 246.73892920000213 -168.83443720001586 0
vertex 246.66399179357273 -168.0735849441328 0
endloop
endfacet
facet normal 0 0 -1
outer loop
vertex 238.9389291999978 -168.83443720001586 0
vertex 239.01386660642822 -169.59528945588116 0
vertex 207.8265569280748 -169.59528945588116 0
endloop
endfacet
facet normal 0 0 -1
outer loop
vertex 238.9389291999978 -168.83443720001586 0
vertex 207.8265569280748 -169.59528945588116 0
vertex 207.833196781325 -168.83443720001586 0
endloop
endfacet
facet normal 0 0 -1
outer loop
vertex 259.3868749209529 -168.83443720001586 0
vertex 259.10240405851516 -169.59528945588116 0
vertex 246.66399179357452 -169.59528945588116 0
endloop
endfacet
facet normal 0 0 -1
outer loop
vertex 259.3868749209529 -168.83443720001586 0
vertex 246.66399179357452 -169.59528945588116 0
vertex 246.73892920000213 -168.83443720001586 0
endloop
endfacet
facet normal 0 0 -1
outer loop
vertex 239.01386660642822 -169.59528945588116 0
vertex 239.2357990231916 -170.32690258618618 0
vertex 207.8201722406619 -170.32690258618618 0
endloop
endfacet
facet normal 0 0 -1
outer loop
vertex 239.01386660642822 -169.59528945588116 0
vertex 207.8201722406619 -170.32690258618618 0
vertex 207.8265569280748 -169.59528945588116 0
endloop
endfacet
facet normal 0 0 -1
outer loop
vertex 259.10240405851516 -169.59528945588116 0
vertex 258.82886525180965 -170.32690258618618 0
vertex 246.44205937678987 -170.32690258618618 0
endloop
endfacet
facet normal 0 0 -1
outer loop
vertex 259.10240405851516 -169.59528945588116 0
vertex 246.44205937678987 -170.32690258618618 0
vertex 246.66399179357452 -169.59528945588116 0
endloop
endfacet
facet normal 0 0 -1
outer loop
vertex 239.2357990231916 -170.32690258618618 0
vertex 239.5961977120435 -171.00116110880953 0
vertex 207.8142880790413 -171.00116110880953 0
endloop
endfacet
facet normal 0 0 -1
outer loop
vertex 239.2357990231916 -170.32690258618618 0
vertex 207.8142880790413 -171.00116110880953 0
vertex 207.8201722406619 -170.32690258618618 0
endloop
endfacet
facet normal 0 0 -1
outer loop
vertex 258.82886525180965 -170.32690258618618 0
vertex 258.57677044370723 -171.00116110880953 0
vertex 246.0816606879813 -171.00116110880953 0
endloop
endfacet
facet normal 0 0 -1
outer loop
vertex 258.82886525180965 -170.32690258618618 0
vertex 246.0816606879813 -171.00116110880953 0
vertex 246.44205937678987 -170.32690258618618 0
endloop
endfacet
facet normal 0 0 -1
outer loop
vertex 239.5961977120435 -171.00116110880953 0
vertex 240.0812127533581 -171.59215364661455 0
vertex 207.80913056824636 -171.59215364661455 0
endloop
endfacet
facet normal 0 0 -1
outer loop
vertex 239.5961977120435 -171.00116110880953 0
vertex 207.80913056824636 -171.59215364661455 0
vertex 207.8142880790413 -171.00116110880953 0
endloop
endfacet
facet normal 0 0 -1
outer loop
vertex 258.57677044370723 -171.00116110880953 0
vertex 258.35580749639695 -171.59215364661455 0
vertex 245.59664564663882 -171.59215364661455 0
endloop
endfacet
facet normal 0 0 -1
outer loop
vertex 258.57677044370723 -171.00116110880953 0
vertex 245.59664564663882 -171.59215364661455 0
vertex 246.0816606879813 -171.00116110880953 0
endloop
endfacet
facet normal 0 0 -1
outer loop
vertex 240.0812127533581 -171.59215364661455 0
vertex 240.6722052912209 -172.07716868797652 0
vertex 207.83551172521769 -172.07716868797652 0
endloop
endfacet
facet normal 0 0 -1
outer loop
vertex 240.0812127533581 -171.59215364661455 0
vertex 207.83551172521769 -172.07716868797652 0
vertex 207.80795374596457 -171.72700420040104 0
endloop
endfacet
facet normal 0 0 -1
outer loop
vertex 240.0812127533581 -171.59215364661455 0
vertex 207.80795374596457 -171.72700420040104 0
vertex 207.80913056824636 -171.59215364661455 0
endloop
endfacet
facet normal 0 0 -1
outer loop
vertex 258.35580749639695 -171.59215364661455 0
vertex 258.1744678919627 -172.07716868797652 0
vertex 245.00565310876482 -172.07716868797652 0
endloop
endfacet
facet normal 0 0 -1
outer loop
vertex 258.35580749639695 -171.59215364661455 0
vertex 245.00565310876482 -172.07716868797652 0
vertex 245.59664564663882 -171.59215364661455 0
endloop
endfacet
facet normal 0 0 -1
outer loop
vertex 240.6722052912209 -172.07716868797652 0
vertex 241.34646381378266 -172.4375673767955 0
vertex 207.92137243401996 -172.4375673767955 0
endloop
endfacet
facet normal 0 0 -1
outer loop
vertex 240.6722052912209 -172.07716868797652 0
vertex 207.92137243401996 -172.4375673767955 0
vertex 207.83872498323444 -172.11799783718783 0
endloop
endfacet
facet normal 0 0 -1
outer loop
vertex 240.6722052912209 -172.07716868797652 0
vertex 207.83872498323444 -172.11799783718783 0
vertex 207.83551172521769 -172.07716868797652 0
endloop
endfacet
facet normal 0 0 -1
outer loop
vertex 258.1744678919627 -172.07716868797652 0
vertex 258.0397204097289 -172.4375673767955 0
vertex 244.33139458622043 -172.4375673767955 0
endloop
endfacet
facet normal 0 0 -1
outer loop
vertex 258.1744678919627 -172.07716868797652 0
vertex 244.33139458622043 -172.4375673767955 0
vertex 245.00565310876482 -172.07716868797652 0
endloop
endfacet
facet normal 0 0 -1
outer loop
vertex 241.34646381378266 -172.4375673767955 0
vertex 242.0780769441462 -172.65949979357487 0
vertex 208.01066002789898 -172.65949979357487 0
endloop
endfacet
facet normal 0 0 -1
outer loop
vertex 241.34646381378266 -172.4375673767955 0
vertex 208.01066002789898 -172.65949979357487 0
vertex 207.93692526862534 -172.49770489038116 0
endloop
endfacet
facet normal 0 0 -1
outer loop
vertex 241.34646381378266 -172.4375673767955 0
vertex 207.93692526862534 -172.49770489038116 0
vertex 207.92137243401996 -172.4375673767955 0
endloop
endfacet
facet normal 0 0 -1
outer loop
vertex 258.0397204097289 -172.4375673767955 0
vertex 257.9567433198702 -172.65949979357487 0
vertex 243.59978145586248 -172.65949979357487 0
endloop
endfacet
facet normal 0 0 -1
outer loop
vertex 258.0397204097289 -172.4375673767955 0
vertex 243.59978145586248 -172.65949979357487 0
vertex 244.33139458622043 -172.4375673767955 0
endloop
endfacet
facet normal 0 0 -1
outer loop
vertex 242.0780769441462 -172.65949979357487 0
vertex 242.83892919999496 -172.73443720000088 0
vertex 208.04481123732734 -172.73443720000088 0
endloop
endfacet
facet normal 0 0 -1
outer loop
vertex 242.0780769441462 -172.65949979357487 0
vertex 208.04481123732734 -172.73443720000088 0
vertex 208.01066002789898 -172.65949979357487 0
endloop
endfacet
facet normal 0 0 -1
outer loop
vertex 257.9567433198702 -172.65949979357487 0
vertex 257.92872538541513 -172.73443720000088 0
vertex 242.83892919999496 -172.73443720000088 0
endloop
endfacet
facet normal 0 0 -1
outer loop
vertex 257.9567433198702 -172.65949979357487 0
vertex 242.83892919999496 -172.73443720000088 0
vertex 243.59978145586248 -172.65949979357487 0
endloop
endfacet
facet normal 0 0 -1
outer loop
vertex 242.83892919999496 -172.73443720000088 0
vertex 257.92872538541513 -172.73443720000088 0
vertex 257.36075501684724 -174.2535437 0
endloop
endfacet
facet normal 0 0 -1
outer loop
vertex 242.83892919999496 -172.73443720000088 0
vertex 257.36075501684724 -174.2535437 0
vertex 239.48641939999794 -174.2535437 0
endloop
endfacet
facet normal 0 0 -1
outer loop
vertex 242.83892919999496 -172.73443720000088 0
vertex 239.48641939999794 -174.2535437 0
vertex 210.0382318500004 -173.99654710000004 0
endloop
endfacet
facet normal 0 0 -1
outer loop
vertex 242.83892919999496 -172.73443720000088 0
vertex 210.0382318500004 -173.99654710000004 0
vertex 209.64783757188 -173.95895654391288 0
endloop
endfacet
facet normal 0 0 -1
outer loop
vertex 242.83892919999496 -172.73443720000088 0
vertex 209.64783757188 -173.95895654391288 0
vertex 209.26990174640417 -173.85414598090716 0
endloop
endfacet
facet normal 0 0 -1
outer loop
vertex 242.83892919999496 -172.73443720000088 0
vertex 209.26990174640417 -173.85414598090716 0
vertex 208.91590770576315 -173.68530001120058 0
endloop
endfacet
facet normal 0 0 -1
outer loop
vertex 242.83892919999496 -172.73443720000088 0
vertex 208.91590770576315 -173.68530001120058 0
vertex 208.5966113267171 -173.45754890884612 0
endloop
endfacet
facet normal 0 0 -1
outer loop
vertex 242.83892919999496 -172.73443720000088 0
vertex 208.5966113267171 -173.45754890884612 0
vertex 208.32171422033483 -173.17781274171966 0
endloop
endfacet
facet normal 0 0 -1
outer loop
vertex 242.83892919999496 -172.73443720000088 0
vertex 208.32171422033483 -173.17781274171966 0
vertex 208.09956895490512 -172.85459110979704 0
endloop
endfacet
facet normal 0 0 -1
outer loop
vertex 242.83892919999496 -172.73443720000088 0
vertex 208.09956895490512 -172.85459110979704 0
vertex 208.04481123732734 -172.73443720000088 0
endloop
endfacet
facet normal 0 0 -1
outer loop
vertex 257.36075501684724 -174.2535437 0
vertex 255.95651985000032 -178.0093430999992 0
vertex 255.787672353335 -178.36333721767497 0
endloop
endfacet
facet normal 0 0 -1
outer loop
vertex 257.36075501684724 -174.2535437 0
vertex 255.787672353335 -178.36333721767497 0
vertex 255.5599196302953 -178.68263333357064 0
endloop
endfacet
facet normal 0 0 -1
outer loop
vertex 257.36075501684724 -174.2535437 0
vertex 255.5599196302953 -178.68263333357064 0
vertex 255.28018182365165 -178.95752980865225 0
endloop
endfacet
facet normal 0 0 -1
outer loop
vertex 257.36075501684724 -174.2535437 0
vertex 255.28018182365165 -178.95752980865225 0
vertex 254.9569586147012 -179.1796740628522 0
endloop
endfacet
facet normal 0 0 -1
outer loop
vertex 257.36075501684724 -174.2535437 0
vertex 254.9569586147012 -179.1796740628522 0
vertex 254.6000709650687 -179.34231636367835 0
endloop
endfacet
facet normal 0 0 -1
outer loop
vertex 257.36075501684724 -174.2535437 0
vertex 254.6000709650687 -179.34231636367835 0
vertex 254.22036271212173 -179.44051491316972 0
endloop
endfacet
facet normal 0 0 -1
outer loop
vertex 257.36075501684724 -174.2535437 0
vertex 254.22036271212173 -179.44051491316972 0
vertex 253.8293710848636 -179.47128600174284 0
endloop
endfacet
facet normal 0 0 -1
outer loop
vertex 257.36075501684724 -174.2535437 0
vertex 253.8293710848636 -179.47128600174284 0
vertex 253.4389761514949 -179.4336946665867 0
endloop
endfacet
facet normal 0 0 -1
outer loop
vertex 257.36075501684724 -174.2535437 0
vertex 253.4389761514949 -179.4336946665867 0
vertex 253.0610397000001 -179.32888620000003 0
endloop
endfacet
facet normal 0 0 -1
outer loop
vertex 257.36075501684724 -174.2535437 0
vertex 253.0610397000001 -179.32888620000003 0
vertex 239.48641939999794 -174.2535437 0
endloop
endfacet
facet normal 0 0 1
outer loop
vertex 253.87730562383052 -177.4697701665059 1.5
vertex 253.9158145843013 -177.46228445396912 1.5
vertex 253.95267839943466 -177.44886673946277 1.5
endloop
endfacet
facet normal 0 0 1
outer loop
vertex 253.87730562383052 -177.4697701665059 1.5
vertex 253.95267839943466 -177.44886673946277 1.5
vertex 253.98698934884334 -177.4298474156217 1.5
endloop
endfacet
facet normal 0 0 1
outer loop
vertex 253.87730562383052 -177.4697701665059 1.5
vertex 253.98698934884334 -177.4298474156217 1.5
vertex 254.01790257292487 -177.40569480695038 1.5
endloop
endfacet
facet normal 0 0 1
outer loop
vertex 253.87730562383052 -177.4697701665059 1.5
vertex 254.01790257292487 -177.40569480695038 1.5
vertex 254.04465687635496 -177.37700363798274 1.5
endloop
endfacet
facet normal 0 0 1
outer loop
vertex 253.87730562383052 -177.4697701665059 1.5
vertex 254.04465687635496 -177.37700363798274 1.5
vertex 254.06659347146942 -177.34448038901436 1.5
endloop
endfacet
facet normal 0 0 1
outer loop
vertex 253.87730562383052 -177.4697701665059 1.5
vertex 254.06659347146942 -177.34448038901436 1.5
vertex 254.08317220000018 -177.3089258999995 1.5
endloop
endfacet
facet normal 0 0 1
outer loop
vertex 253.87730562383052 -177.4697701665059 1.5
vertex 254.08317220000018 -177.3089258999995 1.5
vertex 255.92594810876147 -172.38019990000015 1.5
endloop
endfacet
facet normal 0 0 1
outer loop
vertex 253.87730562383052 -177.4697701665059 1.5
vertex 255.92594810876147 -172.38019990000015 1.5
vertex 240.18683105000036 -172.38019990000015 1.5
endloop
endfacet
facet normal 0 0 1
outer loop
vertex 253.87730562383052 -177.4697701665059 1.5
vertex 240.18683105000036 -172.38019990000015 1.5
vertex 253.76145440000045 -177.45554180000013 1.5
endloop
endfacet
facet normal 0 0 1
outer loop
vertex 253.87730562383052 -177.4697701665059 1.5
vertex 253.76145440000045 -177.45554180000013 1.5
vertex 253.79916234669966 -177.46635889054866 1.5
endloop
endfacet
facet normal 0 0 1
outer loop
vertex 253.87730562383052 -177.4697701665059 1.5
vertex 253.79916234669966 -177.46635889054866 1.5
vertex 253.83809974783316 -177.4711395517709 1.5
endloop
endfacet
facet normal 0 0 1
outer loop
vertex 255.92594810876147 -172.38019990000015 1.5
vertex 255.951613940773 -172.3115535426512 1.5
vertex 239.96461365752666 -172.3115535426512 1.5
endloop
endfacet
facet normal 0 0 1
outer loop
vertex 255.92594810876147 -172.38019990000015 1.5
vertex 239.96461365752666 -172.3115535426512 1.5
vertex 240.18683105000036 -172.38019990000015 1.5
endloop
endfacet
facet normal 0 0 1
outer loop
vertex 255.951613940773 -172.3115535426512 1.5
vertex 255.9674608218928 -172.26916915146035 1.5
vertex 239.7359294751305 -172.26916915146035 1.5
endloop
endfacet
facet normal 0 0 1
outer loop
vertex 255.951613940773 -172.3115535426512 1.5
vertex 239.7359294751305 -172.26916915146035 1.5
vertex 239.96461365752666 -172.3115535426512 1.5
endloop
endfacet
facet normal 0 0 1
outer loop
vertex 255.9674608218928 -172.26916915146035 1.5
vertex 255.9732744886026 -172.25361979999997 1.5
vertex 239.503872099999 -172.25361979999997 1.5
endloop
endfacet
facet normal 0 0 1
outer loop
vertex 255.9674608218928 -172.26916915146035 1.5
vertex 239.503872099999 -172.25361979999997 1.5
vertex 239.7359294751305 -172.26916915146035 1.5
endloop
endfacet
facet normal 0 0 1
outer loop
vertex 255.9732744886026 -172.25361979999997 1.5
vertex 258.69838380000016 -164.96498689999962 1.5
vertex 209.8670464652259 -164.96498689999962 1.5
endloop
endfacet
facet normal 0 0 1
outer loop
vertex 255.9732744886026 -172.25361979999997 1.5
vertex 209.8670464652259 -164.96498689999962 1.5
vertex 209.8078775000003 -171.74445730000002 1.5
endloop
endfacet
facet normal 0 0 1
outer loop
vertex 255.9732744886026 -172.25361979999997 1.5
vertex 209.8078775000003 -171.74445730000002 1.5
vertex 209.80788570567637 -171.74457484296147 1.5
endloop
endfacet
facet normal 0 0 1
outer loop
vertex 255.9732744886026 -172.25361979999997 1.5
vertex 209.80788570567637 -171.74457484296147 1.5
vertex 209.81060932675328 -171.78358960197295 1.5
endloop
endfacet
facet normal 0 0 1
outer loop
vertex 255.9732744886026 -172.25361979999997 1.5
vertex 209.81060932675328 -171.78358960197295 1.5
vertex 209.81943372639358 -171.82181571985055 1.5
endloop
endfacet
facet normal 0 0 1
outer loop
vertex 255.9732744886026 -172.25361979999997 1.5
vertex 209.81943372639358 -171.82181571985055 1.5
vertex 209.83412964192158 -171.85819065880335 1.5
endloop
endfacet
facet normal 0 0 1
outer loop
vertex 255.9732744886026 -172.25361979999997 1.5
vertex 209.83412964192158 -171.85819065880335 1.5
vertex 209.85433517616121 -171.89181866057402 1.5
endloop
endfacet
facet normal 0 0 1
outer loop
vertex 255.9732744886026 -172.25361979999997 1.5
vertex 209.85433517616121 -171.89181866057402 1.5
vertex 209.8795527537311 -171.92187161215116 1.5
endloop
endfacet
facet normal 0 0 1
outer loop
vertex 255.9732744886026 -172.25361979999997 1.5
vertex 209.8795527537311 -171.92187161215116 1.5
vertex 209.90916137418526 -171.94760943862946 1.5
endloop
endfacet
facet normal 0 0 1
outer loop
vertex 255.9732744886026 -172.25361979999997 1.5
vertex 209.90916137418526 -171.94760943862946 1.5
vertex 209.94243190458147 -171.96839832806964 1.5
endloop
endfacet
facet normal 0 0 1
outer loop
vertex 255.9732744886026 -172.25361979999997 1.5
vertex 209.94243190458147 -171.96839832806964 1.5
vertex 209.9785450348906 -171.98372633956154 1.5
endloop
endfacet
facet normal 0 0 1
outer loop
vertex 255.9732744886026 -172.25361979999997 1.5
vertex 209.9785450348906 -171.98372633956154 1.5
vertex 210.01661145407567 -171.99321601012497 1.5
endloop
endfacet
facet normal 0 0 1
outer loop
vertex 255.9732744886026 -172.25361979999997 1.5
vertex 210.01661145407567 -171.99321601012497 1.5
vertex 210.05569375000033 -171.99663365 1.5
endloop
endfacet
facet normal 0 0 1
outer loop
vertex 255.9732744886026 -172.25361979999997 1.5
vertex 210.05569375000033 -171.99663365 1.5
vertex 239.503872099999 -172.25361979999997 1.5
endloop
endfacet
facet normal 0 0 1
outer loop
vertex 258.69838380000016 -164.96498689999962 1.5
vertex 258.82887051683764 -164.68435586556416 1.5
vertex 209.86949533753054 -164.68435586556416 1.5
endloop
endfacet
facet normal 0 0 1
outer loop
vertex 258.69838380000016 -164.96498689999962 1.5
vertex 209.86949533753054 -164.68435586556416 1.5
vertex 209.8670464652259 -164.96498689999962 1.5
endloop
endfacet
facet normal 0 0 1
outer loop
vertex 258.82887051683764 -164.68435586556416 1.5
vertex 259.00109265572087 -164.42721492862492 1.5
vertex 209.87173922805437 -164.42721492862492 1.5
endloop
endfacet
facet normal 0 0 1
outer loop
vertex 258.82887051683764 -164.68435586556416 1.5
vertex 209.87173922805437 -164.42721492862492 1.5
vertex 209.86949533753054 -164.68435586556416 1.5
endloop
endfacet
facet normal 0 0 1
outer loop
vertex 259.00109265572087 -164.42721492862492 1.5
vertex 259.2109243745843 -164.19972300276783 1.5
vertex 209.87372439223222 -164.19972300276783 1.5
endloop
endfacet
facet normal 0 0 1
outer loop
vertex 259.00109265572087 -164.42721492862492 1.5
vertex 209.87372439223222 -164.19972300276783 1.5
vertex 209.87173922805437 -164.42721492862492 1.5
endloop
endfacet
facet normal 0 0 1
outer loop
vertex 259.2109243745843 -164.19972300276783 1.5
vertex 259.4533411518559 -164.0073274917271 1.5
vertex 209.87540329435177 -164.0073274917271 1.5
endloop
endfacet
facet normal 0 0 1
outer loop
vertex 259.2109243745843 -164.19972300276783 1.5
vertex 209.87540329435177 -164.0073274917271 1.5
vertex 209.87372439223222 -164.19972300276783 1.5
endloop
endfacet
facet normal 0 0 1
outer loop
vertex 259.4533411518559 -164.0073274917271 1.5
vertex 259.7225382010461 -163.8546353986804 1.5
vertex 209.87673573229313 -163.8546353986804 1.5
endloop
endfacet
facet normal 0 0 1
outer loop
vertex 259.4533411518559 -164.0073274917271 1.5
vertex 209.87673573229313 -163.8546353986804 1.5
vertex 209.87540329435177 -164.0073274917271 1.5
endloop
endfacet
facet normal 0 0 1
outer loop
vertex 259.7225382010461 -163.8546353986804 1.5
vertex 260.01206946915414 -163.74530300933927 1.5
vertex 209.87768980018797 -163.74530300933927 1.5
endloop
endfacet
facet normal 0 0 1
outer loop
vertex 259.7225382010461 -163.8546353986804 1.5
vertex 209.87768980018797 -163.74530300933927 1.5
vertex 209.87673573229313 -163.8546353986804 1.5
endloop
endfacet
facet normal 0 0 1
outer loop
vertex 260.01206946915414 -163.74530300933927 1.5
vertex 260.315001990515 -163.68194834042532 1.5
vertex 209.8782426524211 -163.68194834042532 1.5
endloop
endfacet
facet normal 0 0 1
outer loop
vertex 260.01206946915414 -163.74530300933927 1.5
vertex 209.8782426524211 -163.68194834042532 1.5
vertex 209.87768980018797 -163.74530300933927 1.5
endloop
endfacet
facet normal 0 0 1
outer loop
vertex 260.315001990515 -163.68194834042532 1.5
vertex 260.6240819000003 -163.66608845000002 1.5
vertex 209.8783810506795 -163.66608845000002 1.5
endloop
endfacet
facet normal 0 0 1
outer loop
vertex 260.315001990515 -163.68194834042532 1.5
vertex 209.8783810506795 -163.66608845000002 1.5
vertex 209.8782426524211 -163.68194834042532 1.5
endloop
endfacet
facet normal 0 0 1
outer loop
vertex 262.67988869645103 -163.71684407273045 1.5
vertex 262.71826205199824 -163.70868748484875 1.5
vertex 262.7548869339097 -163.69462823996173 1.5
endloop
endfacet
facet normal 0 0 1
outer loop
vertex 262.67988869645103 -163.71684407273045 1.5
vertex 262.7548869339097 -163.69462823996173 1.5
vertex 262.7888614651086 -163.6750125428903 1.5
endloop
endfacet
facet normal 0 0 1
outer loop
vertex 262.67988869645103 -163.71684407273045 1.5
vertex 262.7888614651086 -163.6750125428903 1.5
vertex 262.79988145699485 -163.66608845000002 1.5
endloop
endfacet
facet normal 0 0 1
outer loop
vertex 262.67988869645103 -163.71684407273045 1.5
vertex 262.79988145699485 -163.66608845000002 1.5
vertex 260.6240819000003 -163.66608845000002 1.5
endloop
endfacet
facet normal 0 0 1
outer loop
vertex 262.67988869645103 -163.71684407273045 1.5
vertex 260.6240819000003 -163.66608845000002 1.5
vertex 262.6407136000001 -163.7188943 1.5
endloop
endfacet
facet normal 0 0 1
outer loop
vertex 260.6240819000003 -163.66608845000002 1.5
vertex 262.79988145699485 -163.66608845000002 1.5
vertex 262.81934903263607 -163.6503234244751 1.5
endloop
endfacet
facet normal 0 0 1
outer loop
vertex 260.6240819000003 -163.66608845000002 1.5
vertex 262.81934903263607 -163.6503234244751 1.5
vertex 262.8455988889981 -163.62116884708504 1.5
endloop
endfacet
facet normal 0 0 1
outer loop
vertex 260.6240819000003 -163.66608845000002 1.5
vertex 262.8455988889981 -163.62116884708504 1.5
vertex 262.86696463910823 -163.58826673371826 1.5
endloop
endfacet
facet normal 0 0 1
outer loop
vertex 260.6240819000003 -163.66608845000002 1.5
vertex 262.86696463910823 -163.58826673371826 1.5
vertex 262.88292015757816 -163.55242728935616 1.5
endloop
endfacet
facet normal 0 0 1
outer loop
vertex 260.6240819000003 -163.66608845000002 1.5
vertex 262.88292015757816 -163.55242728935616 1.5
vertex 262.8930725444008 -163.5145330499041 1.5
endloop
endfacet
facet normal 0 0 1
outer loop
vertex 260.6240819000003 -163.66608845000002 1.5
vertex 262.8930725444008 -163.5145330499041 1.5
vertex 262.8971717999999 -163.4755171500007 1.5
endloop
endfacet
facet normal 0 0 1
outer loop
vertex 260.6240819000003 -163.66608845000002 1.5
vertex 262.8971717999999 -163.4755171500007 1.5
vertex 263.1131315021902 -155.22835127482395 1.5000000000000009
endloop
endfacet
facet normal 0 0 1
outer loop
vertex 260.6240819000003 -163.66608845000002 1.5
vertex 263.1131315021902 -155.22835127482395 1.5000000000000009
vertex 263.2963701947501 -148.2307499772474 1.5000000000000009
endloop
endfacet
facet normal 0 0 1
outer loop
vertex 260.6240819000003 -163.66608845000002 1.5
vertex 263.2963701947501 -148.2307499772474 1.5000000000000009
vertex 263.34508152031424 -146.37054005000016 1.5
endloop
endfacet
facet normal 0 0 1
outer loop
vertex 260.6240819000003 -163.66608845000002 1.5
vertex 263.34508152031424 -146.37054005000016 1.5
vertex 210.0293073 -146.37054005000016 1.5
endloop
endfacet
facet normal 0 0 1
outer loop
vertex 260.6240819000003 -163.66608845000002 1.5
vertex 210.0293073 -146.37054005000016 1.5
vertex 209.95186529999972 -155.24508550000002 1.5
endloop
endfacet
facet normal 0 0 1
outer loop
vertex 260.6240819000003 -163.66608845000002 1.5
vertex 209.95186529999972 -155.24508550000002 1.5
vertex 209.8783810506795 -163.66608845000002 1.5
endloop
endfacet
facet normal 0 0 1
outer loop
vertex 263.34508152031424 -146.37054005000016 1.5
vertex 263.353731273007 -146.04021941836427 1.5
vertex 210.00475927547527 -146.04021941836427 1.5
endloop
endfacet
facet normal 0 0 1
outer loop
vertex 263.34508152031424 -146.37054005000016 1.5
vertex 210.00475927547527 -146.04021941836427 1.5
vertex 210.0293073 -146.37054005000016 1.5
endloop
endfacet
facet normal 0 0 1
outer loop
vertex 263.353731273007 -146.04021941836427 1.5
vertex 263.3621563061722 -145.71848047673942 1.5
vertex 209.9260294930919 -145.71848047673942 1.5
endloop
endfacet
facet normal 0 0 1
outer loop
vertex 263.353731273007 -146.04021941836427 1.5
vertex 209.9260294930919 -145.71848047673942 1.5
vertex 210.00475927547527 -146.04021941836427 1.5
endloop
endfacet
facet normal 0 0 1
outer loop
vertex 263.3621563061722 -145.71848047673942 1.5
vertex 263.37012553310274 -145.4141480678418 1.5
vertex 209.79527739908644 -145.4141480678418 1.5
endloop
endfacet
facet normal 0 0 1
outer loop
vertex 263.3621563061722 -145.71848047673942 1.5
vertex 209.79527739908644 -145.4141480678418 1.5
vertex 209.9260294930919 -145.71848047673942 1.5
endloop
endfacet
facet normal 0 0 1
outer loop
vertex 263.37012553310274 -145.4141480678418 1.5
vertex 263.3774203692099 -145.1355695978907 1.5
vertex 209.6160893378992 -145.1355695978907 1.5
endloop
endfacet
facet normal 0 0 1
outer loop
vertex 263.37012553310274 -145.4141480678418 1.5
vertex 209.6160893378992 -145.1355695978907 1.5
vertex 209.79527739908644 -145.4141480678418 1.5
endloop
endfacet
facet normal 0 0 1
outer loop
vertex 263.3774203692099 -145.1355695978907 1.5
vertex 263.38384072748846 -144.8903860790976 1.5
vertex 209.3933801838345 -144.8903860790976 1.5
endloop
endfacet
facet normal 0 0 1
outer loop
vertex 263.3774203692099 -145.1355695978907 1.5
vertex 209.3933801838345 -144.8903860790976 1.5
vertex 209.6160893378992 -145.1355695978907 1.5
endloop
endfacet
facet normal 0 0 1
outer loop
vertex 263.38384072748846 -144.8903860790976 1.5
vertex 263.3892105066194 -144.68532254754 1.5
vertex 209.1332585330299 -144.68532254754 1.5
endloop
endfacet
facet normal 0 0 1
outer loop
vertex 263.38384072748846 -144.8903860790976 1.5
vertex 209.1332585330299 -144.68532254754 1.5
vertex 209.3933801838345 -144.8903860790976 1.5
endloop
endfacet
facet normal 0 0 1
outer loop
vertex 263.3892105066194 -144.68532254754 1.5
vertex 263.39338242117924 -144.5260036049647 1.5
vertex 208.84285915333197 -144.5260036049647 1.5
endloop
endfacet
facet normal 0 0 1
outer loop
vertex 263.3892105066194 -144.68532254754 1.5
vertex 208.84285915333197 -144.5260036049647 1.5
vertex 209.1332585330299 -144.68532254754 1.5
endloop
endfacet
facet normal 0 0 1
outer loop
vertex 263.39338242117924 -144.5260036049647 1.5
vertex 263.3962420414704 -144.4167991439405 1.5
vertex 208.53014728773576 -144.4167991439405 1.5
endloop
endfacet
facet normal 0 0 1
outer loop
vertex 263.39338242117924 -144.5260036049647 1.5
vertex 208.53014728773576 -144.4167991439405 1.5
vertex 208.84285915333197 -144.5260036049647 1.5
endloop
endfacet
facet normal 0 0 1
outer loop
vertex 143.52755946106754 -160.37080883879833 1.5
vertex 143.56625204999955 -160.36433340000008 1.5
vertex 207.54554459999957 -144.41250010000007 1.5
endloop
endfacet
facet normal 0 0 1
outer loop
vertex 143.52755946106754 -160.37080883879833 1.5
vertex 207.54554459999957 -144.41250010000007 1.5
vertex 139.33135624115576 -144.41250010000007 1.5
endloop
endfacet
facet normal 0 0 1
outer loop
vertex 143.52755946106754 -160.37080883879833 1.5
vertex 139.33135624115576 -144.41250010000007 1.5
vertex 143.26319409999996 -160.18223679999986 1.5
endloop
endfacet
facet normal 0 0 1
outer loop
vertex 143.52755946106754 -160.37080883879833 1.5
vertex 143.26319409999996 -160.18223679999986 1.5
vertex 143.27563907330568 -160.21943715460569 1.5
endloop
endfacet
facet normal 0 0 1
outer loop
vertex 143.52755946106754 -160.37080883879833 1.5
vertex 143.27563907330568 -160.21943715460569 1.5
vertex 143.2937529632792 -160.25423564215828 1.5
endloop
endfacet
facet normal 0 0 1
outer loop
vertex 143.52755946106754 -160.37080883879833 1.5
vertex 143.2937529632792 -160.25423564215828 1.5
vertex 143.3170876696561 -160.28577195811667 1.5
endloop
endfacet
facet normal 0 0 1
outer loop
vertex 143.52755946106754 -160.37080883879833 1.5
vertex 143.3170876696561 -160.28577195811667 1.5
vertex 143.34506858080042 -160.31326952814504 1.5
endloop
endfacet
facet normal 0 0 1
outer loop
vertex 143.52755946106754 -160.37080883879833 1.5
vertex 143.34506858080042 -160.31326952814504 1.5
vertex 143.37700667338063 -160.3360512310727 1.5
endloop
endfacet
facet normal 0 0 1
outer loop
vertex 143.52755946106754 -160.37080883879833 1.5
vertex 143.37700667338063 -160.3360512310727 1.5
vertex 143.41211547940583 -160.35355607284262 1.5
endloop
endfacet
facet normal 0 0 1
outer loop
vertex 143.52755946106754 -160.37080883879833 1.5
vertex 143.41211547940583 -160.35355607284262 1.5
vertex 143.44953045281636 -160.365353000859 1.5
endloop
endfacet
facet normal 0 0 1
outer loop
vertex 143.52755946106754 -160.37080883879833 1.5
vertex 143.44953045281636 -160.365353000859 1.5
vertex 143.48833025872418 -160.37115151855403 1.5
endloop
endfacet
facet normal 0 0 1
outer loop
vertex 263.3962420414704 -144.4167991439405 1.5
vertex 263.39771093216507 -144.3607044879047 1.5
vertex 208.20370017906973 -144.3607044879047 1.5
endloop
endfacet
facet normal 0 0 1
outer loop
vertex 263.3962420414704 -144.4167991439405 1.5
vertex 208.20370017906973 -144.3607044879047 1.5
vertex 208.53014728773576 -144.4167991439405 1.5
endloop
endfacet
facet normal 0 0 1
outer loop
vertex 207.54554459999957 -144.41250010000007 1.5
vertex 207.87247180839364 -144.35925823369078 1.5
vertex 139.31808154991566 -144.35925823369078 1.5
endloop
endfacet
facet normal 0 0 1
outer loop
vertex 207.54554459999957 -144.41250010000007 1.5
vertex 139.31808154991566 -144.35925823369078 1.5
vertex 139.33135624115576 -144.41250010000007 1.5
endloop
endfacet
facet normal 0 0 1
outer loop
vertex 263.39771093216507 -144.3607044879047 1.5
vertex 263.39774880367565 -144.35925823369078 1.5
vertex 207.87247180839364 -144.35925823369078 1.5
endloop
endfacet
facet normal 0 0 1
outer loop
vertex 263.39771093216507 -144.3607044879047 1.5
vertex 207.87247180839364 -144.35925823369078 1.5
vertex 208.20370017906973 -144.3607044879047 1.5
endloop
endfacet
facet normal 0 0 1
outer loop
vertex 207.87247180839364 -144.35925823369078 1.5
vertex 263.39774880367565 -144.35925823369078 1.5
vertex 264.3563068171967 -107.75341530000007 1.5
endloop
endfacet
facet normal 0 0 1
outer loop
vertex 207.87247180839364 -144.35925823369078 1.5
vertex 264.3563068171967 -107.75341530000007 1.5
vertex 143.76524909999983 -107.75341530000007 1.5
endloop
endfacet
facet normal 0 0 1
outer loop
vertex 207.87247180839364 -144.35925823369078 1.5
vertex 143.76524909999983 -107.75341530000007 1.5
vertex 142.8717798298277 -107.97618246100882 1.5
endloop
endfacet
facet normal 0 0 1
outer loop
vertex 207.87247180839364 -144.35925823369078 1.5
vertex 142.8717798298277 -107.97618246100882 1.5
vertex 136.56485805165198 -109.5486764528527 1.5
endloop
endfacet
facet normal 0 0 1
outer loop
vertex 207.87247180839364 -144.35925823369078 1.5
vertex 136.56485805165198 -109.5486764528527 1.5
vertex 131.22823189999977 -110.87924830000009 1.5
endloop
endfacet
facet normal 0 0 1
outer loop
vertex 207.87247180839364 -144.35925823369078 1.5
vertex 131.22823189999977 -110.87924830000009 1.5
vertex 131.1910321953943 -110.8916911733057 1.5
endloop
endfacet
facet normal 0 0 1
outer loop
vertex 207.87247180839364 -144.35925823369078 1.5
vertex 131.1910321953943 -110.8916911733057 1.5
vertex 131.15623370784175 -110.90980506327921 1.5
endloop
endfacet
facet normal 0 0 1
outer loop
vertex 207.87247180839364 -144.35925823369078 1.5
vertex 131.15623370784175 -110.90980506327921 1.5
vertex 131.12469739188322 -110.93313976965622 1.5
endloop
endfacet
facet normal 0 0 1
outer loop
vertex 207.87247180839364 -144.35925823369078 1.5
vertex 131.12469739188322 -110.93313976965622 1.5
vertex 131.09719982185493 -110.96112068080045 1.5
endloop
endfacet
facet normal 0 0 1
outer loop
vertex 207.87247180839364 -144.35925823369078 1.5
vertex 131.09719982185493 -110.96112068080045 1.5
vertex 131.0744181189274 -110.99305877338048 1.5
endloop
endfacet
facet normal 0 0 1
outer loop
vertex 207.87247180839364 -144.35925823369078 1.5
vertex 131.0744181189274 -110.99305877338048 1.5
vertex 131.05691327715726 -111.02816757940613 1.5
endloop
endfacet
facet normal 0 0 1
outer loop
vertex 207.87247180839364 -144.35925823369078 1.5
vertex 131.05691327715726 -111.02816757940613 1.5
vertex 131.045116349141 -111.06558255281627 1.5
endloop
endfacet
facet normal 0 0 1
outer loop
vertex 207.87247180839364 -144.35925823369078 1.5
vertex 131.045116349141 -111.06558255281627 1.5
vertex 131.039317831446 -111.10438235872395 1.5
endloop
endfacet
facet normal 0 0 1
outer loop
vertex 207.87247180839364 -144.35925823369078 1.5
vertex 131.039317831446 -111.10438235872395 1.5
vertex 131.03966051120167 -111.14361156106754 1.5
endloop
endfacet
facet normal 0 0 1
outer loop
vertex 207.87247180839364 -144.35925823369078 1.5
vertex 131.03966051120167 -111.14361156106754 1.5
vertex 131.04613595 -111.18230414999994 1.5
endloop
endfacet
facet normal 0 0 1
outer loop
vertex 207.87247180839364 -144.35925823369078 1.5
vertex 131.04613595 -111.18230414999994 1.5
vertex 139.31808154991566 -144.35925823369078 1.5
endloop
endfacet
facet normal 0 0 1
outer loop
vertex 264.3563068171967 -107.75341530000007 1.5
vertex 264.35895422504893 -107.65231490268116 1.5
vertex 144.0664353068316 -107.65231490268116 1.5
endloop
endfacet
facet normal 0 0 1
outer loop
vertex 264.3563068171967 -107.75341530000007 1.5
vertex 144.0664353068316 -107.65231490268116 1.5
vertex 143.76524909999983 -107.75341530000007 1.5
endloop
endfacet
facet normal 0 0 1
outer loop
vertex 264.35895422504893 -107.65231490268116 1.5
vertex 264.3628171048128 -107.50479751936899 1.5
vertex 144.34781235483757 -107.50479751936899 1.5
endloop
endfacet
facet normal 0 0 1
outer loop
vertex 264.35895422504893 -107.65231490268116 1.5
vertex 144.34781235483757 -107.50479751936899 1.5
vertex 144.0664353068316 -107.65231490268116 1.5
endloop
endfacet
facet normal 0 0 1
outer loop
vertex 264.3628171048128 -107.50479751936899 1.5
vertex 264.36779798210466 -107.31458554550126 1.5
vertex 144.60228008662457 -107.31458554550126 1.5
endloop
endfacet
facet normal 0 0 1
outer loop
vertex 264.3628171048128 -107.50479751936899 1.5
vertex 144.60228008662457 -107.31458554550126 1.5
vertex 144.34781235483757 -107.50479751936899 1.5
endloop
endfacet
facet normal 0 0 1
outer loop
vertex 264.36779798210466 -107.31458554550126 1.5
vertex 264.37377117143257 -107.08647871496458 1.5
vertex 144.8234173638674 -107.08647871496458 1.5
endloop
endfacet
facet normal 0 0 1
outer loop
vertex 264.36779798210466 -107.31458554550126 1.5
vertex 144.8234173638674 -107.08647871496458 1.5
vertex 144.60228008662457 -107.31458554550126 1.5
endloop
endfacet
facet normal 0 0 1
outer loop
vertex 264.37377117143257 -107.08647871496458 1.5
vertex 264.3805859476941 -106.82623298550622 1.5
vertex 145.00564409577635 -106.82623298550622 1.5
endloop
endfacet
facet normal 0 0 1
outer loop
vertex 264.37377117143257 -107.08647871496458 1.5
vertex 145.00564409577635 -106.82623298550622 1.5
vertex 144.8234173638674 -107.08647871496458 1.5
endloop
endfacet
facet normal 0 0 1
outer loop
vertex 264.3805859476941 -106.82623298550622 1.5
vertex 264.3880703495143 -106.54041529516454 1.5
vertex 145.14436204490914 -106.54041529516454 1.5
endloop
endfacet
facet normal 0 0 1
outer loop
vertex 264.3805859476941 -106.82623298550622 1.5
vertex 145.14436204490914 -106.54041529516454 1.5
vertex 145.00564409577635 -106.82623298550622 1.5
endloop
endfacet
facet normal 0 0 1
outer loop
vertex 264.3880703495143 -106.54041529516454 1.5
vertex 264.39603551845113 -106.23623785474919 1.5
vertex 145.23607085727772 -106.23623785474919 1.5
endloop
endfacet
facet normal 0 0 1
outer loop
vertex 264.3880703495143 -106.54041529516454 1.5
vertex 145.23607085727772 -106.23623785474919 1.5
vertex 145.14436204490914 -106.54041529516454 1.5
endloop
endfacet
facet normal 0 0 1
outer loop
vertex 264.39603551845113 -106.23623785474919 1.5
vertex 264.40428046457487 -105.92137615775728 1.5
vertex 145.27845638890096 -105.92137615775728 1.5
endloop
endfacet
facet normal 0 0 1
outer loop
vertex 264.39603551845113 -106.23623785474919 1.5
vertex 145.27845638890096 -105.92137615775728 1.5
vertex 145.23607085727772 -106.23623785474919 1.5
endloop
endfacet
facet normal 0 0 1
outer loop
vertex 264.40428046457487 -105.92137615775728 1.5
vertex 264.4125972612425 -105.60377060000032 1.5
vertex 145.27044820000003 -105.60377060000032 1.5
endloop
endfacet
facet normal 0 0 1
outer loop
vertex 264.40428046457487 -105.92137615775728 1.5
vertex 145.27044820000003 -105.60377060000032 1.5
vertex 145.27845638890096 -105.92137615775728 1.5
endloop
endfacet
facet normal 0 0 1
outer loop
vertex 264.4125972612425 -105.60377060000032 1.5
vertex 264.5606522106802 -99.94978185000004 1.5
vertex 152.72026169999984 -99.94978185000004 1.5
endloop
endfacet
facet normal 0 0 1
outer loop
vertex 264.4125972612425 -105.60377060000032 1.5
vertex 152.72026169999984 -99.94978185000004 1.5
vertex 145.01271189999986 -100.75988010000003 1.5
endloop
endfacet
facet normal 0 0 1
outer loop
vertex 264.4125972612425 -105.60377060000032 1.5
vertex 145.01271189999986 -100.75988010000003 1.5
vertex 144.96993382945925 -100.76819482434485 1.5
endloop
endfacet
facet normal 0 0 1
outer loop
vertex 264.4125972612425 -105.60377060000032 1.5
vertex 144.96993382945925 -100.76819482434485 1.5
vertex 144.9292504253002 -100.78381142257271 1.5
endloop
endfacet
facet normal 0 0 1
outer loop
vertex 264.4125972612425 -105.60377060000032 1.5
vertex 144.9292504253002 -100.78381142257271 1.5
vertex 144.89189687347599 -100.8062553455866 1.5
endloop
endfacet
facet normal 0 0 1
outer loop
vertex 264.4125972612425 -105.60377060000032 1.5
vertex 144.89189687347599 -100.8062553455866 1.5
vertex 144.85900813477178 -100.83484465094082 1.5
endloop
endfacet
facet normal 0 0 1
outer loop
vertex 264.4125972612425 -105.60377060000032 1.5
vertex 144.85900813477178 -100.83484465094082 1.5
vertex 144.83158350984147 -100.86871067316939 1.5
endloop
endfacet
facet normal 0 0 1
outer loop
vertex 264.4125972612425 -105.60377060000032 1.5
vertex 144.83158350984147 -100.86871067316939 1.5
vertex 144.81045627617368 -100.90682441756307 1.5
endloop
endfacet
facet normal 0 0 1
outer loop
vertex 264.4125972612425 -105.60377060000032 1.5
vertex 144.81045627617368 -100.90682441756307 1.5
vertex 144.79626836955663 -100.94802782543174 1.5
endloop
endfacet
facet normal 0 0 1
outer loop
vertex 264.4125972612425 -105.60377060000032 1.5
vertex 144.79626836955663 -100.94802782543174 1.5
vertex 144.78945087932084 -100.99106896088414 1.5
endloop
endfacet
facet normal 0 0 1
outer loop
vertex 264.4125972612425 -105.60377060000032 1.5
vertex 144.78945087932084 -100.99106896088414 1.5
vertex 144.79021095000004 -101.0346400500006 1.5
endloop
endfacet
facet normal 0 0 1
outer loop
vertex 264.4125972612425 -105.60377060000032 1.5
vertex 144.79021095000004 -101.0346400500006 1.5
vertex 145.27044820000003 -105.60377060000032 1.5
endloop
endfacet
facet normal 0 0 1
outer loop
vertex 264.5606522106802 -99.94978185000004 1.5
vertex 264.56239413453085 -99.88326048146457 1.5
vertex 153.0624785188601 -99.88326048146457 1.5
endloop
endfacet
facet normal 0 0 1
outer loop
vertex 264.5606522106802 -99.94978185000004 1.5
vertex 153.0624785188601 -99.88326048146457 1.5
vertex 152.72026169999984 -99.94978185000004 1.5
endloop
endfacet
facet normal 0 0 1
outer loop
vertex 264.56239413453085 -99.88326048146457 1.5
vertex 264.56566569878635 -99.7583245197431 1.5
vertex 153.3879450287365 -99.7583245197431 1.5
endloop
endfacet
facet normal 0 0 1
outer loop
vertex 264.56239413453085 -99.88326048146457 1.5
vertex 153.3879450287365 -99.7583245197431 1.5
vertex 153.0624785188601 -99.88326048146457 1.5
endloop
endfacet
facet normal 0 0 1
outer loop
vertex 264.56566569878635 -99.7583245197431 1.5
vertex 264.57036749905774 -99.5787700641851 1.5
vertex 153.68677213773427 -99.5787700641851 1.5
endloop
endfacet
facet normal 0 0 1
outer loop
vertex 264.56566569878635 -99.7583245197431 1.5
vertex 153.68677213773427 -99.5787700641851 1.5
vertex 153.3879450287365 -99.7583245197431 1.5
endloop
endfacet
facet normal 0 0 1
outer loop
vertex 264.57036749905774 -99.5787700641851 1.5
vertex 264.57635667414854 -99.35005276216926 1.5
vertex 153.94988017512728 -99.35005276216926 1.5
endloop
endfacet
facet normal 0 0 1
outer loop
vertex 264.57036749905774 -99.5787700641851 1.5
vertex 153.94988017512728 -99.35005276216926 1.5
vertex 153.68677213773427 -99.5787700641851 1.5
endloop
endfacet
facet normal 0 0 1
outer loop
vertex 264.57635667414854 -99.35005276216926 1.5
vertex 264.58345124680153 -99.07912204274218 1.5
vertex 154.1692747713539 -99.07912204274218 1.5
endloop
endfacet
facet normal 0 0 1
outer loop
vertex 264.57635667414854 -99.35005276216926 1.5
vertex 154.1692747713539 -99.07912204274218 1.5
vertex 153.94988017512728 -99.35005276216926 1.5
endloop
endfacet
facet normal 0 0 1
outer loop
vertex 264.58345124680153 -99.07912204274218 1.5
vertex 264.5914356529607 -98.77420996266156 1.5
vertex 154.3382897618231 -98.77420996266156 1.5
endloop
endfacet
facet normal 0 0 1
outer loop
vertex 264.58345124680153 -99.07912204274218 1.5
vertex 154.3382897618231 -98.77420996266156 1.5
vertex 154.1692747713539 -99.07912204274218 1.5
endloop
endfacet
facet normal 0 0 1
outer loop
vertex 264.5914356529607 -98.77420996266156 1.5
vertex 264.60006729154776 -98.44458108060941 1.5
vertex 154.45178973406803 -98.44458108060941 1.5
endloop
endfacet
facet normal 0 0 1
outer loop
vertex 264.5914356529607 -98.77420996266156 1.5
vertex 154.45178973406803 -98.44458108060941 1.5
vertex 154.3382897618231 -98.77420996266156 1.5
endloop
endfacet
facet normal 0 0 1
outer loop
vertex 264.60006729154776 -98.44458108060941 1.5
vertex 264.6090838957408 -98.1002509595 1.5
vertex 154.50632606397016 -98.1002509595 1.5
endloop
endfacet
facet normal 0 0 1
outer loop
vertex 264.60006729154776 -98.44458108060941 1.5
vertex 154.50632606397016 -98.1002509595 1.5
vertex 154.45178973406803 -98.44458108060941 1.5
endloop
endfacet
facet normal 0 0 1
outer loop
vertex 264.6090838957408 -98.1002509595 1.5
vertex 264.61821145334 -97.75168369999992 1.5
vertex 154.5002434 -97.75168369999992 1.5
endloop
endfacet
facet normal 0 0 1
outer loop
vertex 264.6090838957408 -98.1002509595 1.5
vertex 154.5002434 -97.75168369999992 1.5
vertex 154.50632606397016 -98.1002509595 1.5
endloop
endfacet
facet normal 0 0 1
outer loop
vertex 264.61821145334 -97.75168369999992 1.5
vertex 264.63793919212816 -96.99831197149818 1.5
vertex 264.63527466686344 -96.95481536052087 1.5
endloop
endfacet
facet normal 0 0 1
outer loop
vertex 264.61821145334 -97.75168369999992 1.5
vertex 264.63527466686344 -96.95481536052087 1.5
vertex 264.6251023542678 -96.91244232305611 1.5
endloop
endfacet
facet normal 0 0 1
outer loop
vertex 264.61821145334 -97.75168369999992 1.5
vertex 264.6251023542678 -96.91244232305611 1.5
vertex 264.6077267296614 -96.87247936624497 1.5
endloop
endfacet
facet normal 0 0 1
outer loop
vertex 264.61821145334 -97.75168369999992 1.5
vertex 264.6077267296614 -96.87247936624497 1.5
vertex 264.58367572019057 -96.83614069275541 1.5
endloop
endfacet
facet normal 0 0 1
outer loop
vertex 264.61821145334 -97.75168369999992 1.5
vertex 264.58367572019057 -96.83614069275541 1.5
vertex 264.5536800725818 -96.80453038791588 1.5
endloop
endfacet
facet normal 0 0 1
outer loop
vertex 264.61821145334 -97.75168369999992 1.5
vertex 264.5536800725818 -96.80453038791588 1.5
vertex 264.5186511507137 -96.77860887406499 1.5
endloop
endfacet
facet normal 0 0 1
outer loop
vertex 264.61821145334 -97.75168369999992 1.5
vertex 264.5186511507137 -96.77860887406499 1.5
vertex 264.4796532454645 -96.7591637298456 1.5
endloop
endfacet
facet normal 0 0 1
outer loop
vertex 264.61821145334 -97.75168369999992 1.5
vertex 264.4796532454645 -96.7591637298456 1.5
vertex 264.43787123814303 -96.74678576104027 1.5
endloop
endfacet
facet normal 0 0 1
outer loop
vertex 264.61821145334 -97.75168369999992 1.5
vertex 264.43787123814303 -96.74678576104027 1.5
vertex 264.39457460000006 -96.74185105000001 1.5
endloop
endfacet
facet normal 0 0 1
outer loop
vertex 264.61821145334 -97.75168369999992 1.5
vertex 264.39457460000006 -96.74185105000001 1.5
vertex 232.9053634697879 -95.91727894432465 1.5
endloop
endfacet
facet normal 0 0 1
outer loop
vertex 264.61821145334 -97.75168369999992 1.5
vertex 232.9053634697879 -95.91727894432465 1.5
vertex 226.40759075860845 -95.74712917129634 1.5
endloop
endfacet
facet normal 0 0 1
outer loop
vertex 264.61821145334 -97.75168369999992 1.5
vertex 226.40759075860845 -95.74712917129634 1.5
vertex 219.1237756000001 -95.5563962 1.5
endloop
endfacet
facet normal 0 0 1
outer loop
vertex 264.61821145334 -97.75168369999992 1.5
vertex 219.1237756000001 -95.5563962 1.5
vertex 154.26950826995326 -95.5563962 1.5
endloop
endfacet
facet normal 0 0 1
outer loop
vertex 264.61821145334 -97.75168369999992 1.5
vertex 154.26950826995326 -95.5563962 1.5
vertex 154.5002434 -97.75168369999992 1.5
endloop
endfacet
facet normal 0 0 1
outer loop
vertex 219.1237756000001 -95.5563962 1.5
vertex 218.79070268818407 -95.51959282456812 1.5
vertex 154.26564006061102 -95.51959282456812 1.5
endloop
endfacet
facet normal 0 0 1
outer loop
vertex 219.1237756000001 -95.5563962 1.5
vertex 154.26564006061102 -95.51959282456812 1.5
vertex 154.26950826995326 -95.5563962 1.5
endloop
endfacet
facet normal 0 0 1
outer loop
vertex 218.79070268818407 -95.51959282456812 1.5
vertex 218.4684526456513 -95.42769484976883 1.5
vertex 154.2559811475227 -95.42769484976883 1.5
endloop
endfacet
facet normal 0 0 1
outer loop
vertex 218.79070268818407 -95.51959282456812 1.5
vertex 154.2559811475227 -95.42769484976883 1.5
vertex 154.26564006061102 -95.51959282456812 1.5
endloop
endfacet
facet normal 0 0 1
outer loop
vertex 218.4684526456513 -95.42769484976883 1.5
vertex 218.16606906311958 -95.28328398902804 1.5
vertex 154.24080288101632 -95.28328398902804 1.5
endloop
endfacet
facet normal 0 0 1
outer loop
vertex 218.4684526456513 -95.42769484976883 1.5
vertex 154.24080288101632 -95.28328398902804 1.5
vertex 154.2559811475227 -95.42769484976883 1.5
endloop
endfacet
facet normal 0 0 1
outer loop
vertex 218.16606906311958 -95.28328398902804 1.5
vertex 217.89204062848097 -95.09041422806403 1.5
vertex 154.22053135422172 -95.09041422806403 1.5
endloop
endfacet
facet normal 0 0 1
outer loop
vertex 218.16606906311958 -95.28328398902804 1.5
vertex 154.22053135422172 -95.09041422806403 1.5
vertex 154.24080288101632 -95.28328398902804 1.5
endloop
endfacet
facet normal 0 0 1
outer loop
vertex 217.89204062848097 -95.09041422806403 1.5
vertex 217.65406002741616 -94.85449991904206 1.5
vertex 154.19573564123556 -94.85449991904206 1.5
endloop
endfacet
facet normal 0 0 1
outer loop
vertex 217.89204062848097 -95.09041422806403 1.5
vertex 154.19573564123556 -94.85449991904206 1.5
vertex 154.22053135422172 -95.09041422806403 1.5
endloop
endfacet
facet normal 0 0 1
outer loop
vertex 217.65406002741616 -94.85449991904206 1.5
vertex 217.4588079898436 -94.58216378572793 1.5
vertex 154.1671118217419 -94.58216378572793 1.5
endloop
endfacet
facet normal 0 0 1
outer loop
vertex 217.65406002741616 -94.85449991904206 1.5
vertex 154.1671118217419 -94.58216378572793 1.5
vertex 154.19573564123556 -94.85449991904206 1.5
endloop
endfacet
facet normal 0 0 1
outer loop
vertex 217.4588079898436 -94.58216378572793 1.5
vertex 217.31176574458374 -94.28105100653468 1.5
vertex 154.13546344025846 -94.28105100653468 1.5
endloop
endfacet
facet normal 0 0 1
outer loop
vertex 217.4588079898436 -94.58216378572793 1.5
vertex 154.13546344025846 -94.28105100653468 1.5
vertex 154.1671118217419 -94.58216378572793 1.5
endloop
endfacet
facet normal 0 0 1
outer loop
vertex 217.31176574458374 -94.28105100653468 1.5
vertex 217.2170611471122 -93.95961459462328 1.5
vertex 154.10167894856698 -93.95961459462328 1.5
endloop
endfacet
facet normal 0 0 1
outer loop
vertex 217.31176574458374 -94.28105100653468 1.5
vertex 154.10167894856698 -93.95961459462328 1.5
vertex 154.13546344025846 -94.28105100653468 1.5
endloop
endfacet
facet normal 0 0 1
outer loop
vertex 217.2170611471122 -93.95961459462328 1.5
vertex 217.1773528 -93.62687810000011 1.5
vertex 154.06670676457824 -93.62687810000011 1.5
endloop
endfacet
facet normal 0 0 1
outer loop
vertex 217.2170611471122 -93.95961459462328 1.5
vertex 154.06670676457824 -93.62687810000011 1.5
vertex 154.10167894856698 -93.95961459462328 1.5
endloop
endfacet
facet normal 0 0 1
outer loop
vertex 217.1773528 -93.62687810000011 1.5
vertex 217.03984656199682 -89.6893105 1.5
vertex 173.8079877 -89.6893105 1.5
endloop
endfacet
facet normal 0 0 1
outer loop
vertex 217.1773528 -93.62687810000011 1.5
vertex 173.8079877 -89.6893105 1.5
vertex 154.12170309999993 -91.75842030000003 1.5
endloop
endfacet
facet normal 0 0 1
outer loop
vertex 217.1773528 -93.62687810000011 1.5
vertex 154.12170309999993 -91.75842030000003 1.5
vertex 154.07892442945922 -91.76673492434486 1.5
endloop
endfacet
facet normal 0 0 1
outer loop
vertex 217.1773528 -93.62687810000011 1.5
vertex 154.07892442945922 -91.76673492434486 1.5
vertex 154.0382410253002 -91.78235152257271 1.5
endloop
endfacet
facet normal 0 0 1
outer loop
vertex 217.1773528 -93.62687810000011 1.5
vertex 154.0382410253002 -91.78235152257271 1.5
vertex 154.00088747347604 -91.80479544558656 1.5
endloop
endfacet
facet normal 0 0 1
outer loop
vertex 217.1773528 -93.62687810000011 1.5
vertex 154.00088747347604 -91.80479544558656 1.5
vertex 153.9679987347718 -91.8333847509408 1.5
endloop
endfacet
facet normal 0 0 1
outer loop
vertex 217.1773528 -93.62687810000011 1.5
vertex 153.9679987347718 -91.8333847509408 1.5
vertex 153.94057410984158 -91.86725077316925 1.5
endloop
endfacet
facet normal 0 0 1
outer loop
vertex 217.1773528 -93.62687810000011 1.5
vertex 153.94057410984158 -91.86725077316925 1.5
vertex 153.91944687617365 -91.90536451756319 1.5
endloop
endfacet
facet normal 0 0 1
outer loop
vertex 217.1773528 -93.62687810000011 1.5
vertex 153.91944687617365 -91.90536451756319 1.5
vertex 153.9052589695566 -91.94656792543184 1.5
endloop
endfacet
facet normal 0 0 1
outer loop
vertex 217.1773528 -93.62687810000011 1.5
vertex 153.9052589695566 -91.94656792543184 1.5
vertex 153.8984414793208 -91.98960906088426 1.5
endloop
endfacet
facet normal 0 0 1
outer loop
vertex 217.1773528 -93.62687810000011 1.5
vertex 153.8984414793208 -91.98960906088426 1.5
vertex 153.89920155000002 -92.03318015000008 1.5
endloop
endfacet
facet normal 0 0 1
outer loop
vertex 217.1773528 -93.62687810000011 1.5
vertex 153.89920155000002 -92.03318015000008 1.5
vertex 154.06670676457824 -93.62687810000011 1.5
endloop
endfacet
facet normal 0 0 1
outer loop
vertex 217.03984656199682 -89.6893105 1.5
vertex 217.03759776437278 -89.62491492935538 1.5
vertex 174.14274633798328 -89.62491492935538 1.5
endloop
endfacet
facet normal 0 0 1
outer loop
vertex 217.03984656199682 -89.6893105 1.5
vertex 174.14274633798328 -89.62491492935538 1.5
vertex 173.8079877 -89.6893105 1.5
endloop
endfacet
facet normal 0 0 1
outer loop
vertex 217.03759776437278 -89.62491492935538 1.5
vertex 217.03339629173797 -89.50460342378759 1.5
vertex 174.46170601701968 -89.50460342378759 1.5
endloop
endfacet
facet normal 0 0 1
outer loop
vertex 217.03759776437278 -89.62491492935538 1.5
vertex 174.46170601701968 -89.50460342378759 1.5
vertex 174.14274633798328 -89.62491492935538 1.5
endloop
endfacet
facet normal 0 0 1
outer loop
vertex 217.03339629173797 -89.50460342378759 1.5
vertex 217.02736420751816 -89.33187133737927 1.5
vertex 174.75560015025147 -89.33187133737927 1.5
endloop
endfacet
facet normal 0 0 1
outer loop
vertex 217.03339629173797 -89.50460342378759 1.5
vertex 174.75560015025147 -89.33187133737927 1.5
vertex 174.46170601701968 -89.50460342378759 1.5
endloop
endfacet
facet normal 0 0 1
outer loop
vertex 217.02736420751816 -89.33187133737927 1.5
vertex 217.01967675904405 -89.11173697491023 1.5
vertex 175.01589036843757 -89.11173697491023 1.5
endloop
endfacet
facet normal 0 0 1
outer loop
vertex 217.02736420751816 -89.33187133737927 1.5
vertex 175.01589036843757 -89.11173697491023 1.5
vertex 174.75560015025147 -89.33187133737927 1.5
endloop
endfacet
facet normal 0 0 1
outer loop
vertex 217.01967675904405 -89.11173697491023 1.5
vertex 217.01055728617231 -88.85059579738797 1.5
vertex 175.23501458121473 -88.85059579738797 1.5
endloop
endfacet
facet normal 0 0 1
outer loop
vertex 217.01967675904405 -89.11173697491023 1.5
vertex 175.23501458121473 -88.85059579738797 1.5
vertex 175.01589036843757 -89.11173697491023 1.5
endloop
endfacet
facet normal 0 0 1
outer loop
vertex 217.01055728617231 -88.85059579738797 1.5
vertex 217.00027073269683 -88.5560346177002 1.5
vertex 175.40660667498383 -88.5560346177002 1.5
endloop
endfacet
facet normal 0 0 1
outer loop
vertex 217.01055728617231 -88.85059579738797 1.5
vertex 175.40660667498383 -88.5560346177002 1.5
vertex 175.23501458121473 -88.85059579738797 1.5
endloop
endfacet
facet normal 0 0 1
outer loop
vertex 217.00027073269683 -88.5560346177002 1.5
vertex 216.98911594906025 -88.23661118447801 1.5
vertex 175.52568146463963 -88.23661118447801 1.5
endloop
endfacet
facet normal 0 0 1
outer loop
vertex 217.00027073269683 -88.5560346177002 1.5
vertex 175.52568146463963 -88.23661118447801 1.5
vertex 175.40660667498383 -88.5560346177002 1.5
endloop
endfacet
facet normal 0 0 1
outer loop
vertex 216.98911594906025 -88.23661118447801 1.5
vertex 216.98038561802966 -87.98661330000002 1.5
vertex 195.60271299999982 -87.98661330000002 1.5
endloop
endfacet
facet normal 0 0 1
outer loop
vertex 216.98911594906025 -88.23661118447801 1.5
vertex 195.60271299999982 -87.98661330000002 1.5
vertex 175.57276838066963 -87.98661330000002 1.5
endloop
endfacet
facet normal 0 0 1
outer loop
vertex 216.98911594906025 -88.23661118447801 1.5
vertex 175.57276838066963 -87.98661330000002 1.5
vertex 175.52568146463963 -88.23661118447801 1.5
endloop
endfacet
facet normal 0 0 1
outer loop
vertex 195.60271299999982 -87.98661330000002 1.5
vertex 195.26224962499552 -87.96943441534518 1.5
vertex 175.57600401084673 -87.96943441534518 1.5
endloop
endfacet
facet normal 0 0 1
outer loop
vertex 195.60271299999982 -87.98661330000002 1.5
vertex 175.57600401084673 -87.96943441534518 1.5
vertex 175.57276838066963 -87.98661330000002 1.5
endloop
endfacet
facet normal 0 0 1
outer loop
vertex 195.26224962499552 -87.96943441534518 1.5
vertex 194.96045660203433 -87.90160555781348 1.5
vertex 175.5887795258303 -87.90160555781348 1.5
endloop
endfacet
facet normal 0 0 1
outer loop
vertex 195.26224962499552 -87.96943441534518 1.5
vertex 175.5887795258303 -87.90160555781348 1.5
vertex 175.57600401084673 -87.96943441534518 1.5
endloop
endfacet
facet normal 0 0 1
outer loop
vertex 194.96045660203433 -87.90160555781348 1.5
vertex 194.92965137919074 -87.89468199460123 1.5
vertex 175.5888868944516 -87.89468199460123 1.5
endloop
endfacet
facet normal 0 0 1
outer loop
vertex 194.96045660203433 -87.90160555781348 1.5
vertex 175.5888868944516 -87.89468199460123 1.5
vertex 175.5887795258303 -87.90160555781348 1.5
endloop
endfacet
facet normal 0 0 1
outer loop
vertex 194.92965137919074 -87.89468199460123 1.5
vertex 194.61457953300427 -87.76453112345528 1.5
vertex 175.59090523662186 -87.76453112345528 1.5
endloop
endfacet
facet normal 0 0 1
outer loop
vertex 194.92965137919074 -87.89468199460123 1.5
vertex 175.59090523662186 -87.76453112345528 1.5
vertex 175.5888868944516 -87.89468199460123 1.5
endloop
endfacet
facet normal 0 0 1
outer loop
vertex 194.61457953300427 -87.76453112345528 1.5
vertex 194.32618767324337 -87.58276299439255 1.5
vertex 175.5937240443399 -87.58276299439255 1.5
endloop
endfacet
facet normal 0 0 1
outer loop
vertex 194.61457953300427 -87.76453112345528 1.5
vertex 175.5937240443399 -87.58276299439255 1.5
vertex 175.59090523662186 -87.76453112345528 1.5
endloop
endfacet
facet normal 0 0 1
outer loop
vertex 194.32618767324337 -87.58276299439255 1.5
vertex 194.30174110927183 -87.56075100000002 1.5
vertex 175.5940654 -87.56075100000002 1.5
endloop
endfacet
facet normal 0 0 1
outer loop
vertex 194.32618767324337 -87.58276299439255 1.5
vertex 175.5940654 -87.56075100000002 1.5
vertex 175.5937240443399 -87.58276299439255 1.5
endloop
endfacet
facet normal 0 0 1
outer loop
vertex 194.30174110927183 -87.56075100000002 1.5
vertex 194.07285426962778 -87.35465840405763 1.5
vertex 175.57965376672345 -87.35465840405763 1.5
endloop
endfacet
facet normal 0 0 1
outer loop
vertex 194.30174110927183 -87.56075100000002 1.5
vertex 175.57965376672345 -87.35465840405763 1.5
vertex 175.5940654 -87.56075100000002 1.5
endloop
endfacet
facet normal 0 0 1
outer loop
vertex 216.98038561802966 -87.98661330000002 1.5
vertex 216.96307260000003 -87.49084540000024 1.5
vertex 216.9586348938407 -87.45186488593843 1.5
endloop
endfacet
facet normal 0 0 1
outer loop
vertex 216.98038561802966 -87.98661330000002 1.5
vertex 216.9586348938407 -87.45186488593843 1.5
vertex 216.9481506205471 -87.4140617631684 1.5
endloop
endfacet
facet normal 0 0 1
outer loop
vertex 216.98038561802966 -87.98661330000002 1.5
vertex 216.9481506205471 -87.4140617631684 1.5
vertex 216.93188164420664 -87.37836419341205 1.5
endloop
endfacet
facet normal 0 0 1
outer loop
vertex 216.98038561802966 -87.98661330000002 1.5
vertex 216.93188164420664 -87.37836419341205 1.5
vertex 216.91022857107183 -87.34565119138698 1.5
endloop
endfacet
facet normal 0 0 1
outer loop
vertex 216.98038561802966 -87.98661330000002 1.5
vertex 216.91022857107183 -87.34565119138698 1.5
vertex 216.88372458505654 -87.31672828000197 1.5
endloop
endfacet
facet normal 0 0 1
outer loop
vertex 216.98038561802966 -87.98661330000002 1.5
vertex 216.88372458505654 -87.31672828000197 1.5
vertex 216.85302231864924 -87.29230765521196 1.5
endloop
endfacet
facet normal 0 0 1
outer loop
vertex 216.98038561802966 -87.98661330000002 1.5
vertex 216.85302231864924 -87.29230765521196 1.5
vertex 216.81887778253122 -87.27299064894925 1.5
endloop
endfacet
facet normal 0 0 1
outer loop
vertex 216.98038561802966 -87.98661330000002 1.5
vertex 216.81887778253122 -87.27299064894925 1.5
vertex 216.78213174961684 -87.2592529219637 1.5
endloop
endfacet
facet normal 0 0 1
outer loop
vertex 216.98038561802966 -87.98661330000002 1.5
vertex 216.78213174961684 -87.2592529219637 1.5
vertex 216.7436890519144 -87.25143275118238 1.5
endloop
endfacet
facet normal 0 0 1
outer loop
vertex 216.98038561802966 -87.98661330000002 1.5
vertex 216.7436890519144 -87.25143275118238 1.5
vertex 216.70449630000024 -87.24972269999999 1.5
endloop
endfacet
facet normal 0 0 1
outer loop
vertex 216.98038561802966 -87.98661330000002 1.5
vertex 216.70449630000024 -87.24972269999999 1.5
vertex 195.60271299999982 -87.98661330000002 1.5
endloop
endfacet
facet normal 0 0 1
outer loop
vertex 194.07285426962778 -87.35465840405763 1.5
vertex 193.86193926030887 -87.08684433354713 1.5
vertex 175.5609260771 -87.08684433354713 1.5
endloop
endfacet
facet normal 0 0 1
outer loop
vertex 194.07285426962778 -87.35465840405763 1.5
vertex 175.5609260771 -87.08684433354713 1.5
vertex 175.57965376672345 -87.35465840405763 1.5
endloop
endfacet
facet normal 0 0 1
outer loop
vertex 193.86193926030887 -87.08684433354713 1.5
vertex 193.69957022815439 -86.787101418841 1.5
vertex 175.53996566877365 -86.787101418841 1.5
endloop
endfacet
facet normal 0 0 1
outer loop
vertex 193.86193926030887 -87.08684433354713 1.5
vertex 175.53996566877365 -86.787101418841 1.5
vertex 175.5609260771 -87.08684433354713 1.5
endloop
endfacet
facet normal 0 0 1
outer loop
vertex 193.69957022815439 -86.787101418841 1.5
vertex 193.5904643798859 -86.46413790481346 1.5
vertex 175.517381491479 -86.46413790481346 1.5
endloop
endfacet
facet normal 0 0 1
outer loop
vertex 193.69957022815439 -86.787101418841 1.5
vertex 175.517381491479 -86.46413790481346 1.5
vertex 175.53996566877365 -86.787101418841 1.5
endloop
endfacet
facet normal 0 0 1
outer loop
vertex 193.5904643798859 -86.46413790481346 1.5
vertex 193.53779150000003 -86.12733665000032 1.5
vertex 175.4938296693029 -86.12733665000032 1.5
endloop
endfacet
facet normal 0 0 1
outer loop
vertex 193.5904643798859 -86.46413790481346 1.5
vertex 175.4938296693029 -86.12733665000032 1.5
vertex 175.517381491479 -86.46413790481346 1.5
endloop
endfacet
facet normal 0 0 1
outer loop
vertex 193.53779150000003 -86.12733665000032 1.5
vertex 193.27743280000004 -82.40412110000028 1.5
vertex 193.27163885934434 -82.36532494217361 1.5
endloop
endfacet
facet normal 0 0 1
outer loop
vertex 193.53779150000003 -86.12733665000032 1.5
vertex 193.27163885934434 -82.36532494217361 1.5
vertex 193.25984267349725 -82.32790905457485 1.5
endloop
endfacet
facet normal 0 0 1
outer loop
vertex 193.53779150000003 -86.12733665000032 1.5
vertex 193.25984267349725 -82.32790905457485 1.5
vertex 193.24233833035717 -82.29279927507429 1.5
endloop
endfacet
facet normal 0 0 1
outer loop
vertex 193.53779150000003 -86.12733665000032 1.5
vertex 193.24233833035717 -82.29279927507429 1.5
vertex 193.2195568844969 -82.26086020229663 1.5
endloop
endfacet
facet normal 0 0 1
outer loop
vertex 193.53779150000003 -86.12733665000032 1.5
vertex 193.2195568844969 -82.26086020229663 1.5
vertex 193.19205934219673 -82.23287835438126 1.5
endloop
endfacet
facet normal 0 0 1
outer loop
vertex 193.53779150000003 -86.12733665000032 1.5
vertex 193.19205934219673 -82.23287835438126 1.5
vertex 193.16052284633727 -82.20954280051468 1.5
endloop
endfacet
facet normal 0 0 1
outer loop
vertex 193.53779150000003 -86.12733665000032 1.5
vertex 193.16052284633727 -82.20954280051468 1.5
vertex 193.12572400136776 -82.19142819220671 1.5
endloop
endfacet
facet normal 0 0 1
outer loop
vertex 193.53779150000003 -86.12733665000032 1.5
vertex 193.12572400136776 -82.19142819220671 1.5
vertex 193.0885197489711 -82.17898061216329 1.5
endloop
endfacet
facet normal 0 0 1
outer loop
vertex 193.53779150000003 -86.12733665000032 1.5
vertex 193.0885197489711 -82.17898061216329 1.5
vertex 193.04982626537813 -82.17250658924152 1.5
endloop
endfacet
facet normal 0 0 1
outer loop
vertex 193.53779150000003 -86.12733665000032 1.5
vertex 193.04982626537813 -82.17250658924152 1.5
vertex 193.01059639999977 -82.17216555000002 1.5
endloop
endfacet
facet normal 0 0 1
outer loop
vertex 193.53779150000003 -86.12733665000032 1.5
vertex 193.01059639999977 -82.17216555000002 1.5
vertex 187.5240002519235 -82.55582701738165 1.5000000000000009
endloop
endfacet
facet normal 0 0 1
outer loop
vertex 193.53779150000003 -86.12733665000032 1.5
vertex 187.5240002519235 -82.55582701738165 1.5000000000000009
vertex 181.0398340564703 -83.00924561247149 1.5000000000000009
endloop
endfacet
facet normal 0 0 1
outer loop
vertex 193.53779150000003 -86.12733665000032 1.5
vertex 181.0398340564703 -83.00924561247149 1.5000000000000009
vertex 175.5532319 -83.3929075 1.5
endloop
endfacet
facet normal 0 0 1
outer loop
vertex 193.53779150000003 -86.12733665000032 1.5
vertex 175.5532319 -83.3929075 1.5
vertex 175.51443534217375 -83.39870129065562 1.5
endloop
endfacet
facet normal 0 0 1
outer loop
vertex 193.53779150000003 -86.12733665000032 1.5
vertex 175.51443534217375 -83.39870129065562 1.5
vertex 175.4770194545746 -83.41049747650285 1.5
endloop
endfacet
facet normal 0 0 1
outer loop
vertex 193.53779150000003 -86.12733665000032 1.5
vertex 175.4770194545746 -83.41049747650285 1.5
vertex 175.44190967507436 -83.42800181964276 1.5
endloop
endfacet
facet normal 0 0 1
outer loop
vertex 193.53779150000003 -86.12733665000032 1.5
vertex 175.44190967507436 -83.42800181964276 1.5
vertex 175.40997060229694 -83.45078326550284 1.5
endloop
endfacet
facet normal 0 0 1
outer loop
vertex 193.53779150000003 -86.12733665000032 1.5
vertex 175.40997060229694 -83.45078326550284 1.5
vertex 175.3819887543811 -83.4782808078035 1.5
endloop
endfacet
facet normal 0 0 1
outer loop
vertex 193.53779150000003 -86.12733665000032 1.5
vertex 175.3819887543811 -83.4782808078035 1.5
vertex 175.35865320051454 -83.50981730366289 1.5
endloop
endfacet
facet normal 0 0 1
outer loop
vertex 193.53779150000003 -86.12733665000032 1.5
vertex 175.35865320051454 -83.50981730366289 1.5
vertex 175.34053859220688 -83.54461614863182 1.5
endloop
endfacet
facet normal 0 0 1
outer loop
vertex 193.53779150000003 -86.12733665000032 1.5
vertex 175.34053859220688 -83.54461614863182 1.5
vertex 175.3280910121632 -83.58182040102913 1.5
endloop
endfacet
facet normal 0 0 1
outer loop
vertex 193.53779150000003 -86.12733665000032 1.5
vertex 175.3280910121632 -83.58182040102913 1.5
vertex 175.3216169892415 -83.62051388462167 1.5
endloop
endfacet
facet normal 0 0 1
outer loop
vertex 193.53779150000003 -86.12733665000032 1.5
vertex 175.3216169892415 -83.62051388462167 1.5
vertex 175.32127595 -83.65974374999972 1.5
endloop
endfacet
facet normal 0 0 1
outer loop
vertex 193.53779150000003 -86.12733665000032 1.5
vertex 175.32127595 -83.65974374999972 1.5
vertex 175.4938296693029 -86.12733665000032 1.5
endloop
endfacet
facet normal 0 0 -1
outer loop
vertex 189.82827275586286 -82.88321890642739 0.75
vertex 190.55988588622384 -83.10515132320597 0.75
vertex 191.23414440877647 -83.46555001202009 0.75
endloop
endfacet
facet normal 0 0 -1
outer loop
vertex 189.82827275586286 -82.88321890642739 0.75
vertex 191.23414440877647 -83.46555001202009 0.75
vertex 191.82513694662757 -83.95056505337247 0.75
endloop
endfacet
facet normal 0 0 -1
outer loop
vertex 189.82827275586286 -82.88321890642739 0.75
vertex 191.82513694662757 -83.95056505337247 0.75
vertex 192.31015198797994 -84.54155759122354 0.75
endloop
endfacet
facet normal 0 0 -1
outer loop
vertex 189.82827275586286 -82.88321890642739 0.75
vertex 192.31015198797994 -84.54155759122354 0.75
vertex 192.67055067679408 -85.21581611377626 0.75
endloop
endfacet
facet normal 0 0 -1
outer loop
vertex 189.82827275586286 -82.88321890642739 0.75
vertex 192.67055067679408 -85.21581611377626 0.75
vertex 192.8924830935726 -85.94742924413698 0.75
endloop
endfacet
facet normal 0 0 -1
outer loop
vertex 189.82827275586286 -82.88321890642739 0.75
vertex 192.8924830935726 -85.94742924413698 0.75
vertex 192.9674205 -86.70828149999997 0.75
endloop
endfacet
facet normal 0 0 -1
outer loop
vertex 189.82827275586286 -82.88321890642739 0.75
vertex 192.9674205 -86.70828149999997 0.75
vertex 192.89248309357257 -87.46913375586291 0.75
endloop
endfacet
facet normal 0 0 -1
outer loop
vertex 189.82827275586286 -82.88321890642739 0.75
vertex 192.89248309357257 -87.46913375586291 0.75
vertex 192.67055067679402 -88.20074688622384 0.75
endloop
endfacet
facet normal 0 0 -1
outer loop
vertex 189.82827275586286 -82.88321890642739 0.75
vertex 192.67055067679402 -88.20074688622384 0.75
vertex 192.3101519879799 -88.87500540877649 0.75
endloop
endfacet
facet normal 0 0 -1
outer loop
vertex 189.82827275586286 -82.88321890642739 0.75
vertex 192.3101519879799 -88.87500540877649 0.75
vertex 191.82513694662757 -89.4659979466275 0.75
endloop
endfacet
facet normal 0 0 -1
outer loop
vertex 189.82827275586286 -82.88321890642739 0.75
vertex 191.82513694662757 -89.4659979466275 0.75
vertex 191.2341444087765 -89.95101298797988 0.75
endloop
endfacet
facet normal 0 0 -1
outer loop
vertex 189.82827275586286 -82.88321890642739 0.75
vertex 191.2341444087765 -89.95101298797988 0.75
vertex 190.55988588622384 -90.31141167679401 0.75
endloop
endfacet
facet normal 0 0 -1
outer loop
vertex 189.82827275586286 -82.88321890642739 0.75
vertex 190.55988588622384 -90.31141167679401 0.75
vertex 189.82827275586274 -90.53334409357261 0.75
endloop
endfacet
facet normal 0 0 -1
outer loop
vertex 189.82827275586286 -82.88321890642739 0.75
vertex 189.82827275586274 -90.53334409357261 0.75
vertex 189.06742050000005 -90.6082815 0.75
endloop
endfacet
facet normal 0 0 -1
outer loop
vertex 189.82827275586286 -82.88321890642739 0.75
vertex 189.06742050000005 -90.6082815 0.75
vertex 188.3065682441371 -90.53334409357261 0.75
endloop
endfacet
facet normal 0 0 -1
outer loop
vertex 189.82827275586286 -82.88321890642739 0.75
vertex 188.3065682441371 -90.53334409357261 0.75
vertex 187.57495511377618 -90.31141167679401 0.75
endloop
endfacet
facet normal 0 0 -1
outer loop
vertex 189.82827275586286 -82.88321890642739 0.75
vertex 187.57495511377618 -90.31141167679401 0.75
vertex 186.9006965912235 -89.95101298797988 0.75
endloop
endfacet
facet normal 0 0 -1
outer loop
vertex 189.82827275586286 -82.88321890642739 0.75
vertex 186.9006965912235 -89.95101298797988 0.75
vertex 186.30970405337243 -89.4659979466275 0.75
endloop
endfacet
facet normal 0 0 -1
outer loop
vertex 189.82827275586286 -82.88321890642739 0.75
vertex 186.30970405337243 -89.4659979466275 0.75
vertex 185.82468901202017 -88.87500540877649 0.75
endloop
endfacet
facet normal 0 0 -1
outer loop
vertex 189.82827275586286 -82.88321890642739 0.75
vertex 185.82468901202017 -88.87500540877649 0.75
vertex 185.4642903232059 -88.20074688622384 0.75
endloop
endfacet
facet normal 0 0 -1
outer loop
vertex 189.82827275586286 -82.88321890642739 0.75
vertex 185.4642903232059 -88.20074688622384 0.75
vertex 185.24235790642734 -87.46913375586291 0.75
endloop
endfacet
facet normal 0 0 -1
outer loop
vertex 189.82827275586286 -82.88321890642739 0.75
vertex 185.24235790642734 -87.46913375586291 0.75
vertex 185.16742049999996 -86.70828149999997 0.75
endloop
endfacet
facet normal 0 0 -1
outer loop
vertex 189.82827275586286 -82.88321890642739 0.75
vertex 185.16742049999996 -86.70828149999997 0.75
vertex 185.24235790642737 -85.94742924413698 0.75
endloop
endfacet
facet normal 0 0 -1
outer loop
vertex 189.82827275586286 -82.88321890642739 0.75
vertex 185.24235790642737 -85.94742924413698 0.75
vertex 185.46429032320594 -85.21581611377626 0.75
endloop
endfacet
facet normal 0 0 -1
outer loop
vertex 189.82827275586286 -82.88321890642739 0.75
vertex 185.46429032320594 -85.21581611377626 0.75
vertex 185.82468901202006 -84.54155759122354 0.75
endloop
endfacet
facet normal 0 0 -1
outer loop
vertex 189.82827275586286 -82.88321890642739 0.75
vertex 185.82468901202006 -84.54155759122354 0.75
vertex 186.30970405337246 -83.95056505337247 0.75
endloop
endfacet
facet normal 0 0 -1
outer loop
vertex 189.82827275586286 -82.88321890642739 0.75
vertex 186.30970405337246 -83.95056505337247 0.75
vertex 186.90069659122358 -83.46555001202009 0.75
endloop
endfacet
facet normal 0 0 -1
outer loop
vertex 189.82827275586286 -82.88321890642739 0.75
vertex 186.90069659122358 -83.46555001202009 0.75
vertex 187.57495511377613 -83.10515132320597 0.75
endloop
endfacet
facet normal 0 0 -1
outer loop
vertex 189.82827275586286 -82.88321890642739 0.75
vertex 187.57495511377613 -83.10515132320597 0.75
vertex 188.3065682441371 -82.88321890642739 0.75
endloop
endfacet
facet normal 0 0 -1
outer loop
vertex 189.82827275586286 -82.88321890642739 0.75
vertex 188.3065682441371 -82.88321890642739 0.75
vertex 189.06742050000008 -82.80828149999999 0.75
endloop
endfacet
facet normal 0 0 -1
outer loop
vertex 260.89559145586304 -97.0567003064274 0.75
vertex 261.62720458622385 -97.27863272320597 0.75
vertex 262.3014631087765 -97.63903141202005 0.75
endloop
endfacet
facet normal 0 0 -1
outer loop
vertex 260.89559145586304 -97.0567003064274 0.75
vertex 262.3014631087765 -97.63903141202005 0.75
vertex 262.8924556466276 -98.12404645337259 0.75
endloop
endfacet
facet normal 0 0 -1
outer loop
vertex 260.89559145586304 -97.0567003064274 0.75
vertex 262.8924556466276 -98.12404645337259 0.75
vertex 263.37747068797995 -98.7150389912235 0.75
endloop
endfacet
facet normal 0 0 -1
outer loop
vertex 260.89559145586304 -97.0567003064274 0.75
vertex 263.37747068797995 -98.7150389912235 0.75
vertex 263.73786937679404 -99.38929751377614 0.75
endloop
endfacet
facet normal 0 0 -1
outer loop
vertex 260.89559145586304 -97.0567003064274 0.75
vertex 263.73786937679404 -99.38929751377614 0.75
vertex 263.9598017935726 -100.120910644137 0.75
endloop
endfacet
facet normal 0 0 -1
outer loop
vertex 260.89559145586304 -97.0567003064274 0.75
vertex 263.9598017935726 -100.120910644137 0.75
vertex 264.03473919999993 -100.88176289999979 0.75
endloop
endfacet
facet normal 0 0 -1
outer loop
vertex 260.89559145586304 -97.0567003064274 0.75
vertex 264.03473919999993 -100.88176289999979 0.75
vertex 263.9598017935725 -101.64261515586334 0.75
endloop
endfacet
facet normal 0 0 -1
outer loop
vertex 260.89559145586304 -97.0567003064274 0.75
vertex 263.9598017935725 -101.64261515586334 0.75
vertex 263.73786937679404 -102.3742282862238 0.75
endloop
endfacet
facet normal 0 0 -1
outer loop
vertex 260.89559145586304 -97.0567003064274 0.75
vertex 263.73786937679404 -102.3742282862238 0.75
vertex 263.37747068797984 -103.04848680877657 0.75
endloop
endfacet
facet normal 0 0 -1
outer loop
vertex 260.89559145586304 -97.0567003064274 0.75
vertex 263.37747068797984 -103.04848680877657 0.75
vertex 262.8924556466276 -103.63947934662751 0.75
endloop
endfacet
facet normal 0 0 -1
outer loop
vertex 260.89559145586304 -97.0567003064274 0.75
vertex 262.8924556466276 -103.63947934662751 0.75
vertex 262.30146310877626 -104.12449438798009 0.75
endloop
endfacet
facet normal 0 0 -1
outer loop
vertex 260.89559145586304 -97.0567003064274 0.75
vertex 262.30146310877626 -104.12449438798009 0.75
vertex 261.62720458622397 -104.484893076794 0.75
endloop
endfacet
facet normal 0 0 -1
outer loop
vertex 260.89559145586304 -97.0567003064274 0.75
vertex 261.62720458622397 -104.484893076794 0.75
vertex 260.895591455863 -104.7068254935726 0.75
endloop
endfacet
facet normal 0 0 -1
outer loop
vertex 260.89559145586304 -97.0567003064274 0.75
vertex 260.895591455863 -104.7068254935726 0.75
vertex 260.1347392 -104.7817629 0.75
endloop
endfacet
facet normal 0 0 -1
outer loop
vertex 260.89559145586304 -97.0567003064274 0.75
vertex 260.1347392 -104.7817629 0.75
vertex 259.3738869441372 -104.7068254935726 0.75
endloop
endfacet
facet normal 0 0 -1
outer loop
vertex 260.89559145586304 -97.0567003064274 0.75
vertex 259.3738869441372 -104.7068254935726 0.75
vertex 258.64227381377606 -104.484893076794 0.75
endloop
endfacet
facet normal 0 0 -1
outer loop
vertex 260.89559145586304 -97.0567003064274 0.75
vertex 258.64227381377606 -104.484893076794 0.75
vertex 257.9680152912235 -104.12449438798009 0.75
endloop
endfacet
facet normal 0 0 -1
outer loop
vertex 260.89559145586304 -97.0567003064274 0.75
vertex 257.9680152912235 -104.12449438798009 0.75
vertex 257.37702275337256 -103.63947934662751 0.75
endloop
endfacet
facet normal 0 0 -1
outer loop
vertex 260.89559145586304 -97.0567003064274 0.75
vertex 257.37702275337256 -103.63947934662751 0.75
vertex 256.8920077120201 -103.04848680877657 0.75
endloop
endfacet
facet normal 0 0 -1
outer loop
vertex 260.89559145586304 -97.0567003064274 0.75
vertex 256.8920077120201 -103.04848680877657 0.75
vertex 256.531609023206 -102.3742282862238 0.75
endloop
endfacet
facet normal 0 0 -1
outer loop
vertex 260.89559145586304 -97.0567003064274 0.75
vertex 256.531609023206 -102.3742282862238 0.75
vertex 256.30967660642733 -101.64261515586334 0.75
endloop
endfacet
facet normal 0 0 -1
outer loop
vertex 260.89559145586304 -97.0567003064274 0.75
vertex 256.30967660642733 -101.64261515586334 0.75
vertex 256.23473920000004 -100.88176289999979 0.75
endloop
endfacet
facet normal 0 0 -1
outer loop
vertex 260.89559145586304 -97.0567003064274 0.75
vertex 256.23473920000004 -100.88176289999979 0.75
vertex 256.3096766064274 -100.120910644137 0.75
endloop
endfacet
facet normal 0 0 -1
outer loop
vertex 260.89559145586304 -97.0567003064274 0.75
vertex 256.3096766064274 -100.120910644137 0.75
vertex 256.5316090232061 -99.38929751377614 0.75
endloop
endfacet
facet normal 0 0 -1
outer loop
vertex 260.89559145586304 -97.0567003064274 0.75
vertex 256.5316090232061 -99.38929751377614 0.75
vertex 256.89200771202013 -98.7150389912235 0.75
endloop
endfacet
facet normal 0 0 -1
outer loop
vertex 260.89559145586304 -97.0567003064274 0.75
vertex 256.89200771202013 -98.7150389912235 0.75
vertex 257.3770227533724 -98.12404645337259 0.75
endloop
endfacet
facet normal 0 0 -1
outer loop
vertex 260.89559145586304 -97.0567003064274 0.75
vertex 257.3770227533724 -98.12404645337259 0.75
vertex 257.9680152912236 -97.63903141202005 0.75
endloop
endfacet
facet normal 0 0 -1
outer loop
vertex 260.89559145586304 -97.0567003064274 0.75
vertex 257.9680152912236 -97.63903141202005 0.75
vertex 258.64227381377617 -97.27863272320597 0.75
endloop
endfacet
facet normal 0 0 -1
outer loop
vertex 260.89559145586304 -97.0567003064274 0.75
vertex 258.64227381377617 -97.27863272320597 0.75
vertex 259.37388694413715 -97.0567003064274 0.75
endloop
endfacet
facet normal 0 0 -1
outer loop
vertex 260.89559145586304 -97.0567003064274 0.75
vertex 259.37388694413715 -97.0567003064274 0.75
vertex 260.1347392 -96.98176289999999 0.75
endloop
endfacet
facet normal 0 0 -1
outer loop
vertex 137.14100905586295 -110.14977450642742 0.75
vertex 137.87262218622388 -110.37170692320596 0.75
vertex 138.5468807087764 -110.7321056120201 0.75
endloop
endfacet
facet normal 0 0 -1
outer loop
vertex 137.14100905586295 -110.14977450642742 0.75
vertex 138.5468807087764 -110.7321056120201 0.75
vertex 139.13787324662758 -111.21712065337243 0.75
endloop
endfacet
facet normal 0 0 -1
outer loop
vertex 137.14100905586295 -110.14977450642742 0.75
vertex 139.13787324662758 -111.21712065337243 0.75
vertex 139.62288828797992 -111.80811319122344 0.75
endloop
endfacet
facet normal 0 0 -1
outer loop
vertex 137.14100905586295 -110.14977450642742 0.75
vertex 139.62288828797992 -111.80811319122344 0.75
vertex 139.9832869767941 -112.48237171377625 0.75
endloop
endfacet
facet normal 0 0 -1
outer loop
vertex 137.14100905586295 -110.14977450642742 0.75
vertex 139.9832869767941 -112.48237171377625 0.75
vertex 140.2052193935726 -113.21398484413702 0.75
endloop
endfacet
facet normal 0 0 -1
outer loop
vertex 137.14100905586295 -110.14977450642742 0.75
vertex 140.2052193935726 -113.21398484413702 0.75
vertex 140.28015680000001 -113.97483709999992 0.75
endloop
endfacet
facet normal 0 0 -1
outer loop
vertex 137.14100905586295 -110.14977450642742 0.75
vertex 140.28015680000001 -113.97483709999992 0.75
vertex 140.2052193935726 -114.7356893558629 0.75
endloop
endfacet
facet normal 0 0 -1
outer loop
vertex 137.14100905586295 -110.14977450642742 0.75
vertex 140.2052193935726 -114.7356893558629 0.75
vertex 139.98328697679406 -115.46730248622383 0.75
endloop
endfacet
facet normal 0 0 -1
outer loop
vertex 137.14100905586295 -110.14977450642742 0.75
vertex 139.98328697679406 -115.46730248622383 0.75
vertex 139.62288828798003 -116.14156100877632 0.75
endloop
endfacet
facet normal 0 0 -1
outer loop
vertex 137.14100905586295 -110.14977450642742 0.75
vertex 139.62288828798003 -116.14156100877632 0.75
vertex 139.13787324662755 -116.73255354662751 0.75
endloop
endfacet
facet normal 0 0 -1
outer loop
vertex 137.14100905586295 -110.14977450642742 0.75
vertex 139.13787324662755 -116.73255354662751 0.75
vertex 138.54688070877637 -117.21756858797997 0.75
endloop
endfacet
facet normal 0 0 -1
outer loop
vertex 137.14100905586295 -110.14977450642742 0.75
vertex 138.54688070877637 -117.21756858797997 0.75
vertex 137.87262218622394 -117.57796727679398 0.75
endloop
endfacet
facet normal 0 0 -1
outer loop
vertex 137.14100905586295 -110.14977450642742 0.75
vertex 137.87262218622394 -117.57796727679398 0.75
vertex 137.1410090558629 -117.79989969357258 0.75
endloop
endfacet
facet normal 0 0 -1
outer loop
vertex 137.14100905586295 -110.14977450642742 0.75
vertex 137.1410090558629 -117.79989969357258 0.75
vertex 136.3801567999999 -117.87483710000001 0.75
endloop
endfacet
facet normal 0 0 -1
outer loop
vertex 137.14100905586295 -110.14977450642742 0.75
vertex 136.3801567999999 -117.87483710000001 0.75
vertex 135.61930454413724 -117.79989969357258 0.75
endloop
endfacet
facet normal 0 0 -1
outer loop
vertex 137.14100905586295 -110.14977450642742 0.75
vertex 135.61930454413724 -117.79989969357258 0.75
vertex 134.88769141377608 -117.57796727679398 0.75
endloop
endfacet
facet normal 0 0 -1
outer loop
vertex 137.14100905586295 -110.14977450642742 0.75
vertex 134.88769141377608 -117.57796727679398 0.75
vertex 134.2134328912235 -117.21756858797997 0.75
endloop
endfacet
facet normal 0 0 -1
outer loop
vertex 137.14100905586295 -110.14977450642742 0.75
vertex 134.2134328912235 -117.21756858797997 0.75
vertex 133.6224403533725 -116.73255354662751 0.75
endloop
endfacet
facet normal 0 0 -1
outer loop
vertex 137.14100905586295 -110.14977450642742 0.75
vertex 133.6224403533725 -116.73255354662751 0.75
vertex 133.1374253120201 -116.14156100877632 0.75
endloop
endfacet
facet normal 0 0 -1
outer loop
vertex 137.14100905586295 -110.14977450642742 0.75
vertex 133.1374253120201 -116.14156100877632 0.75
vertex 132.77702662320598 -115.46730248622383 0.75
endloop
endfacet
facet normal 0 0 -1
outer loop
vertex 137.14100905586295 -110.14977450642742 0.75
vertex 132.77702662320598 -115.46730248622383 0.75
vertex 132.5550942064274 -114.7356893558629 0.75
endloop
endfacet
facet normal 0 0 -1
outer loop
vertex 137.14100905586295 -110.14977450642742 0.75
vertex 132.5550942064274 -114.7356893558629 0.75
vertex 132.4801568 -113.97483709999992 0.75
endloop
endfacet
facet normal 0 0 -1
outer loop
vertex 137.14100905586295 -110.14977450642742 0.75
vertex 132.4801568 -113.97483709999992 0.75
vertex 132.5550942064274 -113.21398484413702 0.75
endloop
endfacet
facet normal 0 0 -1
outer loop
vertex 137.14100905586295 -110.14977450642742 0.75
vertex 132.5550942064274 -113.21398484413702 0.75
vertex 132.77702662320596 -112.48237171377625 0.75
endloop
endfacet
facet normal 0 0 -1
outer loop
vertex 137.14100905586295 -110.14977450642742 0.75
vertex 132.77702662320596 -112.48237171377625 0.75
vertex 133.13742531202016 -111.80811319122344 0.75
endloop
endfacet
facet normal 0 0 -1
outer loop
vertex 137.14100905586295 -110.14977450642742 0.75
vertex 133.13742531202016 -111.80811319122344 0.75
vertex 133.62244035337247 -111.21712065337243 0.75
endloop
endfacet
facet normal 0 0 -1
outer loop
vertex 137.14100905586295 -110.14977450642742 0.75
vertex 133.62244035337247 -111.21712065337243 0.75
vertex 134.2134328912235 -110.7321056120201 0.75
endloop
endfacet
facet normal 0 0 -1
outer loop
vertex 137.14100905586295 -110.14977450642742 0.75
vertex 134.2134328912235 -110.7321056120201 0.75
vertex 134.8876914137762 -110.37170692320596 0.75
endloop
endfacet
facet normal 0 0 -1
outer loop
vertex 137.14100905586295 -110.14977450642742 0.75
vertex 134.8876914137762 -110.37170692320596 0.75
vertex 135.61930454413707 -110.14977450642742 0.75
endloop
endfacet
facet normal 0 0 -1
outer loop
vertex 137.14100905586295 -110.14977450642742 0.75
vertex 135.61930454413707 -110.14977450642742 0.75
vertex 136.38015679999998 -110.0748371 0.75
endloop
endfacet
facet normal 0 0 -1
outer loop
vertex 147.4226895558629 -151.38734280642745 0.75
vertex 148.15430268622382 -151.60927522320588 0.75
vertex 148.82856120877653 -151.96967391202003 0.75
endloop
endfacet
facet normal 0 0 -1
outer loop
vertex 147.4226895558629 -151.38734280642745 0.75
vertex 148.82856120877653 -151.96967391202003 0.75
vertex 149.41955374662746 -152.4546889533724 0.75
endloop
endfacet
facet normal 0 0 -1
outer loop
vertex 147.4226895558629 -151.38734280642745 0.75
vertex 149.41955374662746 -152.4546889533724 0.75
vertex 149.90456878798 -153.04568149122352 0.75
endloop
endfacet
facet normal 0 0 -1
outer loop
vertex 147.4226895558629 -151.38734280642745 0.75
vertex 149.90456878798 -153.04568149122352 0.75
vertex 150.26496747679406 -153.71994001377618 0.75
endloop
endfacet
facet normal 0 0 -1
outer loop
vertex 147.4226895558629 -151.38734280642745 0.75
vertex 150.26496747679406 -153.71994001377618 0.75
vertex 150.4868998935726 -154.45155314413705 0.75
endloop
endfacet
facet normal 0 0 -1
outer loop
vertex 147.4226895558629 -151.38734280642745 0.75
vertex 150.4868998935726 -154.45155314413705 0.75
vertex 150.5618373 -155.21240540000002 0.75
endloop
endfacet
facet normal 0 0 -1
outer loop
vertex 147.4226895558629 -151.38734280642745 0.75
vertex 150.5618373 -155.21240540000002 0.75
vertex 150.4868998935726 -155.97325765586285 0.75
endloop
endfacet
facet normal 0 0 -1
outer loop
vertex 147.4226895558629 -151.38734280642745 0.75
vertex 150.4868998935726 -155.97325765586285 0.75
vertex 150.26496747679397 -156.704870786224 0.75
endloop
endfacet
facet normal 0 0 -1
outer loop
vertex 147.4226895558629 -151.38734280642745 0.75
vertex 150.26496747679397 -156.704870786224 0.75
vertex 149.90456878798005 -157.3791293087763 0.75
endloop
endfacet
facet normal 0 0 -1
outer loop
vertex 147.4226895558629 -151.38734280642745 0.75
vertex 149.90456878798005 -157.3791293087763 0.75
vertex 149.41955374662757 -157.9701218466275 0.75
endloop
endfacet
facet normal 0 0 -1
outer loop
vertex 147.4226895558629 -151.38734280642745 0.75
vertex 149.41955374662757 -157.9701218466275 0.75
vertex 148.82856120877642 -158.45513688797993 0.75
endloop
endfacet
facet normal 0 0 -1
outer loop
vertex 147.4226895558629 -151.38734280642745 0.75
vertex 148.82856120877642 -158.45513688797993 0.75
vertex 148.15430268622387 -158.815535576794 0.75
endloop
endfacet
facet normal 0 0 -1
outer loop
vertex 147.4226895558629 -151.38734280642745 0.75
vertex 148.15430268622387 -158.815535576794 0.75
vertex 147.4226895558627 -159.03746799357262 0.75
endloop
endfacet
facet normal 0 0 -1
outer loop
vertex 147.4226895558629 -151.38734280642745 0.75
vertex 147.4226895558627 -159.03746799357262 0.75
vertex 146.6618373000002 -159.1124054 0.75
endloop
endfacet
facet normal 0 0 -1
outer loop
vertex 147.4226895558629 -151.38734280642745 0.75
vertex 146.6618373000002 -159.1124054 0.75
vertex 145.90098504413695 -159.03746799357262 0.75
endloop
endfacet
facet normal 0 0 -1
outer loop
vertex 147.4226895558629 -151.38734280642745 0.75
vertex 145.90098504413695 -159.03746799357262 0.75
vertex 145.1693719137762 -158.815535576794 0.75
endloop
endfacet
facet normal 0 0 -1
outer loop
vertex 147.4226895558629 -151.38734280642745 0.75
vertex 145.1693719137762 -158.815535576794 0.75
vertex 144.49511339122353 -158.45513688797993 0.75
endloop
endfacet
facet normal 0 0 -1
outer loop
vertex 147.4226895558629 -151.38734280642745 0.75
vertex 144.49511339122353 -158.45513688797993 0.75
vertex 143.90412085337252 -157.9701218466275 0.75
endloop
endfacet
facet normal 0 0 -1
outer loop
vertex 147.4226895558629 -151.38734280642745 0.75
vertex 143.90412085337252 -157.9701218466275 0.75
vertex 143.41910581202012 -157.3791293087763 0.75
endloop
endfacet
facet normal 0 0 -1
outer loop
vertex 147.4226895558629 -151.38734280642745 0.75
vertex 143.41910581202012 -157.3791293087763 0.75
vertex 143.05870712320598 -156.704870786224 0.75
endloop
endfacet
facet normal 0 0 -1
outer loop
vertex 147.4226895558629 -151.38734280642745 0.75
vertex 143.05870712320598 -156.704870786224 0.75
vertex 142.83677470642746 -155.97325765586285 0.75
endloop
endfacet
facet normal 0 0 -1
outer loop
vertex 147.4226895558629 -151.38734280642745 0.75
vertex 142.83677470642746 -155.97325765586285 0.75
vertex 142.76183730000002 -155.21240540000002 0.75
endloop
endfacet
facet normal 0 0 -1
outer loop
vertex 147.4226895558629 -151.38734280642745 0.75
vertex 142.76183730000002 -155.21240540000002 0.75
vertex 142.83677470642743 -154.45155314413705 0.75
endloop
endfacet
facet normal 0 0 -1
outer loop
vertex 147.4226895558629 -151.38734280642745 0.75
vertex 142.83677470642743 -154.45155314413705 0.75
vertex 143.05870712320598 -153.71994001377618 0.75
endloop
endfacet
facet normal 0 0 -1
outer loop
vertex 147.4226895558629 -151.38734280642745 0.75
vertex 143.05870712320598 -153.71994001377618 0.75
vertex 143.4191058120201 -153.04568149122352 0.75
endloop
endfacet
facet normal 0 0 -1
outer loop
vertex 147.4226895558629 -151.38734280642745 0.75
vertex 143.4191058120201 -153.04568149122352 0.75
vertex 143.90412085337252 -152.4546889533724 0.75
endloop
endfacet
facet normal 0 0 -1
outer loop
vertex 147.4226895558629 -151.38734280642745 0.75
vertex 143.90412085337252 -152.4546889533724 0.75
vertex 144.49511339122358 -151.96967391202003 0.75
endloop
endfacet
facet normal 0 0 -1
outer loop
vertex 147.4226895558629 -151.38734280642745 0.75
vertex 144.49511339122358 -151.96967391202003 0.75
vertex 145.16937191377633 -151.60927522320588 0.75
endloop
endfacet
facet normal 0 0 -1
outer loop
vertex 147.4226895558629 -151.38734280642745 0.75
vertex 145.16937191377633 -151.60927522320588 0.75
vertex 145.9009850441368 -151.38734280642745 0.75
endloop
endfacet
facet normal 0 0 -1
outer loop
vertex 147.4226895558629 -151.38734280642745 0.75
vertex 145.9009850441368 -151.38734280642745 0.75
vertex 146.66183730000012 -151.31240540000002 0.75
endloop
endfacet
facet normal 0 0 -1
outer loop
vertex 243.59978145586294 -165.0093746064274 0.75
vertex 244.33139458622392 -165.23130702320603 0.75
vertex 245.00565310877636 -165.59170571202012 0.75
endloop
endfacet
facet normal 0 0 -1
outer loop
vertex 243.59978145586294 -165.0093746064274 0.75
vertex 245.00565310877636 -165.59170571202012 0.75
vertex 245.59664564662745 -166.07672075337229 0.75
endloop
endfacet
facet normal 0 0 -1
outer loop
vertex 243.59978145586294 -165.0093746064274 0.75
vertex 245.59664564662745 -166.07672075337229 0.75
vertex 246.08166068797996 -166.6677132912236 0.75
endloop
endfacet
facet normal 0 0 -1
outer loop
vertex 243.59978145586294 -165.0093746064274 0.75
vertex 246.08166068797996 -166.6677132912236 0.75
vertex 246.44205937679405 -167.34197181377618 0.75
endloop
endfacet
facet normal 0 0 -1
outer loop
vertex 243.59978145586294 -165.0093746064274 0.75
vertex 246.44205937679405 -167.34197181377618 0.75
vertex 246.66399179357256 -168.073584944137 0.75
endloop
endfacet
facet normal 0 0 -1
outer loop
vertex 243.59978145586294 -165.0093746064274 0.75
vertex 246.66399179357256 -168.073584944137 0.75
vertex 246.7389292 -168.83443720000022 0.75
endloop
endfacet
facet normal 0 0 -1
outer loop
vertex 243.59978145586294 -165.0093746064274 0.75
vertex 246.7389292 -168.83443720000022 0.75
vertex 246.66399179357262 -169.59528945586277 0.75
endloop
endfacet
facet normal 0 0 -1
outer loop
vertex 243.59978145586294 -165.0093746064274 0.75
vertex 246.66399179357262 -169.59528945586277 0.75
vertex 246.44205937679402 -170.3269025862238 0.75
endloop
endfacet
facet normal 0 0 -1
outer loop
vertex 243.59978145586294 -165.0093746064274 0.75
vertex 246.44205937679402 -170.3269025862238 0.75
vertex 246.0816606879801 -171.00116110877622 0.75
endloop
endfacet
facet normal 0 0 -1
outer loop
vertex 243.59978145586294 -165.0093746064274 0.75
vertex 246.0816606879801 -171.00116110877622 0.75
vertex 245.59664564662742 -171.59215364662762 0.75
endloop
endfacet
facet normal 0 0 -1
outer loop
vertex 243.59978145586294 -165.0093746064274 0.75
vertex 245.59664564662742 -171.59215364662762 0.75
vertex 245.00565310877658 -172.07716868797985 0.75
endloop
endfacet
facet normal 0 0 -1
outer loop
vertex 243.59978145586294 -165.0093746064274 0.75
vertex 245.00565310877658 -172.07716868797985 0.75
vertex 244.3313945862241 -172.4375673767939 0.75
endloop
endfacet
facet normal 0 0 -1
outer loop
vertex 243.59978145586294 -165.0093746064274 0.75
vertex 244.3313945862241 -172.4375673767939 0.75
vertex 243.59978145586265 -172.65949979357262 0.75
endloop
endfacet
facet normal 0 0 -1
outer loop
vertex 243.59978145586294 -165.0093746064274 0.75
vertex 243.59978145586265 -172.65949979357262 0.75
vertex 242.83892919999997 -172.7344372 0.75
endloop
endfacet
facet normal 0 0 -1
outer loop
vertex 243.59978145586294 -165.0093746064274 0.75
vertex 242.83892919999997 -172.7344372 0.75
vertex 242.0780769441371 -172.65949979357262 0.75
endloop
endfacet
facet normal 0 0 -1
outer loop
vertex 243.59978145586294 -165.0093746064274 0.75
vertex 242.0780769441371 -172.65949979357262 0.75
vertex 241.34646381377618 -172.4375673767939 0.75
endloop
endfacet
facet normal 0 0 -1
outer loop
vertex 243.59978145586294 -165.0093746064274 0.75
vertex 241.34646381377618 -172.4375673767939 0.75
vertex 240.67220529122343 -172.07716868797985 0.75
endloop
endfacet
facet normal 0 0 -1
outer loop
vertex 243.59978145586294 -165.0093746064274 0.75
vertex 240.67220529122343 -172.07716868797985 0.75
vertex 240.08121275337243 -171.59215364662762 0.75
endloop
endfacet
facet normal 0 0 -1
outer loop
vertex 243.59978145586294 -165.0093746064274 0.75
vertex 240.08121275337243 -171.59215364662762 0.75
vertex 239.59619771202014 -171.00116110877622 0.75
endloop
endfacet
facet normal 0 0 -1
outer loop
vertex 243.59978145586294 -165.0093746064274 0.75
vertex 239.59619771202014 -171.00116110877622 0.75
vertex 239.235799023206 -170.3269025862238 0.75
endloop
endfacet
facet normal 0 0 -1
outer loop
vertex 243.59978145586294 -165.0093746064274 0.75
vertex 239.235799023206 -170.3269025862238 0.75
vertex 239.01386660642737 -169.59528945586277 0.75
endloop
endfacet
facet normal 0 0 -1
outer loop
vertex 243.59978145586294 -165.0093746064274 0.75
vertex 239.01386660642737 -169.59528945586277 0.75
vertex 238.9389292 -168.83443720000022 0.75
endloop
endfacet
facet normal 0 0 -1
outer loop
vertex 243.59978145586294 -165.0093746064274 0.75
vertex 238.9389292 -168.83443720000022 0.75
vertex 239.01386660642737 -168.073584944137 0.75
endloop
endfacet
facet normal 0 0 -1
outer loop
vertex 243.59978145586294 -165.0093746064274 0.75
vertex 239.01386660642737 -168.073584944137 0.75
vertex 239.23579902320603 -167.34197181377618 0.75
endloop
endfacet
facet normal 0 0 -1
outer loop
vertex 243.59978145586294 -165.0093746064274 0.75
vertex 239.23579902320603 -167.34197181377618 0.75
vertex 239.59619771201997 -166.6677132912236 0.75
endloop
endfacet
facet normal 0 0 -1
outer loop
vertex 243.59978145586294 -165.0093746064274 0.75
vertex 239.59619771201997 -166.6677132912236 0.75
vertex 240.08121275337263 -166.07672075337229 0.75
endloop
endfacet
facet normal 0 0 -1
outer loop
vertex 243.59978145586294 -165.0093746064274 0.75
vertex 240.08121275337263 -166.07672075337229 0.75
vertex 240.67220529122343 -165.59170571202012 0.75
endloop
endfacet
facet normal 0 0 -1
outer loop
vertex 243.59978145586294 -165.0093746064274 0.75
vertex 240.67220529122343 -165.59170571202012 0.75
vertex 241.34646381377604 -165.23130702320603 0.75
endloop
endfacet
facet normal 0 0 -1
outer loop
vertex 243.59978145586294 -165.0093746064274 0.75
vertex 241.34646381377604 -165.23130702320603 0.75
vertex 242.0780769441372 -165.0093746064274 0.75
endloop
endfacet
facet normal 0 0 -1
outer loop
vertex 243.59978145586294 -165.0093746064274 0.75
vertex 242.0780769441372 -165.0093746064274 0.75
vertex 242.8389292 -164.9344372 0.75
endloop
endfacet
facet normal -0.9951847266721957 0.09801714032957415 0
outer loop
vertex 140.2052193935726 -114.7356893558629 0.75
vertex 140.28015680000001 -113.97483709999992 0.75
vertex 140.28015680000001 -113.97483709999662 0
endloop
endfacet
facet normal -0.9951847266721957 0.09801714032957415 0
outer loop
vertex 140.2052193935726 -114.7356893558629 0.75
vertex 140.28015680000001 -113.97483709999662 0
vertex 140.205219393572 -114.73568935586559 0
endloop
endfacet
facet normal -0.9951847266721956 -0.09801714032957415 0
outer loop
vertex 140.28015680000001 -113.97483709999992 0.75
vertex 140.2052193935726 -113.21398484413702 0.75
vertex 140.20521939357326 -113.21398484414031 0
endloop
endfacet
facet normal -0.9951847266721956 -0.09801714032957415 0
outer loop
vertex 140.28015680000001 -113.97483709999992 0.75
vertex 140.20521939357326 -113.21398484414031 0
vertex 140.28015680000001 -113.97483709999662 0
endloop
endfacet
facet normal -0.9569403357322133 -0.2902846772544479 0
outer loop
vertex 140.2052193935726 -113.21398484413702 0.75
vertex 139.9832869767941 -112.48237171377625 0.75
vertex 139.9832869767914 -112.48237171376852 0
endloop
endfacet
facet normal -0.9569403357322133 -0.2902846772544479 0
outer loop
vertex 140.2052193935726 -113.21398484413702 0.75
vertex 139.9832869767914 -112.48237171376852 0
vertex 140.20521939357326 -113.21398484414031 0
endloop
endfacet
facet normal -0.8819212643483568 -0.4713967368259944 0
outer loop
vertex 139.9832869767941 -112.48237171377625 0.75
vertex 139.62288828797992 -111.80811319122344 0.75
vertex 139.62288828798214 -111.80811319122493 0
endloop
endfacet
facet normal -0.8819212643483568 -0.4713967368259944 0
outer loop
vertex 139.9832869767941 -112.48237171377625 0.75
vertex 139.62288828798214 -111.80811319122493 0
vertex 139.9832869767914 -112.48237171376852 0
endloop
endfacet
facet normal -0.7730104533627331 -0.63439328416365 0
outer loop
vertex 139.62288828797992 -111.80811319122344 0.75
vertex 139.13787324662758 -111.21712065337243 0.75
vertex 139.13787324662022 -111.21712065336223 0
endloop
endfacet
facet normal -0.7730104533627331 -0.63439328416365 0
outer loop
vertex 139.62288828797992 -111.80811319122344 0.75
vertex 139.13787324662022 -111.21712065336223 0
vertex 139.62288828798214 -111.80811319122493 0
endloop
endfacet
facet normal -0.6343932841636347 -0.7730104533627459 0
outer loop
vertex 139.13787324662758 -111.21712065337243 0.75
vertex 138.5468807087764 -110.7321056120201 0.75
vertex 138.5468807087975 -110.73210561203311 0
endloop
endfacet
facet normal -0.6343932841636347 -0.7730104533627459 0
outer loop
vertex 139.13787324662758 -111.21712065337243 0.75
vertex 138.5468807087975 -110.73210561203311 0
vertex 139.13787324662022 -111.21712065336223 0
endloop
endfacet
facet normal -0.47139673682602595 -0.8819212643483401 0
outer loop
vertex 138.5468807087764 -110.7321056120201 0.75
vertex 137.87262218622388 -110.37170692320596 0.75
vertex 137.87262218622 -110.3717069232045 0
endloop
endfacet
facet normal -0.47139673682602595 -0.8819212643483401 0
outer loop
vertex 138.5468807087764 -110.7321056120201 0.75
vertex 137.87262218622 -110.3717069232045 0
vertex 138.5468807087975 -110.73210561203311 0
endloop
endfacet
facet normal -0.2902846772545049 -0.9569403357321961 0
outer loop
vertex 137.87262218622388 -110.37170692320596 0.75
vertex 137.14100905586295 -110.14977450642742 0.75
vertex 137.1410090558625 -110.14977450642714 0
endloop
endfacet
facet normal -0.2902846772545049 -0.9569403357321961 0
outer loop
vertex 137.87262218622388 -110.37170692320596 0.75
vertex 137.1410090558625 -110.14977450642714 0
vertex 137.87262218622 -110.3717069232045 0
endloop
endfacet
facet normal -0.09801714032957415 -0.9951847266721956 0
outer loop
vertex 137.14100905586295 -110.14977450642742 0.75
vertex 136.38015679999998 -110.0748371 0.75
vertex 136.38015679999543 -110.07483710000031 0
endloop
endfacet
facet normal -0.09801714032957415 -0.9951847266721956 0
outer loop
vertex 137.14100905586295 -110.14977450642742 0.75
vertex 136.38015679999543 -110.07483710000031 0
vertex 137.1410090558625 -110.14977450642714 0
endloop
endfacet
facet normal 0.09801714032957415 -0.9951847266721956 0
outer loop
vertex 136.38015679999998 -110.0748371 0.75
vertex 135.61930454413707 -110.14977450642742 0.75
vertex 135.61930454413846 -110.14977450642714 0
endloop
endfacet
facet normal 0.09801714032957415 -0.9951847266721956 0
outer loop
vertex 136.38015679999998 -110.0748371 0.75
vertex 135.61930454413846 -110.14977450642714 0
vertex 136.38015679999543 -110.07483710000031 0
endloop
endfacet
facet normal 0.2902846772544479 -0.9569403357322133 0
outer loop
vertex 135.61930454413707 -110.14977450642742 0.75
vertex 134.8876914137762 -110.37170692320596 0.75
vertex 134.8876914137815 -110.3717069232045 0
endloop
endfacet
facet normal 0.2902846772544479 -0.9569403357322133 0
outer loop
vertex 135.61930454413707 -110.14977450642742 0.75
vertex 134.8876914137815 -110.3717069232045 0
vertex 135.61930454413846 -110.14977450642714 0
endloop
endfacet
facet normal 0.4713967368259914 -0.8819212643483584 0
outer loop
vertex 134.8876914137762 -110.37170692320596 0.75
vertex 134.2134328912235 -110.7321056120201 0.75
vertex 134.21343289120173 -110.73210561203311 0
endloop
endfacet
facet normal 0.4713967368259914 -0.8819212643483584 0
outer loop
vertex 134.8876914137762 -110.37170692320596 0.75
vertex 134.21343289120173 -110.73210561203311 0
vertex 134.8876914137815 -110.3717069232045 0
endloop
endfacet
facet normal 0.6343932841636208 -0.7730104533627572 0
outer loop
vertex 134.2134328912235 -110.7321056120201 0.75
vertex 133.62244035337247 -111.21712065337243 0.75
vertex 133.6224403533964 -111.21712065336223 0
endloop
endfacet
facet normal 0.6343932841636208 -0.7730104533627572 0
outer loop
vertex 134.2134328912235 -110.7321056120201 0.75
vertex 133.6224403533964 -111.21712065336223 0
vertex 134.21343289120173 -110.73210561203311 0
endloop
endfacet
facet normal 0.7730104533627319 -0.6343932841636518 0
outer loop
vertex 133.62244035337247 -111.21712065337243 0.75
vertex 133.13742531202016 -111.80811319122344 0.75
vertex 133.1374253120159 -111.80811319122493 0
endloop
endfacet
facet normal 0.7730104533627319 -0.6343932841636518 0
outer loop
vertex 133.62244035337247 -111.21712065337243 0.75
vertex 133.1374253120159 -111.80811319122493 0
vertex 133.6224403533964 -111.21712065336223 0
endloop
endfacet
facet normal 0.8819212643483701 -0.47139673682596933 0
outer loop
vertex 133.13742531202016 -111.80811319122344 0.75
vertex 132.77702662320596 -112.48237171377625 0.75
vertex 132.77702662321065 -112.48237171376852 0
endloop
endfacet
facet normal 0.8819212643483701 -0.47139673682596933 0
outer loop
vertex 133.13742531202016 -111.80811319122344 0.75
vertex 132.77702662321065 -112.48237171376852 0
vertex 133.1374253120159 -111.80811319122493 0
endloop
endfacet
facet normal 0.9569403357322133 -0.2902846772544479 0
outer loop
vertex 132.77702662320596 -112.48237171377625 0.75
vertex 132.5550942064274 -113.21398484413702 0.75
vertex 132.55509420642525 -113.21398484414031 0
endloop
endfacet
facet normal 0.9569403357322133 -0.2902846772544479 0
outer loop
vertex 132.77702662320596 -112.48237171377625 0.75
vertex 132.55509420642525 -113.21398484414031 0
vertex 132.77702662321065 -112.48237171376852 0
endloop
endfacet
facet normal 0.9951847266721927 -0.09801714032960263 0
outer loop
vertex 132.5550942064274 -113.21398484413702 0.75
vertex 132.4801568 -113.97483709999992 0.75
vertex 132.48015680000026 -113.97483709999662 0
endloop
endfacet
facet normal 0.9951847266721927 -0.09801714032960263 0
outer loop
vertex 132.5550942064274 -113.21398484413702 0.75
vertex 132.48015680000026 -113.97483709999662 0
vertex 132.55509420642525 -113.21398484414031 0
endloop
endfacet
facet normal 0.9951847266721984 0.09801714032954582 0
outer loop
vertex 132.4801568 -113.97483709999992 0.75
vertex 132.5550942064274 -114.7356893558629 0.75
vertex 132.55509420642844 -114.73568935586559 0
endloop
endfacet
facet normal 0.9951847266721984 0.09801714032954582 0
outer loop
vertex 132.4801568 -113.97483709999992 0.75
vertex 132.55509420642844 -114.73568935586559 0
vertex 132.48015680000026 -113.97483709999662 0
endloop
endfacet
facet normal 0.9569403357322217 0.2902846772544199 0
outer loop
vertex 132.5550942064274 -114.7356893558629 0.75
vertex 132.77702662320598 -115.46730248622383 0.75
vertex 132.77702662321292 -115.46730248624594 0
endloop
endfacet
facet normal 0.9569403357322217 0.2902846772544199 0
outer loop
vertex 132.5550942064274 -114.7356893558629 0.75
vertex 132.77702662321292 -115.46730248624594 0
vertex 132.55509420642844 -114.73568935586559 0
endloop
endfacet
facet normal 0.881921264348341 0.4713967368260239 0
outer loop
vertex 132.77702662320598 -115.46730248622383 0.75
vertex 133.1374253120201 -116.14156100877632 0.75
vertex 133.13742531201044 -116.14156100876748 0
endloop
endfacet
facet normal 0.881921264348341 0.4713967368260239 0
outer loop
vertex 132.77702662320598 -115.46730248622383 0.75
vertex 133.13742531201044 -116.14156100876748 0
vertex 132.77702662321292 -115.46730248624594 0
endloop
endfacet
facet normal 0.7730104533627331 0.63439328416365 0
outer loop
vertex 133.1374253120201 -116.14156100877632 0.75
vertex 133.6224403533725 -116.73255354662751 0.75
vertex 133.62244035336323 -116.7325535466191 0
endloop
endfacet
facet normal 0.7730104533627331 0.63439328416365 0
outer loop
vertex 133.1374253120201 -116.14156100877632 0.75
vertex 133.62244035336323 -116.7325535466191 0
vertex 133.13742531201044 -116.14156100876748 0
endloop
endfacet
facet normal 0.6343932841636208 0.7730104533627573 0
outer loop
vertex 133.6224403533725 -116.73255354662751 0.75
vertex 134.2134328912235 -117.21756858797997 0.75
vertex 134.21343289122527 -117.21756858798044 0
endloop
endfacet
facet normal 0.6343932841636208 0.7730104533627573 0
outer loop
vertex 133.6224403533725 -116.73255354662751 0.75
vertex 134.21343289122527 -117.21756858798044 0
vertex 133.62244035336323 -116.7325535466191 0
endloop
endfacet
facet normal 0.4713967368259944 0.8819212643483568 0
outer loop
vertex 134.2134328912235 -117.21756858797997 0.75
vertex 134.88769141377608 -117.57796727679398 0.75
vertex 134.88769141378307 -117.57796727679732 0
endloop
endfacet
facet normal 0.4713967368259944 0.8819212643483568 0
outer loop
vertex 134.2134328912235 -117.21756858797997 0.75
vertex 134.88769141378307 -117.57796727679732 0
vertex 134.21343289122527 -117.21756858798044 0
endloop
endfacet
facet normal 0.2902846772544479 0.9569403357322133 0
outer loop
vertex 134.88769141377608 -117.57796727679398 0.75
vertex 135.61930454413724 -117.79989969357258 0.75
vertex 135.61930454412905 -117.79989969357135 0
endloop
endfacet
facet normal 0.2902846772544479 0.9569403357322133 0
outer loop
vertex 134.88769141377608 -117.57796727679398 0.75
vertex 135.61930454412905 -117.79989969357135 0
vertex 134.88769141378307 -117.57796727679732 0
endloop
endfacet
facet normal 0.09801714032957415 0.9951847266721956 0
outer loop
vertex 135.61930454413724 -117.79989969357258 0.75
vertex 136.3801567999999 -117.87483710000001 0.75
vertex 136.38015680000188 -117.87483709999974 0
endloop
endfacet
facet normal 0.09801714032957415 0.9951847266721956 0
outer loop
vertex 135.61930454413724 -117.79989969357258 0.75
vertex 136.38015680000188 -117.87483709999974 0
vertex 135.61930454412905 -117.79989969357135 0
endloop
endfacet
facet normal -0.09801714032957415 0.9951847266721956 0
outer loop
vertex 136.3801567999999 -117.87483710000001 0.75
vertex 137.1410090558629 -117.79989969357258 0.75
vertex 137.14100905586403 -117.79989969357135 0
endloop
endfacet
facet normal -0.09801714032957415 0.9951847266721956 0
outer loop
vertex 136.3801567999999 -117.87483710000001 0.75
vertex 137.14100905586403 -117.79989969357135 0
vertex 136.38015680000188 -117.87483709999974 0
endloop
endfacet
facet normal -0.2902846772544479 0.9569403357322133 0
outer loop
vertex 137.1410090558629 -117.79989969357258 0.75
vertex 137.87262218622394 -117.57796727679398 0.75
vertex 137.87262218622374 -117.57796727679732 0
endloop
endfacet
facet normal -0.2902846772544479 0.9569403357322133 0
outer loop
vertex 137.1410090558629 -117.79989969357258 0.75
vertex 137.87262218622374 -117.57796727679732 0
vertex 137.14100905586403 -117.79989969357135 0
endloop
endfacet
facet normal -0.4713967368259914 0.8819212643483584 0
outer loop
vertex 137.87262218622394 -117.57796727679398 0.75
vertex 138.54688070877637 -117.21756858797997 0.75
vertex 138.54688070877566 -117.21756858798044 0
endloop
endfacet
facet normal -0.4713967368259914 0.8819212643483584 0
outer loop
vertex 137.87262218622394 -117.57796727679398 0.75
vertex 138.54688070877566 -117.21756858798044 0
vertex 137.87262218622374 -117.57796727679732 0
endloop
endfacet
facet normal -0.6343932841636208 0.7730104533627572 0
outer loop
vertex 138.54688070877637 -117.21756858797997 0.75
vertex 139.13787324662755 -116.73255354662751 0.75
vertex 139.1378732466278 -116.7325535466191 0
endloop
endfacet
facet normal -0.6343932841636208 0.7730104533627572 0
outer loop
vertex 138.54688070877637 -117.21756858797997 0.75
vertex 139.1378732466278 -116.7325535466191 0
vertex 138.54688070877566 -117.21756858798044 0
endloop
endfacet
facet normal -0.7730104533627319 0.6343932841636518 0
outer loop
vertex 139.13787324662755 -116.73255354662751 0.75
vertex 139.62288828798003 -116.14156100877632 0.75
vertex 139.62288828798194 -116.14156100876748 0
endloop
endfacet
facet normal -0.7730104533627319 0.6343932841636518 0
outer loop
vertex 139.13787324662755 -116.73255354662751 0.75
vertex 139.62288828798194 -116.14156100876748 0
vertex 139.1378732466278 -116.7325535466191 0
endloop
endfacet
facet normal -0.8819212643483703 0.47139673682596933 0
outer loop
vertex 139.62288828798003 -116.14156100877632 0.75
vertex 139.98328697679406 -115.46730248622383 0.75
vertex 139.98328697679267 -115.46730248624594 0
endloop
endfacet
facet normal -0.8819212643483703 0.47139673682596933 0
outer loop
vertex 139.62288828798003 -116.14156100877632 0.75
vertex 139.98328697679267 -115.46730248624594 0
vertex 139.62288828798194 -116.14156100876748 0
endloop
endfacet
facet normal -0.9569403357322048 0.29028467725447593 0
outer loop
vertex 139.98328697679406 -115.46730248622383 0.75
vertex 140.2052193935726 -114.7356893558629 0.75
vertex 140.205219393572 -114.73568935586559 0
endloop
endfacet
facet normal -0.9569403357322048 0.29028467725447593 0
outer loop
vertex 139.98328697679406 -115.46730248622383 0.75
vertex 140.205219393572 -114.73568935586559 0
vertex 139.98328697679267 -115.46730248624594 0
endloop
endfacet
facet normal -0.9951847266721927 0.09801714032960263 0
outer loop
vertex 150.4868998935726 -155.97325765586285 0.75
vertex 150.5618373 -155.21240540000002 0.75
vertex 150.56183729999984 -155.2124053999842 0
endloop
endfacet
facet normal -0.9951847266721927 0.09801714032960263 0
outer loop
vertex 150.4868998935726 -155.97325765586285 0.75
vertex 150.56183729999984 -155.2124053999842 0
vertex 150.4868998935701 -155.9732576558705 0
endloop
endfacet
facet normal -0.9951847266721928 -0.09801714032960264 0
outer loop
vertex 150.5618373 -155.21240540000002 0.75
vertex 150.4868998935726 -154.45155314413705 0.75
vertex 150.4868998935753 -154.45155314415064 0
endloop
endfacet
facet normal -0.9951847266721928 -0.09801714032960264 0
outer loop
vertex 150.5618373 -155.21240540000002 0.75
vertex 150.4868998935753 -154.45155314415064 0
vertex 150.56183729999984 -155.2124053999842 0
endloop
endfacet
facet normal -0.9569403357322133 -0.2902846772544479 0
outer loop
vertex 150.4868998935726 -154.45155314413705 0.75
vertex 150.26496747679406 -153.71994001377618 0.75
vertex 150.26496747678462 -153.71994001374972 0
endloop
endfacet
facet normal -0.9569403357322133 -0.2902846772544479 0
outer loop
vertex 150.4868998935726 -154.45155314413705 0.75
vertex 150.26496747678462 -153.71994001374972 0
vertex 150.4868998935753 -154.45155314415064 0
endloop
endfacet
facet normal -0.881921264348341 -0.4713967368260239 0
outer loop
vertex 150.26496747679406 -153.71994001377618 0.75
vertex 149.90456878798 -153.04568149122352 0.75
vertex 149.90456878798977 -153.04568149123313 0
endloop
endfacet
facet normal -0.881921264348341 -0.4713967368260239 0
outer loop
vertex 150.26496747679406 -153.71994001377618 0.75
vertex 149.90456878798977 -153.04568149123313 0
vertex 150.26496747678462 -153.71994001374972 0
endloop
endfacet
facet normal -0.7730104533627318 -0.634393284163652 0
outer loop
vertex 149.90456878798 -153.04568149122352 0.75
vertex 149.41955374662746 -152.4546889533724 0.75
vertex 149.41955374663763 -152.45468895338232 0
endloop
endfacet
facet normal -0.7730104533627318 -0.634393284163652 0
outer loop
vertex 149.90456878798 -153.04568149122352 0.75
vertex 149.41955374663763 -152.45468895338232 0
vertex 149.90456878798977 -153.04568149123313 0
endloop
endfacet
facet normal -0.6343932841636509 -0.7730104533627326 0
outer loop
vertex 149.41955374662746 -152.4546889533724 0.75
vertex 148.82856120877653 -151.96967391202003 0.75
vertex 148.82856120877648 -151.96967391202165 0
endloop
endfacet
facet normal -0.6343932841636509 -0.7730104533627326 0
outer loop
vertex 149.41955374662746 -152.4546889533724 0.75
vertex 148.82856120877648 -151.96967391202165 0
vertex 149.41955374663763 -152.45468895338232 0
endloop
endfacet
facet normal -0.47139673682600136 -0.8819212643483529 0
outer loop
vertex 148.82856120877653 -151.96967391202003 0.75
vertex 148.15430268622382 -151.60927522320588 0.75
vertex 148.15430268621725 -151.609275223204 0
endloop
endfacet
facet normal -0.47139673682600136 -0.8819212643483529 0
outer loop
vertex 148.82856120877653 -151.96967391202003 0.75
vertex 148.15430268621725 -151.609275223204 0
vertex 148.82856120877648 -151.96967391202165 0
endloop
endfacet
facet normal -0.29028467725447593 -0.9569403357322048 0
outer loop
vertex 148.15430268622382 -151.60927522320588 0.75
vertex 147.4226895558629 -151.38734280642745 0.75
vertex 147.422689555867 -151.38734280642868 0
endloop
endfacet
facet normal -0.29028467725447593 -0.9569403357322048 0
outer loop
vertex 148.15430268622382 -151.60927522320588 0.75
vertex 147.422689555867 -151.38734280642868 0
vertex 148.15430268621725 -151.609275223204 0
endloop
endfacet
facet normal -0.09801714032960263 -0.9951847266721927 0
outer loop
vertex 147.4226895558629 -151.38734280642745 0.75
vertex 146.66183730000012 -151.31240540000002 0.75
vertex 146.66183729999543 -151.31240540000042 0
endloop
endfacet
facet normal -0.09801714032960263 -0.9951847266721927 0
outer loop
vertex 147.4226895558629 -151.38734280642745 0.75
vertex 146.66183729999543 -151.31240540000042 0
vertex 147.422689555867 -151.38734280642868 0
endloop
endfacet
facet normal 0.09801714032957415 -0.9951847266721956 0
outer loop
vertex 146.66183730000012 -151.31240540000002 0.75
vertex 145.9009850441368 -151.38734280642745 0.75
vertex 145.90098504412373 -151.38734280642868 0
endloop
endfacet
facet normal 0.09801714032957415 -0.9951847266721956 0
outer loop
vertex 146.66183730000012 -151.31240540000002 0.75
vertex 145.90098504412373 -151.38734280642868 0
vertex 146.66183729999543 -151.31240540000042 0
endloop
endfacet
facet normal 0.2902846772544479 -0.9569403357322133 0
outer loop
vertex 145.9009850441368 -151.38734280642745 0.75
vertex 145.16937191377633 -151.60927522320588 0.75
vertex 145.16937191378724 -151.609275223204 0
endloop
endfacet
facet normal 0.2902846772544479 -0.9569403357322133 0
outer loop
vertex 145.9009850441368 -151.38734280642745 0.75
vertex 145.16937191378724 -151.609275223204 0
vertex 145.90098504412373 -151.38734280642868 0
endloop
endfacet
facet normal 0.4713967368259914 -0.8819212643483584 0
outer loop
vertex 145.16937191377633 -151.60927522320588 0.75
vertex 144.49511339122358 -151.96967391202003 0.75
vertex 144.49511339120977 -151.96967391202165 0
endloop
endfacet
facet normal 0.4713967368259914 -0.8819212643483584 0
outer loop
vertex 145.16937191377633 -151.60927522320588 0.75
vertex 144.49511339120977 -151.96967391202165 0
vertex 145.16937191378724 -151.609275223204 0
endloop
endfacet
facet normal 0.6343932841636518 -0.7730104533627319 0
outer loop
vertex 144.49511339122358 -151.96967391202003 0.75
vertex 143.90412085337252 -152.4546889533724 0.75
vertex 143.90412085336703 -152.45468895338232 0
endloop
endfacet
facet normal 0.6343932841636518 -0.7730104533627319 0
outer loop
vertex 144.49511339122358 -151.96967391202003 0.75
vertex 143.90412085336703 -152.45468895338232 0
vertex 144.49511339120977 -151.96967391202165 0
endloop
endfacet
facet normal 0.7730104533627319 -0.6343932841636518 0
outer loop
vertex 143.90412085337252 -152.4546889533724 0.75
vertex 143.4191058120201 -153.04568149122352 0.75
vertex 143.41910581201898 -153.04568149123313 0
endloop
endfacet
facet normal 0.7730104533627319 -0.6343932841636518 0
outer loop
vertex 143.90412085337252 -152.4546889533724 0.75
vertex 143.41910581201898 -153.04568149123313 0
vertex 143.90412085336703 -152.45468895338232 0
endloop
endfacet
facet normal 0.8819212643483553 -0.47139673682599736 0
outer loop
vertex 143.4191058120201 -153.04568149122352 0.75
vertex 143.05870712320598 -153.71994001377618 0.75
vertex 143.05870712322297 -153.71994001374972 0
endloop
endfacet
facet normal 0.8819212643483553 -0.47139673682599736 0
outer loop
vertex 143.4191058120201 -153.04568149122352 0.75
vertex 143.05870712322297 -153.71994001374972 0
vertex 143.41910581201898 -153.04568149123313 0
endloop
endfacet
facet normal 0.9569403357322133 -0.2902846772544479 0
outer loop
vertex 143.05870712320598 -153.71994001377618 0.75
vertex 142.83677470642743 -154.45155314413705 0.75
vertex 142.8367747064205 -154.45155314415064 0
endloop
endfacet
facet normal 0.9569403357322133 -0.2902846772544479 0
outer loop
vertex 143.05870712320598 -153.71994001377618 0.75
vertex 142.8367747064205 -154.45155314415064 0
vertex 143.05870712322297 -153.71994001374972 0
endloop
endfacet
facet normal 0.9951847266721956 -0.09801714032957431 0
outer loop
vertex 142.83677470642743 -154.45155314413705 0.75
vertex 142.76183730000002 -155.21240540000002 0.75
vertex 142.76183730000128 -155.2124053999842 0
endloop
endfacet
facet normal 0.9951847266721956 -0.09801714032957431 0
outer loop
vertex 142.83677470642743 -154.45155314413705 0.75
vertex 142.76183730000128 -155.2124053999842 0
vertex 142.8367747064205 -154.45155314415064 0
endloop
endfacet
facet normal 0.9951847266721927 0.09801714032960263 0
outer loop
vertex 142.76183730000002 -155.21240540000002 0.75
vertex 142.83677470642746 -155.97325765586285 0.75
vertex 142.8367747064301 -155.9732576558705 0
endloop
endfacet
facet normal 0.9951847266721927 0.09801714032960263 0
outer loop
vertex 142.76183730000002 -155.21240540000002 0.75
vertex 142.8367747064301 -155.9732576558705 0
vertex 142.76183730000128 -155.2124053999842 0
endloop
endfacet
facet normal 0.9569403357322048 0.29028467725447593 0
outer loop
vertex 142.83677470642746 -155.97325765586285 0.75
vertex 143.05870712320598 -156.704870786224 0.75
vertex 143.05870712320962 -156.704870786236 0
endloop
endfacet
facet normal 0.9569403357322048 0.29028467725447593 0
outer loop
vertex 142.83677470642746 -155.97325765586285 0.75
vertex 143.05870712320962 -156.704870786236 0
vertex 142.8367747064301 -155.9732576558705 0
endloop
endfacet
facet normal 0.8819212643483568 0.4713967368259944 0
outer loop
vertex 143.05870712320598 -156.704870786224 0.75
vertex 143.41910581202012 -157.3791293087763 0.75
vertex 143.41910581200707 -157.37912930875748 0
endloop
endfacet
facet normal 0.8819212643483568 0.4713967368259944 0
outer loop
vertex 143.05870712320598 -156.704870786224 0.75
vertex 143.41910581200707 -157.37912930875748 0
vertex 143.05870712320962 -156.704870786236 0
endloop
endfacet
facet normal 0.7730104533627069 0.6343932841636822 0
outer loop
vertex 143.41910581202012 -157.3791293087763 0.75
vertex 143.90412085337252 -157.9701218466275 0.75
vertex 143.90412085337053 -157.97012184662202 0
endloop
endfacet
facet normal 0.7730104533627069 0.6343932841636822 0
outer loop
vertex 143.41910581202012 -157.3791293087763 0.75
vertex 143.90412085337053 -157.97012184662202 0
vertex 143.41910581200707 -157.37912930875748 0
endloop
endfacet
facet normal 0.6343932841636499 0.7730104533627332 0
outer loop
vertex 143.90412085337252 -157.9701218466275 0.75
vertex 144.49511339122353 -158.45513688797993 0.75
vertex 144.49511339123214 -158.45513688798275 0
endloop
endfacet
facet normal 0.6343932841636499 0.7730104533627332 0
outer loop
vertex 143.90412085337252 -157.9701218466275 0.75
vertex 144.49511339123214 -158.45513688798275 0
vertex 143.90412085337053 -157.97012184662202 0
endloop
endfacet
facet normal 0.4713967368259664 0.8819212643483718 0
outer loop
vertex 144.49511339122353 -158.45513688797993 0.75
vertex 145.1693719137762 -158.815535576794 0.75
vertex 145.16937191379634 -158.8155355768024 0
endloop
endfacet
facet normal 0.4713967368259664 0.8819212643483718 0
outer loop
vertex 144.49511339122353 -158.45513688797993 0.75
vertex 145.16937191379634 -158.8155355768024 0
vertex 144.49511339123214 -158.45513688798275 0
endloop
endfacet
facet normal 0.2902846772544769 0.9569403357322044 0
outer loop
vertex 145.1693719137762 -158.815535576794 0.75
vertex 145.90098504413695 -159.03746799357262 0.75
vertex 145.90098504413012 -159.03746799357276 0
endloop
endfacet
facet normal 0.2902846772544769 0.9569403357322044 0
outer loop
vertex 145.1693719137762 -158.815535576794 0.75
vertex 145.90098504413012 -159.03746799357276 0
vertex 145.16937191379634 -158.8155355768024 0
endloop
endfacet
facet normal 0.09801714032957415 0.9951847266721956 0
outer loop
vertex 145.90098504413695 -159.03746799357262 0.75
vertex 146.6618373000002 -159.1124054 0.75
vertex 146.6618372999952 -159.1124054000004 0
endloop
endfacet
facet normal 0.09801714032957415 0.9951847266721956 0
outer loop
vertex 145.90098504413695 -159.03746799357262 0.75
vertex 146.6618372999952 -159.1124054000004 0
vertex 145.90098504413012 -159.03746799357276 0
endloop
endfacet
facet normal -0.09801714032957415 0.9951847266721956 0
outer loop
vertex 146.6618373000002 -159.1124054 0.75
vertex 147.4226895558627 -159.03746799357262 0.75
vertex 147.42268955586414 -159.03746799357276 0
endloop
endfacet
facet normal -0.09801714032957415 0.9951847266721956 0
outer loop
vertex 146.6618373000002 -159.1124054 0.75
vertex 147.42268955586414 -159.03746799357276 0
vertex 146.6618372999952 -159.1124054000004 0
endloop
endfacet
facet normal -0.2902846772544479 0.9569403357322133 0
outer loop
vertex 147.4226895558627 -159.03746799357262 0.75
vertex 148.15430268622387 -158.815535576794 0.75
vertex 148.15430268622248 -158.8155355768024 0
endloop
endfacet
facet normal -0.2902846772544479 0.9569403357322133 0
outer loop
vertex 147.4226895558627 -159.03746799357262 0.75
vertex 148.15430268622248 -158.8155355768024 0
vertex 147.42268955586414 -159.03746799357276 0
endloop
endfacet
facet normal -0.4713967368259914 0.8819212643483584 0
outer loop
vertex 148.15430268622387 -158.815535576794 0.75
vertex 148.82856120877642 -158.45513688797993 0.75
vertex 148.82856120877096 -158.45513688798275 0
endloop
endfacet
facet normal -0.4713967368259914 0.8819212643483584 0
outer loop
vertex 148.15430268622387 -158.815535576794 0.75
vertex 148.82856120877096 -158.45513688798275 0
vertex 148.15430268622248 -158.8155355768024 0
endloop
endfacet
facet normal -0.6343932841636518 0.7730104533627319 0
outer loop
vertex 148.82856120877642 -158.45513688797993 0.75
vertex 149.41955374662757 -157.9701218466275 0.75
vertex 149.4195537466322 -157.97012184662202 0
endloop
endfacet
facet normal -0.6343932841636518 0.7730104533627319 0
outer loop
vertex 148.82856120877642 -158.45513688797993 0.75
vertex 149.4195537466322 -157.97012184662202 0
vertex 148.82856120877096 -158.45513688798275 0
endloop
endfacet
facet normal -0.7730104533627319 0.6343932841636518 0
outer loop
vertex 149.41955374662757 -157.9701218466275 0.75
vertex 149.90456878798005 -157.3791293087763 0.75
vertex 149.90456878797795 -157.37912930875748 0
endloop
endfacet
facet normal -0.7730104533627319 0.6343932841636518 0
outer loop
vertex 149.41955374662757 -157.9701218466275 0.75
vertex 149.90456878797795 -157.37912930875748 0
vertex 149.4195537466322 -157.97012184662202 0
endloop
endfacet
facet normal -0.8819212643483552 0.47139673682599736 0
outer loop
vertex 149.90456878798005 -157.3791293087763 0.75
vertex 150.26496747679397 -156.704870786224 0.75
vertex 150.26496747679815 -156.704870786236 0
endloop
endfacet
facet normal -0.8819212643483552 0.47139673682599736 0
outer loop
vertex 149.90456878798005 -157.3791293087763 0.75
vertex 150.26496747679815 -156.704870786236 0
vertex 149.90456878797795 -157.37912930875748 0
endloop
endfacet
facet normal -0.9569403357322133 0.2902846772544479 0
outer loop
vertex 150.26496747679397 -156.704870786224 0.75
vertex 150.4868998935726 -155.97325765586285 0.75
vertex 150.4868998935701 -155.9732576558705 0
endloop
endfacet
facet normal -0.9569403357322133 0.2902846772544479 0
outer loop
vertex 150.26496747679397 -156.704870786224 0.75
vertex 150.4868998935701 -155.9732576558705 0
vertex 150.26496747679815 -156.704870786236 0
endloop
endfacet
facet normal -0.9951847266721985 0.09801714032954566 0
outer loop
vertex 192.89248309357257 -87.46913375586291 0.75
vertex 192.9674205 -86.70828149999997 0.75
vertex 192.9674204999992 -86.70828149999713 0
endloop
endfacet
facet normal -0.9951847266721985 0.09801714032954566 0
outer loop
vertex 192.89248309357257 -87.46913375586291 0.75
vertex 192.9674204999992 -86.70828149999713 0
vertex 192.8924830935715 -87.46913375586307 0
endloop
endfacet
facet normal -0.9951847266721969 -0.09801714032956015 6.805413186193522e-13
outer loop
vertex 192.9674205 -86.70828149999997 0.75
vertex 192.8924830935726 -85.94742924413698 0.75
vertex 192.892483093572 -85.94742924413613 0
endloop
endfacet
facet normal -0.9951847266721969 -0.09801714032956015 6.805413186193522e-13
outer loop
vertex 192.9674205 -86.70828149999997 0.75
vertex 192.892483093572 -85.94742924413613 0
vertex 192.89646237829996 -85.98783160000002 0
endloop
endfacet
facet normal -0.9951847266721969 -0.09801714032956015 6.805413186193522e-13
outer loop
vertex 192.9674205 -86.70828149999997 0.75
vertex 192.89646237829996 -85.98783160000002 0
vertex 192.9674204999992 -86.70828149999713 0
endloop
endfacet
facet normal -0.9569403357322133 -0.2902846772544479 0
outer loop
vertex 192.8924830935726 -85.94742924413698 0.75
vertex 192.67055067679408 -85.21581611377626 0.75
vertex 192.67055067679365 -85.21581611377587 0
endloop
endfacet
facet normal -0.9569403357322133 -0.2902846772544479 0
outer loop
vertex 192.8924830935726 -85.94742924413698 0.75
vertex 192.67055067679365 -85.21581611377587 0
vertex 192.892483093572 -85.94742924413613 0
endloop
endfacet
facet normal -0.881921264348342 -0.47139673682602246 0
outer loop
vertex 192.67055067679408 -85.21581611377626 0.75
vertex 192.31015198797994 -84.54155759122354 0.75
vertex 192.31015198798008 -84.54155759122429 0
endloop
endfacet
facet normal -0.881921264348342 -0.47139673682602246 0
outer loop
vertex 192.67055067679408 -85.21581611377626 0.75
vertex 192.31015198798008 -84.54155759122429 0
vertex 192.67055067679365 -85.21581611377587 0
endloop
endfacet
facet normal -0.7730104533627572 -0.6343932841636208 0
outer loop
vertex 192.31015198797994 -84.54155759122354 0.75
vertex 191.82513694662757 -83.95056505337247 0.75
vertex 191.82513694660267 -83.95056505334269 0
endloop
endfacet
facet normal -0.7730104533627572 -0.6343932841636208 0
outer loop
vertex 192.31015198797994 -84.54155759122354 0.75
vertex 191.82513694660267 -83.95056505334269 0
vertex 192.31015198798008 -84.54155759122429 0
endloop
endfacet
facet normal -0.6343932841636012 -0.7730104533627734 0
outer loop
vertex 191.82513694662757 -83.95056505337247 0.75
vertex 191.23414440877647 -83.46555001202009 0.75
vertex 191.23414440879804 -83.4655500120285 0
endloop
endfacet
facet normal -0.6343932841636012 -0.7730104533627734 0
outer loop
vertex 191.82513694662757 -83.95056505337247 0.75
vertex 191.23414440879804 -83.4655500120285 0
vertex 191.82513694660267 -83.95056505334269 0
endloop
endfacet
facet normal -0.471396736826014 -0.8819212643483463 0
outer loop
vertex 191.23414440877647 -83.46555001202009 0.75
vertex 190.55988588622384 -83.10515132320597 0.75
vertex 190.55988588623558 -83.10515132320913 0
endloop
endfacet
facet normal -0.471396736826014 -0.8819212643483463 0
outer loop
vertex 191.23414440877647 -83.46555001202009 0.75
vertex 190.55988588623558 -83.10515132320913 0
vertex 191.23414440879804 -83.4655500120285 0
endloop
endfacet
facet normal -0.2902846772544479 -0.9569403357322133 0
outer loop
vertex 190.55988588622384 -83.10515132320597 0.75
vertex 189.82827275586286 -82.88321890642739 0.75
vertex 189.82827275586618 -82.883218906428 0
endloop
endfacet
facet normal -0.2902846772544479 -0.9569403357322133 0
outer loop
vertex 190.55988588622384 -83.10515132320597 0.75
vertex 189.82827275586618 -82.883218906428 0
vertex 190.55988588623558 -83.10515132320913 0
endloop
endfacet
facet normal -0.09801714032957423 -0.9951847266721956 0
outer loop
vertex 189.82827275586286 -82.88321890642739 0.75
vertex 189.06742050000008 -82.80828149999999 0.75
vertex 189.06742049999988 -82.80828150000025 0
endloop
endfacet
facet normal -0.09801714032957423 -0.9951847266721956 0
outer loop
vertex 189.82827275586286 -82.88321890642739 0.75
vertex 189.06742049999988 -82.80828150000025 0
vertex 189.82827275586618 -82.883218906428 0
endloop
endfacet
facet normal 0.09801714032957415 -0.9951847266721956 0
outer loop
vertex 189.06742050000008 -82.80828149999999 0.75
vertex 188.3065682441371 -82.88321890642739 0.75
vertex 188.30656824413356 -82.883218906428 0
endloop
endfacet
facet normal 0.09801714032957415 -0.9951847266721956 0
outer loop
vertex 189.06742050000008 -82.80828149999999 0.75
vertex 188.30656824413356 -82.883218906428 0
vertex 189.06742049999988 -82.80828150000025 0
endloop
endfacet
facet normal 0.2902846772544479 -0.9569403357322133 0
outer loop
vertex 188.3065682441371 -82.88321890642739 0.75
vertex 187.57495511377613 -83.10515132320597 0.75
vertex 187.5749551137678 -83.10515132320913 0
endloop
endfacet
facet normal 0.2902846772544479 -0.9569403357322133 0
outer loop
vertex 188.3065682441371 -82.88321890642739 0.75
vertex 187.5749551137678 -83.10515132320913 0
vertex 188.30656824413356 -82.883218906428 0
endloop
endfacet
facet normal 0.4713967368259914 -0.8819212643483584 0
outer loop
vertex 187.57495511377613 -83.10515132320597 0.75
vertex 186.90069659122358 -83.46555001202009 0.75
vertex 186.9006965912159 -83.4655500120285 0
endloop
endfacet
facet normal 0.4713967368259914 -0.8819212643483584 0
outer loop
vertex 187.57495511377613 -83.10515132320597 0.75
vertex 186.9006965912159 -83.4655500120285 0
vertex 187.5749551137678 -83.10515132320913 0
endloop
endfacet
facet normal 0.6343932841636518 -0.7730104533627319 0
outer loop
vertex 186.90069659122358 -83.46555001202009 0.75
vertex 186.30970405337246 -83.95056505337247 0.75
vertex 186.30970405341276 -83.95056505334269 0
endloop
endfacet
facet normal 0.6343932841636518 -0.7730104533627319 0
outer loop
vertex 186.90069659122358 -83.46555001202009 0.75
vertex 186.30970405341276 -83.95056505334269 0
vertex 186.9006965912159 -83.4655500120285 0
endloop
endfacet
facet normal 0.7730104533627319 -0.6343932841636518 0
outer loop
vertex 186.30970405337246 -83.95056505337247 0.75
vertex 185.82468901202006 -84.54155759122354 0.75
vertex 185.82468901200482 -84.54155759122429 0
endloop
endfacet
facet normal 0.7730104533627319 -0.6343932841636518 0
outer loop
vertex 186.30970405337246 -83.95056505337247 0.75
vertex 185.82468901200482 -84.54155759122429 0
vertex 186.30970405341276 -83.95056505334269 0
endloop
endfacet
facet normal 0.8819212643483584 -0.4713967368259914 0
outer loop
vertex 185.82468901202006 -84.54155759122354 0.75
vertex 185.46429032320594 -85.21581611377626 0.75
vertex 185.46429032320532 -85.21581611377587 0
endloop
endfacet
facet normal 0.8819212643483584 -0.4713967368259914 0
outer loop
vertex 185.82468901202006 -84.54155759122354 0.75
vertex 185.46429032320532 -85.21581611377587 0
vertex 185.82468901200482 -84.54155759122429 0
endloop
endfacet
facet normal 0.9569403357322133 -0.2902846772544479 0
outer loop
vertex 185.46429032320594 -85.21581611377626 0.75
vertex 185.24235790642737 -85.94742924413698 0.75
vertex 185.24235790642774 -85.94742924413613 0
endloop
endfacet
facet normal 0.9569403357322133 -0.2902846772544479 0
outer loop
vertex 185.46429032320594 -85.21581611377626 0.75
vertex 185.24235790642774 -85.94742924413613 0
vertex 185.46429032320532 -85.21581611377587 0
endloop
endfacet
facet normal 0.9951847266721985 -0.09801714032954566 0
outer loop
vertex 185.24235790642737 -85.94742924413698 0.75
vertex 185.16742049999996 -86.70828149999997 0.75
vertex 185.16742049999996 -86.70828149999713 0
endloop
endfacet
facet normal 0.9951847266721985 -0.09801714032954566 0
outer loop
vertex 185.24235790642737 -85.94742924413698 0.75
vertex 185.16742049999996 -86.70828149999713 0
vertex 185.24235790642774 -85.94742924413613 0
endloop
endfacet
facet normal 0.9951847266721956 0.09801714032957415 0
outer loop
vertex 185.16742049999996 -86.70828149999997 0.75
vertex 185.24235790642734 -87.46913375586291 0.75
vertex 185.24235790642717 -87.46913375586307 0
endloop
endfacet
facet normal 0.9951847266721956 0.09801714032957415 0
outer loop
vertex 185.16742049999996 -86.70828149999997 0.75
vertex 185.24235790642717 -87.46913375586307 0
vertex 185.16742049999996 -86.70828149999713 0
endloop
endfacet
facet normal 0.9569403357322199 0.290284677254426 -2.660351787707411e-13
outer loop
vertex 185.24235790642734 -87.46913375586291 0.75
vertex 185.4642903232059 -88.20074688622384 0.75
vertex 185.46429032320577 -88.20074688622415 0
endloop
endfacet
facet normal 0.9569403357322199 0.290284677254426 -2.660351787707411e-13
outer loop
vertex 185.24235790642734 -87.46913375586291 0.75
vertex 185.46429032320577 -88.20074688622415 0
vertex 185.31247049946748 -87.700264 0
endloop
endfacet
facet normal 0.9569403357322199 0.290284677254426 -2.660351787707411e-13
outer loop
vertex 185.24235790642734 -87.46913375586291 0.75
vertex 185.31247049946748 -87.700264 0
vertex 185.24235790642717 -87.46913375586307 0
endloop
endfacet
facet normal 0.8819212643483568 0.4713967368259944 0
outer loop
vertex 185.4642903232059 -88.20074688622384 0.75
vertex 185.82468901202017 -88.87500540877649 0.75
vertex 185.82468901201463 -88.87500540876981 0
endloop
endfacet
facet normal 0.8819212643483568 0.4713967368259944 0
outer loop
vertex 185.4642903232059 -88.20074688622384 0.75
vertex 185.82468901201463 -88.87500540876981 0
vertex 185.46429032320577 -88.20074688622415 0
endloop
endfacet
facet normal 0.7730104533627572 0.6343932841636208 0
outer loop
vertex 185.82468901202017 -88.87500540877649 0.75
vertex 186.30970405337243 -89.4659979466275 0.75
vertex 186.30970405338942 -89.46599794664425 0
endloop
endfacet
facet normal 0.7730104533627572 0.6343932841636208 0
outer loop
vertex 185.82468901202017 -88.87500540877649 0.75
vertex 186.30970405338942 -89.46599794664425 0
vertex 185.82468901201463 -88.87500540876981 0
endloop
endfacet
facet normal 0.6343932841636364 0.7730104533627445 0
outer loop
vertex 186.30970405337243 -89.4659979466275 0.75
vertex 186.9006965912235 -89.95101298797988 0.75
vertex 186.9006965912156 -89.9510129879762 0
endloop
endfacet
facet normal 0.6343932841636364 0.7730104533627445 0
outer loop
vertex 186.30970405337243 -89.4659979466275 0.75
vertex 186.9006965912156 -89.9510129879762 0
vertex 186.30970405338942 -89.46599794664425 0
endloop
endfacet
facet normal 0.4713967368260147 0.8819212643483458 0
outer loop
vertex 186.9006965912235 -89.95101298797988 0.75
vertex 187.57495511377618 -90.31141167679401 0.75
vertex 187.57495511378528 -90.31141167679942 0
endloop
endfacet
facet normal 0.4713967368260147 0.8819212643483458 0
outer loop
vertex 186.9006965912235 -89.95101298797988 0.75
vertex 187.57495511378528 -90.31141167679942 0
vertex 186.9006965912156 -89.9510129879762 0
endloop
endfacet
facet normal 0.2902846772544549 0.9569403357322112 0
outer loop
vertex 187.57495511377618 -90.31141167679401 0.75
vertex 188.3065682441371 -90.53334409357261 0.75
vertex 188.30656824412912 -90.53334409357282 0
endloop
endfacet
facet normal 0.2902846772544549 0.9569403357322112 0
outer loop
vertex 187.57495511377618 -90.31141167679401 0.75
vertex 188.30656824412912 -90.53334409357282 0
vertex 187.57495511378528 -90.31141167679942 0
endloop
endfacet
facet normal 0.09801714032957423 0.9951847266721956 0
outer loop
vertex 188.3065682441371 -90.53334409357261 0.75
vertex 189.06742050000005 -90.6082815 0.75
vertex 189.06742049999897 -90.60828150000091 0
endloop
endfacet
facet normal 0.09801714032957423 0.9951847266721956 0
outer loop
vertex 188.3065682441371 -90.53334409357261 0.75
vertex 189.06742049999897 -90.60828150000091 0
vertex 188.30656824412912 -90.53334409357282 0
endloop
endfacet
facet normal -0.09801714032957415 0.9951847266721956 0
outer loop
vertex 189.06742050000005 -90.6082815 0.75
vertex 189.82827275586274 -90.53334409357261 0.75
vertex 189.82827275586016 -90.53334409357282 0
endloop
endfacet
facet normal -0.09801714032957415 0.9951847266721956 0
outer loop
vertex 189.06742050000005 -90.6082815 0.75
vertex 189.82827275586016 -90.53334409357282 0
vertex 189.06742049999897 -90.60828150000091 0
endloop
endfacet
facet normal -0.2902846772544479 0.9569403357322133 0
outer loop
vertex 189.82827275586274 -90.53334409357261 0.75
vertex 190.55988588622384 -90.31141167679401 0.75
vertex 190.55988588622705 -90.31141167679942 0
endloop
endfacet
facet normal -0.2902846772544479 0.9569403357322133 0
outer loop
vertex 189.82827275586274 -90.53334409357261 0.75
vertex 190.55988588622705 -90.31141167679942 0
vertex 189.82827275586016 -90.53334409357282 0
endloop
endfacet
facet normal -0.4713967368259914 0.8819212643483584 0
outer loop
vertex 190.55988588622384 -90.31141167679401 0.75
vertex 191.2341444087765 -89.95101298797988 0.75
vertex 191.23414440877744 -89.9510129879762 0
endloop
endfacet
facet normal -0.4713967368259914 0.8819212643483584 0
outer loop
vertex 190.55988588622384 -90.31141167679401 0.75
vertex 191.23414440877744 -89.9510129879762 0
vertex 190.55988588622705 -90.31141167679942 0
endloop
endfacet
facet normal -0.6343932841636208 0.7730104533627572 0
outer loop
vertex 191.2341444087765 -89.95101298797988 0.75
vertex 191.82513694662757 -89.4659979466275 0.75
vertex 191.82513694662583 -89.46599794664425 0
endloop
endfacet
facet normal -0.6343932841636208 0.7730104533627572 0
outer loop
vertex 191.2341444087765 -89.95101298797988 0.75
vertex 191.82513694662583 -89.46599794664425 0
vertex 191.23414440877744 -89.9510129879762 0
endloop
endfacet
facet normal -0.7730104533627319 0.6343932841636518 0
outer loop
vertex 191.82513694662757 -89.4659979466275 0.75
vertex 192.3101519879799 -88.87500540877649 0.75
vertex 192.31015198797908 -88.87500540876981 0
endloop
endfacet
facet normal -0.7730104533627319 0.6343932841636518 0
outer loop
vertex 191.82513694662757 -89.4659979466275 0.75
vertex 192.31015198797908 -88.87500540876981 0
vertex 191.82513694662583 -89.46599794664425 0
endloop
endfacet
facet normal -0.8819212643483552 0.47139673682599736 0
outer loop
vertex 192.3101519879799 -88.87500540877649 0.75
vertex 192.67055067679402 -88.20074688622384 0.75
vertex 192.67055067679394 -88.20074688622415 0
endloop
endfacet
facet normal -0.8819212643483552 0.47139673682599736 0
outer loop
vertex 192.3101519879799 -88.87500540877649 0.75
vertex 192.67055067679394 -88.20074688622415 0
vertex 192.31015198797908 -88.87500540876981 0
endloop
endfacet
facet normal -0.9569403357322133 0.2902846772544479 0
outer loop
vertex 192.67055067679402 -88.20074688622384 0.75
vertex 192.89248309357257 -87.46913375586291 0.75
vertex 192.8924830935715 -87.46913375586307 0
endloop
endfacet
facet normal -0.9569403357322133 0.2902846772544479 0
outer loop
vertex 192.67055067679402 -88.20074688622384 0.75
vertex 192.8924830935715 -87.46913375586307 0
vertex 192.67055067679394 -88.20074688622415 0
endloop
endfacet
facet normal -0.9951847266721985 0.09801714032954566 0
outer loop
vertex 246.66399179357262 -169.59528945586277 0.75
vertex 246.7389292 -168.83443720000022 0.75
vertex 246.73892920000213 -168.83443720001586 0
endloop
endfacet
facet normal -0.9951847266721985 0.09801714032954566 0
outer loop
vertex 246.66399179357262 -169.59528945586277 0.75
vertex 246.73892920000213 -168.83443720001586 0
vertex 246.66399179357452 -169.59528945588116 0
endloop
endfacet
facet normal -0.9951847266721956 -0.09801714032957415 0
outer loop
vertex 246.7389292 -168.83443720000022 0.75
vertex 246.66399179357256 -168.073584944137 0.75
vertex 246.66399179357273 -168.0735849441328 0
endloop
endfacet
facet normal -0.9951847266721956 -0.09801714032957415 0
outer loop
vertex 246.7389292 -168.83443720000022 0.75
vertex 246.66399179357273 -168.0735849441328 0
vertex 246.73892920000213 -168.83443720001586 0
endloop
endfacet
facet normal -0.9569403357322048 -0.29028467725447593 0
outer loop
vertex 246.66399179357256 -168.073584944137 0.75
vertex 246.44205937679405 -167.34197181377618 0.75
vertex 246.44205937679803 -167.34197181378462 0
endloop
endfacet
facet normal -0.9569403357322048 -0.29028467725447593 0
outer loop
vertex 246.66399179357256 -168.073584944137 0.75
vertex 246.44205937679803 -167.34197181378462 0
vertex 246.66399179357273 -168.0735849441328 0
endloop
endfacet
facet normal -0.8819212643483734 -0.47139673682596345 0
outer loop
vertex 246.44205937679405 -167.34197181377618 0.75
vertex 246.08166068797996 -166.6677132912236 0.75
vertex 246.08166068799082 -166.66771329124487 0
endloop
endfacet
facet normal -0.8819212643483734 -0.47139673682596345 0
outer loop
vertex 246.44205937679405 -167.34197181377618 0.75
vertex 246.08166068799082 -166.66771329124487 0
vertex 246.44205937679803 -167.34197181378462 0
endloop
endfacet
facet normal -0.7730104533627319 -0.6343932841636518 0
outer loop
vertex 246.08166068797996 -166.6677132912236 0.75
vertex 245.59664564662745 -166.07672075337229 0.75
vertex 245.5966456466158 -166.07672075336617 0
endloop
endfacet
facet normal -0.7730104533627319 -0.6343932841636518 0
outer loop
vertex 246.08166068797996 -166.6677132912236 0.75
vertex 245.5966456466158 -166.07672075336617 0
vertex 246.08166068799082 -166.66771329124487 0
endloop
endfacet
facet normal -0.6343932841634687 -0.7730104533628822 3.3100468694874893e-12
outer loop
vertex 245.59664564662745 -166.07672075337229 0.75
vertex 245.00565310877636 -165.59170571202012 0.75
vertex 245.00565310876812 -165.59170571201656 0
endloop
endfacet
facet normal -0.6343932841634687 -0.7730104533628822 3.3100468694874893e-12
outer loop
vertex 245.59664564662745 -166.07672075337229 0.75
vertex 245.00565310876812 -165.59170571201656 0
vertex 245.09545180809727 -165.6654016 0
endloop
endfacet
facet normal -0.6343932841634687 -0.7730104533628822 3.3100468694874893e-12
outer loop
vertex 245.59664564662745 -166.07672075337229 0.75
vertex 245.09545180809727 -165.6654016 0
vertex 245.5966456466158 -166.07672075336617 0
endloop
endfacet
facet normal -0.4713967368259909 -0.8819212643483587 0
outer loop
vertex 245.00565310877636 -165.59170571202012 0.75
vertex 244.33139458622392 -165.23130702320603 0.75
vertex 244.33139458622716 -165.2313070232087 0
endloop
endfacet
facet normal -0.4713967368259909 -0.8819212643483587 0
outer loop
vertex 245.00565310877636 -165.59170571202012 0.75
vertex 244.33139458622716 -165.2313070232087 0
vertex 245.00565310876812 -165.59170571201656 0
endloop
endfacet
facet normal -0.2902846772544769 -0.9569403357322044 0
outer loop
vertex 244.33139458622392 -165.23130702320603 0.75
vertex 243.59978145586294 -165.0093746064274 0.75
vertex 243.5997814558609 -165.0093746064285 0
endloop
endfacet
facet normal -0.2902846772544769 -0.9569403357322044 0
outer loop
vertex 244.33139458622392 -165.23130702320603 0.75
vertex 243.5997814558609 -165.0093746064285 0
vertex 244.33139458622716 -165.2313070232087 0
endloop
endfacet
facet normal -0.09801714032957415 -0.9951847266721956 0
outer loop
vertex 243.59978145586294 -165.0093746064274 0.75
vertex 242.8389292 -164.9344372 0.75
vertex 242.83892919999252 -164.93443720000056 0
endloop
endfacet
facet normal -0.09801714032957415 -0.9951847266721956 0
outer loop
vertex 243.59978145586294 -165.0093746064274 0.75
vertex 242.83892919999252 -164.93443720000056 0
vertex 243.5997814558609 -165.0093746064285 0
endloop
endfacet
facet normal 0.09801714032957415 -0.9951847266721956 0
outer loop
vertex 242.8389292 -164.9344372 0.75
vertex 242.0780769441372 -165.0093746064274 0.75
vertex 242.07807694412404 -165.0093746064285 0
endloop
endfacet
facet normal 0.09801714032957415 -0.9951847266721956 0
outer loop
vertex 242.8389292 -164.9344372 0.75
vertex 242.07807694412404 -165.0093746064285 0
vertex 242.83892919999252 -164.93443720000056 0
endloop
endfacet
facet normal 0.2902846772544479 -0.9569403357322133 0
outer loop
vertex 242.0780769441372 -165.0093746064274 0.75
vertex 241.34646381377604 -165.23130702320603 0.75
vertex 241.34646381377308 -165.2313070232087 0
endloop
endfacet
facet normal 0.2902846772544479 -0.9569403357322133 0
outer loop
vertex 242.0780769441372 -165.0093746064274 0.75
vertex 241.34646381377308 -165.2313070232087 0
vertex 242.07807694412404 -165.0093746064285 0
endloop
endfacet
facet normal 0.47139673682599736 -0.8819212643483552 0
outer loop
vertex 241.34646381377604 -165.23130702320603 0.75
vertex 240.67220529122343 -165.59170571202012 0.75
vertex 240.672205291231 -165.59170571201656 0
endloop
endfacet
facet normal 0.47139673682599736 -0.8819212643483552 0
outer loop
vertex 241.34646381377604 -165.23130702320603 0.75
vertex 240.672205291231 -165.59170571201656 0
vertex 241.34646381377308 -165.2313070232087 0
endloop
endfacet
facet normal 0.6343932841636688 -0.7730104533627179 0
outer loop
vertex 240.67220529122343 -165.59170571202012 0.75
vertex 240.08121275337263 -166.07672075337229 0.75
vertex 240.08121275337504 -166.07672075336617 0
endloop
endfacet
facet normal 0.6343932841636688 -0.7730104533627179 0
outer loop
vertex 240.67220529122343 -165.59170571202012 0.75
vertex 240.08121275337504 -166.07672075336617 0
vertex 240.672205291231 -165.59170571201656 0
endloop
endfacet
facet normal 0.7730104533627319 -0.6343932841636518 0
outer loop
vertex 240.08121275337263 -166.07672075337229 0.75
vertex 239.59619771201997 -166.6677132912236 0.75
vertex 239.59619771200374 -166.66771329124487 0
endloop
endfacet
facet normal 0.7730104533627319 -0.6343932841636518 0
outer loop
vertex 240.08121275337263 -166.07672075337229 0.75
vertex 239.59619771200374 -166.66771329124487 0
vertex 240.08121275337504 -166.07672075336617 0
endloop
endfacet
facet normal 0.8819212643483403 -0.47139673682602534 0
outer loop
vertex 239.59619771201997 -166.6677132912236 0.75
vertex 239.23579902320603 -167.34197181377618 0.75
vertex 239.2357990232036 -167.34197181378462 0
endloop
endfacet
facet normal 0.8819212643483403 -0.47139673682602534 0
outer loop
vertex 239.59619771201997 -166.6677132912236 0.75
vertex 239.2357990232036 -167.34197181378462 0
vertex 239.59619771200374 -166.66771329124487 0
endloop
endfacet
facet normal 0.9569403357322042 -0.2902846772544779 0
outer loop
vertex 239.23579902320603 -167.34197181377618 0.75
vertex 239.01386660642737 -168.073584944137 0.75
vertex 239.01386660642706 -168.0735849441328 0
endloop
endfacet
facet normal 0.9569403357322042 -0.2902846772544779 0
outer loop
vertex 239.23579902320603 -167.34197181377618 0.75
vertex 239.01386660642706 -168.0735849441328 0
vertex 239.2357990232036 -167.34197181378462 0
endloop
endfacet
facet normal 0.9951847266721956 -0.09801714032957415 0
outer loop
vertex 239.01386660642737 -168.073584944137 0.75
vertex 238.9389292 -168.83443720000022 0.75
vertex 238.9389291999978 -168.83443720001586 0
endloop
endfacet
facet normal 0.9951847266721956 -0.09801714032957415 0
outer loop
vertex 239.01386660642737 -168.073584944137 0.75
vertex 238.9389291999978 -168.83443720001586 0
vertex 239.01386660642706 -168.0735849441328 0
endloop
endfacet
facet normal 0.9951847266721957 0.09801714032957415 0
outer loop
vertex 238.9389292 -168.83443720000022 0.75
vertex 239.01386660642737 -169.59528945586277 0.75
vertex 239.01386660642822 -169.59528945588116 0
endloop
endfacet
facet normal 0.9951847266721957 0.09801714032957415 0
outer loop
vertex 238.9389292 -168.83443720000022 0.75
vertex 239.01386660642822 -169.59528945588116 0
vertex 238.9389291999978 -168.83443720001586 0
endloop
endfacet
facet normal 0.9569403357322133 0.2902846772544479 0
outer loop
vertex 239.01386660642737 -169.59528945586277 0.75
vertex 239.235799023206 -170.3269025862238 0.75
vertex 239.2357990231916 -170.32690258618618 0
endloop
endfacet
facet normal 0.9569403357322133 0.2902846772544479 0
outer loop
vertex 239.01386660642737 -169.59528945586277 0.75
vertex 239.2357990231916 -170.32690258618618 0
vertex 239.01386660642822 -169.59528945588116 0
endloop
endfacet
facet normal 0.8819212643483418 0.4713967368260224 0
outer loop
vertex 239.235799023206 -170.3269025862238 0.75
vertex 239.59619771202014 -171.00116110877622 0.75
vertex 239.5961977120435 -171.00116110880953 0
endloop
endfacet
facet normal 0.8819212643483418 0.4713967368260224 0
outer loop
vertex 239.235799023206 -170.3269025862238 0.75
vertex 239.5961977120435 -171.00116110880953 0
vertex 239.2357990231916 -170.32690258618618 0
endloop
endfacet
facet normal 0.7730104533627319 0.6343932841636518 0
outer loop
vertex 239.59619771202014 -171.00116110877622 0.75
vertex 240.08121275337243 -171.59215364662762 0.75
vertex 240.0812127533581 -171.59215364661455 0
endloop
endfacet
facet normal 0.7730104533627319 0.6343932841636518 0
outer loop
vertex 239.59619771202014 -171.00116110877622 0.75
vertex 240.0812127533581 -171.59215364661455 0
vertex 239.5961977120435 -171.00116110880953 0
endloop
endfacet
facet normal 0.6343932841636218 0.7730104533627565 0
outer loop
vertex 240.08121275337243 -171.59215364662762 0.75
vertex 240.67220529122343 -172.07716868797985 0.75
vertex 240.6722052912209 -172.07716868797652 0
endloop
endfacet
facet normal 0.6343932841636218 0.7730104533627565 0
outer loop
vertex 240.08121275337243 -171.59215364662762 0.75
vertex 240.6722052912209 -172.07716868797652 0
vertex 240.0812127533581 -171.59215364661455 0
endloop
endfacet
facet normal 0.47139673682600136 0.8819212643483529 0
outer loop
vertex 240.67220529122343 -172.07716868797985 0.75
vertex 241.34646381377618 -172.4375673767939 0.75
vertex 241.34646381378266 -172.4375673767955 0
endloop
endfacet
facet normal 0.47139673682600136 0.8819212643483529 0
outer loop
vertex 240.67220529122343 -172.07716868797985 0.75
vertex 241.34646381378266 -172.4375673767955 0
vertex 240.6722052912209 -172.07716868797652 0
endloop
endfacet
facet normal 0.2902846772544479 0.9569403357322133 0
outer loop
vertex 241.34646381377618 -172.4375673767939 0.75
vertex 242.0780769441371 -172.65949979357262 0.75
vertex 242.0780769441462 -172.65949979357487 0
endloop
endfacet
facet normal 0.2902846772544479 0.9569403357322133 0
outer loop
vertex 241.34646381377618 -172.4375673767939 0.75
vertex 242.0780769441462 -172.65949979357487 0
vertex 241.34646381378266 -172.4375673767955 0
endloop
endfacet
facet normal 0.09801714032957415 0.9951847266721956 0
outer loop
vertex 242.0780769441371 -172.65949979357262 0.75
vertex 242.83892919999997 -172.7344372 0.75
vertex 242.83892919999496 -172.73443720000088 0
endloop
endfacet
facet normal 0.09801714032957415 0.9951847266721956 0
outer loop
vertex 242.0780769441371 -172.65949979357262 0.75
vertex 242.83892919999496 -172.73443720000088 0
vertex 242.0780769441462 -172.65949979357487 0
endloop
endfacet
facet normal -0.09801714032957415 0.9951847266721956 0
outer loop
vertex 242.83892919999997 -172.7344372 0.75
vertex 243.59978145586265 -172.65949979357262 0.75
vertex 243.59978145586248 -172.65949979357487 0
endloop
endfacet
facet normal -0.09801714032957415 0.9951847266721956 0
outer loop
vertex 242.83892919999997 -172.7344372 0.75
vertex 243.59978145586248 -172.65949979357487 0
vertex 242.83892919999496 -172.73443720000088 0
endloop
endfacet
facet normal -0.2902846772544479 0.9569403357322133 0
outer loop
vertex 243.59978145586265 -172.65949979357262 0.75
vertex 244.3313945862241 -172.4375673767939 0.75
vertex 244.33139458622043 -172.4375673767955 0
endloop
endfacet
facet normal -0.2902846772544479 0.9569403357322133 0
outer loop
vertex 243.59978145586265 -172.65949979357262 0.75
vertex 244.33139458622043 -172.4375673767955 0
vertex 243.59978145586248 -172.65949979357487 0
endloop
endfacet
facet normal -0.4713967368259914 0.8819212643483584 0
outer loop
vertex 244.3313945862241 -172.4375673767939 0.75
vertex 245.00565310877658 -172.07716868797985 0.75
vertex 245.00565310876482 -172.07716868797652 0
endloop
endfacet
facet normal -0.4713967368259914 0.8819212643483584 0
outer loop
vertex 244.3313945862241 -172.4375673767939 0.75
vertex 245.00565310876482 -172.07716868797652 0
vertex 244.33139458622043 -172.4375673767955 0
endloop
endfacet
facet normal -0.6343932841636518 0.7730104533627319 0
outer loop
vertex 245.00565310877658 -172.07716868797985 0.75
vertex 245.59664564662742 -171.59215364662762 0.75
vertex 245.59664564663882 -171.59215364661455 0
endloop
endfacet
facet normal -0.6343932841636518 0.7730104533627319 0
outer loop
vertex 245.00565310877658 -172.07716868797985 0.75
vertex 245.59664564663882 -171.59215364661455 0
vertex 245.00565310876482 -172.07716868797652 0
endloop
endfacet
facet normal -0.7730104533627319 0.6343932841636518 0
outer loop
vertex 245.59664564662742 -171.59215364662762 0.75
vertex 246.0816606879801 -171.00116110877622 0.75
vertex 246.0816606879813 -171.00116110880953 0
endloop
endfacet
facet normal -0.7730104533627319 0.6343932841636518 0
outer loop
vertex 245.59664564662742 -171.59215364662762 0.75
vertex 246.0816606879813 -171.00116110880953 0
vertex 245.59664564663882 -171.59215364661455 0
endloop
endfacet
facet normal -0.8819212643483703 0.47139673682596933 0
outer loop
vertex 246.0816606879801 -171.00116110877622 0.75
vertex 246.44205937679402 -170.3269025862238 0.75
vertex 246.44205937678987 -170.32690258618618 0
endloop
endfacet
facet normal -0.8819212643483703 0.47139673682596933 0
outer loop
vertex 246.0816606879801 -171.00116110877622 0.75
vertex 246.44205937678987 -170.32690258618618 0
vertex 246.0816606879813 -171.00116110880953 0
endloop
endfacet
facet normal -0.9569403357322042 0.2902846772544779 0
outer loop
vertex 246.44205937679402 -170.3269025862238 0.75
vertex 246.66399179357262 -169.59528945586277 0.75
vertex 246.66399179357452 -169.59528945588116 0
endloop
endfacet
facet normal -0.9569403357322042 0.2902846772544779 0
outer loop
vertex 246.44205937679402 -170.3269025862238 0.75
vertex 246.66399179357452 -169.59528945588116 0
vertex 246.44205937678987 -170.32690258618618 0
endloop
endfacet
facet normal -0.995184726672204 0.09801714032948901 0
outer loop
vertex 263.9598017935725 -101.64261515586334 0.75
vertex 264.03473919999993 -100.88176289999979 0.75
vertex 264.03473919999993 -100.88176290000814 0
endloop
endfacet
facet normal -0.995184726672204 0.09801714032948901 0
outer loop
vertex 263.9598017935725 -101.64261515586334 0.75
vertex 264.03473919999993 -100.88176290000814 0
vertex 263.95980179357275 -101.64261515586928 0
endloop
endfacet
facet normal -0.995184726672204 -0.09801714032948901 0
outer loop
vertex 264.03473919999993 -100.88176289999979 0.75
vertex 263.9598017935726 -100.120910644137 0.75
vertex 263.95980179357235 -100.12091064414277 0
endloop
endfacet
facet normal -0.995184726672204 -0.09801714032948901 0
outer loop
vertex 264.03473919999993 -100.88176289999979 0.75
vertex 263.95980179357235 -100.12091064414277 0
vertex 264.03473919999993 -100.88176290000814 0
endloop
endfacet
facet normal -0.9569403357322042 -0.2902846772544779 0
outer loop
vertex 263.9598017935726 -100.120910644137 0.75
vertex 263.73786937679404 -99.38929751377614 0.75
vertex 263.73786937678665 -99.38929751375834 0
endloop
endfacet
facet normal -0.9569403357322042 -0.2902846772544779 0
outer loop
vertex 263.9598017935726 -100.120910644137 0.75
vertex 263.73786937678665 -99.38929751375834 0
vertex 263.95980179357235 -100.12091064414277 0
endloop
endfacet
facet normal -0.8819212643483434 -0.47139673682601946 0
outer loop
vertex 263.73786937679404 -99.38929751377614 0.75
vertex 263.37747068797995 -98.7150389912235 0.75
vertex 263.3774706879901 -98.71503899123861 0
endloop
endfacet
facet normal -0.8819212643483434 -0.47139673682601946 0
outer loop
vertex 263.73786937679404 -99.38929751377614 0.75
vertex 263.3774706879901 -98.71503899123861 0
vertex 263.73786937678665 -99.38929751375834 0
endloop
endfacet
facet normal -0.7730104533627191 -0.6343932841636672 0
outer loop
vertex 263.37747068797995 -98.7150389912235 0.75
vertex 262.8924556466276 -98.12404645337259 0.75
vertex 262.8924556466347 -98.12404645338381 0
endloop
endfacet
facet normal -0.7730104533627191 -0.6343932841636672 0
outer loop
vertex 263.37747068797995 -98.7150389912235 0.75
vertex 262.8924556466347 -98.12404645338381 0
vertex 263.3774706879901 -98.71503899123861 0
endloop
endfacet
facet normal -0.6343932841637102 -0.7730104533626839 0
outer loop
vertex 262.8924556466276 -98.12404645337259 0.75
vertex 262.3014631087765 -97.63903141202005 0.75
vertex 262.3014631087493 -97.63903141200323 0
endloop
endfacet
facet normal -0.6343932841637102 -0.7730104533626839 0
outer loop
vertex 262.8924556466276 -98.12404645337259 0.75
vertex 262.3014631087493 -97.63903141200323 0
vertex 262.8924556466347 -98.12404645338381 0
endloop
endfacet
facet normal -0.4713967368259944 -0.8819212643483568 0
outer loop
vertex 262.3014631087765 -97.63903141202005 0.75
vertex 261.62720458622385 -97.27863272320597 0.75
vertex 261.62720458624705 -97.27863272321606 0
endloop
endfacet
facet normal -0.4713967368259944 -0.8819212643483568 0
outer loop
vertex 262.3014631087765 -97.63903141202005 0.75
vertex 261.62720458624705 -97.27863272321606 0
vertex 262.3014631087493 -97.63903141200323 0
endloop
endfacet
facet normal -0.2902846772545081 -0.956940335732195 0
outer loop
vertex 261.62720458622385 -97.27863272320597 0.75
vertex 260.89559145586304 -97.0567003064274 0.75
vertex 260.8955914558574 -97.05670030642875 0
endloop
endfacet
facet normal -0.2902846772545081 -0.956940335732195 0
outer loop
vertex 261.62720458622385 -97.27863272320597 0.75
vertex 260.8955914558574 -97.05670030642875 0
vertex 261.62720458624705 -97.27863272321606 0
endloop
endfacet
facet normal -0.09801714032957423 -0.9951847266721956 0
outer loop
vertex 260.89559145586304 -97.0567003064274 0.75
vertex 260.1347392 -96.98176289999999 0.75
vertex 260.13473919998404 -96.9817629000003 0
endloop
endfacet
facet normal -0.09801714032957423 -0.9951847266721956 0
outer loop
vertex 260.89559145586304 -97.0567003064274 0.75
vertex 260.13473919998404 -96.9817629000003 0
vertex 260.8955914558574 -97.05670030642875 0
endloop
endfacet
facet normal 0.09801714032957415 -0.9951847266721956 0
outer loop
vertex 260.1347392 -96.98176289999999 0.75
vertex 259.37388694413715 -97.0567003064274 0.75
vertex 259.3738869441106 -97.05670030642875 0
endloop
endfacet
facet normal 0.09801714032957415 -0.9951847266721956 0
outer loop
vertex 260.1347392 -96.98176289999999 0.75
vertex 259.3738869441106 -97.05670030642875 0
vertex 260.13473919998404 -96.9817629000003 0
endloop
endfacet
facet normal 0.2902846772544479 -0.9569403357322133 0
outer loop
vertex 259.37388694413715 -97.0567003064274 0.75
vertex 258.64227381377617 -97.27863272320597 0.75
vertex 258.6422738137659 -97.27863272321606 0
endloop
endfacet
facet normal 0.2902846772544479 -0.9569403357322133 0
outer loop
vertex 259.37388694413715 -97.0567003064274 0.75
vertex 258.6422738137659 -97.27863272321606 0
vertex 259.3738869441106 -97.05670030642875 0
endloop
endfacet
facet normal 0.4713967368259914 -0.8819212643483584 0
outer loop
vertex 258.64227381377617 -97.27863272320597 0.75
vertex 257.9680152912236 -97.63903141202005 0.75
vertex 257.9680152912583 -97.63903141200323 0
endloop
endfacet
facet normal 0.4713967368259914 -0.8819212643483584 0
outer loop
vertex 258.64227381377617 -97.27863272320597 0.75
vertex 257.9680152912583 -97.63903141200323 0
vertex 258.6422738137659 -97.27863272321606 0
endloop
endfacet
facet normal 0.6343932841636845 -0.7730104533627049 -2.0980087953758e-11
outer loop
vertex 257.9680152912236 -97.63903141202005 0.75
vertex 257.3770227533724 -98.12404645337259 0.75
vertex 257.3770227533339 -98.12404645338381 0
endloop
endfacet
facet normal 0.6343932841636845 -0.7730104533627049 -2.0980087953758e-11
outer loop
vertex 257.9680152912236 -97.63903141202005 0.75
vertex 257.3770227533339 -98.12404645338381 0
vertex 257.5760113895797 -97.96074070000003 0
endloop
endfacet
facet normal 0.6343932841636845 -0.7730104533627049 -2.0980087953758e-11
outer loop
vertex 257.9680152912236 -97.63903141202005 0.75
vertex 257.5760113895797 -97.96074070000003 0
vertex 257.9680152912583 -97.63903141200323 0
endloop
endfacet
facet normal 0.7730104533627179 -0.6343932841636689 0
outer loop
vertex 257.3770227533724 -98.12404645337259 0.75
vertex 256.89200771202013 -98.7150389912235 0.75
vertex 256.8920077120218 -98.71503899123861 0
endloop
endfacet
facet normal 0.7730104533627179 -0.6343932841636689 0
outer loop
vertex 257.3770227533724 -98.12404645337259 0.75
vertex 256.8920077120218 -98.71503899123861 0
vertex 257.3770227533339 -98.12404645338381 0
endloop
endfacet
facet normal 0.8819212643483701 -0.47139673682596933 0
outer loop
vertex 256.89200771202013 -98.7150389912235 0.75
vertex 256.5316090232061 -99.38929751377614 0.75
vertex 256.53160902321815 -99.38929751375834 0
endloop
endfacet
facet normal 0.8819212643483701 -0.47139673682596933 0
outer loop
vertex 256.89200771202013 -98.7150389912235 0.75
vertex 256.53160902321815 -99.38929751375834 0
vertex 256.8920077120218 -98.71503899123861 0
endloop
endfacet
facet normal 0.9569403357322042 -0.2902846772544779 0
outer loop
vertex 256.5316090232061 -99.38929751377614 0.75
vertex 256.3096766064274 -100.120910644137 0.75
vertex 256.30967660642335 -100.12091064414277 0
endloop
endfacet
facet normal 0.9569403357322042 -0.2902846772544779 0
outer loop
vertex 256.5316090232061 -99.38929751377614 0.75
vertex 256.30967660642335 -100.12091064414277 0
vertex 256.53160902321815 -99.38929751375834 0
endloop
endfacet
facet normal 0.995184726672204 -0.09801714032948901 0
outer loop
vertex 256.3096766064274 -100.120910644137 0.75
vertex 256.23473920000004 -100.88176289999979 0.75
vertex 256.2347392000006 -100.88176290000814 0
endloop
endfacet
facet normal 0.995184726672204 -0.09801714032948901 0
outer loop
vertex 256.3096766064274 -100.120910644137 0.75
vertex 256.2347392000006 -100.88176290000814 0
vertex 256.30967660642335 -100.12091064414277 0
endloop
endfacet
facet normal 0.995184726672204 0.09801714032948901 0
outer loop
vertex 256.23473920000004 -100.88176289999979 0.75
vertex 256.30967660642733 -101.64261515586334 0.75
vertex 256.3096766064272 -101.64261515586928 0
endloop
endfacet
facet normal 0.995184726672204 0.09801714032948901 0
outer loop
vertex 256.23473920000004 -100.88176289999979 0.75
vertex 256.3096766064272 -101.64261515586928 0
vertex 256.2347392000006 -100.88176290000814 0
endloop
endfacet
facet normal 0.9569403357322048 0.29028467725447593 0
outer loop
vertex 256.30967660642733 -101.64261515586334 0.75
vertex 256.531609023206 -102.3742282862238 0.75
vertex 256.53160902320076 -102.3742282862133 0
endloop
endfacet
facet normal 0.9569403357322048 0.29028467725447593 0
outer loop
vertex 256.30967660642733 -101.64261515586334 0.75
vertex 256.53160902320076 -102.3742282862133 0
vertex 256.3096766064272 -101.64261515586928 0
endloop
endfacet
facet normal 0.8819212643483434 0.47139673682601946 0
outer loop
vertex 256.531609023206 -102.3742282862238 0.75
vertex 256.8920077120201 -103.04848680877657 0.75
vertex 256.8920077120165 -103.04848680876897 0
endloop
endfacet
facet normal 0.8819212643483434 0.47139673682601946 0
outer loop
vertex 256.531609023206 -102.3742282862238 0.75
vertex 256.8920077120165 -103.04848680876897 0
vertex 256.53160902320076 -102.3742282862133 0
endloop
endfacet
facet normal 0.7730104533627121 0.6343932841636758 0
outer loop
vertex 256.8920077120201 -103.04848680877657 0.75
vertex 257.37702275337256 -103.63947934662751 0.75
vertex 257.37702275333726 -103.63947934658148 0
endloop
endfacet
facet normal 0.7730104533627121 0.6343932841636758 0
outer loop
vertex 256.8920077120201 -103.04848680877657 0.75
vertex 257.37702275333726 -103.63947934658148 0
vertex 256.8920077120165 -103.04848680876897 0
endloop
endfacet
facet normal 0.6343932841636286 0.773010453362751 0
outer loop
vertex 257.37702275337256 -103.63947934662751 0.75
vertex 257.9680152912235 -104.12449438798009 0.75
vertex 257.96801529127885 -104.12449438800813 0
endloop
endfacet
facet normal 0.6343932841636286 0.773010453362751 0
outer loop
vertex 257.37702275337256 -103.63947934662751 0.75
vertex 257.96801529127885 -104.12449438800813 0
vertex 257.37702275333726 -103.63947934658148 0
endloop
endfacet
facet normal 0.47139673682596916 0.8819212643483704 0
outer loop
vertex 257.9680152912235 -104.12449438798009 0.75
vertex 258.64227381377606 -104.484893076794 0.75
vertex 258.64227381378925 -104.48489307679965 0
endloop
endfacet
facet normal 0.47139673682596916 0.8819212643483704 0
outer loop
vertex 257.9680152912235 -104.12449438798009 0.75
vertex 258.64227381378925 -104.48489307679965 0
vertex 257.96801529127885 -104.12449438800813 0
endloop
endfacet
facet normal 0.2902846772544729 0.9569403357322057 0
outer loop
vertex 258.64227381377606 -104.484893076794 0.75
vertex 259.3738869441372 -104.7068254935726 0.75
vertex 259.3738869441354 -104.70682549357375 0
endloop
endfacet
facet normal 0.2902846772544729 0.9569403357322057 0
outer loop
vertex 258.64227381377606 -104.484893076794 0.75
vertex 259.3738869441354 -104.70682549357375 0
vertex 258.64227381378925 -104.48489307679965 0
endloop
endfacet
facet normal 0.09801714032957423 0.9951847266721956 0
outer loop
vertex 259.3738869441372 -104.7068254935726 0.75
vertex 260.1347392 -104.7817629 0.75
vertex 260.134739199987 -104.78176290000005 0
endloop
endfacet
facet normal 0.09801714032957423 0.9951847266721956 0
outer loop
vertex 259.3738869441372 -104.7068254935726 0.75
vertex 260.134739199987 -104.78176290000005 0
vertex 259.3738869441354 -104.70682549357375 0
endloop
endfacet
facet normal -0.09801714032957415 0.9951847266721956 0
outer loop
vertex 260.1347392 -104.7817629 0.75
vertex 260.895591455863 -104.7068254935726 0.75
vertex 260.89559145586406 -104.70682549357375 0
endloop
endfacet
facet normal -0.09801714032957415 0.9951847266721956 0
outer loop
vertex 260.1347392 -104.7817629 0.75
vertex 260.89559145586406 -104.70682549357375 0
vertex 260.134739199987 -104.78176290000005 0
endloop
endfacet
facet normal -0.29028467725447593 0.9569403357322049 0
outer loop
vertex 260.895591455863 -104.7068254935726 0.75
vertex 261.62720458622397 -104.484893076794 0.75
vertex 261.6272045862316 -104.48489307679965 0
endloop
endfacet
facet normal -0.29028467725447593 0.9569403357322049 0
outer loop
vertex 260.895591455863 -104.7068254935726 0.75
vertex 261.6272045862316 -104.48489307679965 0
vertex 260.89559145586406 -104.70682549357375 0
endloop
endfacet
facet normal -0.47139673682596933 0.8819212643483703 0
outer loop
vertex 261.62720458622397 -104.484893076794 0.75
vertex 262.30146310877626 -104.12449438798009 0.75
vertex 262.301463108765 -104.12449438800813 0
endloop
endfacet
facet normal -0.47139673682596933 0.8819212643483703 0
outer loop
vertex 261.62720458622397 -104.484893076794 0.75
vertex 262.301463108765 -104.12449438800813 0
vertex 261.6272045862316 -104.48489307679965 0
endloop
endfacet
facet normal -0.6343932841636827 0.7730104533627065 0
outer loop
vertex 262.30146310877626 -104.12449438798009 0.75
vertex 262.8924556466276 -103.63947934662751 0.75
vertex 262.8924556466342 -103.63947934658148 0
endloop
endfacet
facet normal -0.6343932841636827 0.7730104533627065 0
outer loop
vertex 262.30146310877626 -104.12449438798009 0.75
vertex 262.8924556466342 -103.63947934658148 0
vertex 262.301463108765 -104.12449438800813 0
endloop
endfacet
facet normal -0.7730104533627064 0.6343932841636828 0
outer loop
vertex 262.8924556466276 -103.63947934662751 0.75
vertex 263.37747068797984 -103.04848680877657 0.75
vertex 263.37747068798035 -103.04848680876897 0
endloop
endfacet
facet normal -0.7730104533627064 0.6343932841636828 0
outer loop
vertex 262.8924556466276 -103.63947934662751 0.75
vertex 263.37747068798035 -103.04848680876897 0
vertex 262.8924556466342 -103.63947934658148 0
endloop
endfacet
facet normal -0.8819212643483584 0.4713967368259914 0
outer loop
vertex 263.37747068797984 -103.04848680877657 0.75
vertex 263.73786937679404 -102.3742282862238 0.75
vertex 263.7378693767934 -102.3742282862133 0
endloop
endfacet
facet normal -0.8819212643483584 0.4713967368259914 0
outer loop
vertex 263.37747068797984 -103.04848680877657 0.75
vertex 263.7378693767934 -102.3742282862133 0
vertex 263.37747068798035 -103.04848680876897 0
endloop
endfacet
facet normal -0.9569403357322042 0.2902846772544779 0
outer loop
vertex 263.73786937679404 -102.3742282862238 0.75
vertex 263.9598017935725 -101.64261515586334 0.75
vertex 263.95980179357275 -101.64261515586928 0
endloop
endfacet
facet normal -0.9569403357322042 0.2902846772544779 0
outer loop
vertex 263.73786937679404 -102.3742282862238 0.75
vertex 263.95980179357275 -101.64261515586928 0
vertex 263.7378693767934 -102.3742282862133 0
endloop
endfacet
facet normal 0.9996573247744036 -0.026176955989626546 0
outer loop
vertex 263.2963701947501 -148.2307499772474 1.5000000000000009
vertex 263.1131315021902 -155.22835127482395 1.5000000000000009
vertex 263.113131502193 -155.22835127482398 0
endloop
endfacet
facet normal 0.9996573247744036 -0.026176955989626546 0
outer loop
vertex 263.2963701947501 -148.2307499772474 1.5000000000000009
vertex 263.113131502193 -155.22835127482398 0
vertex 263.2963701947528 -148.23074997724743 0
endloop
endfacet
facet normal 0 0 1
outer loop
vertex 254.22036271212164 -179.44051491316972 5.25
vertex 254.60007096506874 -179.34231636367832 5.25
vertex 254.95695861470122 -179.17967406285217 5.25
endloop
endfacet
facet normal 0 0 1
outer loop
vertex 254.22036271212164 -179.44051491316972 5.25
vertex 254.95695861470122 -179.17967406285217 5.25
vertex 255.2801818236516 -178.9575298086523 5.25
endloop
endfacet
facet normal 0 0 1
outer loop
vertex 254.22036271212164 -179.44051491316972 5.25
vertex 255.2801818236516 -178.9575298086523 5.25
vertex 255.55991963029524 -178.68263333357072 5.25
endloop
endfacet
facet normal 0 0 1
outer loop
vertex 254.22036271212164 -179.44051491316972 5.25
vertex 255.55991963029524 -178.68263333357072 5.25
vertex 255.78767235333493 -178.36333721767517 5.25
endloop
endfacet
facet normal 0 0 1
outer loop
vertex 254.22036271212164 -179.44051491316972 5.25
vertex 255.78767235333493 -178.36333721767517 5.25
vertex 255.9565198500003 -178.00934309999934 5.25
endloop
endfacet
facet normal 0 0 1
outer loop
vertex 254.22036271212164 -179.44051491316972 5.25
vertex 255.9565198500003 -178.00934309999934 5.25
vertex 256.1577458125329 -177.47113955177093 5.25
endloop
endfacet
facet normal 0 0 1
outer loop
vertex 254.22036271212164 -179.44051491316972 5.25
vertex 256.1577458125329 -177.47113955177093 5.25
vertex 253.83809974783296 -177.47113955177093 5.25
endloop
endfacet
facet normal 0 0 1
outer loop
vertex 254.22036271212164 -179.44051491316972 5.25
vertex 253.83809974783296 -177.47113955177093 5.25
vertex 248.09227052564233 -177.47113955177093 5.25
endloop
endfacet
facet normal 0 0 1
outer loop
vertex 254.22036271212164 -179.44051491316972 5.25
vertex 248.09227052564233 -177.47113955177093 5.25
vertex 253.06103970000032 -179.3288862000001 5.25
endloop
endfacet
facet normal 0 0 1
outer loop
vertex 254.22036271212164 -179.44051491316972 5.25
vertex 253.06103970000032 -179.3288862000001 5.25
vertex 253.43897615149496 -179.43369466658675 5.25
endloop
endfacet
facet normal 0 0 1
outer loop
vertex 254.22036271212164 -179.44051491316972 5.25
vertex 253.43897615149496 -179.43369466658675 5.25
vertex 253.82937108486323 -179.47128600174287 5.25
endloop
endfacet
facet normal 0 0 1
outer loop
vertex 256.1577458125329 -177.47113955177093 5.25
vertex 256.1582578044529 -177.46977016650592 5.25
vertex 253.8773056238304 -177.46977016650592 5.25
endloop
endfacet
facet normal 0 0 1
outer loop
vertex 256.1577458125329 -177.47113955177093 5.25
vertex 253.8773056238304 -177.46977016650592 5.25
vertex 253.83809974783296 -177.47113955177093 5.25
endloop
endfacet
facet normal 0 0 1
outer loop
vertex 253.83809974783296 -177.47113955177093 5.25
vertex 253.79916234669992 -177.46635889054875 5.25
vertex 248.07948406623115 -177.46635889054875 5.25
endloop
endfacet
facet normal 0 0 1
outer loop
vertex 253.83809974783296 -177.47113955177093 5.25
vertex 248.07948406623115 -177.46635889054875 5.25
vertex 248.09227052564233 -177.47113955177093 5.25
endloop
endfacet
facet normal 0 0 1
outer loop
vertex 256.1582578044529 -177.46977016650592 5.25
vertex 256.1610565963141 -177.4622844539692 5.25
vertex 253.91581458430107 -177.4622844539692 5.25
endloop
endfacet
facet normal 0 0 1
outer loop
vertex 256.1582578044529 -177.46977016650592 5.25
vertex 253.91581458430107 -177.4622844539692 5.25
vertex 253.8773056238304 -177.46977016650592 5.25
endloop
endfacet
facet normal 0 0 1
outer loop
vertex 253.79916234669992 -177.46635889054875 5.25
vertex 253.76145440000008 -177.45554180000002 5.25
vertex 248.05055244300578 -177.45554180000002 5.25
endloop
endfacet
facet normal 0 0 1
outer loop
vertex 253.79916234669992 -177.46635889054875 5.25
vertex 248.05055244300578 -177.45554180000002 5.25
vertex 248.07948406623115 -177.46635889054875 5.25
endloop
endfacet
facet normal 0 0 1
outer loop
vertex 256.1610565963141 -177.4622844539692 5.25
vertex 256.16607327174376 -177.44886673946274 5.25
vertex 253.95267839943477 -177.44886673946274 5.25
endloop
endfacet
facet normal 0 0 1
outer loop
vertex 256.1610565963141 -177.4622844539692 5.25
vertex 253.95267839943477 -177.44886673946274 5.25
vertex 253.91581458430107 -177.4622844539692 5.25
endloop
endfacet
facet normal 0 0 1
outer loop
vertex 256.16607327174376 -177.44886673946274 5.25
vertex 256.1731843020579 -177.42984741562165 5.25
vertex 253.98698934884348 -177.42984741562165 5.25
endloop
endfacet
facet normal 0 0 1
outer loop
vertex 256.16607327174376 -177.44886673946274 5.25
vertex 253.98698934884348 -177.42984741562165 5.25
vertex 253.95267839943477 -177.44886673946274 5.25
endloop
endfacet
facet normal 0 0 1
outer loop
vertex 256.1731843020579 -177.42984741562165 5.25
vertex 256.1822145879851 -177.4056948069505 5.25
vertex 254.0179025729248 -177.4056948069505 5.25
endloop
endfacet
facet normal 0 0 1
outer loop
vertex 256.1731843020579 -177.42984741562165 5.25
vertex 254.0179025729248 -177.4056948069505 5.25
vertex 253.98698934884348 -177.42984741562165 5.25
endloop
endfacet
facet normal 0 0 1
outer loop
vertex 256.1822145879851 -177.4056948069505 5.25
vertex 256.1929417712425 -177.37700363798317 5.25
vertex 254.04465687635462 -177.37700363798317 5.25
endloop
endfacet
facet normal 0 0 1
outer loop
vertex 256.1822145879851 -177.4056948069505 5.25
vertex 254.04465687635462 -177.37700363798317 5.25
vertex 254.0179025729248 -177.4056948069505 5.25
endloop
endfacet
facet normal 0 0 1
outer loop
vertex 256.1929417712425 -177.37700363798317 5.25
vertex 256.2051017098011 -177.34448038901414 5.25
vertex 254.0665934714695 -177.34448038901414 5.25
endloop
endfacet
facet normal 0 0 1
outer loop
vertex 256.1929417712425 -177.37700363798317 5.25
vertex 254.0665934714695 -177.34448038901414 5.25
vertex 254.04465687635462 -177.37700363798317 5.25
endloop
endfacet
facet normal 0 0 1
outer loop
vertex 256.2051017098011 -177.34448038901414 5.25
vertex 256.21839498201746 -177.30892589999914 5.25
vertex 254.08317220000032 -177.30892589999914 5.25
endloop
endfacet
facet normal 0 0 1
outer loop
vertex 256.2051017098011 -177.34448038901414 5.25
vertex 254.08317220000032 -177.30892589999914 5.25
vertex 254.0665934714695 -177.34448038901414 5.25
endloop
endfacet
facet normal 0 0 1
outer loop
vertex 253.76145440000008 -177.45554180000002 5.25
vertex 245.19731842033013 -174.2535437 5.25
vertex 239.48641940000005 -174.2535437 5.25
endloop
endfacet
facet normal 0 0 1
outer loop
vertex 253.76145440000008 -177.45554180000002 5.25
vertex 239.48641940000005 -174.2535437 5.25
vertex 248.05055244300578 -177.45554180000002 5.25
endloop
endfacet
facet normal 0 0 1
outer loop
vertex 245.19731842033013 -174.2535437 5.25
vertex 240.18683104999988 -172.38019989999998 5.25
vertex 239.9646136575264 -172.31155354265113 5.25
endloop
endfacet
facet normal 0 0 1
outer loop
vertex 245.19731842033013 -174.2535437 5.25
vertex 239.9646136575264 -172.31155354265113 5.25
vertex 239.73592947513046 -172.26916915146032 5.25
endloop
endfacet
facet normal 0 0 1
outer loop
vertex 245.19731842033013 -174.2535437 5.25
vertex 239.73592947513046 -172.26916915146032 5.25
vertex 239.50387209999923 -172.25361979999997 5.25
endloop
endfacet
facet normal 0 0 1
outer loop
vertex 245.19731842033013 -174.2535437 5.25
vertex 239.50387209999923 -172.25361979999997 5.25
vertex 210.0556937500002 -171.99663365 5.25
endloop
endfacet
facet normal 0 0 1
outer loop
vertex 245.19731842033013 -174.2535437 5.25
vertex 210.0556937500002 -171.99663365 5.25
vertex 207.82917360989057 -171.99663365 5.25
endloop
endfacet
facet normal 0 0 1
outer loop
vertex 245.19731842033013 -174.2535437 5.25
vertex 207.82917360989057 -171.99663365 5.25
vertex 207.8387249832344 -172.1179978371878 5.25
endloop
endfacet
facet normal 0 0 1
outer loop
vertex 245.19731842033013 -174.2535437 5.25
vertex 207.8387249832344 -172.1179978371878 5.25
vertex 207.93692526862532 -172.49770489038104 5.25
endloop
endfacet
facet normal 0 0 1
outer loop
vertex 245.19731842033013 -174.2535437 5.25
vertex 207.93692526862532 -172.49770489038104 5.25
vertex 208.0995689549052 -172.85459110979716 5.25
endloop
endfacet
facet normal 0 0 1
outer loop
vertex 245.19731842033013 -174.2535437 5.25
vertex 208.0995689549052 -172.85459110979716 5.25
vertex 208.32171422033485 -173.17781274171972 5.25
endloop
endfacet
facet normal 0 0 1
outer loop
vertex 245.19731842033013 -174.2535437 5.25
vertex 208.32171422033485 -173.17781274171972 5.25
vertex 208.5966113267169 -173.45754890884595 5.25
endloop
endfacet
facet normal 0 0 1
outer loop
vertex 245.19731842033013 -174.2535437 5.25
vertex 208.5966113267169 -173.45754890884595 5.25
vertex 208.9159077057632 -173.6853000112006 5.25
endloop
endfacet
facet normal 0 0 1
outer loop
vertex 245.19731842033013 -174.2535437 5.25
vertex 208.9159077057632 -173.6853000112006 5.25
vertex 209.2699017464042 -173.8541459809072 5.25
endloop
endfacet
facet normal 0 0 1
outer loop
vertex 245.19731842033013 -174.2535437 5.25
vertex 209.2699017464042 -173.8541459809072 5.25
vertex 209.64783757187988 -173.95895654391285 5.25
endloop
endfacet
facet normal 0 0 1
outer loop
vertex 245.19731842033013 -174.2535437 5.25
vertex 209.64783757187988 -173.95895654391285 5.25
vertex 210.0382318500005 -173.99654710000004 5.25
endloop
endfacet
facet normal 0 0 1
outer loop
vertex 245.19731842033013 -174.2535437 5.25
vertex 210.0382318500005 -173.99654710000004 5.25
vertex 239.48641940000005 -174.2535437 5.25
endloop
endfacet
facet normal 0 0 1
outer loop
vertex 210.0556937500002 -171.99663365 5.25
vertex 210.01661145407587 -171.993216010125 5.25
vertex 207.82890464129977 -171.993216010125 5.25
endloop
endfacet
facet normal 0 0 1
outer loop
vertex 210.0556937500002 -171.99663365 5.25
vertex 207.82890464129977 -171.993216010125 5.25
vertex 207.82917360989057 -171.99663365 5.25
endloop
endfacet
facet normal 0 0 1
outer loop
vertex 210.01661145407587 -171.993216010125 5.25
vertex 209.97854503489052 -171.9837263395615 5.25
vertex 207.82815780330282 -171.9837263395615 5.25
endloop
endfacet
facet normal 0 0 1
outer loop
vertex 210.01661145407587 -171.993216010125 5.25
vertex 207.82815780330282 -171.9837263395615 5.25
vertex 207.82890464129977 -171.993216010125 5.25
endloop
endfacet
facet normal 0 0 1
outer loop
vertex 209.97854503489052 -171.9837263395615 5.25
vertex 209.94243190458167 -171.96839832806972 5.25
vertex 207.82695148730656 -171.96839832806972 5.25
endloop
endfacet
facet normal 0 0 1
outer loop
vertex 209.97854503489052 -171.9837263395615 5.25
vertex 207.82695148730656 -171.96839832806972 5.25
vertex 207.82815780330282 -171.9837263395615 5.25
endloop
endfacet
facet normal 0 0 1
outer loop
vertex 209.94243190458167 -171.96839832806972 5.25
vertex 209.909161374185 -171.94760943862926 5.25
vertex 207.82531539968426 -171.94760943862926 5.25
endloop
endfacet
facet normal 0 0 1
outer loop
vertex 209.94243190458167 -171.96839832806972 5.25
vertex 207.82531539968426 -171.94760943862926 5.25
vertex 207.82695148730656 -171.96839832806972 5.25
endloop
endfacet
facet normal 0 0 1
outer loop
vertex 209.909161374185 -171.94760943862926 5.25
vertex 209.87955275373125 -171.92187161215134 5.25
vertex 207.8232898302354 -171.92187161215134 5.25
endloop
endfacet
facet normal 0 0 1
outer loop
vertex 209.909161374185 -171.94760943862926 5.25
vertex 207.8232898302354 -171.92187161215134 5.25
vertex 207.82531539968426 -171.94760943862926 5.25
endloop
endfacet
facet normal 0 0 1
outer loop
vertex 209.87955275373125 -171.92187161215134 5.25
vertex 209.85433517616124 -171.89181866057405 5.25
vertex 207.8209246600213 -171.89181866057405 5.25
endloop
endfacet
facet normal 0 0 1
outer loop
vertex 209.87955275373125 -171.92187161215134 5.25
vertex 207.8209246600213 -171.89181866057405 5.25
vertex 207.8232898302354 -171.92187161215134 5.25
endloop
endfacet
facet normal 0 0 1
outer loop
vertex 209.85433517616124 -171.89181866057405 5.25
vertex 209.83412964192155 -171.8581906588033 5.25
vertex 207.81827813300896 -171.8581906588033 5.25
endloop
endfacet
facet normal 0 0 1
outer loop
vertex 209.85433517616124 -171.89181866057405 5.25
vertex 207.81827813300896 -171.8581906588033 5.25
vertex 207.8209246600213 -171.89181866057405 5.25
endloop
endfacet
facet normal 0 0 1
outer loop
vertex 209.83412964192155 -171.8581906588033 5.25
vertex 209.81943372639367 -171.8218157198508 5.25
vertex 207.81541542177308 -171.8218157198508 5.25
endloop
endfacet
facet normal 0 0 1
outer loop
vertex 209.83412964192155 -171.8581906588033 5.25
vertex 207.81541542177308 -171.8218157198508 5.25
vertex 207.81827813300896 -171.8581906588033 5.25
endloop
endfacet
facet normal 0 0 1
outer loop
vertex 209.81943372639367 -171.8218157198508 5.25
vertex 209.8106093267533 -171.78358960197295 5.25
vertex 207.81240702257563 -171.78358960197295 5.25
endloop
endfacet
facet normal 0 0 1
outer loop
vertex 209.81943372639367 -171.8218157198508 5.25
vertex 207.81240702257563 -171.78358960197295 5.25
vertex 207.81541542177308 -171.8218157198508 5.25
endloop
endfacet
facet normal 0 0 1
outer loop
vertex 209.8106093267533 -171.78358960197295 5.25
vertex 209.8078857056764 -171.7445748429617 5.25
vertex 207.8093365572442 -171.7445748429617 5.25
endloop
endfacet
facet normal 0 0 1
outer loop
vertex 209.8106093267533 -171.78358960197295 5.25
vertex 207.8093365572442 -171.7445748429617 5.25
vertex 207.81240702257563 -171.78358960197295 5.25
endloop
endfacet
facet normal 0 0 1
outer loop
vertex 256.21839498201746 -177.30892589999914 5.25
vertex 260.5717282 -165.66540159999997 5.25
vertex 258.43650936524705 -165.66540159999997 5.25
endloop
endfacet
facet normal 0 0 1
outer loop
vertex 256.21839498201746 -177.30892589999914 5.25
vertex 258.43650936524705 -165.66540159999997 5.25
vertex 254.08317220000032 -177.30892589999914 5.25
endloop
endfacet
facet normal 0 0 1
outer loop
vertex 262.94093728784446 -165.69972848514715 5.25
vertex 263.1024370909338 -165.66540159999997 5.25
vertex 260.5717282 -165.66540159999997 5.25
endloop
endfacet
facet normal 0 0 1
outer loop
vertex 262.94093728784446 -165.69972848514715 5.25
vertex 260.5717282 -165.66540159999997 5.25
vertex 262.5883597000002 -165.71820899999997 5.25
endloop
endfacet
facet normal 0 0 1
outer loop
vertex 260.5717282 -165.66540159999997 5.25
vertex 263.1024370909338 -165.66540159999997 5.25
vertex 263.28628855663055 -165.62632385484864 5.25
endloop
endfacet
facet normal 0 0 1
outer loop
vertex 260.5717282 -165.66540159999997 5.25
vertex 263.28628855663055 -165.62632385484864 5.25
vertex 263.61590494919903 -165.499798077432 5.25
endloop
endfacet
facet normal 0 0 1
outer loop
vertex 260.5717282 -165.66540159999997 5.25
vertex 263.61590494919903 -165.499798077432 5.25
vertex 263.9216702038494 -165.323266642128 5.25
endloop
endfacet
facet normal 0 0 1
outer loop
vertex 260.5717282 -165.66540159999997 5.25
vertex 263.9216702038494 -165.323266642128 5.25
vertex 264.1960553539303 -165.101076345275 5.25
endloop
endfacet
facet normal 0 0 1
outer loop
vertex 260.5717282 -165.66540159999997 5.25
vertex 264.1960553539303 -165.101076345275 5.25
vertex 264.4323041162752 -164.8386982575998 5.25
endloop
endfacet
facet normal 0 0 1
outer loop
vertex 260.5717282 -165.66540159999997 5.25
vertex 264.4323041162752 -164.8386982575998 5.25
vertex 264.62459925355614 -164.54259300810395 5.25
endloop
endfacet
facet normal 0 0 1
outer loop
vertex 260.5717282 -165.66540159999997 5.25
vertex 264.62459925355614 -164.54259300810395 5.25
vertex 264.7682058141955 -164.22005170169052 5.25
endloop
endfacet
facet normal 0 0 1
outer loop
vertex 260.5717282 -165.66540159999997 5.25
vertex 264.7682058141955 -164.22005170169052 5.25
vertex 264.85958772275865 -163.8790163877002 5.25
endloop
endfacet
facet normal 0 0 1
outer loop
vertex 260.5717282 -165.66540159999997 5.25
vertex 264.85958772275865 -163.8790163877002 5.25
vertex 264.87641799785445 -163.71889430000002 5.25
endloop
endfacet
facet normal 0 0 1
outer loop
vertex 260.5717282 -165.66540159999997 5.25
vertex 264.87641799785445 -163.71889430000002 5.25
vertex 262.6407136000003 -163.71889430000002 5.25
endloop
endfacet
facet normal 0 0 1
outer loop
vertex 260.5717282 -165.66540159999997 5.25
vertex 262.6407136000003 -163.71889430000002 5.25
vertex 260.13834361821324 -163.71889430000002 5.25
endloop
endfacet
facet normal 0 0 1
outer loop
vertex 260.5717282 -165.66540159999997 5.25
vertex 260.13834361821324 -163.71889430000002 5.25
vertex 260.0120694691541 -163.7453030093393 5.25
endloop
endfacet
facet normal 0 0 1
outer loop
vertex 260.5717282 -165.66540159999997 5.25
vertex 260.0120694691541 -163.7453030093393 5.25
vertex 259.72253820104606 -163.85463539868041 5.25
endloop
endfacet
facet normal 0 0 1
outer loop
vertex 260.5717282 -165.66540159999997 5.25
vertex 259.72253820104606 -163.85463539868041 5.25
vertex 259.45334115185597 -164.0073274917271 5.25
endloop
endfacet
facet normal 0 0 1
outer loop
vertex 260.5717282 -165.66540159999997 5.25
vertex 259.45334115185597 -164.0073274917271 5.25
vertex 259.2109243745843 -164.19972300276783 5.25
endloop
endfacet
facet normal 0 0 1
outer loop
vertex 260.5717282 -165.66540159999997 5.25
vertex 259.2109243745843 -164.19972300276783 5.25
vertex 259.00109265572087 -164.42721492862492 5.25
endloop
endfacet
facet normal 0 0 1
outer loop
vertex 260.5717282 -165.66540159999997 5.25
vertex 259.00109265572087 -164.42721492862492 5.25
vertex 258.8288705168378 -164.68435586556384 5.25
endloop
endfacet
facet normal 0 0 1
outer loop
vertex 260.5717282 -165.66540159999997 5.25
vertex 258.8288705168378 -164.68435586556384 5.25
vertex 258.69838380000016 -164.96498689999964 5.25
endloop
endfacet
facet normal 0 0 1
outer loop
vertex 260.5717282 -165.66540159999997 5.25
vertex 258.69838380000016 -164.96498689999964 5.25
vertex 258.43650936524705 -165.66540159999997 5.25
endloop
endfacet
facet normal 0 0 1
outer loop
vertex 264.87641799785445 -163.71889430000002 5.25
vertex 264.8766334952256 -163.7168440727305 5.25
vertex 262.6798886964508 -163.7168440727305 5.25
endloop
endfacet
facet normal 0 0 1
outer loop
vertex 264.87641799785445 -163.71889430000002 5.25
vertex 262.6798886964508 -163.7168440727305 5.25
vertex 262.6407136000003 -163.71889430000002 5.25
endloop
endfacet
facet normal 0 0 1
outer loop
vertex 264.8766334952256 -163.7168440727305 5.25
vertex 264.8774908261526 -163.7086874848488 5.25
vertex 262.71826205199807 -163.7086874848488 5.25
endloop
endfacet
facet normal 0 0 1
outer loop
vertex 264.8766334952256 -163.7168440727305 5.25
vertex 262.71826205199807 -163.7086874848488 5.25
vertex 262.6798886964508 -163.7168440727305 5.25
endloop
endfacet
facet normal 0 0 1
outer loop
vertex 264.8774908261526 -163.7086874848488 5.25
vertex 264.87896857954996 -163.6946282399618 5.25
vertex 262.75488693390946 -163.6946282399618 5.25
endloop
endfacet
facet normal 0 0 1
outer loop
vertex 264.8774908261526 -163.7086874848488 5.25
vertex 262.75488693390946 -163.6946282399618 5.25
vertex 262.71826205199807 -163.7086874848488 5.25
endloop
endfacet
facet normal 0 0 1
outer loop
vertex 264.87896857954996 -163.6946282399618 5.25
vertex 264.8810303661695 -163.67501254288987 5.25
vertex 262.7888614651092 -163.67501254288987 5.25
endloop
endfacet
facet normal 0 0 1
outer loop
vertex 264.87896857954996 -163.6946282399618 5.25
vertex 262.7888614651092 -163.67501254288987 5.25
vertex 262.75488693390946 -163.6946282399618 5.25
endloop
endfacet
facet normal 0 0 1
outer loop
vertex 262.6407136000003 -163.71889430000002 5.25
vertex 260.62408189999974 -163.66608845000005 5.25
vertex 260.3150019905152 -163.6819483404253 5.25
endloop
endfacet
facet normal 0 0 1
outer loop
vertex 262.6407136000003 -163.71889430000002 5.25
vertex 260.3150019905152 -163.6819483404253 5.25
vertex 260.13834361821324 -163.71889430000002 5.25
endloop
endfacet
facet normal 0 0 1
outer loop
vertex 264.8810303661695 -163.67501254288987 5.25
vertex 264.8836254151147 -163.65032342447557 5.25
vertex 262.81934903263556 -163.65032342447557 5.25
endloop
endfacet
facet normal 0 0 1
outer loop
vertex 264.8810303661695 -163.67501254288987 5.25
vertex 262.81934903263556 -163.65032342447557 5.25
vertex 262.7888614651092 -163.67501254288987 5.25
endloop
endfacet
facet normal 0 0 1
outer loop
vertex 264.8836254151147 -163.65032342447557 5.25
vertex 264.8866898240594 -163.62116884708493 5.25
vertex 262.84559888899815 -163.62116884708493 5.25
endloop
endfacet
facet normal 0 0 1
outer loop
vertex 264.8836254151147 -163.65032342447557 5.25
vertex 262.84559888899815 -163.62116884708493 5.25
vertex 262.81934903263556 -163.65032342447557 5.25
endloop
endfacet
facet normal 0 0 1
outer loop
vertex 264.8866898240594 -163.62116884708493 5.25
vertex 264.8901481328233 -163.58826673371814 5.25
vertex 262.86696463910823 -163.58826673371814 5.25
endloop
endfacet
facet normal 0 0 1
outer loop
vertex 264.8866898240594 -163.62116884708493 5.25
vertex 262.86696463910823 -163.58826673371814 5.25
vertex 262.84559888899815 -163.62116884708493 5.25
endloop
endfacet
facet normal 0 0 1
outer loop
vertex 264.8901481328233 -163.58826673371814 5.25
vertex 264.89391518155816 -163.55242728935627 5.25
vertex 262.8829201575781 -163.55242728935627 5.25
endloop
endfacet
facet normal 0 0 1
outer loop
vertex 264.8901481328233 -163.58826673371814 5.25
vertex 262.8829201575781 -163.55242728935627 5.25
vertex 262.86696463910823 -163.58826673371814 5.25
endloop
endfacet
facet normal 0 0 1
outer loop
vertex 264.89391518155816 -163.55242728935627 5.25
vertex 264.89649484999995 -163.5278845000009 5.25
vertex 264.8968444681324 -163.5145330499039 5.25
endloop
endfacet
facet normal 0 0 1
outer loop
vertex 264.89391518155816 -163.55242728935627 5.25
vertex 264.8968444681324 -163.5145330499039 5.25
vertex 262.8930725444008 -163.5145330499039 5.25
endloop
endfacet
facet normal 0 0 1
outer loop
vertex 264.89391518155816 -163.55242728935627 5.25
vertex 262.8930725444008 -163.5145330499039 5.25
vertex 262.8829201575781 -163.55242728935627 5.25
endloop
endfacet
facet normal 0 0 1
outer loop
vertex 264.8968444681324 -163.5145330499039 5.25
vertex 264.8978661298965 -163.4755171500001 5.25
vertex 262.89717179999997 -163.4755171500001 5.25
endloop
endfacet
facet normal 0 0 1
outer loop
vertex 264.8968444681324 -163.5145330499039 5.25
vertex 262.89717179999997 -163.4755171500001 5.25
vertex 262.8930725444008 -163.5145330499039 5.25
endloop
endfacet
facet normal 0 0 1
outer loop
vertex 144.05008629999983 -162.30492030000002 5.25
vertex 151.80601067622413 -160.371151518554 5.25
vertex 143.48833025872406 -160.371151518554 5.25
endloop
endfacet
facet normal 0 0 1
outer loop
vertex 144.05008629999983 -162.30492030000002 5.25
vertex 143.48833025872406 -160.371151518554 5.25
vertex 141.24906852378044 -160.371151518554 5.25
endloop
endfacet
facet normal 0 0 1
outer loop
vertex 144.05008629999983 -162.30492030000002 5.25
vertex 141.24906852378044 -160.371151518554 5.25
vertex 141.32260260000007 -160.66608060000027 5.25
endloop
endfacet
facet normal 0 0 1
outer loop
vertex 144.05008629999983 -162.30492030000002 5.25
vertex 141.32260260000007 -160.66608060000027 5.25
vertex 141.4502944026555 -161.03691201769735 5.25
endloop
endfacet
facet normal 0 0 1
outer loop
vertex 144.05008629999983 -162.30492030000002 5.25
vertex 141.4502944026555 -161.03691201769735 5.25
vertex 141.64043667617025 -161.3799372794975 5.25
endloop
endfacet
facet normal 0 0 1
outer loop
vertex 144.05008629999983 -162.30492030000002 5.25
vertex 141.64043667617025 -161.3799372794975 5.25
vertex 141.8872557845818 -161.68473351000782 5.25
endloop
endfacet
facet normal 0 0 1
outer loop
vertex 144.05008629999983 -162.30492030000002 5.25
vertex 141.8872557845818 -161.68473351000782 5.25
vertex 142.18325230714134 -161.9420396954034 5.25
endloop
endfacet
facet normal 0 0 1
outer loop
vertex 144.05008629999983 -162.30492030000002 5.25
vertex 142.18325230714134 -161.9420396954034 5.25
vertex 142.51943260280956 -162.14403777265892 5.25
endloop
endfacet
facet normal 0 0 1
outer loop
vertex 144.05008629999983 -162.30492030000002 5.25
vertex 142.51943260280956 -162.14403777265892 5.25
vertex 142.88558207555707 -162.28459017575852 5.25
endloop
endfacet
facet normal 0 0 1
outer loop
vertex 144.05008629999983 -162.30492030000002 5.25
vertex 142.88558207555707 -162.28459017575852 5.25
vertex 143.27057553750518 -162.35942632121757 5.25
endloop
endfacet
facet normal 0 0 1
outer loop
vertex 144.05008629999983 -162.30492030000002 5.25
vertex 143.27057553750518 -162.35942632121757 5.25
vertex 143.66271523974402 -162.36627236668411 5.25
endloop
endfacet
facet normal 0 0 1
outer loop
vertex 151.80601067622413 -160.371151518554 5.25
vertex 151.80738508990575 -160.37080883879833 5.25
vertex 143.52755946106757 -160.37080883879833 5.25
endloop
endfacet
facet normal 0 0 1
outer loop
vertex 151.80601067622413 -160.371151518554 5.25
vertex 143.52755946106757 -160.37080883879833 5.25
vertex 143.48833025872406 -160.371151518554 5.25
endloop
endfacet
facet normal 0 0 1
outer loop
vertex 143.48833025872406 -160.371151518554 5.25
vertex 143.44953045281645 -160.365353000859 5.25
vertex 141.24762279099596 -160.365353000859 5.25
endloop
endfacet
facet normal 0 0 1
outer loop
vertex 143.48833025872406 -160.371151518554 5.25
vertex 141.24762279099596 -160.365353000859 5.25
vertex 141.24906852378044 -160.371151518554 5.25
endloop
endfacet
facet normal 0 0 1
outer loop
vertex 151.80738508990575 -160.37080883879833 5.25
vertex 151.83335666112194 -160.36433339999996 5.25
vertex 143.56625205000006 -160.36433339999996 5.25
endloop
endfacet
facet normal 0 0 1
outer loop
vertex 151.80738508990575 -160.37080883879833 5.25
vertex 143.56625205000006 -160.36433339999996 5.25
vertex 143.52755946106757 -160.37080883879833 5.25
endloop
endfacet
facet normal 0 0 1
outer loop
vertex 143.44953045281645 -160.365353000859 5.25
vertex 143.4121154794058 -160.3535560728426 5.25
vertex 141.24468148659943 -160.3535560728426 5.25
endloop
endfacet
facet normal 0 0 1
outer loop
vertex 143.44953045281645 -160.365353000859 5.25
vertex 141.24468148659943 -160.3535560728426 5.25
vertex 141.24762279099596 -160.365353000859 5.25
endloop
endfacet
facet normal 0 0 1
outer loop
vertex 143.4121154794058 -160.3535560728426 5.25
vertex 143.37700667338046 -160.33605123107262 5.25
vertex 141.2403170395174 -160.33605123107262 5.25
endloop
endfacet
facet normal 0 0 1
outer loop
vertex 143.4121154794058 -160.3535560728426 5.25
vertex 141.2403170395174 -160.33605123107262 5.25
vertex 141.24468148659943 -160.3535560728426 5.25
endloop
endfacet
facet normal 0 0 1
outer loop
vertex 143.37700667338046 -160.33605123107262 5.25
vertex 143.34506858080059 -160.31326952814518 5.25
vertex 141.2346369232289 -160.31326952814518 5.25
endloop
endfacet
facet normal 0 0 1
outer loop
vertex 143.37700667338046 -160.33605123107262 5.25
vertex 141.2346369232289 -160.31326952814518 5.25
vertex 141.2403170395174 -160.33605123107262 5.25
endloop
endfacet
facet normal 0 0 1
outer loop
vertex 143.34506858080059 -160.31326952814518 5.25
vertex 143.31708766965616 -160.2857719581167 5.25
vertex 141.22778100925657 -160.2857719581167 5.25
endloop
endfacet
facet normal 0 0 1
outer loop
vertex 143.34506858080059 -160.31326952814518 5.25
vertex 141.22778100925657 -160.2857719581167 5.25
vertex 141.2346369232289 -160.31326952814518 5.25
endloop
endfacet
facet normal 0 0 1
outer loop
vertex 143.31708766965616 -160.2857719581167 5.25
vertex 143.29375296327916 -160.25423564215822 5.25
vertex 141.21991812286367 -160.25423564215822 5.25
endloop
endfacet
facet normal 0 0 1
outer loop
vertex 143.31708766965616 -160.2857719581167 5.25
vertex 141.21991812286367 -160.25423564215822 5.25
vertex 141.22778100925657 -160.2857719581167 5.25
endloop
endfacet
facet normal 0 0 1
outer loop
vertex 143.29375296327916 -160.25423564215822 5.25
vertex 143.27563907330563 -160.2194371546056 5.25
vertex 141.21124188577144 -160.2194371546056 5.25
endloop
endfacet
facet normal 0 0 1
outer loop
vertex 143.29375296327916 -160.25423564215822 5.25
vertex 141.21124188577144 -160.2194371546056 5.25
vertex 141.21991812286367 -160.25423564215822 5.25
endloop
endfacet
facet normal 0 0 1
outer loop
vertex 143.27563907330563 -160.2194371546056 5.25
vertex 143.2631941 -160.18223680000003 5.25
vertex 141.20196679598527 -160.18223680000003 5.25
endloop
endfacet
facet normal 0 0 1
outer loop
vertex 143.27563907330563 -160.2194371546056 5.25
vertex 141.20196679598527 -160.18223680000003 5.25
vertex 141.21124188577144 -160.2194371546056 5.25
endloop
endfacet
facet normal 0 0 1
outer loop
vertex 264.8978661298965 -163.4755171500001 5.25
vertex 265.112453667341 -155.28070534863883 5.25
vertex 263.1131315021931 -155.228351274824 5.25
endloop
endfacet
facet normal 0 0 1
outer loop
vertex 264.8978661298965 -163.4755171500001 5.25
vertex 263.1131315021931 -155.228351274824 5.25
vertex 262.89717179999997 -163.4755171500001 5.25
endloop
endfacet
facet normal 0 0 1
outer loop
vertex 151.83335666112194 -160.36433339999996 5.25
vertex 208.0293883999999 -146.3530916 5.25
vertex 199.76225919552263 -146.3530916 5.25
endloop
endfacet
facet normal 0 0 1
outer loop
vertex 151.83335666112194 -160.36433339999996 5.25
vertex 199.76225919552263 -146.3530916 5.25
vertex 143.56625205000006 -160.36433339999996 5.25
endloop
endfacet
facet normal 0 0 -1
outer loop
vertex 209.8078857056764 -171.7445748429617 5.25
vertex 209.8078775000003 -171.74445730000002 5.25
vertex 209.95186529999972 -155.24508550000002 5.25
endloop
endfacet
facet normal 0 0 -1
outer loop
vertex 209.8078857056764 -171.7445748429617 5.25
vertex 209.95186529999972 -155.24508550000002 5.25
vertex 210.02930730000003 -146.37054005000056 5.25
endloop
endfacet
facet normal 0 0 -1
outer loop
vertex 209.8078857056764 -171.7445748429617 5.25
vertex 210.02930730000003 -146.37054005000056 5.25
vertex 210.0280106054024 -146.3530916 5.25
endloop
endfacet
facet normal 0 0 -1
outer loop
vertex 209.8078857056764 -171.7445748429617 5.25
vertex 210.0280106054024 -146.3530916 5.25
vertex 208.0293883999999 -146.3530916 5.25
endloop
endfacet
facet normal 0 0 -1
outer loop
vertex 209.8078857056764 -171.7445748429617 5.25
vertex 208.0293883999999 -146.3530916 5.25
vertex 207.80795374596457 -171.7270042004012 5.25
endloop
endfacet
facet normal 0 0 -1
outer loop
vertex 209.8078857056764 -171.7445748429617 5.25
vertex 207.80795374596457 -171.7270042004012 5.25
vertex 207.8093365572442 -171.7445748429617 5.25
endloop
endfacet
facet normal 0 0 1
outer loop
vertex 208.0293883999999 -146.3530916 5.25
vertex 210.0280106054024 -146.3530916 5.25
vertex 210.00475927547527 -146.04021941836433 5.25
endloop
endfacet
facet normal 0 0 1
outer loop
vertex 208.0293883999999 -146.3530916 5.25
vertex 210.00475927547527 -146.04021941836433 5.25
vertex 209.92602949309187 -145.7184804767393 5.25
endloop
endfacet
facet normal 0 0 1
outer loop
vertex 208.0293883999999 -146.3530916 5.25
vertex 209.92602949309187 -145.7184804767393 5.25
vertex 209.79527739908644 -145.4141480678418 5.25
endloop
endfacet
facet normal 0 0 1
outer loop
vertex 208.0293883999999 -146.3530916 5.25
vertex 209.79527739908644 -145.4141480678418 5.25
vertex 209.61608933789933 -145.1355695978909 5.25
endloop
endfacet
facet normal 0 0 1
outer loop
vertex 208.0293883999999 -146.3530916 5.25
vertex 209.61608933789933 -145.1355695978909 5.25
vertex 209.39338018383444 -144.89038607909757 5.25
endloop
endfacet
facet normal 0 0 1
outer loop
vertex 208.0293883999999 -146.3530916 5.25
vertex 209.39338018383444 -144.89038607909757 5.25
vertex 209.13325853302987 -144.68532254754 5.25
endloop
endfacet
facet normal 0 0 1
outer loop
vertex 208.0293883999999 -146.3530916 5.25
vertex 209.13325853302987 -144.68532254754 5.25
vertex 208.8428591533319 -144.52600360496467 5.25
endloop
endfacet
facet normal 0 0 1
outer loop
vertex 208.0293883999999 -146.3530916 5.25
vertex 208.8428591533319 -144.52600360496467 5.25
vertex 208.53014728773584 -144.41679914394052 5.25
endloop
endfacet
facet normal 0 0 1
outer loop
vertex 208.0293883999999 -146.3530916 5.25
vertex 208.53014728773584 -144.41679914394052 5.25
vertex 208.2037001790698 -144.36070448790474 5.25
endloop
endfacet
facet normal 0 0 1
outer loop
vertex 208.0293883999999 -146.3530916 5.25
vertex 208.2037001790698 -144.36070448790474 5.25
vertex 207.8724718083933 -144.3592582336908 5.25
endloop
endfacet
facet normal 0 0 1
outer loop
vertex 208.0293883999999 -146.3530916 5.25
vertex 207.8724718083933 -144.3592582336908 5.25
vertex 207.54554459999974 -144.41250010000002 5.25
endloop
endfacet
facet normal 0 0 1
outer loop
vertex 208.0293883999999 -146.3530916 5.25
vertex 207.54554459999974 -144.41250010000002 5.25
vertex 199.76225919552263 -146.3530916 5.25
endloop
endfacet
facet normal 0 0 1
outer loop
vertex 143.2631941 -160.18223680000003 5.25
vertex 131.04613594999998 -111.18230414999987 5.25
vertex 129.0460905721088 -111.18230414999987 5.25
endloop
endfacet
facet normal 0 0 1
outer loop
vertex 143.2631941 -160.18223680000003 5.25
vertex 129.0460905721088 -111.18230414999987 5.25
vertex 129.0472746648926 -111.31792865443897 5.25
endloop
endfacet
facet normal 0 0 1
outer loop
vertex 143.2631941 -160.18223680000003 5.25
vertex 129.0472746648926 -111.31792865443897 5.25
vertex 129.10554904999995 -111.66615339999979 5.25
endloop
endfacet
facet normal 0 0 1
outer loop
vertex 143.2631941 -160.18223680000003 5.25
vertex 129.10554904999995 -111.66615339999979 5.25
vertex 141.20196679598527 -160.18223680000003 5.25
endloop
endfacet
facet normal 0 0 1
outer loop
vertex 131.04613594999998 -111.18230414999987 5.25
vertex 131.03966051120167 -111.14361156106757 5.25
vertex 129.04575275988577 -111.14361156106757 5.25
endloop
endfacet
facet normal 0 0 1
outer loop
vertex 131.04613594999998 -111.18230414999987 5.25
vertex 129.04575275988577 -111.14361156106757 5.25
vertex 129.0460905721088 -111.18230414999987 5.25
endloop
endfacet
facet normal 0 0 1
outer loop
vertex 131.03966051120167 -111.14361156106757 5.25
vertex 131.039317831446 -111.10438235872405 5.25
vertex 129.04541026266816 -111.10438235872405 5.25
endloop
endfacet
facet normal 0 0 1
outer loop
vertex 131.03966051120167 -111.14361156106757 5.25
vertex 129.04541026266816 -111.10438235872405 5.25
vertex 129.04575275988577 -111.14361156106757 5.25
endloop
endfacet
facet normal 0 0 1
outer loop
vertex 131.039317831446 -111.10438235872405 5.25
vertex 131.045116349141 -111.06558255281647 5.25
vertex 129.0450715143691 -111.06558255281647 5.25
endloop
endfacet
facet normal 0 0 1
outer loop
vertex 131.039317831446 -111.10438235872405 5.25
vertex 129.0450715143691 -111.06558255281647 5.25
vertex 129.04541026266816 -111.10438235872405 5.25
endloop
endfacet
facet normal 0 0 1
outer loop
vertex 131.045116349141 -111.06558255281647 5.25
vertex 131.05691327715738 -111.02816757940593 5.25
vertex 129.0447448565855 -111.02816757940593 5.25
endloop
endfacet
facet normal 0 0 1
outer loop
vertex 131.045116349141 -111.06558255281647 5.25
vertex 129.0447448565855 -111.02816757940593 5.25
vertex 129.0450715143691 -111.06558255281647 5.25
endloop
endfacet
facet normal 0 0 1
outer loop
vertex 131.05691327715738 -111.02816757940593 5.25
vertex 131.07441811892755 -110.99305877338024 5.25
vertex 129.04443833318817 -110.99305877338024 5.25
endloop
endfacet
facet normal 0 0 1
outer loop
vertex 131.05691327715738 -111.02816757940593 5.25
vertex 129.04443833318817 -110.99305877338024 5.25
vertex 129.0447448565855 -111.02816757940593 5.25
endloop
endfacet
facet normal 0 0 1
outer loop
vertex 131.07441811892755 -110.99305877338024 5.25
vertex 131.09719982185484 -110.96112068080052 5.25
vertex 129.04475334563676 -110.96112068080052 5.25
endloop
endfacet
facet normal 0 0 1
outer loop
vertex 131.07441811892755 -110.99305877338024 5.25
vertex 129.04475334563676 -110.96112068080052 5.25
vertex 129.0441922700479 -110.96487500947445 5.25
endloop
endfacet
facet normal 0 0 1
outer loop
vertex 131.07441811892755 -110.99305877338024 5.25
vertex 129.0441922700479 -110.96487500947445 5.25
vertex 129.04443833318817 -110.99305877338024 5.25
endloop
endfacet
facet normal 0 0 1
outer loop
vertex 131.09719982185484 -110.96112068080052 5.25
vertex 131.12469739188313 -110.9331397696563 5.25
vertex 129.04893502698667 -110.9331397696563 5.25
endloop
endfacet
facet normal 0 0 1
outer loop
vertex 131.09719982185484 -110.96112068080052 5.25
vertex 129.04893502698667 -110.9331397696563 5.25
vertex 129.04475334563676 -110.96112068080052 5.25
endloop
endfacet
facet normal 0 0 1
outer loop
vertex 131.12469739188313 -110.9331397696563 5.25
vertex 131.1562337078418 -110.90980506327918 5.25
vertex 129.05242234396357 -110.90980506327918 5.25
endloop
endfacet
facet normal 0 0 1
outer loop
vertex 131.12469739188313 -110.9331397696563 5.25
vertex 129.05242234396357 -110.90980506327918 5.25
vertex 129.04893502698667 -110.9331397696563 5.25
endloop
endfacet
facet normal 0 0 1
outer loop
vertex 131.1562337078418 -110.90980506327918 5.25
vertex 131.19103219539423 -110.89169117330574 5.25
vertex 129.0551294222101 -110.89169117330574 5.25
endloop
endfacet
facet normal 0 0 1
outer loop
vertex 131.1562337078418 -110.90980506327918 5.25
vertex 129.0551294222101 -110.89169117330574 5.25
vertex 129.05242234396357 -110.90980506327918 5.25
endloop
endfacet
facet normal 0 0 1
outer loop
vertex 131.19103219539423 -110.89169117330574 5.25
vertex 131.2282318999997 -110.87924830000011 5.25
vertex 129.05698898035575 -110.87924830000011 5.25
endloop
endfacet
facet normal 0 0 1
outer loop
vertex 131.19103219539423 -110.89169117330574 5.25
vertex 129.05698898035575 -110.87924830000011 5.25
vertex 129.0551294222101 -110.89169117330574 5.25
endloop
endfacet
facet normal 0 0 1
outer loop
vertex 131.2282318999997 -110.87924830000011 5.25
vertex 136.56485805166008 -109.54867645285269 5.25
vertex 129.68978734897263 -109.54867645285269 5.25
endloop
endfacet
facet normal 0 0 1
outer loop
vertex 131.2282318999997 -110.87924830000011 5.25
vertex 129.68978734897263 -109.54867645285269 5.25
vertex 129.56510983700616 -109.67554951395527 5.25
endloop
endfacet
facet normal 0 0 1
outer loop
vertex 131.2282318999997 -110.87924830000011 5.25
vertex 129.56510983700616 -109.67554951395527 5.25
vertex 129.3600832215164 -109.9629872712549 5.25
endloop
endfacet
facet normal 0 0 1
outer loop
vertex 131.2282318999997 -110.87924830000011 5.25
vertex 129.3600832215164 -109.9629872712549 5.25
vertex 129.2025461604408 -110.2789595038458 5.25
endloop
endfacet
facet normal 0 0 1
outer loop
vertex 131.2282318999997 -110.87924830000011 5.25
vertex 129.2025461604408 -110.2789595038458 5.25
vertex 129.0963777647597 -110.61568587516103 5.25
endloop
endfacet
facet normal 0 0 1
outer loop
vertex 131.2282318999997 -110.87924830000011 5.25
vertex 129.0963777647597 -110.61568587516103 5.25
vertex 129.05698898035575 -110.87924830000011 5.25
endloop
endfacet
facet normal 0 0 1
outer loop
vertex 140.6984296377678 -109.54867645285269 5.25
vertex 136.56485805166008 -109.54867645285269 5.25
vertex 136.8067803 -110.51897359999998 5.25
endloop
endfacet
facet normal 0 0 1
outer loop
vertex 136.56485805166008 -109.54867645285269 5.25
vertex 140.6984296377678 -109.54867645285269 5.25
vertex 143.1137025 -108.94648129999999 5.25
endloop
endfacet
facet normal 0 0 1
outer loop
vertex 136.56485805166008 -109.54867645285269 5.25
vertex 143.1137025 -108.94648129999999 5.25
vertex 142.87177982982797 -107.97618246100873 5.25
endloop
endfacet
facet normal 0 0 1
outer loop
vertex 136.56485805166008 -109.54867645285269 5.25
vertex 142.87177982982797 -107.97618246100873 5.25
vertex 134.6046619954171 -107.97618246100873 5.25
endloop
endfacet
facet normal 0 0 1
outer loop
vertex 136.56485805166008 -109.54867645285269 5.25
vertex 134.6046619954171 -107.97618246100873 5.25
vertex 130.74438810000007 -108.93865679999998 5.25
endloop
endfacet
facet normal 0 0 1
outer loop
vertex 136.56485805166008 -109.54867645285269 5.25
vertex 130.74438810000007 -108.93865679999998 5.25
vertex 130.40956712541006 -109.05068311121275 5.25
endloop
endfacet
facet normal 0 0 1
outer loop
vertex 136.56485805166008 -109.54867645285269 5.25
vertex 130.40956712541006 -109.05068311121275 5.25
vertex 130.09639280726745 -109.21371140273621 5.25
endloop
endfacet
facet normal 0 0 1
outer loop
vertex 136.56485805166008 -109.54867645285269 5.25
vertex 130.09639280726745 -109.21371140273621 5.25
vertex 129.81257753774426 -109.42372395037565 5.25
endloop
endfacet
facet normal 0 0 1
outer loop
vertex 136.56485805166008 -109.54867645285269 5.25
vertex 129.81257753774426 -109.42372395037565 5.25
vertex 129.68978734897263 -109.54867645285269 5.25
endloop
endfacet
facet normal 0 0 1
outer loop
vertex 142.87177982982797 -107.97618246100873 5.25
vertex 143.76524909999978 -107.75341530000009 5.25
vertex 144.06643530683155 -107.6523149026812 5.25
endloop
endfacet
facet normal 0 0 1
outer loop
vertex 142.87177982982797 -107.97618246100873 5.25
vertex 144.06643530683155 -107.6523149026812 5.25
vertex 144.34781235483737 -107.5047975193691 5.25
endloop
endfacet
facet normal 0 0 1
outer loop
vertex 142.87177982982797 -107.97618246100873 5.25
vertex 144.34781235483737 -107.5047975193691 5.25
vertex 144.60228008662457 -107.31458554550125 5.25
endloop
endfacet
facet normal 0 0 1
outer loop
vertex 142.87177982982797 -107.97618246100873 5.25
vertex 144.60228008662457 -107.31458554550125 5.25
vertex 144.82341736386752 -107.08647871496444 5.25
endloop
endfacet
facet normal 0 0 1
outer loop
vertex 142.87177982982797 -107.97618246100873 5.25
vertex 144.82341736386752 -107.08647871496444 5.25
vertex 145.00564409577643 -106.82623298550608 5.25
endloop
endfacet
facet normal 0 0 1
outer loop
vertex 142.87177982982797 -107.97618246100873 5.25
vertex 145.00564409577643 -106.82623298550608 5.25
vertex 145.14436204490897 -106.54041529516498 5.25
endloop
endfacet
facet normal 0 0 1
outer loop
vertex 142.87177982982797 -107.97618246100873 5.25
vertex 145.14436204490897 -106.54041529516498 5.25
vertex 145.23607085727775 -106.23623785474895 5.25
endloop
endfacet
facet normal 0 0 1
outer loop
vertex 142.87177982982797 -107.97618246100873 5.25
vertex 145.23607085727775 -106.23623785474895 5.25
vertex 145.27845638890096 -105.92137615775724 5.25
endloop
endfacet
facet normal 0 0 1
outer loop
vertex 142.87177982982797 -107.97618246100873 5.25
vertex 145.27845638890096 -105.92137615775724 5.25
vertex 145.27571941993617 -105.81282769999999 5.25
endloop
endfacet
facet normal 0 0 1
outer loop
vertex 142.87177982982797 -107.97618246100873 5.25
vertex 145.27571941993617 -105.81282769999999 5.25
vertex 143.28140440000004 -105.81282769999999 5.25
endloop
endfacet
facet normal 0 0 1
outer loop
vertex 142.87177982982797 -107.97618246100873 5.25
vertex 143.28140440000004 -105.81282769999999 5.25
vertex 134.6046619954171 -107.97618246100873 5.25
endloop
endfacet
facet normal 0 0 1
outer loop
vertex 145.27571941993617 -105.81282769999999 5.25
vertex 145.27044820000003 -105.6037706000003 5.25
vertex 144.79021095000002 -101.03464005000019 5.25
endloop
endfacet
facet normal 0 0 1
outer loop
vertex 145.27571941993617 -105.81282769999999 5.25
vertex 144.79021095000002 -101.03464005000019 5.25
vertex 142.79752358946234 -101.03464005000019 5.25
endloop
endfacet
facet normal 0 0 1
outer loop
vertex 145.27571941993617 -105.81282769999999 5.25
vertex 142.79752358946234 -101.03464005000019 5.25
vertex 142.8011725 -101.24369814999972 5.25
endloop
endfacet
facet normal 0 0 1
outer loop
vertex 145.27571941993617 -105.81282769999999 5.25
vertex 142.8011725 -101.24369814999972 5.25
vertex 143.28140440000004 -105.81282769999999 5.25
endloop
endfacet
facet normal 0 0 1
outer loop
vertex 144.79021095000002 -101.03464005000019 5.25
vertex 144.7894508793208 -100.99106896088453 5.25
vertex 142.79676309749283 -100.99106896088453 5.25
endloop
endfacet
facet normal 0 0 1
outer loop
vertex 144.79021095000002 -101.03464005000019 5.25
vertex 142.79676309749283 -100.99106896088453 5.25
vertex 142.79752358946234 -101.03464005000019 5.25
endloop
endfacet
facet normal 0 0 1
outer loop
vertex 144.7894508793208 -100.99106896088453 5.25
vertex 144.79626836955669 -100.94802782543154 5.25
vertex 142.79601185536103 -100.94802782543154 5.25
endloop
endfacet
facet normal 0 0 1
outer loop
vertex 144.7894508793208 -100.99106896088453 5.25
vertex 142.79601185536103 -100.94802782543154 5.25
vertex 142.79676309749283 -100.99106896088453 5.25
endloop
endfacet
facet normal 0 0 1
outer loop
vertex 144.79626836955669 -100.94802782543154 5.25
vertex 144.81045627617362 -100.90682441756319 5.25
vertex 142.79529268901848 -100.90682441756319 5.25
endloop
endfacet
facet normal 0 0 1
outer loop
vertex 144.79626836955669 -100.94802782543154 5.25
vertex 142.79529268901848 -100.90682441756319 5.25
vertex 142.79601185536103 -100.94802782543154 5.25
endloop
endfacet
facet normal 0 0 1
outer loop
vertex 144.81045627617362 -100.90682441756319 5.25
vertex 144.83158350984155 -100.86871067316926 5.25
vertex 142.7946274498168 -100.86871067316926 5.25
endloop
endfacet
facet normal 0 0 1
outer loop
vertex 144.81045627617362 -100.90682441756319 5.25
vertex 142.7946274498168 -100.86871067316926 5.25
vertex 142.79529268901848 -100.90682441756319 5.25
endloop
endfacet
facet normal 0 0 1
outer loop
vertex 144.83158350984155 -100.86871067316926 5.25
vertex 144.85900813477193 -100.83484465094065 5.25
vertex 142.79697520246452 -100.83484465094065 5.25
endloop
endfacet
facet normal 0 0 1
outer loop
vertex 144.83158350984155 -100.86871067316926 5.25
vertex 142.79697520246452 -100.83484465094065 5.25
vertex 142.79432806535252 -100.8515579513846 5.25
endloop
endfacet
facet normal 0 0 1
outer loop
vertex 144.83158350984155 -100.86871067316926 5.25
vertex 142.79432806535252 -100.8515579513846 5.25
vertex 142.7946274498168 -100.86871067316926 5.25
endloop
endfacet
facet normal 0 0 1
outer loop
vertex 144.85900813477193 -100.83484465094065 5.25
vertex 144.89189687347587 -100.80625534558665 5.25
vertex 142.80150332133988 -100.80625534558665 5.25
endloop
endfacet
facet normal 0 0 1
outer loop
vertex 144.85900813477193 -100.83484465094065 5.25
vertex 142.80150332133988 -100.80625534558665 5.25
vertex 142.79697520246452 -100.83484465094065 5.25
endloop
endfacet
facet normal 0 0 1
outer loop
vertex 144.89189687347587 -100.80625534558665 5.25
vertex 144.92925042530015 -100.78381142257274 5.25
vertex 142.80505810345778 -100.78381142257274 5.25
endloop
endfacet
facet normal 0 0 1
outer loop
vertex 144.89189687347587 -100.80625534558665 5.25
vertex 142.80505810345778 -100.78381142257274 5.25
vertex 142.80150332133988 -100.80625534558665 5.25
endloop
endfacet
facet normal 0 0 1
outer loop
vertex 144.92925042530015 -100.78381142257274 5.25
vertex 144.96993382945928 -100.76819482434485 5.25
vertex 142.8075315393223 -100.76819482434485 5.25
endloop
endfacet
facet normal 0 0 1
outer loop
vertex 144.92925042530015 -100.78381142257274 5.25
vertex 142.8075315393223 -100.76819482434485 5.25
vertex 142.80505810345778 -100.78381142257274 5.25
endloop
endfacet
facet normal 0 0 1
outer loop
vertex 144.96993382945928 -100.76819482434485 5.25
vertex 145.01271190000023 -100.75988009999996 5.25
vertex 142.8088484674457 -100.75988009999996 5.25
endloop
endfacet
facet normal 0 0 1
outer loop
vertex 144.96993382945928 -100.76819482434485 5.25
vertex 142.8088484674457 -100.75988009999996 5.25
vertex 142.8075315393223 -100.76819482434485 5.25
endloop
endfacet
facet normal 0 0 1
outer loop
vertex 145.01271190000023 -100.75988009999996 5.25
vertex 152.72025556497852 -99.94978250080302 5.25
vertex 153.06247851886002 -99.88326048146459 5.25
endloop
endfacet
facet normal 0 0 1
outer loop
vertex 145.01271190000023 -100.75988009999996 5.25
vertex 153.06247851886002 -99.88326048146459 5.25
vertex 153.38794502873657 -99.75832451974306 5.25
endloop
endfacet
facet normal 0 0 1
outer loop
vertex 145.01271190000023 -100.75988009999996 5.25
vertex 153.38794502873657 -99.75832451974306 5.25
vertex 153.68677213773415 -99.57877006418515 5.25
endloop
endfacet
facet normal 0 0 1
outer loop
vertex 145.01271190000023 -100.75988009999996 5.25
vertex 153.68677213773415 -99.57877006418515 5.25
vertex 153.94988017512722 -99.35005276216928 5.25
endloop
endfacet
facet normal 0 0 1
outer loop
vertex 145.01271190000023 -100.75988009999996 5.25
vertex 153.94988017512722 -99.35005276216928 5.25
vertex 154.16927477135388 -99.0791220427422 5.25
endloop
endfacet
facet normal 0 0 1
outer loop
vertex 145.01271190000023 -100.75988009999996 5.25
vertex 154.16927477135388 -99.0791220427422 5.25
vertex 154.338289761823 -98.77420996266171 5.25
endloop
endfacet
facet normal 0 0 1
outer loop
vertex 145.01271190000023 -100.75988009999996 5.25
vertex 154.338289761823 -98.77420996266171 5.25
vertex 154.451789734068 -98.44458108060942 5.25
endloop
endfacet
facet normal 0 0 1
outer loop
vertex 145.01271190000023 -100.75988009999996 5.25
vertex 154.451789734068 -98.44458108060942 5.25
vertex 154.50632606397016 -98.10025095949985 5.25
endloop
endfacet
facet normal 0 0 1
outer loop
vertex 145.01271190000023 -100.75988009999996 5.25
vertex 154.50632606397016 -98.10025095949985 5.25
vertex 154.5038915437856 -97.96074070000002 5.25
endloop
endfacet
facet normal 0 0 1
outer loop
vertex 145.01271190000023 -100.75988009999996 5.25
vertex 154.5038915437856 -97.96074070000002 5.25
vertex 152.5111996 -97.96074070000002 5.25
endloop
endfacet
facet normal 0 0 1
outer loop
vertex 145.01271190000023 -100.75988009999996 5.25
vertex 152.5111996 -97.96074070000002 5.25
vertex 144.803655 -98.77083630000001 5.25
endloop
endfacet
facet normal 0 0 1
outer loop
vertex 145.01271190000023 -100.75988009999996 5.25
vertex 144.803655 -98.77083630000001 5.25
vertex 144.4186585606003 -98.84567429288174 5.25
endloop
endfacet
facet normal 0 0 1
outer loop
vertex 145.01271190000023 -100.75988009999996 5.25
vertex 144.4186585606003 -98.84567429288174 5.25
vertex 144.05250864656622 -98.98622685283186 5.25
endloop
endfacet
facet normal 0 0 1
outer loop
vertex 145.01271190000023 -100.75988009999996 5.25
vertex 144.05250864656622 -98.98622685283186 5.25
vertex 143.71632798574507 -99.18822523140416 5.25
endloop
endfacet
facet normal 0 0 1
outer loop
vertex 145.01271190000023 -100.75988009999996 5.25
vertex 143.71632798574507 -99.18822523140416 5.25
vertex 143.4203312096487 -99.44553183877392 5.25
endloop
endfacet
facet normal 0 0 1
outer loop
vertex 145.01271190000023 -100.75988009999996 5.25
vertex 143.4203312096487 -99.44553183877392 5.25
vertex 143.173511988492 -99.75032858042906 5.25
endloop
endfacet
facet normal 0 0 1
outer loop
vertex 145.01271190000023 -100.75988009999996 5.25
vertex 143.173511988492 -99.75032858042906 5.25
vertex 142.98336976435462 -100.09335440490295 5.25
endloop
endfacet
facet normal 0 0 1
outer loop
vertex 145.01271190000023 -100.75988009999996 5.25
vertex 142.98336976435462 -100.09335440490295 5.25
vertex 142.85568188549192 -100.46418669482279 5.25
endloop
endfacet
facet normal 0 0 1
outer loop
vertex 145.01271190000023 -100.75988009999996 5.25
vertex 142.85568188549192 -100.46418669482279 5.25
vertex 142.8088484674457 -100.75988009999996 5.25
endloop
endfacet
facet normal -1.4252354213604559e-9 3.732111631529649e-11 1
outer loop
vertex 266.42129400000226 -105.2978390000001 5.250000000000002
vertex 266.6372539000021 -97.05066610000009 5.250000000000002
vertex 266.6372530689353 -97.05065024058757 5.25
endloop
endfacet
facet normal -1.4252354213604559e-9 3.732111631529649e-11 1
outer loop
vertex 266.42129400000226 -105.2978390000001 5.250000000000002
vertex 266.6372530689353 -97.05065024058757 5.25
vertex 266.63451044630733 -96.99831209970701 5.25
endloop
endfacet
facet normal -1.4252354213604559e-9 3.732111631529649e-11 1
outer loop
vertex 266.42129400000226 -105.2978390000001 5.250000000000002
vertex 266.63451044630733 -96.99831209970701 5.25
vertex 264.637939188771 -96.99831209970701 5.25
endloop
endfacet
facet normal -1.4252354213604559e-9 3.732111631529649e-11 1
outer loop
vertex 266.42129400000226 -105.2978390000001 5.250000000000002
vertex 264.637939188771 -96.99831209970701 5.25
vertex 263.29637019475285 -148.2307499772474 5.25
endloop
endfacet
facet normal -1.4252354213604559e-9 3.732111631529649e-11 1
outer loop
vertex 266.42129400000226 -105.2978390000001 5.250000000000002
vertex 263.29637019475285 -148.2307499772474 5.25
vertex 265.2956913148594 -148.28310402369686 5.25
endloop
endfacet
facet normal 0 0 1
outer loop
vertex 266.63451044630733 -96.99831209970701 5.25
vertex 266.63223113070444 -96.95481536052091 5.25
vertex 264.6352746668635 -96.95481536052091 5.25
endloop
endfacet
facet normal 0 0 1
outer loop
vertex 266.63451044630733 -96.99831209970701 5.25
vertex 264.6352746668635 -96.95481536052091 5.25
vertex 264.637939188771 -96.99831209970701 5.25
endloop
endfacet
facet normal 0 0 1
outer loop
vertex 266.63223113070444 -96.95481536052091 5.25
vertex 266.6300106993056 -96.91244232305618 5.25
vertex 264.6251023542679 -96.91244232305618 5.25
endloop
endfacet
facet normal 0 0 1
outer loop
vertex 266.63223113070444 -96.95481536052091 5.25
vertex 264.6251023542679 -96.91244232305618 5.25
vertex 264.6352746668635 -96.95481536052091 5.25
endloop
endfacet
facet normal 0 0 1
outer loop
vertex 266.6300106993056 -96.91244232305618 5.25
vertex 266.6279165609242 -96.87247936624532 5.25
vertex 264.6077267296616 -96.87247936624532 5.25
endloop
endfacet
facet normal 0 0 1
outer loop
vertex 266.6300106993056 -96.91244232305618 5.25
vertex 264.6077267296616 -96.87247936624532 5.25
vertex 264.6251023542679 -96.91244232305618 5.25
endloop
endfacet
facet normal 0 0 1
outer loop
vertex 266.6279165609242 -96.87247936624532 5.25
vertex 266.6260123421937 -96.83614069275535 5.25
vertex 264.58367572019046 -96.83614069275535 5.25
endloop
endfacet
facet normal 0 0 1
outer loop
vertex 266.6279165609242 -96.87247936624532 5.25
vertex 264.58367572019046 -96.83614069275535 5.25
vertex 264.6077267296616 -96.87247936624532 5.25
endloop
endfacet
facet normal 0 0 1
outer loop
vertex 266.6260123421937 -96.83614069275535 5.25
vertex 266.62435589938025 -96.80453038791563 5.25
vertex 264.5536800725815 -96.80453038791563 5.25
endloop
endfacet
facet normal 0 0 1
outer loop
vertex 266.6260123421937 -96.83614069275535 5.25
vertex 264.5536800725815 -96.80453038791563 5.25
vertex 264.58367572019046 -96.83614069275535 5.25
endloop
endfacet
facet normal 0 0 1
outer loop
vertex 266.62435589938025 -96.80453038791563 5.25
vertex 266.6229975605237 -96.77860887406504 5.25
vertex 264.5186511507138 -96.77860887406504 5.25
endloop
endfacet
facet normal 0 0 1
outer loop
vertex 266.62435589938025 -96.80453038791563 5.25
vertex 264.5186511507138 -96.77860887406504 5.25
vertex 264.5536800725815 -96.80453038791563 5.25
endloop
endfacet
facet normal 0 0 1
outer loop
vertex 266.6229975605237 -96.77860887406504 5.25
vertex 266.62197859631056 -96.7591637298456 5.25
vertex 264.4796532454645 -96.7591637298456 5.25
endloop
endfacet
facet normal 0 0 1
outer loop
vertex 266.6229975605237 -96.77860887406504 5.25
vertex 264.4796532454645 -96.7591637298456 5.25
vertex 264.5186511507138 -96.77860887406504 5.25
endloop
endfacet
facet normal 0 0 1
outer loop
vertex 266.62197859631056 -96.7591637298456 5.25
vertex 266.6213299661383 -96.74678576104027 5.25
vertex 264.437871238143 -96.74678576104027 5.25
endloop
endfacet
facet normal 0 0 1
outer loop
vertex 266.62197859631056 -96.7591637298456 5.25
vertex 264.437871238143 -96.74678576104027 5.25
vertex 264.4796532454645 -96.7591637298456 5.25
endloop
endfacet
facet normal 0 0 1
outer loop
vertex 266.6213299661383 -96.74678576104027 5.25
vertex 266.62107137746983 -96.74185105000001 5.25
vertex 264.39457460000006 -96.74185105000001 5.25
endloop
endfacet
facet normal 0 0 1
outer loop
vertex 266.6213299661383 -96.74678576104027 5.25
vertex 264.39457460000006 -96.74185105000001 5.25
vertex 264.437871238143 -96.74678576104027 5.25
endloop
endfacet
facet normal 0 0 1
outer loop
vertex 232.90536346978806 -95.91727894432465 5.25
vertex 226.40313522496587 -95.91727894432465 5.25
vertex 226.38141380000002 -96.74678576104027 5.25
endloop
endfacet
facet normal 0 0 1
outer loop
vertex 232.90536346978806 -95.91727894432465 5.25
vertex 226.38141380000002 -96.74678576104027 5.25
vertex 232.8791865 -96.916937 5.25
endloop
endfacet
facet normal 0 0 1
outer loop
vertex 266.62107137746983 -96.74185105000001 5.25
vertex 266.6187777337824 -96.69808088445961 5.25
vertex 266.5453700002031 -96.3527303820133 5.25
endloop
endfacet
facet normal 0 0 1
outer loop
vertex 266.62107137746983 -96.74185105000001 5.25
vertex 266.5453700002031 -96.3527303820133 5.25
vertex 266.41884129293345 -96.02311522592032 5.25
endloop
endfacet
facet normal 0 0 1
outer loop
vertex 266.62107137746983 -96.74185105000001 5.25
vertex 266.41884129293345 -96.02311522592032 5.25
vertex 266.35773619079504 -95.91727894432465 5.25
endloop
endfacet
facet normal 0 0 1
outer loop
vertex 266.62107137746983 -96.74185105000001 5.25
vertex 266.35773619079504 -95.91727894432465 5.25
vertex 232.90536346978806 -95.91727894432465 5.25
endloop
endfacet
facet normal 0 0 1
outer loop
vertex 266.62107137746983 -96.74185105000001 5.25
vertex 232.90536346978806 -95.91727894432465 5.25
vertex 264.39457460000006 -96.74185105000001 5.25
endloop
endfacet
facet normal 0 0 1
outer loop
vertex 232.90536346978806 -95.91727894432465 5.25
vertex 266.35773619079504 -95.91727894432465 5.25
vertex 266.2594993753762 -95.74712917129631 5.25
endloop
endfacet
facet normal 0 0 1
outer loop
vertex 232.90536346978806 -95.91727894432465 5.25
vertex 266.2594993753762 -95.74712917129631 5.25
vertex 226.40759075860743 -95.74712917129631 5.25
endloop
endfacet
facet normal 0 0 1
outer loop
vertex 232.90536346978806 -95.91727894432465 5.25
vertex 226.40759075860743 -95.74712917129631 5.25
vertex 226.40313522496587 -95.91727894432465 5.25
endloop
endfacet
facet normal 0 0 1
outer loop
vertex 266.2594993753762 -95.74712917129631 5.25
vertex 266.2423071715061 -95.71735164263887 5.25
vertex 266.02011449582864 -95.44296855321018 5.25
endloop
endfacet
facet normal 0 0 1
outer loop
vertex 266.2594993753762 -95.74712917129631 5.25
vertex 266.02011449582864 -95.44296855321018 5.25
vertex 265.75773439196905 -95.2067221860681 5.25
endloop
endfacet
facet normal 0 0 1
outer loop
vertex 266.2594993753762 -95.74712917129631 5.25
vertex 265.75773439196905 -95.2067221860681 5.25
vertex 265.4616275347521 -95.01442971612113 5.25
endloop
endfacet
facet normal 0 0 1
outer loop
vertex 266.2594993753762 -95.74712917129631 5.25
vertex 265.4616275347521 -95.01442971612113 5.25
vertex 265.1390850643584 -94.87082602646935 5.25
endloop
endfacet
facet normal 0 0 1
outer loop
vertex 266.2594993753762 -95.74712917129631 5.25
vertex 265.1390850643584 -94.87082602646935 5.25
vertex 264.7980490540922 -94.77944711976247 5.25
endloop
endfacet
facet normal 0 0 1
outer loop
vertex 266.2594993753762 -95.74712917129631 5.25
vertex 264.7980490540922 -94.77944711976247 5.25
vertex 264.44691695000006 -94.74254305000001 5.25
endloop
endfacet
facet normal 0 0 1
outer loop
vertex 266.2594993753762 -95.74712917129631 5.25
vertex 264.44691695000006 -94.74254305000001 5.25
vertex 219.17612930000024 -93.5570815 5.25
endloop
endfacet
facet normal 0 0 1
outer loop
vertex 266.2594993753762 -95.74712917129631 5.25
vertex 219.17612930000024 -93.5570815 5.25
vertex 217.1749153896832 -93.5570815 5.25
endloop
endfacet
facet normal 0 0 1
outer loop
vertex 266.2594993753762 -95.74712917129631 5.25
vertex 217.1749153896832 -93.5570815 5.25
vertex 217.17735280000002 -93.62687810000052 5.25
endloop
endfacet
facet normal 0 0 1
outer loop
vertex 266.2594993753762 -95.74712917129631 5.25
vertex 217.17735280000002 -93.62687810000052 5.25
vertex 217.21706114711222 -93.95961459462332 5.25
endloop
endfacet
facet normal 0 0 1
outer loop
vertex 266.2594993753762 -95.74712917129631 5.25
vertex 217.21706114711222 -93.95961459462332 5.25
vertex 217.31176574458377 -94.28105100653474 5.25
endloop
endfacet
facet normal 0 0 1
outer loop
vertex 266.2594993753762 -95.74712917129631 5.25
vertex 217.31176574458377 -94.28105100653474 5.25
vertex 217.45880798984362 -94.58216378572793 5.25
endloop
endfacet
facet normal 0 0 1
outer loop
vertex 266.2594993753762 -95.74712917129631 5.25
vertex 217.45880798984362 -94.58216378572793 5.25
vertex 217.6540600274162 -94.85449991904207 5.25
endloop
endfacet
facet normal 0 0 1
outer loop
vertex 266.2594993753762 -95.74712917129631 5.25
vertex 217.6540600274162 -94.85449991904207 5.25
vertex 217.89204062848108 -95.09041422806413 5.25
endloop
endfacet
facet normal 0 0 1
outer loop
vertex 266.2594993753762 -95.74712917129631 5.25
vertex 217.89204062848108 -95.09041422806413 5.25
vertex 218.16606906311958 -95.28328398902805 5.25
endloop
endfacet
facet normal 0 0 1
outer loop
vertex 266.2594993753762 -95.74712917129631 5.25
vertex 218.16606906311958 -95.28328398902805 5.25
vertex 218.46845264565124 -95.42769484976881 5.25
endloop
endfacet
facet normal 0 0 1
outer loop
vertex 266.2594993753762 -95.74712917129631 5.25
vertex 218.46845264565124 -95.42769484976881 5.25
vertex 218.79070268818418 -95.51959282456814 5.25
endloop
endfacet
facet normal 0 0 1
outer loop
vertex 266.2594993753762 -95.74712917129631 5.25
vertex 218.79070268818418 -95.51959282456814 5.25
vertex 219.1237756 -95.5563962 5.25
endloop
endfacet
facet normal 0 0 1
outer loop
vertex 266.2594993753762 -95.74712917129631 5.25
vertex 219.1237756 -95.5563962 5.25
vertex 226.40759075860743 -95.74712917129631 5.25
endloop
endfacet
facet normal 0 0 1
outer loop
vertex 154.5038915437856 -97.96074070000002 5.25
vertex 154.5002434 -97.75168369999993 5.25
vertex 153.89920155000002 -92.03318015000006 5.25
endloop
endfacet
facet normal 0 0 1
outer loop
vertex 154.5038915437856 -97.96074070000002 5.25
vertex 153.89920155000002 -92.03318015000006 5.25
vertex 151.9065141894623 -92.03318015000006 5.25
endloop
endfacet
facet normal 0 0 1
outer loop
vertex 154.5038915437856 -97.96074070000002 5.25
vertex 151.9065141894623 -92.03318015000006 5.25
vertex 151.9101631 -92.24223825 5.25
endloop
endfacet
facet normal 0 0 1
outer loop
vertex 154.5038915437856 -97.96074070000002 5.25
vertex 151.9101631 -92.24223825 5.25
vertex 152.5111996 -97.96074070000002 5.25
endloop
endfacet
facet normal 0 0 1
outer loop
vertex 153.89920155000002 -92.03318015000006 5.25
vertex 153.8984414793208 -91.98960906088435 5.25
vertex 151.9057536974928 -91.98960906088435 5.25
endloop
endfacet
facet normal 0 0 1
outer loop
vertex 153.89920155000002 -92.03318015000006 5.25
vertex 151.9057536974928 -91.98960906088435 5.25
vertex 151.9065141894623 -92.03318015000006 5.25
endloop
endfacet
facet normal 0 0 1
outer loop
vertex 153.8984414793208 -91.98960906088435 5.25
vertex 153.90525896955663 -91.94656792543175 5.25
vertex 151.90500245536103 -91.94656792543175 5.25
endloop
endfacet
facet normal 0 0 1
outer loop
vertex 153.8984414793208 -91.98960906088435 5.25
vertex 151.90500245536103 -91.94656792543175 5.25
vertex 151.9057536974928 -91.98960906088435 5.25
endloop
endfacet
facet normal 0 0 1
outer loop
vertex 153.90525896955663 -91.94656792543175 5.25
vertex 153.91944687617374 -91.90536451756297 5.25
vertex 151.90428328901848 -91.90536451756297 5.25
endloop
endfacet
facet normal 0 0 1
outer loop
vertex 153.90525896955663 -91.94656792543175 5.25
vertex 151.90428328901848 -91.90536451756297 5.25
vertex 151.90500245536103 -91.94656792543175 5.25
endloop
endfacet
facet normal 0 0 1
outer loop
vertex 153.91944687617374 -91.90536451756297 5.25
vertex 153.94057410984152 -91.86725077316932 5.25
vertex 151.9036180498168 -91.86725077316932 5.25
endloop
endfacet
facet normal 0 0 1
outer loop
vertex 153.91944687617374 -91.90536451756297 5.25
vertex 151.9036180498168 -91.86725077316932 5.25
vertex 151.90428328901848 -91.90536451756297 5.25
endloop
endfacet
facet normal 0 0 1
outer loop
vertex 153.94057410984152 -91.86725077316932 5.25
vertex 153.9679987347719 -91.83338475094072 5.25
vertex 151.90596580246452 -91.83338475094072 5.25
endloop
endfacet
facet normal 0 0 1
outer loop
vertex 153.94057410984152 -91.86725077316932 5.25
vertex 151.90596580246452 -91.83338475094072 5.25
vertex 151.90331866535251 -91.85009805138452 5.25
endloop
endfacet
facet normal 0 0 1
outer loop
vertex 153.94057410984152 -91.86725077316932 5.25
vertex 151.90331866535251 -91.85009805138452 5.25
vertex 151.9036180498168 -91.86725077316932 5.25
endloop
endfacet
facet normal 0 0 1
outer loop
vertex 153.9679987347719 -91.83338475094072 5.25
vertex 154.0008874734758 -91.80479544558673 5.25
vertex 151.91049392133985 -91.80479544558673 5.25
endloop
endfacet
facet normal 0 0 1
outer loop
vertex 153.9679987347719 -91.83338475094072 5.25
vertex 151.91049392133985 -91.80479544558673 5.25
vertex 151.90596580246452 -91.83338475094072 5.25
endloop
endfacet
facet normal 0 0 1
outer loop
vertex 154.0008874734758 -91.80479544558673 5.25
vertex 154.0382410253003 -91.7823515225727 5.25
vertex 151.91404870345775 -91.7823515225727 5.25
endloop
endfacet
facet normal 0 0 1
outer loop
vertex 154.0008874734758 -91.80479544558673 5.25
vertex 151.91404870345775 -91.7823515225727 5.25
vertex 151.91049392133985 -91.80479544558673 5.25
endloop
endfacet
facet normal 0 0 1
outer loop
vertex 154.0382410253003 -91.7823515225727 5.25
vertex 154.07892442945925 -91.76673492434486 5.25
vertex 151.91652213932224 -91.76673492434486 5.25
endloop
endfacet
facet normal 0 0 1
outer loop
vertex 154.0382410253003 -91.7823515225727 5.25
vertex 151.91652213932224 -91.76673492434486 5.25
vertex 151.91404870345775 -91.7823515225727 5.25
endloop
endfacet
facet normal 0 0 1
outer loop
vertex 154.07892442945925 -91.76673492434486 5.25
vertex 154.1217031000002 -91.75842029999997 5.25
vertex 151.91783905160716 -91.75842029999997 5.25
endloop
endfacet
facet normal 0 0 1
outer loop
vertex 154.07892442945925 -91.76673492434486 5.25
vertex 151.91783905160716 -91.75842029999997 5.25
vertex 151.91652213932224 -91.76673492434486 5.25
endloop
endfacet
facet normal 0 0 1
outer loop
vertex 154.1217031000002 -91.75842029999997 5.25
vertex 173.80798770000007 -89.68931049999999 5.25
vertex 174.14274633798308 -89.62491492935544 5.25
endloop
endfacet
facet normal 0 0 1
outer loop
vertex 154.1217031000002 -91.75842029999997 5.25
vertex 174.14274633798308 -89.62491492935544 5.25
vertex 174.46170601701974 -89.50460342378754 5.25
endloop
endfacet
facet normal 0 0 1
outer loop
vertex 154.1217031000002 -91.75842029999997 5.25
vertex 174.46170601701974 -89.50460342378754 5.25
vertex 174.7556001502515 -89.33187133737924 5.25
endloop
endfacet
facet normal 0 0 1
outer loop
vertex 154.1217031000002 -91.75842029999997 5.25
vertex 174.7556001502515 -89.33187133737924 5.25
vertex 175.0158903684375 -89.11173697491029 5.25
endloop
endfacet
facet normal 0 0 1
outer loop
vertex 154.1217031000002 -91.75842029999997 5.25
vertex 175.0158903684375 -89.11173697491029 5.25
vertex 175.23501458121476 -88.85059579738791 5.25
endloop
endfacet
facet normal 0 0 1
outer loop
vertex 154.1217031000002 -91.75842029999997 5.25
vertex 175.23501458121476 -88.85059579738791 5.25
vertex 175.40660667498386 -88.55603461770015 5.25
endloop
endfacet
facet normal 0 0 1
outer loop
vertex 154.1217031000002 -91.75842029999997 5.25
vertex 175.40660667498386 -88.55603461770015 5.25
vertex 175.52568146463952 -88.23661118447839 5.25
endloop
endfacet
facet normal 0 0 1
outer loop
vertex 154.1217031000002 -91.75842029999997 5.25
vertex 175.52568146463952 -88.23661118447839 5.25
vertex 175.5887795258303 -87.90160555781321 5.25
endloop
endfacet
facet normal 0 0 1
outer loop
vertex 154.1217031000002 -91.75842029999997 5.25
vertex 175.5887795258303 -87.90160555781321 5.25
vertex 175.59190187263582 -87.700264 5.25
endloop
endfacet
facet normal 0 0 1
outer loop
vertex 154.1217031000002 -91.75842029999997 5.25
vertex 175.59190187263582 -87.700264 5.25
vertex 173.5989373 -87.700264 5.25
endloop
endfacet
facet normal 0 0 1
outer loop
vertex 154.1217031000002 -91.75842029999997 5.25
vertex 173.5989373 -87.700264 5.25
vertex 153.91264619999984 -89.76937650000004 5.25
endloop
endfacet
facet normal 0 0 1
outer loop
vertex 154.1217031000002 -91.75842029999997 5.25
vertex 153.91264619999984 -89.76937650000004 5.25
vertex 153.52764916060036 -89.84421439288171 5.25
endloop
endfacet
facet normal 0 0 1
outer loop
vertex 154.1217031000002 -91.75842029999997 5.25
vertex 153.52764916060036 -89.84421439288171 5.25
vertex 153.16149924656634 -89.9847669528318 5.25
endloop
endfacet
facet normal 0 0 1
outer loop
vertex 154.1217031000002 -91.75842029999997 5.25
vertex 153.16149924656634 -89.9847669528318 5.25
vertex 152.82531858574518 -90.18676533140412 5.25
endloop
endfacet
facet normal 0 0 1
outer loop
vertex 154.1217031000002 -91.75842029999997 5.25
vertex 152.82531858574518 -90.18676533140412 5.25
vertex 152.5293218096485 -90.44407193877416 5.25
endloop
endfacet
facet normal 0 0 1
outer loop
vertex 154.1217031000002 -91.75842029999997 5.25
vertex 152.5293218096485 -90.44407193877416 5.25
vertex 152.28250258849206 -90.74886868042896 5.25
endloop
endfacet
facet normal 0 0 1
outer loop
vertex 154.1217031000002 -91.75842029999997 5.25
vertex 152.28250258849206 -90.74886868042896 5.25
vertex 152.0923603643547 -91.09189450490283 5.25
endloop
endfacet
facet normal 0 0 1
outer loop
vertex 154.1217031000002 -91.75842029999997 5.25
vertex 152.0923603643547 -91.09189450490283 5.25
vertex 151.96467248549183 -91.46272679482315 5.25
endloop
endfacet
facet normal 0 0 1
outer loop
vertex 154.1217031000002 -91.75842029999997 5.25
vertex 151.96467248549183 -91.46272679482315 5.25
vertex 151.91783905160716 -91.75842029999997 5.25
endloop
endfacet
facet normal 0 0 1
outer loop
vertex 219.17612930000024 -93.5570815 5.25
vertex 218.96429173402396 -87.49084540000028 5.25
vertex 216.96307260000003 -87.49084540000028 5.25
endloop
endfacet
facet normal 0 0 1
outer loop
vertex 219.17612930000024 -93.5570815 5.25
vertex 216.96307260000003 -87.49084540000028 5.25
vertex 217.1749153896832 -93.5570815 5.25
endloop
endfacet
facet normal 0 0 1
outer loop
vertex 218.96429173402396 -87.49084540000028 5.25
vertex 218.96293050490542 -87.45186488593859 5.25
vertex 216.95863489384072 -87.45186488593859 5.25
endloop
endfacet
facet normal 0 0 1
outer loop
vertex 218.96429173402396 -87.49084540000028 5.25
vertex 216.95863489384072 -87.45186488593859 5.25
vertex 216.96307260000003 -87.49084540000028 5.25
endloop
endfacet
facet normal 0 0 1
outer loop
vertex 218.96293050490542 -87.45186488593859 5.25
vertex 218.96185429999997 -87.4210463999997 5.25
vertex 218.96105854837018 -87.41406176316835 5.25
endloop
endfacet
facet normal 0 0 1
outer loop
vertex 218.96293050490542 -87.45186488593859 5.25
vertex 218.96105854837018 -87.41406176316835 5.25
vertex 216.94815062054707 -87.41406176316835 5.25
endloop
endfacet
facet normal 0 0 1
outer loop
vertex 218.96293050490542 -87.45186488593859 5.25
vertex 216.94815062054707 -87.41406176316835 5.25
vertex 216.95863489384072 -87.45186488593859 5.25
endloop
endfacet
facet normal 0 0 1
outer loop
vertex 218.96105854837018 -87.41406176316835 5.25
vertex 218.9569915653618 -87.3783641934119 5.25
vertex 216.93188164420658 -87.3783641934119 5.25
endloop
endfacet
facet normal 0 0 1
outer loop
vertex 218.96105854837018 -87.41406176316835 5.25
vertex 216.93188164420658 -87.3783641934119 5.25
vertex 216.94815062054707 -87.41406176316835 5.25
endloop
endfacet
facet normal 0 0 1
outer loop
vertex 218.9569915653618 -87.3783641934119 5.25
vertex 218.9532646107176 -87.345651191387 5.25
vertex 216.91022857107188 -87.345651191387 5.25
endloop
endfacet
facet normal 0 0 1
outer loop
vertex 218.9569915653618 -87.3783641934119 5.25
vertex 216.91022857107188 -87.345651191387 5.25
vertex 216.93188164420658 -87.3783641934119 5.25
endloop
endfacet
facet normal 0 0 1
outer loop
vertex 218.9532646107176 -87.345651191387 5.25
vertex 218.9499694567349 -87.31672828000198 5.25
vertex 216.88372458505657 -87.31672828000198 5.25
endloop
endfacet
facet normal 0 0 1
outer loop
vertex 218.9532646107176 -87.345651191387 5.25
vertex 216.88372458505657 -87.31672828000198 5.25
vertex 216.91022857107188 -87.345651191387 5.25
endloop
endfacet
facet normal 0 0 1
outer loop
vertex 218.9499694567349 -87.31672828000198 5.25
vertex 218.9471872430785 -87.29230765521199 5.25
vertex 216.85302231864927 -87.29230765521199 5.25
endloop
endfacet
facet normal 0 0 1
outer loop
vertex 218.9499694567349 -87.31672828000198 5.25
vertex 216.85302231864927 -87.29230765521199 5.25
vertex 216.88372458505657 -87.31672828000198 5.25
endloop
endfacet
facet normal 0 0 1
outer loop
vertex 218.9471872430785 -87.29230765521199 5.25
vertex 218.94498647880297 -87.27299064894927 5.25
vertex 216.81887778253127 -87.27299064894927 5.25
endloop
endfacet
facet normal 0 0 1
outer loop
vertex 218.9471872430785 -87.29230765521199 5.25
vertex 216.81887778253127 -87.27299064894927 5.25
vertex 216.85302231864927 -87.29230765521199 5.25
endloop
endfacet
facet normal 0 0 1
outer loop
vertex 218.94498647880297 -87.27299064894927 5.25
vertex 218.94342135538963 -87.25925292196366 5.25
vertex 216.78213174961675 -87.25925292196366 5.25
endloop
endfacet
facet normal 0 0 1
outer loop
vertex 218.94498647880297 -87.27299064894927 5.25
vertex 216.78213174961675 -87.25925292196366 5.25
vertex 216.81887778253127 -87.27299064894927 5.25
endloop
endfacet
facet normal 0 0 1
outer loop
vertex 218.94342135538963 -87.25925292196366 5.25
vertex 218.94253041233927 -87.25143275118238 5.25
vertex 216.74368905191443 -87.25143275118238 5.25
endloop
endfacet
facet normal 0 0 1
outer loop
vertex 218.94342135538963 -87.25925292196366 5.25
vertex 216.74368905191443 -87.25143275118238 5.25
vertex 216.78213174961675 -87.25925292196366 5.25
endloop
endfacet
facet normal 0 0 1
outer loop
vertex 216.70449629999987 -87.24972269999998 5.25
vertex 193.99021292461924 -87.24972269999998 5.25
vertex 194.07285426962778 -87.35465840405762 5.25
endloop
endfacet
facet normal 0 0 1
outer loop
vertex 216.70449629999987 -87.24972269999998 5.25
vertex 194.07285426962778 -87.35465840405762 5.25
vertex 194.3261876732434 -87.58276299439255 5.25
endloop
endfacet
facet normal 0 0 1
outer loop
vertex 216.70449629999987 -87.24972269999998 5.25
vertex 194.3261876732434 -87.58276299439255 5.25
vertex 194.61457953300447 -87.7645311234554 5.25
endloop
endfacet
facet normal 0 0 1
outer loop
vertex 216.70449629999987 -87.24972269999998 5.25
vertex 194.61457953300447 -87.7645311234554 5.25
vertex 194.92965137919077 -87.89468199460126 5.25
endloop
endfacet
facet normal 0 0 1
outer loop
vertex 216.70449629999987 -87.24972269999998 5.25
vertex 194.92965137919077 -87.89468199460126 5.25
vertex 195.26224962499546 -87.96943441534516 5.25
endloop
endfacet
facet normal 0 0 1
outer loop
vertex 216.70449629999987 -87.24972269999998 5.25
vertex 195.26224962499546 -87.96943441534516 5.25
vertex 195.60271299999977 -87.9866133 5.25
endloop
endfacet
facet normal 0 0 1
outer loop
vertex 218.94253041233927 -87.25143275118238 5.25
vertex 218.94233558817757 -87.24972269999998 5.25
vertex 216.70449629999987 -87.24972269999998 5.25
endloop
endfacet
facet normal 0 0 1
outer loop
vertex 218.94253041233927 -87.25143275118238 5.25
vertex 216.70449629999987 -87.24972269999998 5.25
vertex 216.74368905191443 -87.25143275118238 5.25
endloop
endfacet
facet normal 0 0 1
outer loop
vertex 216.70449629999987 -87.24972269999998 5.25
vertex 218.94233558817757 -87.24972269999998 5.25
vertex 218.92188810034284 -87.07024675387117 5.25
endloop
endfacet
facet normal 0 0 1
outer loop
vertex 216.70449629999987 -87.24972269999998 5.25
vertex 218.92188810034284 -87.07024675387117 5.25
vertex 218.82753445583174 -86.73002173816171 5.25
endloop
endfacet
facet normal 0 0 1
outer loop
vertex 216.70449629999987 -87.24972269999998 5.25
vertex 218.82753445583174 -86.73002173816171 5.25
vertex 218.68111951857418 -86.4087456299697 5.25
endloop
endfacet
facet normal 0 0 1
outer loop
vertex 216.70449629999987 -87.24972269999998 5.25
vertex 218.68111951857418 -86.4087456299697 5.25
vertex 218.4862485137214 -86.11432932095323 5.25
endloop
endfacet
facet normal 0 0 1
outer loop
vertex 216.70449629999987 -87.24972269999998 5.25
vertex 218.4862485137214 -86.11432932095323 5.25
vertex 218.37033408581866 -85.9878316 5.25
endloop
endfacet
facet normal 0 0 1
outer loop
vertex 216.70449629999987 -87.24972269999998 5.25
vertex 218.37033408581866 -85.9878316 5.25
vertex 195.53291400000018 -85.9878316 5.25
endloop
endfacet
facet normal 0 0 1
outer loop
vertex 216.70449629999987 -87.24972269999998 5.25
vertex 195.53291400000018 -85.9878316 5.25
vertex 193.52803612780255 -85.9878316 5.25
endloop
endfacet
facet normal 0 0 1
outer loop
vertex 216.70449629999987 -87.24972269999998 5.25
vertex 193.52803612780255 -85.9878316 5.25
vertex 193.53779149999997 -86.12733664999993 5.25
endloop
endfacet
facet normal 0 0 1
outer loop
vertex 216.70449629999987 -87.24972269999998 5.25
vertex 193.53779149999997 -86.12733664999993 5.25
vertex 193.5904643798859 -86.46413790481346 5.25
endloop
endfacet
facet normal 0 0 1
outer loop
vertex 216.70449629999987 -87.24972269999998 5.25
vertex 193.5904643798859 -86.46413790481346 5.25
vertex 193.69957022815439 -86.78710141884099 5.25
endloop
endfacet
facet normal 0 0 1
outer loop
vertex 216.70449629999987 -87.24972269999998 5.25
vertex 193.69957022815439 -86.78710141884099 5.25
vertex 193.86193926030884 -87.08684433354706 5.25
endloop
endfacet
facet normal 0 0 1
outer loop
vertex 216.70449629999987 -87.24972269999998 5.25
vertex 193.86193926030884 -87.08684433354706 5.25
vertex 193.99021292461924 -87.24972269999998 5.25
endloop
endfacet
facet normal 0 0 1
outer loop
vertex 218.37033408581866 -85.9878316 5.25
vertex 218.24771981677492 -85.85402232473537 5.25
vertex 217.9714068015419 -85.63423426964579 5.25
endloop
endfacet
facet normal 0 0 1
outer loop
vertex 218.37033408581866 -85.9878316 5.25
vertex 217.9714068015419 -85.63423426964579 5.25
vertex 217.66411321804188 -85.46037707224899 5.25
endloop
endfacet
facet normal 0 0 1
outer loop
vertex 218.37033408581866 -85.9878316 5.25
vertex 217.66411321804188 -85.46037707224899 5.25
vertex 217.33340566143744 -85.33673167786706 5.25
endloop
endfacet
facet normal 0 0 1
outer loop
vertex 218.37033408581866 -85.9878316 5.25
vertex 217.33340566143744 -85.33673167786706 5.25
vertex 216.9874272571717 -85.266342649398 5.25
endloop
endfacet
facet normal 0 0 1
outer loop
vertex 218.37033408581866 -85.9878316 5.25
vertex 216.9874272571717 -85.266342649398 5.25
vertex 216.63469715000008 -85.2509432 5.25
endloop
endfacet
facet normal 0 0 1
outer loop
vertex 218.37033408581866 -85.9878316 5.25
vertex 216.63469715000008 -85.2509432 5.25
vertex 195.53291400000018 -85.9878316 5.25
endloop
endfacet
facet normal 0 0 1
outer loop
vertex 175.59190187263582 -87.700264 5.25
vertex 175.5940654 -87.56075099999978 5.25
vertex 175.32127595 -83.6597437499999 5.25
endloop
endfacet
facet normal 0 0 1
outer loop
vertex 175.59190187263582 -87.700264 5.25
vertex 175.32127595 -83.6597437499999 5.25
vertex 173.32737137639722 -83.6597437499999 5.25
endloop
endfacet
facet normal 0 0 1
outer loop
vertex 175.59190187263582 -87.700264 5.25
vertex 173.32737137639722 -83.6597437499999 5.25
vertex 173.32615445 -83.79925469999941 5.25
endloop
endfacet
facet normal 0 0 1
outer loop
vertex 175.59190187263582 -87.700264 5.25
vertex 173.32615445 -83.79925469999941 5.25
vertex 173.5989373 -87.700264 5.25
endloop
endfacet
facet normal 0 0 1
outer loop
vertex 175.32127595 -83.6597437499999 5.25
vertex 175.3216169892415 -83.620513884622 5.25
vertex 173.3277135707464 -83.620513884622 5.25
endloop
endfacet
facet normal 0 0 1
outer loop
vertex 175.32127595 -83.6597437499999 5.25
vertex 173.3277135707464 -83.620513884622 5.25
vertex 173.32737137639722 -83.6597437499999 5.25
endloop
endfacet
facet normal 0 0 1
outer loop
vertex 175.3216169892415 -83.620513884622 5.25
vertex 175.32809101216327 -83.58182040102905 5.25
vertex 173.32805108634346 -83.58182040102905 5.25
endloop
endfacet
facet normal 0 0 1
outer loop
vertex 175.3216169892415 -83.620513884622 5.25
vertex 173.32805108634346 -83.58182040102905 5.25
vertex 173.3277135707464 -83.620513884622 5.25
endloop
endfacet
facet normal 0 0 1
outer loop
vertex 175.32809101216327 -83.58182040102905 5.25
vertex 175.3405385922068 -83.54461614863213 5.25
vertex 173.32837561167162 -83.54461614863213 5.25
endloop
endfacet
facet normal 0 0 1
outer loop
vertex 175.32809101216327 -83.58182040102905 5.25
vertex 173.32837561167162 -83.54461614863213 5.25
vertex 173.32805108634346 -83.58182040102905 5.25
endloop
endfacet
facet normal 0 0 1
outer loop
vertex 175.3405385922068 -83.54461614863213 5.25
vertex 175.35865320051465 -83.50981730366276 5.25
vertex 173.328679155107 -83.50981730366276 5.25
endloop
endfacet
facet normal 0 0 1
outer loop
vertex 175.3405385922068 -83.54461614863213 5.25
vertex 173.328679155107 -83.50981730366276 5.25
vertex 173.32837561167162 -83.54461614863213 5.25
endloop
endfacet
facet normal 0 0 1
outer loop
vertex 175.35865320051465 -83.50981730366276 5.25
vertex 175.38198875438118 -83.47828080780342 5.25
vertex 173.32895424171696 -83.47828080780342 5.25
endloop
endfacet
facet normal 0 0 1
outer loop
vertex 175.35865320051465 -83.50981730366276 5.25
vertex 173.32895424171696 -83.47828080780342 5.25
vertex 173.328679155107 -83.50981730366276 5.25
endloop
endfacet
facet normal 0 0 1
outer loop
vertex 175.38198875438118 -83.47828080780342 5.25
vertex 175.40997060229694 -83.45078326550284 5.25
vertex 173.32919409733464 -83.45078326550284 5.25
endloop
endfacet
facet normal 0 0 1
outer loop
vertex 175.38198875438118 -83.47828080780342 5.25
vertex 173.32919409733464 -83.45078326550284 5.25
vertex 173.32895424171696 -83.47828080780342 5.25
endloop
endfacet
facet normal 0 0 1
outer loop
vertex 175.40997060229694 -83.45078326550284 5.25
vertex 175.4419096750741 -83.42800181964293 5.25
vertex 173.3322796371006 -83.42800181964293 5.25
endloop
endfacet
facet normal 0 0 1
outer loop
vertex 175.40997060229694 -83.45078326550284 5.25
vertex 173.3322796371006 -83.42800181964293 5.25
vertex 173.3292340595601 -83.44620191362382 5.25
endloop
endfacet
facet normal 0 0 1
outer loop
vertex 175.40997060229694 -83.45078326550284 5.25
vertex 173.3292340595601 -83.44620191362382 5.25
vertex 173.32919409733464 -83.45078326550284 5.25
endloop
endfacet
facet normal 0 0 1
outer loop
vertex 175.4419096750741 -83.42800181964293 5.25
vertex 175.47701945457496 -83.41049747650274 5.25
vertex 173.3352087886965 -83.41049747650274 5.25
endloop
endfacet
facet normal 0 0 1
outer loop
vertex 175.4419096750741 -83.42800181964293 5.25
vertex 173.3352087886965 -83.41049747650274 5.25
vertex 173.3322796371006 -83.42800181964293 5.25
endloop
endfacet
facet normal 0 0 1
outer loop
vertex 175.47701945457496 -83.41049747650274 5.25
vertex 175.51443534217378 -83.39870129065561 5.25
vertex 173.33718274546385 -83.39870129065561 5.25
endloop
endfacet
facet normal 0 0 1
outer loop
vertex 175.47701945457496 -83.41049747650274 5.25
vertex 173.33718274546385 -83.39870129065561 5.25
vertex 173.3352087886965 -83.41049747650274 5.25
endloop
endfacet
facet normal 0 0 1
outer loop
vertex 175.51443534217378 -83.39870129065561 5.25
vertex 175.55323189999984 -83.39290750000002 5.25
vertex 173.33815227005607 -83.39290750000002 5.25
endloop
endfacet
facet normal 0 0 1
outer loop
vertex 175.51443534217378 -83.39870129065561 5.25
vertex 173.33815227005607 -83.39290750000002 5.25
vertex 173.33718274546385 -83.39870129065561 5.25
endloop
endfacet
facet normal 0 0 1
outer loop
vertex 175.55323189999984 -83.39290750000002 5.25
vertex 181.03983405645442 -83.00924561247143 5.25
vertex 173.41719433988087 -83.00924561247143 5.25
endloop
endfacet
facet normal 0 0 1
outer loop
vertex 175.55323189999984 -83.39290750000002 5.25
vertex 173.41719433988087 -83.00924561247143 5.25
vertex 173.38750542230161 -83.09797755742902 5.25
endloop
endfacet
facet normal 0 0 1
outer loop
vertex 175.55323189999984 -83.39290750000002 5.25
vertex 173.38750542230161 -83.09797755742902 5.25
vertex 173.33815227005607 -83.39290750000002 5.25
endloop
endfacet
facet normal 0 0 1
outer loop
vertex 187.5937569 -83.5533939 5.25
vertex 187.55570635797056 -83.00924561247143 5.25
vertex 181.03983405645442 -83.00924561247143 5.25
endloop
endfacet
facet normal 0 0 1
outer loop
vertex 187.5937569 -83.5533939 5.25
vertex 181.03983405645442 -83.00924561247143 5.25
vertex 181.10959059999996 -84.006811 5.25
endloop
endfacet
facet normal 0 0 1
outer loop
vertex 181.03983405645442 -83.00924561247143 5.25
vertex 187.55570635797056 -83.00924561247143 5.25
vertex 187.5240002519241 -82.5558270173816 5.25
endloop
endfacet
facet normal 0 0 1
outer loop
vertex 181.03983405645442 -83.00924561247143 5.25
vertex 187.5240002519241 -82.5558270173816 5.25
vertex 173.6074614123754 -82.5558270173816 5.25
endloop
endfacet
facet normal 0 0 1
outer loop
vertex 181.03983405645442 -83.00924561247143 5.25
vertex 173.6074614123754 -82.5558270173816 5.25
vertex 173.49953370155166 -82.76315608468343 5.25
endloop
endfacet
facet normal 0 0 1
outer loop
vertex 181.03983405645442 -83.00924561247143 5.25
vertex 173.49953370155166 -82.76315608468343 5.25
vertex 173.41719433988087 -83.00924561247143 5.25
endloop
endfacet
facet normal 0 0 1
outer loop
vertex 195.53291400000018 -85.9878316 5.25
vertex 195.28231659072893 -82.40412110000024 5.25
vertex 193.2774328 -82.40412110000024 5.25
endloop
endfacet
facet normal 0 0 1
outer loop
vertex 195.53291400000018 -85.9878316 5.25
vertex 193.2774328 -82.40412110000024 5.25
vertex 193.52803612780255 -85.9878316 5.25
endloop
endfacet
facet normal 0 0 1
outer loop
vertex 195.28231659072893 -82.40412110000024 5.25
vertex 195.27960369953948 -82.36532494217363 5.25
vertex 193.27163885934434 -82.36532494217363 5.25
endloop
endfacet
facet normal 0 0 1
outer loop
vertex 195.28231659072893 -82.40412110000024 5.25
vertex 193.27163885934434 -82.36532494217363 5.25
vertex 193.2774328 -82.40412110000024 5.25
endloop
endfacet
facet normal 0 0 1
outer loop
vertex 195.27960369953948 -82.36532494217363 5.25
vertex 195.2769873262309 -82.32790905457462 5.25
vertex 193.25984267349716 -82.32790905457462 5.25
endloop
endfacet
facet normal 0 0 1
outer loop
vertex 195.27960369953948 -82.36532494217363 5.25
vertex 193.25984267349716 -82.32790905457462 5.25
vertex 193.27163885934434 -82.36532494217363 5.25
endloop
endfacet
facet normal 0 0 1
outer loop
vertex 195.2769873262309 -82.32790905457462 5.25
vertex 195.27453221168332 -82.29279927507434 5.25
vertex 193.24233833035723 -82.29279927507434 5.25
endloop
endfacet
facet normal 0 0 1
outer loop
vertex 195.2769873262309 -82.32790905457462 5.25
vertex 193.24233833035723 -82.29279927507434 5.25
vertex 193.25984267349716 -82.32790905457462 5.25
endloop
endfacet
facet normal 0 0 1
outer loop
vertex 195.27453221168332 -82.29279927507434 5.25
vertex 195.27256090000003 -82.26460820000008 5.25
vertex 195.27200080223494 -82.26086020229693 5.25
endloop
endfacet
facet normal 0 0 1
outer loop
vertex 195.27453221168332 -82.29279927507434 5.25
vertex 195.27200080223494 -82.26086020229693 5.25
vertex 193.21955688449714 -82.26086020229693 5.25
endloop
endfacet
facet normal 0 0 1
outer loop
vertex 195.27453221168332 -82.29279927507434 5.25
vertex 193.21955688449714 -82.26086020229693 5.25
vertex 193.24233833035723 -82.29279927507434 5.25
endloop
endfacet
facet normal 0 0 1
outer loop
vertex 195.27200080223494 -82.26086020229693 5.25
vertex 195.26781921736702 -82.23287835438109 5.25
vertex 193.1920593421965 -82.23287835438109 5.25
endloop
endfacet
facet normal 0 0 1
outer loop
vertex 195.27200080223494 -82.26086020229693 5.25
vertex 193.1920593421965 -82.23287835438109 5.25
vertex 193.21955688449714 -82.26086020229693 5.25
endloop
endfacet
facet normal 0 0 1
outer loop
vertex 195.26781921736702 -82.23287835438109 5.25
vertex 195.26433197094835 -82.20954280051471 5.25
vertex 193.16052284633733 -82.20954280051471 5.25
endloop
endfacet
facet normal 0 0 1
outer loop
vertex 195.26781921736702 -82.23287835438109 5.25
vertex 193.16052284633733 -82.20954280051471 5.25
vertex 193.1920593421965 -82.23287835438109 5.25
endloop
endfacet
facet normal 0 0 1
outer loop
vertex 195.26433197094835 -82.20954280051471 5.25
vertex 195.26162493843867 -82.19142819220674 5.25
vertex 193.12572400136781 -82.19142819220674 5.25
endloop
endfacet
facet normal 0 0 1
outer loop
vertex 195.26433197094835 -82.20954280051471 5.25
vertex 193.12572400136781 -82.19142819220674 5.25
vertex 193.16052284633733 -82.20954280051471 5.25
endloop
endfacet
facet normal 0 0 1
outer loop
vertex 195.26162493843867 -82.19142819220674 5.25
vertex 195.25976478207915 -82.17898061216329 5.25
vertex 193.08851974897107 -82.17898061216329 5.25
endloop
endfacet
facet normal 0 0 1
outer loop
vertex 195.26162493843867 -82.19142819220674 5.25
vertex 193.08851974897107 -82.17898061216329 5.25
vertex 193.12572400136781 -82.19142819220674 5.25
endloop
endfacet
facet normal 0 0 1
outer loop
vertex 195.25976478207915 -82.17898061216329 5.25
vertex 195.25879730929586 -82.1725065892415 5.25
vertex 193.04982626537796 -82.1725065892415 5.25
endloop
endfacet
facet normal 0 0 1
outer loop
vertex 195.25976478207915 -82.17898061216329 5.25
vertex 193.04982626537796 -82.1725065892415 5.25
vertex 193.08851974897107 -82.17898061216329 5.25
endloop
endfacet
facet normal 0 0 1
outer loop
vertex 187.5240002519241 -82.5558270173816 5.25
vertex 193.01059640000028 -82.17216554999999 5.25
vertex 173.86813216002386 -82.17216554999999 5.25
endloop
endfacet
facet normal 0 0 1
outer loop
vertex 187.5240002519241 -82.5558270173816 5.25
vertex 173.86813216002386 -82.17216554999999 5.25
vertex 173.66256038479335 -82.44998192464763 5.25
endloop
endfacet
facet normal 0 0 1
outer loop
vertex 187.5240002519241 -82.5558270173816 5.25
vertex 173.66256038479335 -82.44998192464763 5.25
vertex 173.6074614123754 -82.5558270173816 5.25
endloop
endfacet
facet normal 0 0 1
outer loop
vertex 195.25879730929586 -82.1725065892415 5.25
vertex 195.25874634466567 -82.17216554999999 5.25
vertex 193.01059640000028 -82.17216554999999 5.25
endloop
endfacet
facet normal 0 0 1
outer loop
vertex 195.25879730929586 -82.1725065892415 5.25
vertex 193.01059640000028 -82.17216554999999 5.25
vertex 193.04982626537796 -82.1725065892415 5.25
endloop
endfacet
facet normal 0 0 1
outer loop
vertex 193.01059640000028 -82.17216554999999 5.25
vertex 195.25874634466567 -82.17216554999999 5.25
vertex 195.22037792245624 -81.91541616216155 5.25
endloop
endfacet
facet normal 0 0 1
outer loop
vertex 193.01059640000028 -82.17216554999999 5.25
vertex 195.22037792245624 -81.91541616216155 5.25
vertex 195.11420783867487 -81.5786912488079 5.25
endloop
endfacet
facet normal 0 0 1
outer loop
vertex 193.01059640000028 -82.17216554999999 5.25
vertex 195.11420783867487 -81.5786912488079 5.25
vertex 194.95666946272365 -81.26272065830054 5.25
endloop
endfacet
facet normal 0 0 1
outer loop
vertex 193.01059640000028 -82.17216554999999 5.25
vertex 194.95666946272365 -81.26272065830054 5.25
vertex 194.7516419185591 -80.97528464786127 5.25
endloop
endfacet
facet normal 0 0 1
outer loop
vertex 193.01059640000028 -82.17216554999999 5.25
vertex 194.7516419185591 -80.97528464786127 5.25
vertex 194.5041736729672 -80.72346085751029 5.25
endloop
endfacet
facet normal 0 0 1
outer loop
vertex 193.01059640000028 -82.17216554999999 5.25
vertex 194.5041736729672 -80.72346085751029 5.25
vertex 194.22035822535238 -80.51345003479334 5.25
endloop
endfacet
facet normal 0 0 1
outer loop
vertex 193.01059640000028 -82.17216554999999 5.25
vertex 194.22035822535238 -80.51345003479334 5.25
vertex 193.90718406531644 -80.35042335155156 5.25
endloop
endfacet
facet normal 0 0 1
outer loop
vertex 193.01059640000028 -82.17216554999999 5.25
vertex 193.90718406531644 -80.35042335155156 5.25
vertex 193.57236259257115 -80.23839507230163 5.25
endloop
endfacet
facet normal 0 0 1
outer loop
vertex 193.01059640000028 -82.17216554999999 5.25
vertex 193.57236259257115 -80.23839507230163 5.25
vertex 193.22413823637618 -80.18012370956009 5.25
endloop
endfacet
facet normal 0 0 1
outer loop
vertex 193.01059640000028 -82.17216554999999 5.25
vertex 193.22413823637618 -80.18012370956009 5.25
vertex 192.87108545 -80.1770441 5.25
endloop
endfacet
facet normal 0 0 1
outer loop
vertex 193.01059640000028 -82.17216554999999 5.25
vertex 192.87108545 -80.1770441 5.25
vertex 175.41371889999985 -81.39777940000002 5.25
endloop
endfacet
facet normal 0 0 1
outer loop
vertex 193.01059640000028 -82.17216554999999 5.25
vertex 175.41371889999985 -81.39777940000002 5.25
vertex 175.06452651216142 -81.4499622275438 5.25
endloop
endfacet
facet normal 0 0 1
outer loop
vertex 193.01059640000028 -82.17216554999999 5.25
vertex 175.06452651216142 -81.4499622275438 5.25
vertex 174.72780159880784 -81.55613231132517 5.25
endloop
endfacet
facet normal 0 0 1
outer loop
vertex 193.01059640000028 -82.17216554999999 5.25
vertex 174.72780159880784 -81.55613231132517 5.25
vertex 174.41183100830042 -81.71367068727643 5.25
endloop
endfacet
facet normal 0 0 1
outer loop
vertex 193.01059640000028 -82.17216554999999 5.25
vertex 174.41183100830042 -81.71367068727643 5.25
vertex 174.12439499786137 -81.91869823144084 5.25
endloop
endfacet
facet normal 0 0 1
outer loop
vertex 193.01059640000028 -82.17216554999999 5.25
vertex 174.12439499786137 -81.91869823144084 5.25
vertex 173.8725712075107 -82.1661664770324 5.25
endloop
endfacet
facet normal 0 0 1
outer loop
vertex 193.01059640000028 -82.17216554999999 5.25
vertex 173.8725712075107 -82.1661664770324 5.25
vertex 173.86813216002386 -82.17216554999999 5.25
endloop
endfacet
facet normal 0 0 -1
outer loop
vertex 208.0293883999999 -146.3530916 5.25
vertex 151.83335666112194 -160.36433339999996 5.25
vertex 151.80738508990575 -160.37080883879833 5.25
endloop
endfacet
facet normal 0 0 -1
outer loop
vertex 208.0293883999999 -146.3530916 5.25
vertex 151.80738508990575 -160.37080883879833 5.25
vertex 151.80601067622413 -160.371151518554 5.25
endloop
endfacet
facet normal 0 0 -1
outer loop
vertex 208.0293883999999 -146.3530916 5.25
vertex 151.80601067622413 -160.371151518554 5.25
vertex 144.05008629999983 -162.30492030000002 5.25
endloop
endfacet
facet normal 0 0 -1
outer loop
vertex 208.0293883999999 -146.3530916 5.25
vertex 144.05008629999983 -162.30492030000002 5.25
vertex 144.05008630000046 -162.3049202999999 0
endloop
endfacet
facet normal 0 0 -1
outer loop
vertex 208.0293883999999 -146.3530916 5.25
vertex 144.05008630000046 -162.3049202999999 0
vertex 156.8545665315259 -159.1124054000004 0
endloop
endfacet
facet normal 0 0 -1
outer loop
vertex 208.0293883999999 -146.3530916 5.25
vertex 156.8545665315259 -159.1124054000004 0
vertex 157.15512410737452 -159.03746799357276 0
endloop
endfacet
facet normal 0 0 -1
outer loop
vertex 208.0293883999999 -146.3530916 5.25
vertex 157.15512410737452 -159.03746799357276 0
vertex 158.04524657579933 -158.8155355768024 0
endloop
endfacet
facet normal 0 0 -1
outer loop
vertex 208.0293883999999 -146.3530916 5.25
vertex 158.04524657579933 -158.8155355768024 0
vertex 159.49072702961314 -158.45513688798275 0
endloop
endfacet
facet normal 0 0 -1
outer loop
vertex 208.0293883999999 -146.3530916 5.25
vertex 159.49072702961314 -158.45513688798275 0
vertex 161.43601646556738 -157.97012184662202 0
endloop
endfacet
facet normal 0 0 -1
outer loop
vertex 208.0293883999999 -146.3530916 5.25
vertex 161.43601646556738 -157.97012184662202 0
vertex 163.80635850157984 -157.37912930875748 0
endloop
endfacet
facet normal 0 0 -1
outer loop
vertex 208.0293883999999 -146.3530916 5.25
vertex 163.80635850157984 -157.37912930875748 0
vertex 166.51066222231256 -156.704870786236 0
endloop
endfacet
facet normal 0 0 -1
outer loop
vertex 208.0293883999999 -146.3530916 5.25
vertex 166.51066222231256 -156.704870786236 0
vertex 169.44500275268575 -155.9732576558705 0
endloop
endfacet
facet normal 0 0 -1
outer loop
vertex 208.0293883999999 -146.3530916 5.25
vertex 169.44500275268575 -155.9732576558705 0
vertex 172.4966150316476 -155.2124053999842 0
endloop
endfacet
facet normal 0 0 -1
outer loop
vertex 208.0293883999999 -146.3530916 5.25
vertex 172.4966150316476 -155.2124053999842 0
vertex 175.54822731039783 -154.45155314415064 0
endloop
endfacet
facet normal 0 0 -1
outer loop
vertex 208.0293883999999 -146.3530916 5.25
vertex 175.54822731039783 -154.45155314415064 0
vertex 178.48256784091308 -153.71994001374972 0
endloop
endfacet
facet normal 0 0 -1
outer loop
vertex 208.0293883999999 -146.3530916 5.25
vertex 178.48256784091308 -153.71994001374972 0
vertex 181.1868715616262 -153.04568149123313 0
endloop
endfacet
facet normal 0 0 -1
outer loop
vertex 208.0293883999999 -146.3530916 5.25
vertex 181.1868715616262 -153.04568149123313 0
vertex 183.5572135975836 -152.45468895338232 0
endloop
endfacet
facet normal 0 0 -1
outer loop
vertex 208.0293883999999 -146.3530916 5.25
vertex 183.5572135975836 -152.45468895338232 0
vertex 185.5025030335376 -151.96967391202165 0
endloop
endfacet
facet normal 0 0 -1
outer loop
vertex 208.0293883999999 -146.3530916 5.25
vertex 185.5025030335376 -151.96967391202165 0
vertex 186.94798348734332 -151.609275223204 0
endloop
endfacet
facet normal 0 0 -1
outer loop
vertex 208.0293883999999 -146.3530916 5.25
vertex 186.94798348734332 -151.609275223204 0
vertex 187.83810595578808 -151.38734280642868 0
endloop
endfacet
facet normal 0 0 -1
outer loop
vertex 208.0293883999999 -146.3530916 5.25
vertex 187.83810595578808 -151.38734280642868 0
vertex 188.1386635316392 -151.31240540000042 0
endloop
endfacet
facet normal 0 0 -1
outer loop
vertex 208.0293883999999 -146.3530916 5.25
vertex 188.1386635316392 -151.31240540000042 0
vertex 208.02938839999993 -146.3530916 0
endloop
endfacet
facet normal -0.999961923107695 0.008726530511039879 -5.413684797458604e-15
outer loop
vertex 207.80795374596457 -171.7270042004012 5.25
vertex 208.0293883999999 -146.3530916 5.25
vertex 208.02938839999993 -146.3530916 0
endloop
endfacet
facet normal -0.999961923107695 0.008726530511039879 -5.413684797458604e-15
outer loop
vertex 207.80795374596457 -171.7270042004012 5.25
vertex 208.02938839999993 -146.3530916 0
vertex 208.01300233295106 -148.23074997724743 0
endloop
endfacet
facet normal -0.999961923107695 0.008726530511039879 -5.413684797458604e-15
outer loop
vertex 207.80795374596457 -171.7270042004012 5.25
vertex 208.01300233295106 -148.23074997724743 0
vertex 207.951935226478 -155.22835127482398 0
endloop
endfacet
facet normal -0.999961923107695 0.008726530511039879 -5.413684797458604e-15
outer loop
vertex 207.80795374596457 -171.7270042004012 5.25
vertex 207.951935226478 -155.22835127482398 0
vertex 207.86723154625628 -164.93443720000056 0
endloop
endfacet
facet normal -0.999961923107695 0.008726530511039879 -5.413684797458604e-15
outer loop
vertex 207.80795374596457 -171.7270042004012 5.25
vertex 207.86723154625628 -164.93443720000056 0
vertex 207.86657757779156 -165.0093746064285 0
endloop
endfacet
facet normal -0.999961923107695 0.008726530511039879 -5.413684797458604e-15
outer loop
vertex 207.80795374596457 -171.7270042004012 5.25
vertex 207.86657757779156 -165.0093746064285 0
vertex 207.86464080403883 -165.2313070232087 0
endloop
endfacet
facet normal -0.999961923107695 0.008726530511039879 -5.413684797458604e-15
outer loop
vertex 207.80795374596457 -171.7270042004012 5.25
vertex 207.86464080403883 -165.2313070232087 0
vertex 207.86149565412728 -165.59170571201656 0
endloop
endfacet
facet normal -0.999961923107695 0.008726530511039879 -5.413684797458604e-15
outer loop
vertex 207.80795374596457 -171.7270042004012 5.25
vertex 207.86149565412728 -165.59170571201656 0
vertex 207.8572629944041 -166.07672075336617 0
endloop
endfacet
facet normal -0.999961923107695 0.008726530511039879 -5.413684797458604e-15
outer loop
vertex 207.80795374596457 -171.7270042004012 5.25
vertex 207.8572629944041 -166.07672075336617 0
vertex 207.8521054836085 -166.66771329124487 0
endloop
endfacet
facet normal -0.999961923107695 0.008726530511039879 -5.413684797458604e-15
outer loop
vertex 207.80795374596457 -171.7270042004012 5.25
vertex 207.8521054836085 -166.66771329124487 0
vertex 207.84622132198865 -167.34197181378462 0
endloop
endfacet
facet normal -0.999961923107695 0.008726530511039879 -5.413684797458604e-15
outer loop
vertex 207.80795374596457 -171.7270042004012 5.25
vertex 207.84622132198865 -167.34197181378462 0
vertex 207.83983663457533 -168.0735849441328 0
endloop
endfacet
facet normal -0.999961923107695 0.008726530511039879 -5.413684797458604e-15
outer loop
vertex 207.80795374596457 -171.7270042004012 5.25
vertex 207.83983663457533 -168.0735849441328 0
vertex 207.833196781325 -168.83443720001586 0
endloop
endfacet
facet normal -0.999961923107695 0.008726530511039879 -5.413684797458604e-15
outer loop
vertex 207.80795374596457 -171.7270042004012 5.25
vertex 207.833196781325 -168.83443720001586 0
vertex 207.8265569280748 -169.59528945588116 0
endloop
endfacet
facet normal -0.999961923107695 0.008726530511039879 -5.413684797458604e-15
outer loop
vertex 207.80795374596457 -171.7270042004012 5.25
vertex 207.8265569280748 -169.59528945588116 0
vertex 207.8201722406619 -170.32690258618618 0
endloop
endfacet
facet normal -0.999961923107695 0.008726530511039879 -5.413684797458604e-15
outer loop
vertex 207.80795374596457 -171.7270042004012 5.25
vertex 207.8201722406619 -170.32690258618618 0
vertex 207.8142880790413 -171.00116110880953 0
endloop
endfacet
facet normal -0.999961923107695 0.008726530511039879 -5.413684797458604e-15
outer loop
vertex 207.80795374596457 -171.7270042004012 5.25
vertex 207.8142880790413 -171.00116110880953 0
vertex 207.80913056824636 -171.59215364661455 0
endloop
endfacet
facet normal -0.999961923107695 0.008726530511039879 -5.413684797458604e-15
outer loop
vertex 207.80795374596457 -171.7270042004012 5.25
vertex 207.80913056824636 -171.59215364661455 0
vertex 207.80795374596457 -171.72700420040104 0
endloop
endfacet
facet normal 0 0 1
outer loop
vertex 207.8387249832344 -172.1179978371878 5.25
vertex 207.82917360989057 -171.99663365 5.25
vertex 207.82890464129977 -171.993216010125 5.25
endloop
endfacet
facet normal 0 0 1
outer loop
vertex 207.8387249832344 -172.1179978371878 5.25
vertex 207.82890464129977 -171.993216010125 5.25
vertex 207.82815780330282 -171.9837263395615 5.25
endloop
endfacet
facet normal 0 0 1
outer loop
vertex 207.8387249832344 -172.1179978371878 5.25
vertex 207.82815780330282 -171.9837263395615 5.25
vertex 207.82695148730656 -171.96839832806972 5.25
endloop
endfacet
facet normal 0 0 1
outer loop
vertex 207.8387249832344 -172.1179978371878 5.25
vertex 207.82695148730656 -171.96839832806972 5.25
vertex 207.82531539968426 -171.94760943862926 5.25
endloop
endfacet
facet normal 0 0 1
outer loop
vertex 207.8387249832344 -172.1179978371878 5.25
vertex 207.82531539968426 -171.94760943862926 5.25
vertex 207.8232898302354 -171.92187161215134 5.25
endloop
endfacet
facet normal 0 0 1
outer loop
vertex 207.8387249832344 -172.1179978371878 5.25
vertex 207.8232898302354 -171.92187161215134 5.25
vertex 207.8209246600213 -171.89181866057405 5.25
endloop
endfacet
facet normal 0 0 1
outer loop
vertex 207.8387249832344 -172.1179978371878 5.25
vertex 207.8209246600213 -171.89181866057405 5.25
vertex 207.81827813300896 -171.8581906588033 5.25
endloop
endfacet
facet normal 0 0 1
outer loop
vertex 207.8387249832344 -172.1179978371878 5.25
vertex 207.81827813300896 -171.8581906588033 5.25
vertex 207.81541542177308 -171.8218157198508 5.25
endloop
endfacet
facet normal 0 0 1
outer loop
vertex 207.8387249832344 -172.1179978371878 5.25
vertex 207.81541542177308 -171.8218157198508 5.25
vertex 207.81240702257563 -171.78358960197295 5.25
endloop
endfacet
facet normal 0 0 1
outer loop
vertex 207.8387249832344 -172.1179978371878 5.25
vertex 207.81240702257563 -171.78358960197295 5.25
vertex 207.8093365572442 -171.7445748429617 5.25
endloop
endfacet
facet normal 0 0 1
outer loop
vertex 207.8387249832344 -172.1179978371878 5.25
vertex 207.8093365572442 -171.7445748429617 5.25
vertex 207.80795374596457 -171.7270042004012 5.25
endloop
endfacet
facet normal 0 0 1
outer loop
vertex 207.8387249832344 -172.1179978371878 5.25
vertex 207.80795374596457 -171.7270042004012 5.25
vertex 207.80795374596457 -171.72700420040104 0
endloop
endfacet
facet normal 0 0 1
outer loop
vertex 207.8387249832344 -172.1179978371878 5.25
vertex 207.80795374596457 -171.72700420040104 0
vertex 207.83551172521769 -172.07716868797652 0
endloop
endfacet
facet normal 0 0 1
outer loop
vertex 207.8387249832344 -172.1179978371878 5.25
vertex 207.83551172521769 -172.07716868797652 0
vertex 207.83872498323444 -172.11799783718783 0
endloop
endfacet
facet normal -0.9681467970043729 -0.25038326511604847 -3.885552663661857e-15
outer loop
vertex 207.93692526862532 -172.49770489038104 5.25
vertex 207.8387249832344 -172.1179978371878 5.25
vertex 207.83872498323444 -172.11799783718783 0
endloop
endfacet
facet normal -0.9681467970043729 -0.25038326511604847 -3.885552663661857e-15
outer loop
vertex 207.93692526862532 -172.49770489038104 5.25
vertex 207.83872498323444 -172.11799783718783 0
vertex 207.92137243401996 -172.4375673767955 0
endloop
endfacet
facet normal -0.9681467970043729 -0.25038326511604847 -3.885552663661857e-15
outer loop
vertex 207.93692526862532 -172.49770489038104 5.25
vertex 207.92137243401996 -172.4375673767955 0
vertex 207.93692526862534 -172.49770489038116 0
endloop
endfacet
facet normal -0.9099600529320256 -0.4146959151811663 4.054050177260082e-15
outer loop
vertex 208.0995689549052 -172.85459110979716 5.25
vertex 207.93692526862532 -172.49770489038104 5.25
vertex 207.93692526862534 -172.49770489038116 0
endloop
endfacet
facet normal -0.9099600529320256 -0.4146959151811663 4.054050177260082e-15
outer loop
vertex 208.0995689549052 -172.85459110979716 5.25
vertex 207.93692526862534 -172.49770489038116 0
vertex 208.01066002789898 -172.65949979357487 0
endloop
endfacet
facet normal -0.9099600529320256 -0.4146959151811663 4.054050177260082e-15
outer loop
vertex 208.0995689549052 -172.85459110979716 5.25
vertex 208.01066002789898 -172.65949979357487 0
vertex 208.04481123732734 -172.73443720000088 0
endloop
endfacet
facet normal -0.9099600529320256 -0.4146959151811663 4.054050177260082e-15
outer loop
vertex 208.0995689549052 -172.85459110979716 5.25
vertex 208.04481123732734 -172.73443720000088 0
vertex 208.09956895490512 -172.85459110979704 0
endloop
endfacet
facet normal -0.824124769442088 -0.566408301838899 0
outer loop
vertex 208.32171422033485 -173.17781274171972 5.25
vertex 208.0995689549052 -172.85459110979716 5.25
vertex 208.09956895490512 -172.85459110979704 0
endloop
endfacet
facet normal -0.824124769442088 -0.566408301838899 0
outer loop
vertex 208.32171422033485 -173.17781274171972 5.25
vertex 208.09956895490512 -172.85459110979704 0
vertex 208.32171422033483 -173.17781274171966 0
endloop
endfacet
facet normal -0.7132489953289936 -0.7009107437200414 0
outer loop
vertex 208.5966113267169 -173.45754890884595 5.25
vertex 208.32171422033485 -173.17781274171972 5.25
vertex 208.32171422033483 -173.17781274171966 0
endloop
endfacet
facet normal -0.7132489953289936 -0.7009107437200414 0
outer loop
vertex 208.5966113267169 -173.45754890884595 5.25
vertex 208.32171422033483 -173.17781274171966 0
vertex 208.5966113267171 -173.45754890884612 0
endloop
endfacet
facet normal -0.5807016182721048 -0.8141164723405115 0
outer loop
vertex 208.9159077057632 -173.6853000112006 5.25
vertex 208.5966113267169 -173.45754890884595 5.25
vertex 208.5966113267171 -173.45754890884612 0
endloop
endfacet
facet normal -0.5807016182721048 -0.8141164723405115 0
outer loop
vertex 208.9159077057632 -173.6853000112006 5.25
vertex 208.5966113267171 -173.45754890884612 0
vertex 208.91590770576315 -173.68530001120058 0
endloop
endfacet
facet normal -0.43051000339293094 -0.9025858058814233 0
outer loop
vertex 209.2699017464042 -173.8541459809072 5.25
vertex 208.9159077057632 -173.6853000112006 5.25
vertex 208.91590770576315 -173.68530001120058 0
endloop
endfacet
facet normal -0.43051000339293094 -0.9025858058814233 0
outer loop
vertex 209.2699017464042 -173.8541459809072 5.25
vertex 208.91590770576315 -173.68530001120058 0
vertex 209.26990174640417 -173.85414598090716 0
endloop
endfacet
facet normal -0.26723762440758525 -0.9636306616650336 0
outer loop
vertex 209.64783757187988 -173.95895654391285 5.25
vertex 209.2699017464042 -173.8541459809072 5.25
vertex 209.26990174640417 -173.85414598090716 0
endloop
endfacet
facet normal -0.26723762440758525 -0.9636306616650336 0
outer loop
vertex 209.64783757187988 -173.95895654391285 5.25
vertex 209.26990174640417 -173.85414598090716 0
vertex 209.64783757188 -173.95895654391288 0
endloop
endfacet
facet normal -0.0958454054705555 -0.9953962317842 0
outer loop
vertex 210.0382318500005 -173.99654710000004 5.25
vertex 209.64783757187988 -173.95895654391285 5.25
vertex 209.64783757188 -173.95895654391288 0
endloop
endfacet
facet normal -0.0958454054705555 -0.9953962317842 0
outer loop
vertex 210.0382318500005 -173.99654710000004 5.25
vertex 209.64783757188 -173.95895654391288 0
vertex 210.0382318500004 -173.99654710000004 0
endloop
endfacet
facet normal -0.00872674467490242 -0.9999619212386937 0
outer loop
vertex 239.48641940000005 -174.2535437 5.25
vertex 210.0382318500005 -173.99654710000004 5.25
vertex 210.0382318500004 -173.99654710000004 0
endloop
endfacet
facet normal -0.00872674467490242 -0.9999619212386937 0
outer loop
vertex 239.48641940000005 -174.2535437 5.25
vertex 210.0382318500004 -173.99654710000004 0
vertex 239.48641939999794 -174.2535437 0
endloop
endfacet
facet normal 0 0 1
outer loop
vertex 253.06103970000032 -179.3288862000001 5.25
vertex 248.09227052564233 -177.47113955177093 5.25
vertex 248.07948406623115 -177.46635889054875 5.25
endloop
endfacet
facet normal 0 0 1
outer loop
vertex 253.06103970000032 -179.3288862000001 5.25
vertex 248.07948406623115 -177.46635889054875 5.25
vertex 248.05055244300578 -177.45554180000002 5.25
endloop
endfacet
facet normal 0 0 1
outer loop
vertex 253.06103970000032 -179.3288862000001 5.25
vertex 248.05055244300578 -177.45554180000002 5.25
vertex 239.48641940000005 -174.2535437 5.25
endloop
endfacet
facet normal 0 0 1
outer loop
vertex 253.06103970000032 -179.3288862000001 5.25
vertex 239.48641940000005 -174.2535437 5.25
vertex 239.48641939999794 -174.2535437 0
endloop
endfacet
facet normal 0 0 1
outer loop
vertex 253.06103970000032 -179.3288862000001 5.25
vertex 239.48641939999794 -174.2535437 0
vertex 253.0610397000001 -179.32888620000003 0
endloop
endfacet
facet normal -0.2672322498161743 -0.9636321521504904 0
outer loop
vertex 253.43897615149496 -179.43369466658675 5.25
vertex 253.06103970000032 -179.3288862000001 5.25
vertex 253.0610397000001 -179.32888620000003 0
endloop
endfacet
facet normal -0.2672322498161743 -0.9636321521504904 0
outer loop
vertex 253.43897615149496 -179.43369466658675 5.25
vertex 253.0610397000001 -179.32888620000003 0
vertex 253.4389761514949 -179.4336946665867 0
endloop
endfacet
facet normal -0.09584721423556175 -0.9953960576189171 0
outer loop
vertex 253.82937108486323 -179.47128600174287 5.25
vertex 253.43897615149496 -179.43369466658675 5.25
vertex 253.4389761514949 -179.4336946665867 0
endloop
endfacet
facet normal -0.09584721423556175 -0.9953960576189171 0
outer loop
vertex 253.82937108486323 -179.47128600174287 5.25
vertex 253.4389761514949 -179.4336946665867 0
vertex 253.8293710848636 -179.47128600174284 0
endloop
endfacet
facet normal 0.07845752502498728 -0.9969174573488788 0
outer loop
vertex 254.22036271212164 -179.44051491316972 5.25
vertex 253.82937108486323 -179.47128600174287 5.25
vertex 253.8293710848636 -179.47128600174284 0
endloop
endfacet
facet normal 0.07845752502498728 -0.9969174573488788 0
outer loop
vertex 254.22036271212164 -179.44051491316972 5.25
vertex 253.8293710848636 -179.47128600174284 0
vertex 254.22036271212173 -179.44051491316972 0
endloop
endfacet
facet normal 0.2503783750069033 -0.9681480616769846 0
outer loop
vertex 254.60007096506874 -179.34231636367832 5.25
vertex 254.22036271212164 -179.44051491316972 5.25
vertex 254.22036271212173 -179.44051491316972 0
endloop
endfacet
facet normal 0.2503783750069033 -0.9681480616769846 0
outer loop
vertex 254.60007096506874 -179.34231636367832 5.25
vertex 254.22036271212173 -179.44051491316972 0
vertex 254.6000709650687 -179.34231636367835 0
endloop
endfacet
facet normal 0.41469161407331884 -0.9099620130627795 0
outer loop
vertex 254.95695861470122 -179.17967406285217 5.25
vertex 254.60007096506874 -179.34231636367832 5.25
vertex 254.6000709650687 -179.34231636367835 0
endloop
endfacet
facet normal 0.41469161407331884 -0.9099620130627795 0
outer loop
vertex 254.95695861470122 -179.17967406285217 5.25
vertex 254.6000709650687 -179.34231636367835 0
vertex 254.9569586147012 -179.1796740628522 0
endloop
endfacet
facet normal 0.5664046737124104 -0.8241272629859651 0
outer loop
vertex 255.2801818236516 -178.9575298086523 5.25
vertex 254.95695861470122 -179.17967406285217 5.25
vertex 254.9569586147012 -179.1796740628522 0
endloop
endfacet
facet normal 0.5664046737124104 -0.8241272629859651 0
outer loop
vertex 255.2801818236516 -178.9575298086523 5.25
vertex 254.9569586147012 -179.1796740628522 0
vertex 255.28018182365165 -178.95752980865225 0
endloop
endfacet
facet normal 0.7009078350198495 -0.7132518537009122 0
outer loop
vertex 255.55991963029524 -178.68263333357072 5.25
vertex 255.2801818236516 -178.9575298086523 5.25
vertex 255.28018182365165 -178.95752980865225 0
endloop
endfacet
facet normal 0.7009078350198495 -0.7132518537009122 0
outer loop
vertex 255.55991963029524 -178.68263333357072 5.25
vertex 255.28018182365165 -178.95752980865225 0
vertex 255.5599196302953 -178.68263333357064 0
endloop
endfacet
facet normal 0.8141142925032852 -0.5807046742896732 0
outer loop
vertex 255.78767235333493 -178.36333721767517 5.25
vertex 255.55991963029524 -178.68263333357072 5.25
vertex 255.5599196302953 -178.68263333357064 0
endloop
endfacet
facet normal 0.8141142925032852 -0.5807046742896732 0
outer loop
vertex 255.78767235333493 -178.36333721767517 5.25
vertex 255.5599196302953 -178.68263333357064 0
vertex 255.787672353335 -178.36333721767497 0
endloop
endfacet
facet normal 0.9025843294474487 -0.4305130987971205 0
outer loop
vertex 255.9565198500003 -178.00934309999934 5.25
vertex 255.78767235333493 -178.36333721767517 5.25
vertex 255.787672353335 -178.36333721767497 0
endloop
endfacet
facet normal 0.9025843294474487 -0.4305130987971205 0
outer loop
vertex 255.9565198500003 -178.00934309999934 5.25
vertex 255.787672353335 -178.36333721767497 0
vertex 255.95651985000032 -178.0093430999992 0
endloop
endfacet
facet normal 0 0 -1
outer loop
vertex 260.5717282 -165.66540159999997 5.25
vertex 256.21839498201746 -177.30892589999914 5.25
vertex 256.2051017098011 -177.34448038901414 5.25
endloop
endfacet
facet normal 0 0 -1
outer loop
vertex 260.5717282 -165.66540159999997 5.25
vertex 256.2051017098011 -177.34448038901414 5.25
vertex 256.1929417712425 -177.37700363798317 5.25
endloop
endfacet
facet normal 0 0 -1
outer loop
vertex 260.5717282 -165.66540159999997 5.25
vertex 256.1929417712425 -177.37700363798317 5.25
vertex 256.1822145879851 -177.4056948069505 5.25
endloop
endfacet
facet normal 0 0 -1
outer loop
vertex 260.5717282 -165.66540159999997 5.25
vertex 256.1822145879851 -177.4056948069505 5.25
vertex 256.1731843020579 -177.42984741562165 5.25
endloop
endfacet
facet normal 0 0 -1
outer loop
vertex 260.5717282 -165.66540159999997 5.25
vertex 256.1731843020579 -177.42984741562165 5.25
vertex 256.16607327174376 -177.44886673946274 5.25
endloop
endfacet
facet normal 0 0 -1
outer loop
vertex 260.5717282 -165.66540159999997 5.25
vertex 256.16607327174376 -177.44886673946274 5.25
vertex 256.1610565963141 -177.4622844539692 5.25
endloop
endfacet
facet normal 0 0 -1
outer loop
vertex 260.5717282 -165.66540159999997 5.25
vertex 256.1610565963141 -177.4622844539692 5.25
vertex 256.1582578044529 -177.46977016650592 5.25
endloop
endfacet
facet normal 0 0 -1
outer loop
vertex 260.5717282 -165.66540159999997 5.25
vertex 256.1582578044529 -177.46977016650592 5.25
vertex 256.1577458125329 -177.47113955177093 5.25
endloop
endfacet
facet normal 0 0 -1
outer loop
vertex 260.5717282 -165.66540159999997 5.25
vertex 256.1577458125329 -177.47113955177093 5.25
vertex 255.9565198500003 -178.00934309999934 5.25
endloop
endfacet
facet normal 0 0 -1
outer loop
vertex 260.5717282 -165.66540159999997 5.25
vertex 255.9565198500003 -178.00934309999934 5.25
vertex 255.95651985000032 -178.0093430999992 0
endloop
endfacet
facet normal 0 0 -1
outer loop
vertex 260.5717282 -165.66540159999997 5.25
vertex 255.95651985000032 -178.0093430999992 0
vertex 257.36075501684724 -174.2535437 0
endloop
endfacet
facet normal 0 0 -1
outer loop
vertex 260.5717282 -165.66540159999997 5.25
vertex 257.36075501684724 -174.2535437 0
vertex 257.92872538541513 -172.73443720000088 0
endloop
endfacet
facet normal 0 0 -1
outer loop
vertex 260.5717282 -165.66540159999997 5.25
vertex 257.92872538541513 -172.73443720000088 0
vertex 257.9567433198702 -172.65949979357487 0
endloop
endfacet
facet normal 0 0 -1
outer loop
vertex 260.5717282 -165.66540159999997 5.25
vertex 257.9567433198702 -172.65949979357487 0
vertex 258.0397204097289 -172.4375673767955 0
endloop
endfacet
facet normal 0 0 -1
outer loop
vertex 260.5717282 -165.66540159999997 5.25
vertex 258.0397204097289 -172.4375673767955 0
vertex 258.1744678919627 -172.07716868797652 0
endloop
endfacet
facet normal 0 0 -1
outer loop
vertex 260.5717282 -165.66540159999997 5.25
vertex 258.1744678919627 -172.07716868797652 0
vertex 258.35580749639695 -171.59215364661455 0
endloop
endfacet
facet normal 0 0 -1
outer loop
vertex 260.5717282 -165.66540159999997 5.25
vertex 258.35580749639695 -171.59215364661455 0
vertex 258.57677044370723 -171.00116110880953 0
endloop
endfacet
facet normal 0 0 -1
outer loop
vertex 260.5717282 -165.66540159999997 5.25
vertex 258.57677044370723 -171.00116110880953 0
vertex 258.82886525180965 -170.32690258618618 0
endloop
endfacet
facet normal 0 0 -1
outer loop
vertex 260.5717282 -165.66540159999997 5.25
vertex 258.82886525180965 -170.32690258618618 0
vertex 259.10240405851516 -169.59528945588116 0
endloop
endfacet
facet normal 0 0 -1
outer loop
vertex 260.5717282 -165.66540159999997 5.25
vertex 259.10240405851516 -169.59528945588116 0
vertex 259.3868749209529 -168.83443720001586 0
endloop
endfacet
facet normal 0 0 -1
outer loop
vertex 260.5717282 -165.66540159999997 5.25
vertex 259.3868749209529 -168.83443720001586 0
vertex 259.67134578339727 -168.0735849441328 0
endloop
endfacet
facet normal 0 0 -1
outer loop
vertex 260.5717282 -165.66540159999997 5.25
vertex 259.67134578339727 -168.0735849441328 0
vertex 259.944884590119 -167.34197181378462 0
endloop
endfacet
facet normal 0 0 -1
outer loop
vertex 260.5717282 -165.66540159999997 5.25
vertex 259.944884590119 -167.34197181378462 0
vertex 260.19697939819014 -166.66771329124487 0
endloop
endfacet
facet normal 0 0 -1
outer loop
vertex 260.5717282 -165.66540159999997 5.25
vertex 260.19697939819014 -166.66771329124487 0
vertex 260.41794234552793 -166.07672075336617 0
endloop
endfacet
facet normal 0 0 -1
outer loop
vertex 260.5717282 -165.66540159999997 5.25
vertex 260.41794234552793 -166.07672075336617 0
vertex 260.5717282 -165.6654016 0
endloop
endfacet
facet normal -0.02617697094962068 -0.9996573243826621 0
outer loop
vertex 262.5883597000002 -165.71820899999997 5.25
vertex 260.5717282 -165.66540159999997 5.25
vertex 260.5717282 -165.6654016 0
endloop
endfacet
facet normal -0.02617697094962068 -0.9996573243826621 0
outer loop
vertex 262.5883597000002 -165.71820899999997 5.25
vertex 260.5717282 -165.6654016 0
vertex 262.58835969999984 -165.718209 0
endloop
endfacet
facet normal 0.05234360090145172 -0.9986291340856572 0
outer loop
vertex 262.94093728784446 -165.69972848514715 5.25
vertex 262.5883597000002 -165.71820899999997 5.25
vertex 262.58835969999984 -165.718209 0
endloop
endfacet
facet normal 0.05234360090145172 -0.9986291340856572 0
outer loop
vertex 262.94093728784446 -165.69972848514715 5.25
vertex 262.58835969999984 -165.718209 0
vertex 262.9409372878444 -165.69972848514718 0
endloop
endfacet
facet normal 0 0 -1
outer loop
vertex 263.28628855663055 -165.62632385484864 5.25
vertex 263.1024370909338 -165.66540159999997 5.25
vertex 262.94093728784446 -165.69972848514715 5.25
endloop
endfacet
facet normal 0 0 -1
outer loop
vertex 263.28628855663055 -165.62632385484864 5.25
vertex 262.94093728784446 -165.69972848514715 5.25
vertex 262.9409372878444 -165.69972848514718 0
endloop
endfacet
facet normal 0 0 -1
outer loop
vertex 263.28628855663055 -165.62632385484864 5.25
vertex 262.9409372878444 -165.69972848514718 0
vertex 263.10243709093373 -165.6654016 0
endloop
endfacet
facet normal 0 0 -1
outer loop
vertex 263.28628855663055 -165.62632385484864 5.25
vertex 263.10243709093373 -165.6654016 0
vertex 263.2862885566304 -165.6263238548487 0
endloop
endfacet
facet normal 0.3583627629318741 -0.9335824174350293 -1.5310808112795634e-15
outer loop
vertex 263.61590494919903 -165.499798077432 5.25
vertex 263.28628855663055 -165.62632385484864 5.25
vertex 263.2862885566304 -165.6263238548487 0
endloop
endfacet
facet normal 0.3583627629318741 -0.9335824174350293 -1.5310808112795634e-15
outer loop
vertex 263.61590494919903 -165.499798077432 5.25
vertex 263.2862885566304 -165.6263238548487 0
vertex 263.3764733995195 -165.59170571201656 0
endloop
endfacet
facet normal 0.3583627629318741 -0.9335824174350293 -1.5310808112795634e-15
outer loop
vertex 263.61590494919903 -165.499798077432 5.25
vertex 263.3764733995195 -165.59170571201656 0
vertex 263.61590494919915 -165.49979807743193 0
endloop
endfacet
facet normal 0.49999529100904544 -0.866028122504564 0
outer loop
vertex 263.9216702038494 -165.323266642128 5.25
vertex 263.61590494919903 -165.499798077432 5.25
vertex 263.61590494919915 -165.49979807743193 0
endloop
endfacet
facet normal 0.49999529100904544 -0.866028122504564 0
outer loop
vertex 263.9216702038494 -165.323266642128 5.25
vertex 263.61590494919915 -165.49979807743193 0
vertex 263.9216702038492 -165.32326664212812 0
endloop
endfacet
facet normal 0.6293162571509022 -0.7771493090041189 -3.612452280894474e-15
outer loop
vertex 264.1960553539303 -165.101076345275 5.25
vertex 263.9216702038494 -165.323266642128 5.25
vertex 263.9216702038492 -165.32326664212812 0
endloop
endfacet
facet normal 0.6293162571509022 -0.7771493090041189 -3.612452280894474e-15
outer loop
vertex 264.1960553539303 -165.101076345275 5.25
vertex 263.9216702038492 -165.32326664212812 0
vertex 264.035232110899 -165.2313070232087 0
endloop
endfacet
facet normal 0.6293162571509022 -0.7771493090041189 -3.612452280894474e-15
outer loop
vertex 264.1960553539303 -165.101076345275 5.25
vertex 264.035232110899 -165.2313070232087 0
vertex 264.1960553539305 -165.10107634527486 0
endloop
endfacet
facet normal 0.743141345198997 -0.6691344715793867 6.0269929245764906e-15
outer loop
vertex 264.4323041162752 -164.8386982575998 5.25
vertex 264.1960553539303 -165.101076345275 5.25
vertex 264.1960553539305 -165.10107634527486 0
endloop
endfacet
facet normal 0.743141345198997 -0.6691344715793867 6.0269929245764906e-15
outer loop
vertex 264.4323041162752 -164.8386982575998 5.25
vertex 264.1960553539305 -165.10107634527486 0
vertex 264.2786248341004 -165.0093746064285 0
endloop
endfacet
facet normal 0.743141345198997 -0.6691344715793867 6.0269929245764906e-15
outer loop
vertex 264.4323041162752 -164.8386982575998 5.25
vertex 264.2786248341004 -165.0093746064285 0
vertex 264.34609948367506 -164.93443720000056 0
endloop
endfacet
facet normal 0.743141345198997 -0.6691344715793867 6.0269929245764906e-15
outer loop
vertex 264.4323041162752 -164.8386982575998 5.25
vertex 264.34609948367506 -164.93443720000056 0
vertex 264.4323041162752 -164.83869825759987 0
endloop
endfacet
facet normal 0.8386677995146669 -0.5446432980008352 0
outer loop
vertex 264.62459925355614 -164.54259300810395 5.25
vertex 264.4323041162752 -164.8386982575998 5.25
vertex 264.4323041162752 -164.83869825759987 0
endloop
endfacet
facet normal 0.8386677995146669 -0.5446432980008352 0
outer loop
vertex 264.62459925355614 -164.54259300810395 5.25
vertex 264.4323041162752 -164.83869825759987 0
vertex 264.624599253556 -164.54259300810418 0
endloop
endfacet
facet normal 0.91354343822743 -0.4067411787262334 0
outer loop
vertex 264.7682058141955 -164.22005170169052 5.25
vertex 264.62459925355614 -164.54259300810395 5.25
vertex 264.624599253556 -164.54259300810418 0
endloop
endfacet
facet normal 0.91354343822743 -0.4067411787262334 0
outer loop
vertex 264.7682058141955 -164.22005170169052 5.25
vertex 264.624599253556 -164.54259300810418 0
vertex 264.7682058141955 -164.22005170169055 0
endloop
endfacet
facet normal 0.9659245718465755 -0.25882372670025805 0
outer loop
vertex 264.85958772275865 -163.8790163877002 5.25
vertex 264.7682058141955 -164.22005170169052 5.25
vertex 264.7682058141955 -164.22005170169055 0
endloop
endfacet
facet normal 0.9659245718465755 -0.25882372670025805 0
outer loop
vertex 264.85958772275865 -163.8790163877002 5.25
vertex 264.7682058141955 -164.22005170169055 0
vertex 264.8595877227587 -163.87901638769998 0
endloop
endfacet
facet normal 0 0 1
outer loop
vertex 264.89649484999995 -163.5278845000009 5.25
vertex 264.89391518155816 -163.55242728935627 5.25
vertex 264.8901481328233 -163.58826673371814 5.25
endloop
endfacet
facet normal 0 0 1
outer loop
vertex 264.89649484999995 -163.5278845000009 5.25
vertex 264.8901481328233 -163.58826673371814 5.25
vertex 264.8866898240594 -163.62116884708493 5.25
endloop
endfacet
facet normal 0 0 1
outer loop
vertex 264.89649484999995 -163.5278845000009 5.25
vertex 264.8866898240594 -163.62116884708493 5.25
vertex 264.8836254151147 -163.65032342447557 5.25
endloop
endfacet
facet normal 0 0 1
outer loop
vertex 264.89649484999995 -163.5278845000009 5.25
vertex 264.8836254151147 -163.65032342447557 5.25
vertex 264.8810303661695 -163.67501254288987 5.25
endloop
endfacet
facet normal 0 0 1
outer loop
vertex 264.89649484999995 -163.5278845000009 5.25
vertex 264.8810303661695 -163.67501254288987 5.25
vertex 264.87896857954996 -163.6946282399618 5.25
endloop
endfacet
facet normal 0 0 1
outer loop
vertex 264.89649484999995 -163.5278845000009 5.25
vertex 264.87896857954996 -163.6946282399618 5.25
vertex 264.8774908261526 -163.7086874848488 5.25
endloop
endfacet
facet normal 0 0 1
outer loop
vertex 264.89649484999995 -163.5278845000009 5.25
vertex 264.8774908261526 -163.7086874848488 5.25
vertex 264.8766334952256 -163.7168440727305 5.25
endloop
endfacet
facet normal 0 0 1
outer loop
vertex 264.89649484999995 -163.5278845000009 5.25
vertex 264.8766334952256 -163.7168440727305 5.25
vertex 264.87641799785445 -163.71889430000002 5.25
endloop
endfacet
facet normal 0 0 1
outer loop
vertex 264.89649484999995 -163.5278845000009 5.25
vertex 264.87641799785445 -163.71889430000002 5.25
vertex 264.85958772275865 -163.8790163877002 5.25
endloop
endfacet
facet normal 0 0 1
outer loop
vertex 264.89649484999995 -163.5278845000009 5.25
vertex 264.85958772275865 -163.8790163877002 5.25
vertex 264.8595877227587 -163.87901638769998 0
endloop
endfacet
facet normal 0 0 1
outer loop
vertex 264.89649484999995 -163.5278845000009 5.25
vertex 264.8595877227587 -163.87901638769998 0
vertex 264.89649484999995 -163.52788450000108 0
endloop
endfacet
facet normal 0.9996573247304571 -0.026176957667871394 0
outer loop
vertex 266.6372539000021 -97.05066610000009 5.250000000000002
vertex 266.42129400000226 -105.2978390000001 5.250000000000002
vertex 266.42129400000226 -105.2978390000001 0
endloop
endfacet
facet normal 0.9996573247304571 -0.026176957667871394 0
outer loop
vertex 266.6372539000021 -97.05066610000009 5.250000000000002
vertex 266.42129400000226 -105.2978390000001 0
vertex 266.4348078551217 -104.78176290000005 0
endloop
endfacet
facet normal 0.9996573247304571 -0.026176957667871394 0
outer loop
vertex 266.6372539000021 -97.05066610000009 5.250000000000002
vertex 266.4348078551217 -104.78176290000005 0
vertex 266.43677014954613 -104.70682549357375 0
endloop
endfacet
facet normal 0.9996573247304571 -0.026176957667871394 0
outer loop
vertex 266.6372539000021 -97.05066610000009 5.250000000000002
vertex 266.43677014954613 -104.70682549357375 0
vertex 266.4425816229453 -104.48489307679965 0
endloop
endfacet
facet normal 0.9996573247304571 -0.026176957667871394 0
outer loop
vertex 266.6372539000021 -97.05066610000009 5.250000000000002
vertex 266.4425816229453 -104.48489307679965 0
vertex 266.4520189436551 -104.12449438800813 0
endloop
endfacet
facet normal 0.9996573247304571 -0.026176957667871394 0
outer loop
vertex 266.6372539000021 -97.05066610000009 5.250000000000002
vertex 266.4520189436551 -104.12449438800813 0
vertex 266.4647194407362 -103.63947934658148 0
endloop
endfacet
facet normal 0.9996573247304571 -0.026176957667871394 0
outer loop
vertex 266.6372539000021 -97.05066610000009 5.250000000000002
vertex 266.4647194407362 -103.63947934658148 0
vertex 266.4801950412028 -103.04848680876897 0
endloop
endfacet
facet normal 0.9996573247304571 -0.026176957667871394 0
outer loop
vertex 266.6372539000021 -97.05066610000009 5.250000000000002
vertex 266.4801950412028 -103.04848680876897 0
vertex 266.4978510264119 -102.3742282862133 0
endloop
endfacet
facet normal 0.9996573247304571 -0.026176957667871394 0
outer loop
vertex 266.6372539000021 -97.05066610000009 5.250000000000002
vertex 266.4978510264119 -102.3742282862133 0
vertex 266.5170088867519 -101.64261515586928 0
endloop
endfacet
facet normal 0.9996573247304571 -0.026176957667871394 0
outer loop
vertex 266.6372539000021 -97.05066610000009 5.250000000000002
vertex 266.5170088867519 -101.64261515586928 0
vertex 266.53693239639455 -100.88176290000814 0
endloop
endfacet
facet normal 0.9996573247304571 -0.026176957667871394 0
outer loop
vertex 266.6372539000021 -97.05066610000009 5.250000000000002
vertex 266.53693239639455 -100.88176290000814 0
vertex 266.55685590603736 -100.12091064414277 0
endloop
endfacet
facet normal 0.9996573247304571 -0.026176957667871394 0
outer loop
vertex 266.6372539000021 -97.05066610000009 5.250000000000002
vertex 266.55685590603736 -100.12091064414277 0
vertex 266.57601376637837 -99.38929751375834 0
endloop
endfacet
facet normal 0.9996573247304571 -0.026176957667871394 0
outer loop
vertex 266.6372539000021 -97.05066610000009 5.250000000000002
vertex 266.57601376637837 -99.38929751375834 0
vertex 266.5936697515865 -98.71503899123861 0
endloop
endfacet
facet normal 0.9996573247304571 -0.026176957667871394 0
outer loop
vertex 266.6372539000021 -97.05066610000009 5.250000000000002
vertex 266.5936697515865 -98.71503899123861 0
vertex 266.60914535205427 -98.12404645338381 0
endloop
endfacet
facet normal 0.9996573247304571 -0.026176957667871394 0
outer loop
vertex 266.6372539000021 -97.05066610000009 5.250000000000002
vertex 266.60914535205427 -98.12404645338381 0
vertex 266.62184584913416 -97.63903141200323 0
endloop
endfacet
facet normal 0.9996573247304571 -0.026176957667871394 0
outer loop
vertex 266.6372539000021 -97.05066610000009 5.250000000000002
vertex 266.62184584913416 -97.63903141200323 0
vertex 266.6312831698438 -97.27863272321606 0
endloop
endfacet
facet normal 0.9996573247304571 -0.026176957667871394 0
outer loop
vertex 266.6372539000021 -97.05066610000009 5.250000000000002
vertex 266.6312831698438 -97.27863272321606 0
vertex 266.63709464324336 -97.05670030642875 0
endloop
endfacet
facet normal 0.9996573247304571 -0.026176957667871394 0
outer loop
vertex 266.6372539000021 -97.05066610000009 5.250000000000002
vertex 266.63709464324336 -97.05670030642875 0
vertex 266.6372539000021 -97.05066610000009 0
endloop
endfacet
facet normal 0 0 -1
outer loop
vertex 266.6187777337824 -96.69808088445961 5.25
vertex 266.62107137746983 -96.74185105000001 5.25
vertex 266.6213299661383 -96.74678576104027 5.25
endloop
endfacet
facet normal 0 0 -1
outer loop
vertex 266.6187777337824 -96.69808088445961 5.25
vertex 266.6213299661383 -96.74678576104027 5.25
vertex 266.62197859631056 -96.7591637298456 5.25
endloop
endfacet
facet normal 0 0 -1
outer loop
vertex 266.6187777337824 -96.69808088445961 5.25
vertex 266.62197859631056 -96.7591637298456 5.25
vertex 266.6229975605237 -96.77860887406504 5.25
endloop
endfacet
facet normal 0 0 -1
outer loop
vertex 266.6187777337824 -96.69808088445961 5.25
vertex 266.6229975605237 -96.77860887406504 5.25
vertex 266.62435589938025 -96.80453038791563 5.25
endloop
endfacet
facet normal 0 0 -1
outer loop
vertex 266.6187777337824 -96.69808088445961 5.25
vertex 266.62435589938025 -96.80453038791563 5.25
vertex 266.6260123421937 -96.83614069275535 5.25
endloop
endfacet
facet normal 0 0 -1
outer loop
vertex 266.6187777337824 -96.69808088445961 5.25
vertex 266.6260123421937 -96.83614069275535 5.25
vertex 266.6279165609242 -96.87247936624532 5.25
endloop
endfacet
facet normal 0 0 -1
outer loop
vertex 266.6187777337824 -96.69808088445961 5.25
vertex 266.6279165609242 -96.87247936624532 5.25
vertex 266.6300106993056 -96.91244232305618 5.25
endloop
endfacet
facet normal 0 0 -1
outer loop
vertex 266.6187777337824 -96.69808088445961 5.25
vertex 266.6300106993056 -96.91244232305618 5.25
vertex 266.63223113070444 -96.95481536052091 5.25
endloop
endfacet
facet normal 0 0 -1
outer loop
vertex 266.6187777337824 -96.69808088445961 5.25
vertex 266.63223113070444 -96.95481536052091 5.25
vertex 266.63451044630733 -96.99831209970701 5.25
endloop
endfacet
facet normal 0 0 -1
outer loop
vertex 266.6187777337824 -96.69808088445961 5.25
vertex 266.63451044630733 -96.99831209970701 5.25
vertex 266.6372530689353 -97.05065024058757 5.25
endloop
endfacet
facet normal 0 0 -1
outer loop
vertex 266.6187777337824 -96.69808088445961 5.25
vertex 266.6372530689353 -97.05065024058757 5.25
vertex 266.6372539000021 -97.05066610000009 5.250000000000002
endloop
endfacet
facet normal 0 0 -1
outer loop
vertex 266.6187777337824 -96.69808088445961 5.25
vertex 266.6372539000021 -97.05066610000009 5.250000000000002
vertex 266.6372539000021 -97.05066610000009 0
endloop
endfacet
facet normal 0 0 -1
outer loop
vertex 266.6187777337824 -96.69808088445961 5.25
vertex 266.6372539000021 -97.05066610000009 0
vertex 266.6372530689353 -97.05065024058749 0
endloop
endfacet
facet normal 0 0 -1
outer loop
vertex 266.6187777337824 -96.69808088445961 5.25
vertex 266.6372530689353 -97.05065024058749 0
vertex 266.63364323950594 -96.9817629000003 0
endloop
endfacet
facet normal 0 0 -1
outer loop
vertex 266.6187777337824 -96.69808088445961 5.25
vertex 266.63364323950594 -96.9817629000003 0
vertex 266.6187777337824 -96.69808088445956 0
endloop
endfacet
facet normal 0.9781468990324884 0.20791499203551217 0
outer loop
vertex 266.5453700002031 -96.3527303820133 5.25
vertex 266.6187777337824 -96.69808088445961 5.25
vertex 266.6187777337824 -96.69808088445956 0
endloop
endfacet
facet normal 0.9781468990324884 0.20791499203551217 0
outer loop
vertex 266.5453700002031 -96.3527303820133 5.25
vertex 266.6187777337824 -96.69808088445956 0
vertex 266.54537000020315 -96.35273038201338 0
endloop
endfacet
facet normal 0.9335791913495974 0.35837116719824413 0
outer loop
vertex 266.41884129293345 -96.02311522592032 5.25
vertex 266.5453700002031 -96.3527303820133 5.25
vertex 266.54537000020315 -96.35273038201338 0
endloop
endfacet
facet normal 0.9335791913495974 0.35837116719824413 0
outer loop
vertex 266.41884129293345 -96.02311522592032 5.25
vertex 266.54537000020315 -96.35273038201338 0
vertex 266.41884129293356 -96.0231152259205 0
endloop
endfacet
facet normal 0 0 -1
outer loop
vertex 266.2423071715061 -95.71735164263887 5.25
vertex 266.2594993753762 -95.74712917129631 5.25
vertex 266.35773619079504 -95.91727894432465 5.25
endloop
endfacet
facet normal 0 0 -1
outer loop
vertex 266.2423071715061 -95.71735164263887 5.25
vertex 266.35773619079504 -95.91727894432465 5.25
vertex 266.41884129293345 -96.02311522592032 5.25
endloop
endfacet
facet normal 0 0 -1
outer loop
vertex 266.2423071715061 -95.71735164263887 5.25
vertex 266.41884129293345 -96.02311522592032 5.25
vertex 266.41884129293356 -96.0231152259205 0
endloop
endfacet
facet normal 0 0 -1
outer loop
vertex 266.2423071715061 -95.71735164263887 5.25
vertex 266.41884129293356 -96.0231152259205 0
vertex 266.2423071715062 -95.71735164263893 0
endloop
endfacet
facet normal 0.7771437023271156 0.6293231808326336 0
outer loop
vertex 266.02011449582864 -95.44296855321018 5.25
vertex 266.2423071715061 -95.71735164263887 5.25
vertex 266.2423071715062 -95.71735164263893 0
endloop
endfacet
facet normal 0.7771437023271156 0.6293231808326336 0
outer loop
vertex 266.02011449582864 -95.44296855321018 5.25
vertex 266.2423071715062 -95.71735164263893 0
vertex 266.02011449582864 -95.44296855321016 0
endloop
endfacet
facet normal 0.6691278854114149 0.7431472754204569 0
outer loop
vertex 265.75773439196905 -95.2067221860681 5.25
vertex 266.02011449582864 -95.44296855321018 5.25
vertex 266.02011449582864 -95.44296855321016 0
endloop
endfacet
facet normal 0.6691278854114149 0.7431472754204569 0
outer loop
vertex 265.75773439196905 -95.2067221860681 5.25
vertex 266.02011449582864 -95.44296855321016 0
vertex 265.75773439196917 -95.20672218606822 0
endloop
endfacet
facet normal 0.5446359042583079 0.838672601074302 0
outer loop
vertex 265.4616275347521 -95.01442971612113 5.25
vertex 265.75773439196905 -95.2067221860681 5.25
vertex 265.75773439196917 -95.20672218606822 0
endloop
endfacet
facet normal 0.5446359042583079 0.838672601074302 0
outer loop
vertex 265.4616275347521 -95.01442971612113 5.25
vertex 265.75773439196917 -95.20672218606822 0
vertex 265.46162753475187 -95.01442971612103 0
endloop
endfacet
facet normal 0.4067331673979599 0.9135470051061539 0
outer loop
vertex 265.1390850643584 -94.87082602646935 5.25
vertex 265.4616275347521 -95.01442971612113 5.25
vertex 265.46162753475187 -95.01442971612103 0
endloop
endfacet
facet normal 0.4067331673979599 0.9135470051061539 0
outer loop
vertex 265.1390850643584 -94.87082602646935 5.25
vertex 265.46162753475187 -95.01442971612103 0
vertex 265.13908506435837 -94.87082602646933 0
endloop
endfacet
facet normal 0.2588153009743301 0.9659268295174159 0
outer loop
vertex 264.7980490540922 -94.77944711976247 5.25
vertex 265.1390850643584 -94.87082602646935 5.25
vertex 265.13908506435837 -94.87082602646933 0
endloop
endfacet
facet normal 0.2588153009743301 0.9659268295174159 0
outer loop
vertex 264.7980490540922 -94.77944711976247 5.25
vertex 265.13908506435837 -94.87082602646933 0
vertex 264.7980490540922 -94.77944711976247 0
endloop
endfacet
facet normal 0.1045245370836767 0.9945223080190022 0
outer loop
vertex 264.44691695000006 -94.74254305000001 5.25
vertex 264.7980490540922 -94.77944711976247 5.25
vertex 264.7980490540922 -94.77944711976247 0
endloop
endfacet
facet normal 0.1045245370836767 0.9945223080190022 0
outer loop
vertex 264.44691695000006 -94.74254305000001 5.25
vertex 264.7980490540922 -94.77944711976247 0
vertex 264.44691694999995 -94.74254305000001 0
endloop
endfacet
facet normal 0.026177042206143142 0.9996573225167402 0
outer loop
vertex 219.17612930000024 -93.5570815 5.25
vertex 264.44691695000006 -94.74254305000001 5.25
vertex 264.44691694999995 -94.74254305000001 0
endloop
endfacet
facet normal 0.026177042206143142 0.9996573225167402 0
outer loop
vertex 219.17612930000024 -93.5570815 5.25
vertex 264.44691694999995 -94.74254305000001 0
vertex 219.1761293 -93.5570815 0
endloop
endfacet
facet normal 0 0 -1
outer loop
vertex 218.96185429999997 -87.4210463999997 5.25
vertex 218.96293050490542 -87.45186488593859 5.25
vertex 218.96429173402396 -87.49084540000028 5.25
endloop
endfacet
facet normal 0 0 -1
outer loop
vertex 218.96185429999997 -87.4210463999997 5.25
vertex 218.96429173402396 -87.49084540000028 5.25
vertex 219.17612930000024 -93.5570815 5.25
endloop
endfacet
facet normal 0 0 -1
outer loop
vertex 218.96185429999997 -87.4210463999997 5.25
vertex 219.17612930000024 -93.5570815 5.25
vertex 219.1761293 -93.5570815 0
endloop
endfacet
facet normal 0 0 -1
outer loop
vertex 218.96185429999997 -87.4210463999997 5.25
vertex 219.1761293 -93.5570815 0
vertex 219.07315496727497 -90.60828150000091 0
endloop
endfacet
facet normal 0 0 -1
outer loop
vertex 218.96185429999997 -87.4210463999997 5.25
vertex 219.07315496727497 -90.60828150000091 0
vertex 219.07053809620095 -90.53334409357282 0
endloop
endfacet
facet normal 0 0 -1
outer loop
vertex 218.96185429999997 -87.4210463999997 5.25
vertex 219.07053809620095 -90.53334409357282 0
vertex 219.06278804786695 -90.31141167679942 0
endloop
endfacet
facet normal 0 0 -1
outer loop
vertex 218.96185429999997 -87.4210463999997 5.25
vertex 219.06278804786695 -90.31141167679942 0
vertex 219.05020265228347 -89.9510129879762 0
endloop
endfacet
facet normal 0 0 -1
outer loop
vertex 218.96185429999997 -87.4210463999997 5.25
vertex 219.05020265228347 -89.9510129879762 0
vertex 219.03326555914634 -89.46599794664425 0
endloop
endfacet
facet normal 0 0 -1
outer loop
vertex 218.96185429999997 -87.4210463999997 5.25
vertex 219.03326555914634 -89.46599794664425 0
vertex 219.01262765144384 -88.87500540876981 0
endloop
endfacet
facet normal 0 0 -1
outer loop
vertex 218.96185429999997 -87.4210463999997 5.25
vertex 219.01262765144384 -88.87500540876981 0
vertex 218.98908203239768 -88.20074688622415 0
endloop
endfacet
facet normal 0 0 -1
outer loop
vertex 218.96185429999997 -87.4210463999997 5.25
vertex 218.98908203239768 -88.20074688622415 0
vertex 218.96353354694196 -87.46913375586307 0
endloop
endfacet
facet normal 0 0 -1
outer loop
vertex 218.96185429999997 -87.4210463999997 5.25
vertex 218.96353354694196 -87.46913375586307 0
vertex 218.9618543 -87.42104639999994 0
endloop
endfacet
facet normal 0 0 1
outer loop
vertex 218.92188810034284 -87.07024675387117 5.25
vertex 218.94233558817757 -87.24972269999998 5.25
vertex 218.94253041233927 -87.25143275118238 5.25
endloop
endfacet
facet normal 0 0 1
outer loop
vertex 218.92188810034284 -87.07024675387117 5.25
vertex 218.94253041233927 -87.25143275118238 5.25
vertex 218.94342135538963 -87.25925292196366 5.25
endloop
endfacet
facet normal 0 0 1
outer loop
vertex 218.92188810034284 -87.07024675387117 5.25
vertex 218.94342135538963 -87.25925292196366 5.25
vertex 218.94498647880297 -87.27299064894927 5.25
endloop
endfacet
facet normal 0 0 1
outer loop
vertex 218.92188810034284 -87.07024675387117 5.25
vertex 218.94498647880297 -87.27299064894927 5.25
vertex 218.9471872430785 -87.29230765521199 5.25
endloop
endfacet
facet normal 0 0 1
outer loop
vertex 218.92188810034284 -87.07024675387117 5.25
vertex 218.9471872430785 -87.29230765521199 5.25
vertex 218.9499694567349 -87.31672828000198 5.25
endloop
endfacet
facet normal 0 0 1
outer loop
vertex 218.92188810034284 -87.07024675387117 5.25
vertex 218.9499694567349 -87.31672828000198 5.25
vertex 218.9532646107176 -87.345651191387 5.25
endloop
endfacet
facet normal 0 0 1
outer loop
vertex 218.92188810034284 -87.07024675387117 5.25
vertex 218.9532646107176 -87.345651191387 5.25
vertex 218.9569915653618 -87.3783641934119 5.25
endloop
endfacet
facet normal 0 0 1
outer loop
vertex 218.92188810034284 -87.07024675387117 5.25
vertex 218.9569915653618 -87.3783641934119 5.25
vertex 218.96105854837018 -87.41406176316835 5.25
endloop
endfacet
facet normal 0 0 1
outer loop
vertex 218.92188810034284 -87.07024675387117 5.25
vertex 218.96105854837018 -87.41406176316835 5.25
vertex 218.96185429999997 -87.4210463999997 5.25
endloop
endfacet
facet normal 0 0 1
outer loop
vertex 218.92188810034284 -87.07024675387117 5.25
vertex 218.96185429999997 -87.4210463999997 5.25
vertex 218.9618543 -87.42104639999994 0
endloop
endfacet
facet normal 0 0 1
outer loop
vertex 218.92188810034284 -87.07024675387117 5.25
vertex 218.9618543 -87.42104639999994 0
vertex 218.92188810034284 -87.07024675387112 0
endloop
endfacet
facet normal 0.9636297988420096 0.26724073563681905 0
outer loop
vertex 218.82753445583174 -86.73002173816171 5.25
vertex 218.92188810034284 -87.07024675387117 5.25
vertex 218.92188810034284 -87.07024675387112 0
endloop
endfacet
facet normal 0.9636297988420096 0.26724073563681905 0
outer loop
vertex 218.82753445583174 -86.73002173816171 5.25
vertex 218.92188810034284 -87.07024675387112 0
vertex 218.82753445583177 -86.73002173816177 0
endloop
endfacet
facet normal 0.9099602240126101 0.4146955397818023 4.379865601452363e-16
outer loop
vertex 218.68111951857418 -86.4087456299697 5.25
vertex 218.82753445583174 -86.73002173816171 5.25
vertex 218.82753445583177 -86.73002173816177 0
endloop
endfacet
facet normal 0.9099602240126101 0.4146955397818023 4.379865601452363e-16
outer loop
vertex 218.68111951857418 -86.4087456299697 5.25
vertex 218.82753445583177 -86.73002173816177 0
vertex 218.81762679221882 -86.70828149999713 0
endloop
endfacet
facet normal 0.9099602240126101 0.4146955397818023 4.379865601452363e-16
outer loop
vertex 218.68111951857418 -86.4087456299697 5.25
vertex 218.81762679221882 -86.70828149999713 0
vertex 218.68111951857423 -86.40874562996979 0
endloop
endfacet
facet normal 0.8338843869005949 0.5519391536061008 0
outer loop
vertex 218.4862485137214 -86.11432932095323 5.25
vertex 218.68111951857418 -86.4087456299697 5.25
vertex 218.68111951857423 -86.40874562996979 0
endloop
endfacet
facet normal 0.8338843869005949 0.5519391536061008 0
outer loop
vertex 218.4862485137214 -86.11432932095323 5.25
vertex 218.68111951857423 -86.40874562996979 0
vertex 218.48624851372142 -86.11432932095327 0
endloop
endfacet
facet normal 0 0 1
outer loop
vertex 218.24771981677492 -85.85402232473537 5.25
vertex 218.37033408581866 -85.9878316 5.25
vertex 218.4862485137214 -86.11432932095323 5.25
endloop
endfacet
facet normal 0 0 1
outer loop
vertex 218.24771981677492 -85.85402232473537 5.25
vertex 218.4862485137214 -86.11432932095323 5.25
vertex 218.48624851372142 -86.11432932095327 0
endloop
endfacet
facet normal 0 0 1
outer loop
vertex 218.24771981677492 -85.85402232473537 5.25
vertex 218.48624851372142 -86.11432932095327 0
vertex 218.37033408581868 -85.98783160000002 0
endloop
endfacet
facet normal 0 0 1
outer loop
vertex 218.24771981677492 -85.85402232473537 5.25
vertex 218.37033408581868 -85.98783160000002 0
vertex 218.2477198167748 -85.85402232473524 0
endloop
endfacet
facet normal 0.6225124830166323 0.78260986991506 0
outer loop
vertex 217.9714068015419 -85.63423426964579 5.25
vertex 218.24771981677492 -85.85402232473537 5.25
vertex 218.2477198167748 -85.85402232473524 0
endloop
endfacet
facet normal 0.6225124830166323 0.78260986991506 0
outer loop
vertex 217.9714068015419 -85.63423426964579 5.25
vertex 218.2477198167748 -85.85402232473524 0
vertex 217.97140680154206 -85.6342342696459 0
endloop
endfacet
facet normal 0.49242109903478914 0.8703570883409698 0
outer loop
vertex 217.66411321804188 -85.46037707224899 5.25
vertex 217.9714068015419 -85.63423426964579 5.25
vertex 217.97140680154206 -85.6342342696459 0
endloop
endfacet
facet normal 0.49242109903478914 0.8703570883409698 0
outer loop
vertex 217.66411321804188 -85.46037707224899 5.25
vertex 217.97140680154206 -85.6342342696459 0
vertex 217.66411321804182 -85.46037707224896 0
endloop
endfacet
facet normal 0.35020466166336517 0.9366732060592148 0
outer loop
vertex 217.33340566143744 -85.33673167786706 5.25
vertex 217.66411321804188 -85.46037707224899 5.25
vertex 217.66411321804182 -85.46037707224896 0
endloop
endfacet
facet normal 0.35020466166336517 0.9366732060592148 0
outer loop
vertex 217.33340566143744 -85.33673167786706 5.25
vertex 217.66411321804182 -85.46037707224896 0
vertex 217.3334056614375 -85.33673167786708 0
endloop
endfacet
facet normal 0.19936501495300268 0.9799252985880041 0
outer loop
vertex 216.9874272571717 -85.266342649398 5.25
vertex 217.33340566143744 -85.33673167786706 5.25
vertex 217.3334056614375 -85.33673167786708 0
endloop
endfacet
facet normal 0.19936501495300268 0.9799252985880041 0
outer loop
vertex 216.9874272571717 -85.266342649398 5.25
vertex 217.3334056614375 -85.33673167786708 0
vertex 216.98742725717162 -85.26634264939798 0
endloop
endfacet
facet normal 0.043616335191359205 0.9990483548379804 0
outer loop
vertex 216.63469715000008 -85.2509432 5.25
vertex 216.9874272571717 -85.266342649398 5.25
vertex 216.98742725717162 -85.26634264939798 0
endloop
endfacet
facet normal 0.043616335191359205 0.9990483548379804 0
outer loop
vertex 216.63469715000008 -85.2509432 5.25
vertex 216.98742725717162 -85.26634264939798 0
vertex 216.63469715000025 -85.2509432 0
endloop
endfacet
facet normal -0.03489939711845124 0.9993908304966425 0
outer loop
vertex 195.53291400000018 -85.9878316 5.25
vertex 216.63469715000008 -85.2509432 5.25
vertex 216.63469715000025 -85.2509432 0
endloop
endfacet
facet normal -0.03489939711845124 0.9993908304966425 0
outer loop
vertex 195.53291400000018 -85.9878316 5.25
vertex 216.63469715000025 -85.2509432 0
vertex 195.53291400000003 -85.98783160000002 0
endloop
endfacet
facet normal 0 0 1
outer loop
vertex 195.27256090000003 -82.26460820000008 5.25
vertex 195.27453221168332 -82.29279927507434 5.25
vertex 195.2769873262309 -82.32790905457462 5.25
endloop
endfacet
facet normal 0 0 1
outer loop
vertex 195.27256090000003 -82.26460820000008 5.25
vertex 195.2769873262309 -82.32790905457462 5.25
vertex 195.27960369953948 -82.36532494217363 5.25
endloop
endfacet
facet normal 0 0 1
outer loop
vertex 195.27256090000003 -82.26460820000008 5.25
vertex 195.27960369953948 -82.36532494217363 5.25
vertex 195.28231659072893 -82.40412110000024 5.25
endloop
endfacet
facet normal 0 0 1
outer loop
vertex 195.27256090000003 -82.26460820000008 5.25
vertex 195.28231659072893 -82.40412110000024 5.25
vertex 195.53291400000018 -85.9878316 5.25
endloop
endfacet
facet normal 0 0 1
outer loop
vertex 195.27256090000003 -82.26460820000008 5.25
vertex 195.53291400000018 -85.9878316 5.25
vertex 195.53291400000003 -85.98783160000002 0
endloop
endfacet
facet normal 0 0 1
outer loop
vertex 195.27256090000003 -82.26460820000008 5.25
vertex 195.53291400000003 -85.98783160000002 0
vertex 195.53008879252081 -85.94742924413613 0
endloop
endfacet
facet normal 0 0 1
outer loop
vertex 195.27256090000003 -82.26460820000008 5.25
vertex 195.53008879252081 -85.94742924413613 0
vertex 195.478929427093 -85.21581611377587 0
endloop
endfacet
facet normal 0 0 1
outer loop
vertex 195.27256090000003 -82.26460820000008 5.25
vertex 195.478929427093 -85.21581611377587 0
vertex 195.4317806858846 -84.54155759122429 0
endloop
endfacet
facet normal 0 0 1
outer loop
vertex 195.27256090000003 -82.26460820000008 5.25
vertex 195.4317806858846 -84.54155759122429 0
vertex 195.39045446857668 -83.95056505334269 0
endloop
endfacet
facet normal 0 0 1
outer loop
vertex 195.27256090000003 -82.26460820000008 5.25
vertex 195.39045446857668 -83.95056505334269 0
vertex 195.3565389185313 -83.4655500120285 0
endloop
endfacet
facet normal 0 0 1
outer loop
vertex 195.27256090000003 -82.26460820000008 5.25
vertex 195.3565389185313 -83.4655500120285 0
vertex 195.33133739130895 -83.10515132320913 0
endloop
endfacet
facet normal 0 0 1
outer loop
vertex 195.27256090000003 -82.26460820000008 5.25
vertex 195.33133739130895 -83.10515132320913 0
vertex 195.31581836747077 -82.883218906428 0
endloop
endfacet
facet normal 0 0 1
outer loop
vertex 195.27256090000003 -82.26460820000008 5.25
vertex 195.31581836747077 -82.883218906428 0
vertex 195.31057823439966 -82.80828150000025 0
endloop
endfacet
facet normal 0 0 1
outer loop
vertex 195.27256090000003 -82.26460820000008 5.25
vertex 195.31057823439966 -82.80828150000025 0
vertex 195.27256090000003 -82.26460820000017 0
endloop
endfacet
facet normal 0 0 -1
outer loop
vertex 195.22037792245624 -81.91541616216155 5.25
vertex 195.25874634466567 -82.17216554999999 5.25
vertex 195.25879730929586 -82.1725065892415 5.25
endloop
endfacet
facet normal 0 0 -1
outer loop
vertex 195.22037792245624 -81.91541616216155 5.25
vertex 195.25879730929586 -82.1725065892415 5.25
vertex 195.25976478207915 -82.17898061216329 5.25
endloop
endfacet
facet normal 0 0 -1
outer loop
vertex 195.22037792245624 -81.91541616216155 5.25
vertex 195.25976478207915 -82.17898061216329 5.25
vertex 195.26162493843867 -82.19142819220674 5.25
endloop
endfacet
facet normal 0 0 -1
outer loop
vertex 195.22037792245624 -81.91541616216155 5.25
vertex 195.26162493843867 -82.19142819220674 5.25
vertex 195.26433197094835 -82.20954280051471 5.25
endloop
endfacet
facet normal 0 0 -1
outer loop
vertex 195.22037792245624 -81.91541616216155 5.25
vertex 195.26433197094835 -82.20954280051471 5.25
vertex 195.26781921736702 -82.23287835438109 5.25
endloop
endfacet
facet normal 0 0 -1
outer loop
vertex 195.22037792245624 -81.91541616216155 5.25
vertex 195.26781921736702 -82.23287835438109 5.25
vertex 195.27200080223494 -82.26086020229693 5.25
endloop
endfacet
facet normal 0 0 -1
outer loop
vertex 195.22037792245624 -81.91541616216155 5.25
vertex 195.27200080223494 -82.26086020229693 5.25
vertex 195.27256090000003 -82.26460820000008 5.25
endloop
endfacet
facet normal 0 0 -1
outer loop
vertex 195.22037792245624 -81.91541616216155 5.25
vertex 195.27256090000003 -82.26460820000008 5.25
vertex 195.27256090000003 -82.26460820000017 0
endloop
endfacet
facet normal 0 0 -1
outer loop
vertex 195.22037792245624 -81.91541616216155 5.25
vertex 195.27256090000003 -82.26460820000017 0
vertex 195.2203779224562 -81.91541616216143 0
endloop
endfacet
facet normal 0.953716035780268 0.3007087013965021 0
outer loop
vertex 195.11420783867487 -81.5786912488079 5.25
vertex 195.22037792245624 -81.91541616216155 5.25
vertex 195.2203779224562 -81.91541616216143 0
endloop
endfacet
facet normal 0.953716035780268 0.3007087013965021 0
outer loop
vertex 195.11420783867487 -81.5786912488079 5.25
vertex 195.2203779224562 -81.91541616216143 0
vertex 195.11420783867482 -81.57869124880776 0
endloop
endfacet
facet normal 0.8949329468996987 0.4462006505524404 0
outer loop
vertex 194.95666946272365 -81.26272065830054 5.25
vertex 195.11420783867487 -81.5786912488079 5.25
vertex 195.11420783867482 -81.57869124880776 0
endloop
endfacet
facet normal 0.8949329468996987 0.4462006505524404 0
outer loop
vertex 194.95666946272365 -81.26272065830054 5.25
vertex 195.11420783867482 -81.57869124880776 0
vertex 194.9566694627236 -81.26272065830042 0
endloop
endfacet
facet normal 0.814113602958992 0.5807056409895883 0
outer loop
vertex 194.7516419185591 -80.97528464786127 5.25
vertex 194.95666946272365 -81.26272065830054 5.25
vertex 194.9566694627236 -81.26272065830042 0
endloop
endfacet
facet normal 0.814113602958992 0.5807056409895883 0
outer loop
vertex 194.7516419185591 -80.97528464786127 5.25
vertex 194.9566694627236 -81.26272065830042 0
vertex 194.75164191855924 -80.97528464786141 0
endloop
endfacet
facet normal 0.7132480476624871 0.7009117080671793 0
outer loop
vertex 194.5041736729672 -80.72346085751029 5.25
vertex 194.7516419185591 -80.97528464786127 5.25
vertex 194.75164191855924 -80.97528464786141 0
endloop
endfacet
facet normal 0.7132480476624871 0.7009117080671793 0
outer loop
vertex 194.5041736729672 -80.72346085751029 5.25
vertex 194.75164191855924 -80.97528464786141 0
vertex 194.50417367296728 -80.72346085751036 0
endloop
endfacet
facet normal 0.5948199297695846 0.8038589746646524 0
outer loop
vertex 194.22035822535238 -80.51345003479334 5.25
vertex 194.5041736729672 -80.72346085751029 5.25
vertex 194.50417367296728 -80.72346085751036 0
endloop
endfacet
facet normal 0.5948199297695846 0.8038589746646524 0
outer loop
vertex 194.22035822535238 -80.51345003479334 5.25
vertex 194.50417367296728 -80.72346085751036 0
vertex 194.2203582253525 -80.5134500347934 0
endloop
endfacet
facet normal 0.4617453473202301 0.8870125332982168 0
outer loop
vertex 193.90718406531644 -80.35042335155156 5.25
vertex 194.22035822535238 -80.51345003479334 5.25
vertex 194.2203582253525 -80.5134500347934 0
endloop
endfacet
facet normal 0.4617453473202301 0.8870125332982168 0
outer loop
vertex 193.90718406531644 -80.35042335155156 5.25
vertex 194.2203582253525 -80.5134500347934 0
vertex 193.90718406531644 -80.35042335155156 0
endloop
endfacet
facet normal 0.31730104350600813 0.94832486405767 0
outer loop
vertex 193.57236259257115 -80.23839507230163 5.25
vertex 193.90718406531644 -80.35042335155156 5.25
vertex 193.90718406531644 -80.35042335155156 0
endloop
endfacet
facet normal 0.31730104350600813 0.94832486405767 0
outer loop
vertex 193.57236259257115 -80.23839507230163 5.25
vertex 193.90718406531644 -80.35042335155156 0
vertex 193.57236259257112 -80.23839507230161 0
endloop
endfacet
facet normal 0.1650437222475888 0.9862862514233182 0
outer loop
vertex 193.22413823637618 -80.18012370956009 5.25
vertex 193.57236259257115 -80.23839507230163 5.25
vertex 193.57236259257112 -80.23839507230161 0
endloop
endfacet
facet normal 0.1650437222475888 0.9862862514233182 0
outer loop
vertex 193.22413823637618 -80.18012370956009 5.25
vertex 193.57236259257112 -80.23839507230161 0
vertex 193.22413823637626 -80.18012370956009 0
endloop
endfacet
facet normal 0.008722470197255916 0.9999619585332524 0
outer loop
vertex 192.87108545 -80.1770441 5.25
vertex 193.22413823637618 -80.18012370956009 5.25
vertex 193.22413823637626 -80.18012370956009 0
endloop
endfacet
facet normal 0.008722470197255916 0.9999619585332524 0
outer loop
vertex 192.87108545 -80.1770441 5.25
vertex 193.22413823637626 -80.18012370956009 0
vertex 192.8710854500001 -80.1770441 0
endloop
endfacet
facet normal -0.06975632090453134 0.997564060947398 0
outer loop
vertex 175.41371889999985 -81.39777940000002 5.25
vertex 192.87108545 -80.1770441 5.25
vertex 192.8710854500001 -80.1770441 0
endloop
endfacet
facet normal -0.06975632090453134 0.997564060947398 0
outer loop
vertex 175.41371889999985 -81.39777940000002 5.25
vertex 192.8710854500001 -80.1770441 0
vertex 175.41371889999982 -81.39777940000002 0
endloop
endfacet
facet normal -0.14779743048200086 0.9890176538075133 0
outer loop
vertex 175.06452651216142 -81.4499622275438 5.25
vertex 175.41371889999985 -81.39777940000002 5.25
vertex 175.41371889999982 -81.39777940000002 0
endloop
endfacet
facet normal -0.14779743048200086 0.9890176538075133 0
outer loop
vertex 175.06452651216142 -81.4499622275438 5.25
vertex 175.41371889999982 -81.39777940000002 0
vertex 175.06452651216148 -81.44996222754379 0
endloop
endfacet
facet normal -0.30070870139651495 0.9537160357802639 0
outer loop
vertex 174.72780159880784 -81.55613231132517 5.25
vertex 175.06452651216142 -81.4499622275438 5.25
vertex 175.06452651216148 -81.44996222754379 0
endloop
endfacet
facet normal -0.30070870139651495 0.9537160357802639 0
outer loop
vertex 174.72780159880784 -81.55613231132517 5.25
vertex 175.06452651216148 -81.44996222754379 0
vertex 174.72780159880784 -81.55613231132516 0
endloop
endfacet
facet normal -0.44620065055250296 0.8949329468996675 0
outer loop
vertex 174.41183100830042 -81.71367068727643 5.25
vertex 174.72780159880784 -81.55613231132517 5.25
vertex 174.72780159880784 -81.55613231132516 0
endloop
endfacet
facet normal -0.44620065055250296 0.8949329468996675 0
outer loop
vertex 174.41183100830042 -81.71367068727643 5.25
vertex 174.72780159880784 -81.55613231132516 0
vertex 174.4118310083004 -81.71367068727643 0
endloop
endfacet
facet normal -0.5807056409896368 0.8141136029589575 0
outer loop
vertex 174.12439499786137 -81.91869823144084 5.25
vertex 174.41183100830042 -81.71367068727643 5.25
vertex 174.4118310083004 -81.71367068727643 0
endloop
endfacet
facet normal -0.5807056409896368 0.8141136029589575 0
outer loop
vertex 174.12439499786137 -81.91869823144084 5.25
vertex 174.4118310083004 -81.71367068727643 0
vertex 174.1243949978615 -81.91869823144074 0
endloop
endfacet
facet normal -0.7009117080672007 0.713248047662466 0
outer loop
vertex 173.8725712075107 -82.1661664770324 5.25
vertex 174.12439499786137 -81.91869823144084 5.25
vertex 174.1243949978615 -81.91869823144074 0
endloop
endfacet
facet normal -0.7009117080672007 0.713248047662466 0
outer loop
vertex 173.8725712075107 -82.1661664770324 5.25
vertex 174.1243949978615 -81.91869823144074 0
vertex 173.87257120751056 -82.16616647703258 0
endloop
endfacet
facet normal 0 0 1
outer loop
vertex 173.66256038479335 -82.44998192464763 5.25
vertex 173.86813216002386 -82.17216554999999 5.25
vertex 173.8725712075107 -82.1661664770324 5.25
endloop
endfacet
facet normal 0 0 1
outer loop
vertex 173.66256038479335 -82.44998192464763 5.25
vertex 173.8725712075107 -82.1661664770324 5.25
vertex 173.87257120751056 -82.16616647703258 0
endloop
endfacet
facet normal 0 0 1
outer loop
vertex 173.66256038479335 -82.44998192464763 5.25
vertex 173.87257120751056 -82.16616647703258 0
vertex 173.66256038479332 -82.44998192464766 0
endloop
endfacet
facet normal 0 0 -1
outer loop
vertex 173.49953370155166 -82.76315608468343 5.25
vertex 173.6074614123754 -82.5558270173816 5.25
vertex 173.66256038479335 -82.44998192464763 5.25
endloop
endfacet
facet normal 0 0 -1
outer loop
vertex 173.49953370155166 -82.76315608468343 5.25
vertex 173.66256038479335 -82.44998192464763 5.25
vertex 173.66256038479332 -82.44998192464766 0
endloop
endfacet
facet normal 0 0 -1
outer loop
vertex 173.49953370155166 -82.76315608468343 5.25
vertex 173.66256038479332 -82.44998192464766 0
vertex 173.49953370155163 -82.76315608468344 0
endloop
endfacet
facet normal 0 0 -1
outer loop
vertex 173.38750542230161 -83.09797755742902 5.25
vertex 173.41719433988087 -83.00924561247143 5.25
vertex 173.49953370155166 -82.76315608468343 5.25
endloop
endfacet
facet normal 0 0 -1
outer loop
vertex 173.38750542230161 -83.09797755742902 5.25
vertex 173.49953370155166 -82.76315608468343 5.25
vertex 173.49953370155163 -82.76315608468344 0
endloop
endfacet
facet normal 0 0 -1
outer loop
vertex 173.38750542230161 -83.09797755742902 5.25
vertex 173.49953370155163 -82.76315608468344 0
vertex 173.4844351399602 -82.80828150000025 0
endloop
endfacet
facet normal 0 0 -1
outer loop
vertex 173.38750542230161 -83.09797755742902 5.25
vertex 173.4844351399602 -82.80828150000025 0
vertex 173.4593617519701 -82.883218906428 0
endloop
endfacet
facet normal 0 0 -1
outer loop
vertex 173.38750542230161 -83.09797755742902 5.25
vertex 173.4593617519701 -82.883218906428 0
vertex 173.38750542230164 -83.09797755742892 0
endloop
endfacet
facet normal 0 0 1
outer loop
vertex 173.3292340595601 -83.44620191362382 5.25
vertex 173.3322796371006 -83.42800181964293 5.25
vertex 173.3352087886965 -83.41049747650274 5.25
endloop
endfacet
facet normal 0 0 1
outer loop
vertex 173.3292340595601 -83.44620191362382 5.25
vertex 173.3352087886965 -83.41049747650274 5.25
vertex 173.33718274546385 -83.39870129065561 5.25
endloop
endfacet
facet normal 0 0 1
outer loop
vertex 173.3292340595601 -83.44620191362382 5.25
vertex 173.33718274546385 -83.39870129065561 5.25
vertex 173.33815227005607 -83.39290750000002 5.25
endloop
endfacet
facet normal 0 0 1
outer loop
vertex 173.3292340595601 -83.44620191362382 5.25
vertex 173.33815227005607 -83.39290750000002 5.25
vertex 173.38750542230161 -83.09797755742902 5.25
endloop
endfacet
facet normal 0 0 1
outer loop
vertex 173.3292340595601 -83.44620191362382 5.25
vertex 173.38750542230161 -83.09797755742902 5.25
vertex 173.38750542230164 -83.09797755742892 0
endloop
endfacet
facet normal 0 0 1
outer loop
vertex 173.3292340595601 -83.44620191362382 5.25
vertex 173.38750542230164 -83.09797755742892 0
vertex 173.38630497465758 -83.10515132320913 0
endloop
endfacet
facet normal 0 0 1
outer loop
vertex 173.3292340595601 -83.44620191362382 5.25
vertex 173.38630497465758 -83.10515132320913 0
vertex 173.3292340595601 -83.44620191362382 0
endloop
endfacet
facet normal 0 0 1
outer loop
vertex 173.32615445 -83.79925469999941 5.25
vertex 173.32737137639722 -83.6597437499999 5.25
vertex 173.3277135707464 -83.620513884622 5.25
endloop
endfacet
facet normal 0 0 1
outer loop
vertex 173.32615445 -83.79925469999941 5.25
vertex 173.3277135707464 -83.620513884622 5.25
vertex 173.32805108634346 -83.58182040102905 5.25
endloop
endfacet
facet normal 0 0 1
outer loop
vertex 173.32615445 -83.79925469999941 5.25
vertex 173.32805108634346 -83.58182040102905 5.25
vertex 173.32837561167162 -83.54461614863213 5.25
endloop
endfacet
facet normal 0 0 1
outer loop
vertex 173.32615445 -83.79925469999941 5.25
vertex 173.32837561167162 -83.54461614863213 5.25
vertex 173.328679155107 -83.50981730366276 5.25
endloop
endfacet
facet normal 0 0 1
outer loop
vertex 173.32615445 -83.79925469999941 5.25
vertex 173.328679155107 -83.50981730366276 5.25
vertex 173.32895424171696 -83.47828080780342 5.25
endloop
endfacet
facet normal 0 0 1
outer loop
vertex 173.32615445 -83.79925469999941 5.25
vertex 173.32895424171696 -83.47828080780342 5.25
vertex 173.32919409733464 -83.45078326550284 5.25
endloop
endfacet
facet normal 0 0 1
outer loop
vertex 173.32615445 -83.79925469999941 5.25
vertex 173.32919409733464 -83.45078326550284 5.25
vertex 173.3292340595601 -83.44620191362382 5.25
endloop
endfacet
facet normal 0 0 1
outer loop
vertex 173.32615445 -83.79925469999941 5.25
vertex 173.3292340595601 -83.44620191362382 5.25
vertex 173.3292340595601 -83.44620191362382 0
endloop
endfacet
facet normal 0 0 1
outer loop
vertex 173.32615445 -83.79925469999941 5.25
vertex 173.3292340595601 -83.44620191362382 0
vertex 173.32906528992814 -83.4655500120285 0
endloop
endfacet
facet normal 0 0 1
outer loop
vertex 173.32615445 -83.79925469999941 5.25
vertex 173.32906528992814 -83.4655500120285 0
vertex 173.32615445 -83.79925469999965 0
endloop
endfacet
facet normal -0.9975640910754083 -0.069755890051625 3.212189760302013e-15
outer loop
vertex 173.5989373 -87.700264 5.25
vertex 173.32615445 -83.79925469999941 5.25
vertex 173.32615445 -83.79925469999965 0
endloop
endfacet
facet normal -0.9975640910754083 -0.069755890051625 3.212189760302013e-15
outer loop
vertex 173.5989373 -87.700264 5.25
vertex 173.32615445 -83.79925469999965 0
vertex 173.33673501165603 -83.95056505334269 0
endloop
endfacet
facet normal -0.9975640910754083 -0.069755890051625 3.212189760302013e-15
outer loop
vertex 173.5989373 -87.700264 5.25
vertex 173.33673501165603 -83.95056505334269 0
vertex 173.37806088822137 -84.54155759122429 0
endloop
endfacet
facet normal -0.9975640910754083 -0.069755890051625 3.212189760302013e-15
outer loop
vertex 173.5989373 -87.700264 5.25
vertex 173.37806088822137 -84.54155759122429 0
vertex 173.4252092406794 -85.21581611377587 0
endloop
endfacet
facet normal -0.9975640910754083 -0.069755890051625 3.212189760302013e-15
outer loop
vertex 173.5989373 -87.700264 5.25
vertex 173.4252092406794 -85.21581611377587 0
vertex 173.47636818428845 -85.94742924413613 0
endloop
endfacet
facet normal -0.9975640910754083 -0.069755890051625 3.212189760302013e-15
outer loop
vertex 173.5989373 -87.700264 5.25
vertex 173.47636818428845 -85.94742924413613 0
vertex 173.5295717095358 -86.70828149999713 0
endloop
endfacet
facet normal -0.9975640910754083 -0.069755890051625 3.212189760302013e-15
outer loop
vertex 173.5989373 -87.700264 5.25
vertex 173.5295717095358 -86.70828149999713 0
vertex 173.5827752347835 -87.46913375586307 0
endloop
endfacet
facet normal -0.9975640910754083 -0.069755890051625 3.212189760302013e-15
outer loop
vertex 173.5989373 -87.700264 5.25
vertex 173.5827752347835 -87.46913375586307 0
vertex 173.59893730000002 -87.700264 0
endloop
endfacet
facet normal -0.10452845970589084 0.9945218957426296 -5.469798575763378e-16
outer loop
vertex 153.91264619999984 -89.76937650000004 5.25
vertex 173.5989373 -87.700264 5.25
vertex 173.59893730000002 -87.700264 0
endloop
endfacet
facet normal -0.10452845970589084 0.9945218957426296 -5.469798575763378e-16
outer loop
vertex 153.91264619999984 -89.76937650000004 5.25
vertex 173.59893730000002 -87.700264 0
vertex 168.83716055331433 -88.20074688622415 0
endloop
endfacet
facet normal -0.10452845970589084 0.9945218957426296 -5.469798575763378e-16
outer loop
vertex 153.91264619999984 -89.76937650000004 5.25
vertex 168.83716055331433 -88.20074688622415 0
vertex 162.4220190124413 -88.87500540876981 0
endloop
endfacet
facet normal -0.10452845970589084 0.9945218957426296 -5.469798575763378e-16
outer loop
vertex 153.91264619999984 -89.76937650000004 5.25
vertex 162.4220190124413 -88.87500540876981 0
vertex 156.7991004236628 -89.46599794664425 0
endloop
endfacet
facet normal -0.10452845970589084 0.9945218957426296 -5.469798575763378e-16
outer loop
vertex 153.91264619999984 -89.76937650000004 5.25
vertex 156.7991004236628 -89.46599794664425 0
vertex 153.91264619999995 -89.76937650000002 0
endloop
endfacet
facet normal -0.19081403034783767 0.981626204734987 0
outer loop
vertex 153.52764916060036 -89.84421439288171 5.25
vertex 153.91264619999984 -89.76937650000004 5.25
vertex 153.91264619999995 -89.76937650000002 0
endloop
endfacet
facet normal -0.19081403034783767 0.981626204734987 0
outer loop
vertex 153.52764916060036 -89.84421439288171 5.25
vertex 153.91264619999995 -89.76937650000002 0
vertex 153.5276491606004 -89.84421439288171 0
endloop
endfacet
facet normal -0.35836967518088686 0.9335797640859326 -1.9410911083489117e-15
outer loop
vertex 153.16149924656634 -89.9847669528318 5.25
vertex 153.52764916060036 -89.84421439288171 5.25
vertex 153.5276491606004 -89.84421439288171 0
endloop
endfacet
facet normal -0.35836967518088686 0.9335797640859326 -1.9410911083489117e-15
outer loop
vertex 153.16149924656634 -89.9847669528318 5.25
vertex 153.5276491606004 -89.84421439288171 0
vertex 153.24943084549685 -89.9510129879762 0
endloop
endfacet
facet normal -0.35836967518088686 0.9335797640859326 -1.9410911083489117e-15
outer loop
vertex 153.16149924656634 -89.9847669528318 5.25
vertex 153.24943084549685 -89.9510129879762 0
vertex 153.1614992465663 -89.98476695283182 0
endloop
endfacet
facet normal -0.5150393087229799 0.8571665593513055 0
outer loop
vertex 152.82531858574518 -90.18676533140412 5.25
vertex 153.16149924656634 -89.9847669528318 5.25
vertex 153.1614992465663 -89.98476695283182 0
endloop
endfacet
facet normal -0.5150393087229799 0.8571665593513055 0
outer loop
vertex 152.82531858574518 -90.18676533140412 5.25
vertex 153.1614992465663 -89.98476695283182 0
vertex 152.82531858574512 -90.18676533140413 0
endloop
endfacet
facet normal -0.656059806649996 0.7547089042129884 5.061664661002874e-15
outer loop
vertex 152.5293218096485 -90.44407193877416 5.25
vertex 152.82531858574518 -90.18676533140412 5.25
vertex 152.82531858574512 -90.18676533140413 0
endloop
endfacet
facet normal -0.656059806649996 0.7547089042129884 5.061664661002874e-15
outer loop
vertex 152.5293218096485 -90.44407193877416 5.25
vertex 152.82531858574512 -90.18676533140413 0
vertex 152.6819296663297 -90.31141167679942 0
endloop
endfacet
facet normal -0.656059806649996 0.7547089042129884 5.061664661002874e-15
outer loop
vertex 152.5293218096485 -90.44407193877416 5.25
vertex 152.6819296663297 -90.31141167679942 0
vertex 152.5293218096485 -90.44407193877413 0
endloop
endfacet
facet normal -0.7771463525232435 0.6293199081229025 3.4036493392923035e-15
outer loop
vertex 152.28250258849206 -90.74886868042896 5.25
vertex 152.5293218096485 -90.44407193877416 5.25
vertex 152.5293218096485 -90.44407193877413 0
endloop
endfacet
facet normal -0.7771463525232435 0.6293199081229025 3.4036493392923035e-15
outer loop
vertex 152.28250258849206 -90.74886868042896 5.25
vertex 152.5293218096485 -90.44407193877413 0
vertex 152.45703073593577 -90.53334409357282 0
endloop
endfacet
facet normal -0.7771463525232435 0.6293199081229025 3.4036493392923035e-15
outer loop
vertex 152.28250258849206 -90.74886868042896 5.25
vertex 152.45703073593577 -90.53334409357282 0
vertex 152.39634769782438 -90.60828150000091 0
endloop
endfacet
facet normal -0.7771463525232435 0.6293199081229025 3.4036493392923035e-15
outer loop
vertex 152.28250258849206 -90.74886868042896 5.25
vertex 152.39634769782438 -90.60828150000091 0
vertex 152.282502588492 -90.74886868042901 0
endloop
endfacet
facet normal -0.8746198101188101 0.4848094344665097 0
outer loop
vertex 152.0923603643547 -91.09189450490283 5.25
vertex 152.28250258849206 -90.74886868042896 5.25
vertex 152.282502588492 -90.74886868042901 0
endloop
endfacet
facet normal -0.8746198101188101 0.4848094344665097 0
outer loop
vertex 152.0923603643547 -91.09189450490283 5.25
vertex 152.282502588492 -90.74886868042901 0
vertex 152.0923603643547 -91.09189450490278 0
endloop
endfacet
facet normal -0.9455185115969613 0.32556834033343407 0
outer loop
vertex 151.96467248549183 -91.46272679482315 5.25
vertex 152.0923603643547 -91.09189450490283 5.25
vertex 152.0923603643547 -91.09189450490278 0
endloop
endfacet
facet normal -0.9455185115969613 0.32556834033343407 0
outer loop
vertex 151.96467248549183 -91.46272679482315 5.25
vertex 152.0923603643547 -91.09189450490278 0
vertex 151.96467248549183 -91.46272679482311 0
endloop
endfacet
facet normal 0 0 1
outer loop
vertex 151.90331866535251 -91.85009805138452 5.25
vertex 151.90596580246452 -91.83338475094072 5.25
vertex 151.91049392133985 -91.80479544558673 5.25
endloop
endfacet
facet normal 0 0 1
outer loop
vertex 151.90331866535251 -91.85009805138452 5.25
vertex 151.91049392133985 -91.80479544558673 5.25
vertex 151.91404870345775 -91.7823515225727 5.25
endloop
endfacet
facet normal 0 0 1
outer loop
vertex 151.90331866535251 -91.85009805138452 5.25
vertex 151.91404870345775 -91.7823515225727 5.25
vertex 151.91652213932224 -91.76673492434486 5.25
endloop
endfacet
facet normal 0 0 1
outer loop
vertex 151.90331866535251 -91.85009805138452 5.25
vertex 151.91652213932224 -91.76673492434486 5.25
vertex 151.91783905160716 -91.75842029999997 5.25
endloop
endfacet
facet normal 0 0 1
outer loop
vertex 151.90331866535251 -91.85009805138452 5.25
vertex 151.91783905160716 -91.75842029999997 5.25
vertex 151.96467248549183 -91.46272679482315 5.25
endloop
endfacet
facet normal 0 0 1
outer loop
vertex 151.90331866535251 -91.85009805138452 5.25
vertex 151.96467248549183 -91.46272679482315 5.25
vertex 151.96467248549183 -91.46272679482311 0
endloop
endfacet
facet normal 0 0 1
outer loop
vertex 151.90331866535251 -91.85009805138452 5.25
vertex 151.96467248549183 -91.46272679482311 0
vertex 151.90331866535251 -91.85009805138414 0
endloop
endfacet
facet normal 0 0 -1
outer loop
vertex 151.9101631 -92.24223825 5.25
vertex 151.9065141894623 -92.03318015000006 5.25
vertex 151.9057536974928 -91.98960906088435 5.25
endloop
endfacet
facet normal 0 0 -1
outer loop
vertex 151.9101631 -92.24223825 5.25
vertex 151.9057536974928 -91.98960906088435 5.25
vertex 151.90500245536103 -91.94656792543175 5.25
endloop
endfacet
facet normal 0 0 -1
outer loop
vertex 151.9101631 -92.24223825 5.25
vertex 151.90500245536103 -91.94656792543175 5.25
vertex 151.90428328901848 -91.90536451756297 5.25
endloop
endfacet
facet normal 0 0 -1
outer loop
vertex 151.9101631 -92.24223825 5.25
vertex 151.90428328901848 -91.90536451756297 5.25
vertex 151.9036180498168 -91.86725077316932 5.25
endloop
endfacet
facet normal 0 0 -1
outer loop
vertex 151.9101631 -92.24223825 5.25
vertex 151.9036180498168 -91.86725077316932 5.25
vertex 151.90331866535251 -91.85009805138452 5.25
endloop
endfacet
facet normal 0 0 -1
outer loop
vertex 151.9101631 -92.24223825 5.25
vertex 151.90331866535251 -91.85009805138452 5.25
vertex 151.90331866535251 -91.85009805138414 0
endloop
endfacet
facet normal 0 0 -1
outer loop
vertex 151.9101631 -92.24223825 5.25
vertex 151.90331866535251 -91.85009805138414 0
vertex 151.9101631 -92.24223825000004 0
endloop
endfacet
facet normal -0.9945219374363505 -0.10452806301586066 8.532395286788294e-16
outer loop
vertex 152.5111996 -97.96074070000002 5.25
vertex 151.9101631 -92.24223825 5.25
vertex 151.9101631 -92.24223825000004 0
endloop
endfacet
facet normal -0.9945219374363505 -0.10452806301586066 8.532395286788294e-16
outer loop
vertex 152.5111996 -97.96074070000002 5.25
vertex 151.9101631 -92.24223825000004 0
vertex 152.04835816812982 -93.5570815 0
endloop
endfacet
facet normal -0.9945219374363505 -0.10452806301586066 8.532395286788294e-16
outer loop
vertex 152.5111996 -97.96074070000002 5.25
vertex 152.04835816812982 -93.5570815 0
vertex 152.4083053172641 -96.9817629000003 0
endloop
endfacet
facet normal -0.9945219374363505 -0.10452806301586066 8.532395286788294e-16
outer loop
vertex 152.5111996 -97.96074070000002 5.25
vertex 152.4083053172641 -96.9817629000003 0
vertex 152.41618152607217 -97.05670030642875 0
endloop
endfacet
facet normal -0.9945219374363505 -0.10452806301586066 8.532395286788294e-16
outer loop
vertex 152.5111996 -97.96074070000002 5.25
vertex 152.41618152607217 -97.05670030642875 0
vertex 152.43950747420942 -97.27863272321606 0
endloop
endfacet
facet normal -0.9945219374363505 -0.10452806301586066 8.532395286788294e-16
outer loop
vertex 152.5111996 -97.96074070000002 5.25
vertex 152.43950747420942 -97.27863272321606 0
vertex 152.4773867585658 -97.63903141200323 0
endloop
endfacet
facet normal -0.9945219374363505 -0.10452806301586066 8.532395286788294e-16
outer loop
vertex 152.5111996 -97.96074070000002 5.25
vertex 152.4773867585658 -97.63903141200323 0
vertex 152.51119963852145 -97.96074070000003 0
endloop
endfacet
facet normal -0.10452846569769961 0.9945218951128653 -7.669718219183476e-10
outer loop
vertex 144.803655 -98.77083630000001 5.25
vertex 152.5111996 -97.96074070000002 5.25
vertex 152.51119963852145 -97.96074070000003 0
endloop
endfacet
facet normal -0.10452846569769961 0.9945218951128653 -7.669718219183476e-10
outer loop
vertex 144.803655 -98.77083630000001 5.25
vertex 152.51119963852145 -97.96074070000003 0
vertex 150.95744921211136 -98.12404645338381 0
endloop
endfacet
facet normal -0.10452846569769961 0.9945218951128653 -7.669718219183476e-10
outer loop
vertex 144.803655 -98.77083630000001 5.25
vertex 150.95744921211136 -98.12404645338381 0
vertex 145.33453092129582 -98.71503899123861 0
endloop
endfacet
facet normal -0.10452846569769961 0.9945218951128653 -7.669718219183476e-10
outer loop
vertex 144.803655 -98.77083630000001 5.25
vertex 145.33453092129582 -98.71503899123861 0
vertex 144.8036550000002 -98.77083629999997 0
endloop
endfacet
facet normal -0.1908145625823753 0.9816261012760902 0
outer loop
vertex 144.4186585606003 -98.84567429288174 5.25
vertex 144.803655 -98.77083630000001 5.25
vertex 144.8036550000002 -98.77083629999997 0
endloop
endfacet
facet normal -0.1908145625823753 0.9816261012760902 0
outer loop
vertex 144.4186585606003 -98.84567429288174 5.25
vertex 144.8036550000002 -98.77083629999997 0
vertex 144.41865856060025 -98.84567429288175 0
endloop
endfacet
facet normal -0.35836967518090895 0.9335797640859242 0
outer loop
vertex 144.05250864656622 -98.98622685283186 5.25
vertex 144.4186585606003 -98.84567429288174 5.25
vertex 144.41865856060025 -98.84567429288175 0
endloop
endfacet
facet normal -0.35836967518090895 0.9335797640859242 0
outer loop
vertex 144.05250864656622 -98.98622685283186 5.25
vertex 144.41865856060025 -98.84567429288175 0
vertex 144.0525086465663 -98.9862268528318 0
endloop
endfacet
facet normal -0.5150393087230007 0.857166559351293 0
outer loop
vertex 143.71632798574507 -99.18822523140416 5.25
vertex 144.05250864656622 -98.98622685283186 5.25
vertex 144.0525086465663 -98.9862268528318 0
endloop
endfacet
facet normal -0.5150393087230007 0.857166559351293 0
outer loop
vertex 143.71632798574507 -99.18822523140416 5.25
vertex 144.0525086465663 -98.9862268528318 0
vertex 143.71632798574512 -99.18822523140412 0
endloop
endfacet
facet normal -0.6560598066499779 0.7547089042130042 -9.70545554174699e-16
outer loop
vertex 143.4203312096487 -99.44553183877392 5.25
vertex 143.71632798574507 -99.18822523140416 5.25
vertex 143.71632798574512 -99.18822523140412 0
endloop
endfacet
facet normal -0.6560598066499779 0.7547089042130042 -9.70545554174699e-16
outer loop
vertex 143.4203312096487 -99.44553183877392 5.25
vertex 143.71632798574512 -99.18822523140412 0
vertex 143.48502126592328 -99.38929751375834 0
endloop
endfacet
facet normal -0.6560598066499779 0.7547089042130042 -9.70545554174699e-16
outer loop
vertex 143.4203312096487 -99.44553183877392 5.25
vertex 143.48502126592328 -99.38929751375834 0
vertex 143.42033120964865 -99.44553183877397 0
endloop
endfacet
facet normal -0.7771463525232609 0.629319908122881 0
outer loop
vertex 143.173511988492 -99.75032858042906 5.25
vertex 143.4203312096487 -99.44553183877392 5.25
vertex 143.42033120964865 -99.44553183877397 0
endloop
endfacet
facet normal -0.7771463525232609 0.629319908122881 0
outer loop
vertex 143.173511988492 -99.75032858042906 5.25
vertex 143.42033120964865 -99.44553183877397 0
vertex 143.17351198849204 -99.750328580429 0
endloop
endfacet
facet normal -0.8746198101188066 0.48480943446651564 0
outer loop
vertex 142.98336976435462 -100.09335440490295 5.25
vertex 143.173511988492 -99.75032858042906 5.25
vertex 143.17351198849204 -99.750328580429 0
endloop
endfacet
facet normal -0.8746198101188066 0.48480943446651564 0
outer loop
vertex 142.98336976435462 -100.09335440490295 5.25
vertex 143.17351198849204 -99.750328580429 0
vertex 142.98336976435468 -100.09335440490285 0
endloop
endfacet
facet normal -0.9455185115969713 0.3255683403334054 -4.07089940778739e-15
outer loop
vertex 142.85568188549192 -100.46418669482279 5.25
vertex 142.98336976435462 -100.09335440490295 5.25
vertex 142.98336976435468 -100.09335440490285 0
endloop
endfacet
facet normal -0.9455185115969713 0.3255683403334054 -4.07089940778739e-15
outer loop
vertex 142.85568188549192 -100.46418669482279 5.25
vertex 142.98336976435468 -100.09335440490285 0
vertex 142.9738813842065 -100.12091064414277 0
endloop
endfacet
facet normal -0.9455185115969713 0.3255683403334054 -4.07089940778739e-15
outer loop
vertex 142.85568188549192 -100.46418669482279 5.25
vertex 142.9738813842065 -100.12091064414277 0
vertex 142.85568188549186 -100.46418669482301 0
endloop
endfacet
facet normal 0 0 -1
outer loop
vertex 142.79432806535252 -100.8515579513846 5.25
vertex 142.79697520246452 -100.83484465094065 5.25
vertex 142.80150332133988 -100.80625534558665 5.25
endloop
endfacet
facet normal 0 0 -1
outer loop
vertex 142.79432806535252 -100.8515579513846 5.25
vertex 142.80150332133988 -100.80625534558665 5.25
vertex 142.80505810345778 -100.78381142257274 5.25
endloop
endfacet
facet normal 0 0 -1
outer loop
vertex 142.79432806535252 -100.8515579513846 5.25
vertex 142.80505810345778 -100.78381142257274 5.25
vertex 142.8075315393223 -100.76819482434485 5.25
endloop
endfacet
facet normal 0 0 -1
outer loop
vertex 142.79432806535252 -100.8515579513846 5.25
vertex 142.8075315393223 -100.76819482434485 5.25
vertex 142.8088484674457 -100.75988009999996 5.25
endloop
endfacet
facet normal 0 0 -1
outer loop
vertex 142.79432806535252 -100.8515579513846 5.25
vertex 142.8088484674457 -100.75988009999996 5.25
vertex 142.85568188549192 -100.46418669482279 5.25
endloop
endfacet
facet normal 0 0 -1
outer loop
vertex 142.79432806535252 -100.8515579513846 5.25
vertex 142.85568188549192 -100.46418669482279 5.25
vertex 142.85568188549186 -100.46418669482301 0
endloop
endfacet
facet normal 0 0 -1
outer loop
vertex 142.79432806535252 -100.8515579513846 5.25
vertex 142.85568188549186 -100.46418669482301 0
vertex 142.79432806535252 -100.85155795138446 0
endloop
endfacet
facet normal 0 0 1
outer loop
vertex 142.8011725 -101.24369814999972 5.25
vertex 142.79752358946234 -101.03464005000019 5.25
vertex 142.79676309749283 -100.99106896088453 5.25
endloop
endfacet
facet normal 0 0 1
outer loop
vertex 142.8011725 -101.24369814999972 5.25
vertex 142.79676309749283 -100.99106896088453 5.25
vertex 142.79601185536103 -100.94802782543154 5.25
endloop
endfacet
facet normal 0 0 1
outer loop
vertex 142.8011725 -101.24369814999972 5.25
vertex 142.79601185536103 -100.94802782543154 5.25
vertex 142.79529268901848 -100.90682441756319 5.25
endloop
endfacet
facet normal 0 0 1
outer loop
vertex 142.8011725 -101.24369814999972 5.25
vertex 142.79529268901848 -100.90682441756319 5.25
vertex 142.7946274498168 -100.86871067316926 5.25
endloop
endfacet
facet normal 0 0 1
outer loop
vertex 142.8011725 -101.24369814999972 5.25
vertex 142.7946274498168 -100.86871067316926 5.25
vertex 142.79432806535252 -100.8515579513846 5.25
endloop
endfacet
facet normal 0 0 1
outer loop
vertex 142.8011725 -101.24369814999972 5.25
vertex 142.79432806535252 -100.8515579513846 5.25
vertex 142.79432806535252 -100.85155795138446 0
endloop
endfacet
facet normal 0 0 1
outer loop
vertex 142.8011725 -101.24369814999972 5.25
vertex 142.79432806535252 -100.85155795138446 0
vertex 142.79485526403712 -100.88176290000814 0
endloop
endfacet
facet normal 0 0 1
outer loop
vertex 142.8011725 -101.24369814999972 5.25
vertex 142.79485526403712 -100.88176290000814 0
vertex 142.8011725 -101.2436981499996 0
endloop
endfacet
facet normal -0.9945219625069475 -0.1045278244838663 -2.26462832796012e-15
outer loop
vertex 143.28140440000004 -105.81282769999999 5.25
vertex 142.8011725 -101.24369814999972 5.25
vertex 142.8011725 -101.2436981499996 0
endloop
endfacet
facet normal -0.9945219625069475 -0.1045278244838663 -2.26462832796012e-15
outer loop
vertex 143.28140440000004 -105.81282769999999 5.25
vertex 142.8011725 -101.2436981499996 0
vertex 142.8431001077806 -101.64261515586928 0
endloop
endfacet
facet normal -0.9945219625069475 -0.1045278244838663 -2.26462832796012e-15
outer loop
vertex 143.28140440000004 -105.81282769999999 5.25
vertex 142.8431001077806 -101.64261515586928 0
vertex 142.9199952712478 -102.3742282862133 0
endloop
endfacet
facet normal -0.9945219625069475 -0.1045278244838663 -2.26462832796012e-15
outer loop
vertex 143.28140440000004 -105.81282769999999 5.25
vertex 142.9199952712478 -102.3742282862133 0
vertex 142.9908622597704 -103.04848680876897 0
endloop
endfacet
facet normal -0.9945219625069475 -0.1045278244838663 -2.26462832796012e-15
outer loop
vertex 143.28140440000004 -105.81282769999999 5.25
vertex 142.9908622597704 -103.04848680876897 0
vertex 143.05297769471568 -103.63947934658148 0
endloop
endfacet
facet normal -0.9945219625069475 -0.1045278244838663 -2.26462832796012e-15
outer loop
vertex 143.28140440000004 -105.81282769999999 5.25
vertex 143.05297769471568 -103.63947934658148 0
vertex 143.1039545147695 -104.12449438800813 0
endloop
endfacet
facet normal -0.9945219625069475 -0.1045278244838663 -2.26462832796012e-15
outer loop
vertex 143.28140440000004 -105.81282769999999 5.25
vertex 143.1039545147695 -104.12449438800813 0
vertex 143.14183370930357 -104.48489307679965 0
endloop
endfacet
facet normal -0.9945219625069475 -0.1045278244838663 -2.26462832796012e-15
outer loop
vertex 143.28140440000004 -105.81282769999999 5.25
vertex 143.14183370930357 -104.48489307679965 0
vertex 143.16515960212686 -104.70682549357375 0
endloop
endfacet
facet normal -0.9945219625069475 -0.1045278244838663 -2.26462832796012e-15
outer loop
vertex 143.28140440000004 -105.81282769999999 5.25
vertex 143.16515960212686 -104.70682549357375 0
vertex 143.1730357922579 -104.78176290000005 0
endloop
endfacet
facet normal -0.9945219625069475 -0.1045278244838663 -2.26462832796012e-15
outer loop
vertex 143.28140440000004 -105.81282769999999 5.25
vertex 143.1730357922579 -104.78176290000005 0
vertex 143.28140440000007 -105.81282769999999 0
endloop
endfacet
facet normal 0 0 -1
outer loop
vertex 130.74438810000007 -108.93865679999998 5.25
vertex 134.6046619954171 -107.97618246100873 5.25
vertex 143.28140440000004 -105.81282769999999 5.25
endloop
endfacet
facet normal 0 0 -1
outer loop
vertex 130.74438810000007 -108.93865679999998 5.25
vertex 143.28140440000004 -105.81282769999999 5.25
vertex 143.28140440000007 -105.81282769999999 0
endloop
endfacet
facet normal 0 0 -1
outer loop
vertex 130.74438810000007 -108.93865679999998 5.25
vertex 143.28140440000007 -105.81282769999999 0
vertex 130.7443881 -108.93865679999999 0
endloop
endfacet
facet normal -0.31729645511896315 0.9483263992787186 0
outer loop
vertex 130.40956712541006 -109.05068311121275 5.25
vertex 130.74438810000007 -108.93865679999998 5.25
vertex 130.7443881 -108.93865679999999 0
endloop
endfacet
facet normal -0.31729645511896315 0.9483263992787186 0
outer loop
vertex 130.40956712541006 -109.05068311121275 5.25
vertex 130.7443881 -108.93865679999999 0
vertex 130.40956712540998 -109.05068311121276 0
endloop
endfacet
facet normal -0.46174874787595743 0.8870107630885804 0
outer loop
vertex 130.09639280726745 -109.21371140273621 5.25
vertex 130.40956712541006 -109.05068311121275 5.25
vertex 130.40956712540998 -109.05068311121276 0
endloop
endfacet
facet normal -0.46174874787595743 0.8870107630885804 0
outer loop
vertex 130.09639280726745 -109.21371140273621 5.25
vertex 130.40956712540998 -109.05068311121276 0
vertex 130.09639280726753 -109.21371140273614 0
endloop
endfacet
facet normal -0.5948233279315791 0.8038564601646249 0
outer loop
vertex 129.81257753774426 -109.42372395037565 5.25
vertex 130.09639280726745 -109.21371140273621 5.25
vertex 130.09639280726753 -109.21371140273614 0
endloop
endfacet
facet normal -0.5948233279315791 0.8038564601646249 0
outer loop
vertex 129.81257753774426 -109.42372395037565 5.25
vertex 130.09639280726753 -109.21371140273614 0
vertex 129.8125775377444 -109.42372395037552 0
endloop
endfacet
facet normal 0 0 1
outer loop
vertex 129.56510983700616 -109.67554951395527 5.25
vertex 129.68978734897263 -109.54867645285269 5.25
vertex 129.81257753774426 -109.42372395037565 5.25
endloop
endfacet
facet normal 0 0 1
outer loop
vertex 129.56510983700616 -109.67554951395527 5.25
vertex 129.81257753774426 -109.42372395037565 5.25
vertex 129.8125775377444 -109.42372395037552 0
endloop
endfacet
facet normal 0 0 1
outer loop
vertex 129.56510983700616 -109.67554951395527 5.25
vertex 129.8125775377444 -109.42372395037552 0
vertex 129.56510983700616 -109.67554951395529 0
endloop
endfacet
facet normal -0.8141165149028412 0.5807015586017072 0
outer loop
vertex 129.3600832215164 -109.9629872712549 5.25
vertex 129.56510983700616 -109.67554951395527 5.25
vertex 129.56510983700616 -109.67554951395529 0
endloop
endfacet
facet normal -0.8141165149028412 0.5807015586017072 0
outer loop
vertex 129.3600832215164 -109.9629872712549 5.25
vertex 129.56510983700616 -109.67554951395529 0
vertex 129.36008322151636 -109.96298727125493 0
endloop
endfacet
facet normal -0.8949353599869695 0.4461958106537906 2.4295083143480765e-15
outer loop
vertex 129.2025461604408 -110.2789595038458 5.25
vertex 129.3600832215164 -109.9629872712549 5.25
vertex 129.36008322151636 -109.96298727125493 0
endloop
endfacet
facet normal -0.8949353599869695 0.4461958106537906 2.4295083143480765e-15
outer loop
vertex 129.2025461604408 -110.2789595038458 5.25
vertex 129.36008322151636 -109.96298727125493 0
vertex 129.30431726652128 -110.07483710000031 0
endloop
endfacet
facet normal -0.8949353599869695 0.4461958106537906 2.4295083143480765e-15
outer loop
vertex 129.2025461604408 -110.2789595038458 5.25
vertex 129.30431726652128 -110.07483710000031 0
vertex 129.2669550632786 -110.14977450642714 0
endloop
endfacet
facet normal -0.8949353599869695 0.4461958106537906 2.4295083143480765e-15
outer loop
vertex 129.2025461604408 -110.2789595038458 5.25
vertex 129.2669550632786 -110.14977450642714 0
vertex 129.20254616044087 -110.2789595038456 0
endloop
endfacet
facet normal -0.9537177803864348 0.3007031682153882 -4.0916064523643235e-15
outer loop
vertex 129.0963777647597 -110.61568587516103 5.25
vertex 129.2025461604408 -110.2789595038458 5.25
vertex 129.20254616044087 -110.2789595038456 0
endloop
endfacet
facet normal -0.9537177803864348 0.3007031682153882 -4.0916064523643235e-15
outer loop
vertex 129.0963777647597 -110.61568587516103 5.25
vertex 129.20254616044087 -110.2789595038456 0
vertex 129.1733032927723 -110.3717069232045 0
endloop
endfacet
facet normal -0.9537177803864348 0.3007031682153882 -4.0916064523643235e-15
outer loop
vertex 129.0963777647597 -110.61568587516103 5.25
vertex 129.1733032927723 -110.3717069232045 0
vertex 129.09637776475964 -110.61568587516123 0
endloop
endfacet
facet normal 0 0 1
outer loop
vertex 129.0441922700479 -110.96487500947445 5.25
vertex 129.04475334563676 -110.96112068080052 5.25
vertex 129.04893502698667 -110.9331397696563 5.25
endloop
endfacet
facet normal 0 0 1
outer loop
vertex 129.0441922700479 -110.96487500947445 5.25
vertex 129.04893502698667 -110.9331397696563 5.25
vertex 129.05242234396357 -110.90980506327918 5.25
endloop
endfacet
facet normal 0 0 1
outer loop
vertex 129.0441922700479 -110.96487500947445 5.25
vertex 129.05242234396357 -110.90980506327918 5.25
vertex 129.0551294222101 -110.89169117330574 5.25
endloop
endfacet
facet normal 0 0 1
outer loop
vertex 129.0441922700479 -110.96487500947445 5.25
vertex 129.0551294222101 -110.89169117330574 5.25
vertex 129.05698898035575 -110.87924830000011 5.25
endloop
endfacet
facet normal 0 0 1
outer loop
vertex 129.0441922700479 -110.96487500947445 5.25
vertex 129.05698898035575 -110.87924830000011 5.25
vertex 129.0963777647597 -110.61568587516103 5.25
endloop
endfacet
facet normal 0 0 1
outer loop
vertex 129.0441922700479 -110.96487500947445 5.25
vertex 129.0963777647597 -110.61568587516103 5.25
vertex 129.09637776475964 -110.61568587516123 0
endloop
endfacet
facet normal 0 0 1
outer loop
vertex 129.0441922700479 -110.96487500947445 5.25
vertex 129.09637776475964 -110.61568587516123 0
vertex 129.07897910894286 -110.73210561203311 0
endloop
endfacet
facet normal 0 0 1
outer loop
vertex 129.0441922700479 -110.96487500947445 5.25
vertex 129.07897910894286 -110.73210561203311 0
vertex 129.0441922700479 -110.96487500947421 0
endloop
endfacet
facet normal 0 0 -1
outer loop
vertex 129.0472746648926 -111.31792865443897 5.25
vertex 129.0460905721088 -111.18230414999987 5.25
vertex 129.04575275988577 -111.14361156106757 5.25
endloop
endfacet
facet normal 0 0 -1
outer loop
vertex 129.0472746648926 -111.31792865443897 5.25
vertex 129.04575275988577 -111.14361156106757 5.25
vertex 129.04541026266816 -111.10438235872405 5.25
endloop
endfacet
facet normal 0 0 -1
outer loop
vertex 129.0472746648926 -111.31792865443897 5.25
vertex 129.04541026266816 -111.10438235872405 5.25
vertex 129.0450715143691 -111.06558255281647 5.25
endloop
endfacet
facet normal 0 0 -1
outer loop
vertex 129.0472746648926 -111.31792865443897 5.25
vertex 129.0450715143691 -111.06558255281647 5.25
vertex 129.0447448565855 -111.02816757940593 5.25
endloop
endfacet
facet normal 0 0 -1
outer loop
vertex 129.0472746648926 -111.31792865443897 5.25
vertex 129.0447448565855 -111.02816757940593 5.25
vertex 129.04443833318817 -110.99305877338024 5.25
endloop
endfacet
facet normal 0 0 -1
outer loop
vertex 129.0472746648926 -111.31792865443897 5.25
vertex 129.04443833318817 -110.99305877338024 5.25
vertex 129.0441922700479 -110.96487500947445 5.25
endloop
endfacet
facet normal 0 0 -1
outer loop
vertex 129.0472746648926 -111.31792865443897 5.25
vertex 129.0441922700479 -110.96487500947445 5.25
vertex 129.0441922700479 -110.96487500947421 0
endloop
endfacet
facet normal 0 0 -1
outer loop
vertex 129.0472746648926 -111.31792865443897 5.25
vertex 129.0441922700479 -110.96487500947421 0
vertex 129.04639454350806 -111.21712065336223 0
endloop
endfacet
facet normal 0 0 -1
outer loop
vertex 129.0472746648926 -111.31792865443897 5.25
vertex 129.04639454350806 -111.21712065336223 0
vertex 129.0472746648926 -111.31792865443894 0
endloop
endfacet
facet normal -0.9862848879783694 -0.1650518698636748 0
outer loop
vertex 129.10554904999995 -111.66615339999979 5.25
vertex 129.0472746648926 -111.31792865443897 5.25
vertex 129.0472746648926 -111.31792865443894 0
endloop
endfacet
facet normal -0.9862848879783694 -0.1650518698636748 0
outer loop
vertex 129.10554904999995 -111.66615339999979 5.25
vertex 129.0472746648926 -111.31792865443894 0
vertex 129.10554905 -111.66615340000001 0
endloop
endfacet
facet normal 0 0 -1
outer loop
vertex 141.32260260000007 -160.66608060000027 5.25
vertex 141.24906852378044 -160.371151518554 5.25
vertex 141.24762279099596 -160.365353000859 5.25
endloop
endfacet
facet normal 0 0 -1
outer loop
vertex 141.32260260000007 -160.66608060000027 5.25
vertex 141.24762279099596 -160.365353000859 5.25
vertex 141.24468148659943 -160.3535560728426 5.25
endloop
endfacet
facet normal 0 0 -1
outer loop
vertex 141.32260260000007 -160.66608060000027 5.25
vertex 141.24468148659943 -160.3535560728426 5.25
vertex 141.2403170395174 -160.33605123107262 5.25
endloop
endfacet
facet normal 0 0 -1
outer loop
vertex 141.32260260000007 -160.66608060000027 5.25
vertex 141.2403170395174 -160.33605123107262 5.25
vertex 141.2346369232289 -160.31326952814518 5.25
endloop
endfacet
facet normal 0 0 -1
outer loop
vertex 141.32260260000007 -160.66608060000027 5.25
vertex 141.2346369232289 -160.31326952814518 5.25
vertex 141.22778100925657 -160.2857719581167 5.25
endloop
endfacet
facet normal 0 0 -1
outer loop
vertex 141.32260260000007 -160.66608060000027 5.25
vertex 141.22778100925657 -160.2857719581167 5.25
vertex 141.21991812286367 -160.25423564215822 5.25
endloop
endfacet
facet normal 0 0 -1
outer loop
vertex 141.32260260000007 -160.66608060000027 5.25
vertex 141.21991812286367 -160.25423564215822 5.25
vertex 141.21124188577144 -160.2194371546056 5.25
endloop
endfacet
facet normal 0 0 -1
outer loop
vertex 141.32260260000007 -160.66608060000027 5.25
vertex 141.21124188577144 -160.2194371546056 5.25
vertex 141.20196679598527 -160.18223680000003 5.25
endloop
endfacet
facet normal 0 0 -1
outer loop
vertex 141.32260260000007 -160.66608060000027 5.25
vertex 141.20196679598527 -160.18223680000003 5.25
vertex 129.10554904999995 -111.66615339999979 5.25
endloop
endfacet
facet normal 0 0 -1
outer loop
vertex 141.32260260000007 -160.66608060000027 5.25
vertex 129.10554904999995 -111.66615339999979 5.25
vertex 129.10554905 -111.66615340000001 0
endloop
endfacet
facet normal 0 0 -1
outer loop
vertex 141.32260260000007 -160.66608060000027 5.25
vertex 129.10554905 -111.66615340000001 0
vertex 129.1409435999605 -111.80811319122493 0
endloop
endfacet
facet normal 0 0 -1
outer loop
vertex 141.32260260000007 -160.66608060000027 5.25
vertex 129.1409435999605 -111.80811319122493 0
vertex 129.309055124756 -112.48237171376852 0
endloop
endfacet
facet normal 0 0 -1
outer loop
vertex 141.32260260000007 -160.66608060000027 5.25
vertex 129.309055124756 -112.48237171376852 0
vertex 129.49146675886215 -113.21398484414031 0
endloop
endfacet
facet normal 0 0 -1
outer loop
vertex 141.32260260000007 -160.66608060000027 5.25
vertex 129.49146675886215 -113.21398484414031 0
vertex 129.68116852546876 -113.97483709999662 0
endloop
endfacet
facet normal 0 0 -1
outer loop
vertex 141.32260260000007 -160.66608060000027 5.25
vertex 129.68116852546876 -113.97483709999662 0
vertex 129.8708702920785 -114.73568935586559 0
endloop
endfacet
facet normal 0 0 -1
outer loop
vertex 141.32260260000007 -160.66608060000027 5.25
vertex 129.8708702920785 -114.73568935586559 0
vertex 130.05328192618683 -115.46730248624594 0
endloop
endfacet
facet normal 0 0 -1
outer loop
vertex 141.32260260000007 -160.66608060000027 5.25
vertex 130.05328192618683 -115.46730248624594 0
vertex 130.2213934509768 -116.14156100876748 0
endloop
endfacet
facet normal 0 0 -1
outer loop
vertex 141.32260260000007 -160.66608060000027 5.25
vertex 130.2213934509768 -116.14156100876748 0
vertex 130.36874443484894 -116.7325535466191 0
endloop
endfacet
facet normal 0 0 -1
outer loop
vertex 141.32260260000007 -160.66608060000027 5.25
vertex 130.36874443484894 -116.7325535466191 0
vertex 130.48967226212267 -117.21756858798044 0
endloop
endfacet
facet normal 0 0 -1
outer loop
vertex 141.32260260000007 -160.66608060000027 5.25
vertex 130.48967226212267 -117.21756858798044 0
vertex 130.57952974420942 -117.57796727679732 0
endloop
endfacet
facet normal 0 0 -1
outer loop
vertex 141.32260260000007 -160.66608060000027 5.25
vertex 130.57952974420942 -117.57796727679732 0
vertex 130.63486370846496 -117.79989969357135 0
endloop
endfacet
facet normal 0 0 -1
outer loop
vertex 141.32260260000007 -160.66608060000027 5.25
vertex 130.63486370846496 -117.79989969357135 0
vertex 130.65354770167778 -117.87483709999974 0
endloop
endfacet
facet normal 0 0 -1
outer loop
vertex 141.32260260000007 -160.66608060000027 5.25
vertex 130.65354770167778 -117.87483709999974 0
vertex 137.75397376592375 -146.3530916 0
endloop
endfacet
facet normal 0 0 -1
outer loop
vertex 141.32260260000007 -160.66608060000027 5.25
vertex 137.75397376592375 -146.3530916 0
vertex 138.9904695267962 -151.31240540000042 0
endloop
endfacet
facet normal 0 0 -1
outer loop
vertex 141.32260260000007 -160.66608060000027 5.25
vertex 138.9904695267962 -151.31240540000042 0
vertex 139.009153520009 -151.38734280642868 0
endloop
endfacet
facet normal 0 0 -1
outer loop
vertex 141.32260260000007 -160.66608060000027 5.25
vertex 139.009153520009 -151.38734280642868 0
vertex 139.06448748426487 -151.609275223204 0
endloop
endfacet
facet normal 0 0 -1
outer loop
vertex 141.32260260000007 -160.66608060000027 5.25
vertex 139.06448748426487 -151.609275223204 0
vertex 139.1543449663518 -151.96967391202165 0
endloop
endfacet
facet normal 0 0 -1
outer loop
vertex 141.32260260000007 -160.66608060000027 5.25
vertex 139.1543449663518 -151.96967391202165 0
vertex 139.27527279362536 -152.45468895338232 0
endloop
endfacet
facet normal 0 0 -1
outer loop
vertex 141.32260260000007 -160.66608060000027 5.25
vertex 139.27527279362536 -152.45468895338232 0
vertex 139.4226237774973 -153.04568149123313 0
endloop
endfacet
facet normal 0 0 -1
outer loop
vertex 141.32260260000007 -160.66608060000027 5.25
vertex 139.4226237774973 -153.04568149123313 0
vertex 139.59073530228605 -153.71994001374972 0
endloop
endfacet
facet normal 0 0 -1
outer loop
vertex 141.32260260000007 -160.66608060000027 5.25
vertex 139.59073530228605 -153.71994001374972 0
vertex 139.77314693639948 -154.45155314415064 0
endloop
endfacet
facet normal 0 0 -1
outer loop
vertex 141.32260260000007 -160.66608060000027 5.25
vertex 139.77314693639948 -154.45155314415064 0
vertex 139.96284870300042 -155.2124053999842 0
endloop
endfacet
facet normal 0 0 -1
outer loop
vertex 141.32260260000007 -160.66608060000027 5.25
vertex 139.96284870300042 -155.2124053999842 0
vertex 140.15255046961448 -155.9732576558705 0
endloop
endfacet
facet normal 0 0 -1
outer loop
vertex 141.32260260000007 -160.66608060000027 5.25
vertex 140.15255046961448 -155.9732576558705 0
vertex 140.33496210371908 -156.704870786236 0
endloop
endfacet
facet normal 0 0 -1
outer loop
vertex 141.32260260000007 -160.66608060000027 5.25
vertex 140.33496210371908 -156.704870786236 0
vertex 140.50307362850904 -157.37912930875748 0
endloop
endfacet
facet normal 0 0 -1
outer loop
vertex 141.32260260000007 -160.66608060000027 5.25
vertex 140.50307362850904 -157.37912930875748 0
vertex 140.65042461238443 -157.97012184662202 0
endloop
endfacet
facet normal 0 0 -1
outer loop
vertex 141.32260260000007 -160.66608060000027 5.25
vertex 140.65042461238443 -157.97012184662202 0
vertex 140.771352439658 -158.45513688798275 0
endloop
endfacet
facet normal 0 0 -1
outer loop
vertex 141.32260260000007 -160.66608060000027 5.25
vertex 140.771352439658 -158.45513688798275 0
vertex 140.86120992174543 -158.8155355768024 0
endloop
endfacet
facet normal 0 0 -1
outer loop
vertex 141.32260260000007 -160.66608060000027 5.25
vertex 140.86120992174543 -158.8155355768024 0
vertex 140.91654388600006 -159.03746799357276 0
endloop
endfacet
facet normal 0 0 -1
outer loop
vertex 141.32260260000007 -160.66608060000027 5.25
vertex 140.91654388600006 -159.03746799357276 0
vertex 140.9352278792127 -159.1124054000004 0
endloop
endfacet
facet normal 0 0 -1
outer loop
vertex 141.32260260000007 -160.66608060000027 5.25
vertex 140.9352278792127 -159.1124054000004 0
vertex 141.32260260000007 -160.66608060000016 0
endloop
endfacet
facet normal -0.945515196110958 -0.32557796903853414 0
outer loop
vertex 141.4502944026555 -161.03691201769735 5.25
vertex 141.32260260000007 -160.66608060000027 5.25
vertex 141.32260260000007 -160.66608060000016 0
endloop
endfacet
facet normal -0.945515196110958 -0.32557796903853414 0
outer loop
vertex 141.4502944026555 -161.03691201769735 5.25
vertex 141.32260260000007 -160.66608060000016 0
vertex 141.45029440265557 -161.03691201769746 0
endloop
endfacet
facet normal -0.8746194195312115 -0.48481013910487336 0
outer loop
vertex 141.64043667617025 -161.3799372794975 5.25
vertex 141.4502944026555 -161.03691201769735 5.25
vertex 141.45029440265557 -161.03691201769746 0
endloop
endfacet
facet normal -0.8746194195312115 -0.48481013910487336 0
outer loop
vertex 141.64043667617025 -161.3799372794975 5.25
vertex 141.45029440265557 -161.03691201769746 0
vertex 141.6404366761703 -161.3799372794976 0
endloop
endfacet
facet normal -0.7771459769618545 -0.6293203719029004 0
outer loop
vertex 141.8872557845818 -161.68473351000782 5.25
vertex 141.64043667617025 -161.3799372794975 5.25
vertex 141.6404366761703 -161.3799372794976 0
endloop
endfacet
facet normal -0.7771459769618545 -0.6293203719029004 0
outer loop
vertex 141.8872557845818 -161.68473351000782 5.25
vertex 141.6404366761703 -161.3799372794976 0
vertex 141.8872557845818 -161.68473351000785 0
endloop
endfacet
facet normal -0.656059513901848 -0.754709158695501 0
outer loop
vertex 142.18325230714134 -161.9420396954034 5.25
vertex 141.8872557845818 -161.68473351000782 5.25
vertex 141.8872557845818 -161.68473351000785 0
endloop
endfacet
facet normal -0.656059513901848 -0.754709158695501 0
outer loop
vertex 142.18325230714134 -161.9420396954034 5.25
vertex 141.8872557845818 -161.68473351000785 0
vertex 142.18325230714126 -161.94203969540334 0
endloop
endfacet
facet normal -0.5150391552752452 -0.8571666515522882 0
outer loop
vertex 142.51943260280956 -162.14403777265892 5.25
vertex 142.18325230714134 -161.9420396954034 5.25
vertex 142.18325230714126 -161.94203969540334 0
endloop
endfacet
facet normal -0.5150391552752452 -0.8571666515522882 0
outer loop
vertex 142.51943260280956 -162.14403777265892 5.25
vertex 142.18325230714126 -161.94203969540334 0
vertex 142.5194326028094 -162.14403777265883 0
endloop
endfacet
facet normal -0.3583697030580308 -0.9335797533848401 0
outer loop
vertex 142.88558207555707 -162.28459017575852 5.25
vertex 142.51943260280956 -162.14403777265892 5.25
vertex 142.5194326028094 -162.14403777265883 0
endloop
endfacet
facet normal -0.3583697030580308 -0.9335797533848401 0
outer loop
vertex 142.88558207555707 -162.28459017575852 5.25
vertex 142.5194326028094 -162.14403777265883 0
vertex 142.88558207555712 -162.28459017575852 0
endloop
endfacet
facet normal -0.1908114456584828 -0.9816267071579298 0
outer loop
vertex 143.27057553750518 -162.35942632121757 5.25
vertex 142.88558207555707 -162.28459017575852 5.25
vertex 142.88558207555712 -162.28459017575852 0
endloop
endfacet
facet normal -0.1908114456584828 -0.9816267071579298 0
outer loop
vertex 143.27057553750518 -162.35942632121757 5.25
vertex 142.88558207555712 -162.28459017575852 0
vertex 143.27057553750538 -162.3594263212176 0
endloop
endfacet
facet normal -0.017455519983030854 -0.9998476408043988 0
outer loop
vertex 143.66271523974402 -162.36627236668411 5.25
vertex 143.27057553750518 -162.35942632121757 5.25
vertex 143.27057553750538 -162.3594263212176 0
endloop
endfacet
facet normal -0.017455519983030854 -0.9998476408043988 0
outer loop
vertex 143.66271523974402 -162.36627236668411 5.25
vertex 143.27057553750538 -162.3594263212176 0
vertex 143.66271523974407 -162.36627236668414 0
endloop
endfacet
facet normal 0.1564307790882823 -0.9876889243855239 0
outer loop
vertex 144.05008629999983 -162.30492030000002 5.25
vertex 143.66271523974402 -162.36627236668411 5.25
vertex 143.66271523974407 -162.36627236668414 0
endloop
endfacet
facet normal 0.1564307790882823 -0.9876889243855239 0
outer loop
vertex 144.05008629999983 -162.30492030000002 5.25
vertex 143.66271523974407 -162.36627236668414 0
vertex 144.05008630000046 -162.3049202999999 0
endloop
endfacet
facet normal 0.026176938517985374 0.9996573252319145 -5.0835681756831585e-15
outer loop
vertex 263.1131315021902 -155.22835127482395 1.5000000000000009
vertex 263.1131315021931 -155.228351274824 5.25
vertex 265.112453667341 -155.28070534863883 5.25
endloop
endfacet
facet normal 0.026176938517985374 0.9996573252319145 -5.0835681756831585e-15
outer loop
vertex 263.1131315021902 -155.22835127482395 1.5000000000000009
vertex 265.112453667341 -155.28070534863883 5.25
vertex 265.112453667341 -155.2807053486388 0
endloop
endfacet
facet normal 0.026176938517985374 0.9996573252319145 -5.0835681756831585e-15
outer loop
vertex 263.1131315021902 -155.22835127482395 1.5000000000000009
vertex 265.112453667341 -155.2807053486388 0
vertex 263.113131502193 -155.22835127482398 0
endloop
endfacet
facet normal -0.026176938517985894 -0.9996573252319144 1.9045814356517884e-14
outer loop
vertex 265.2956913148594 -148.28310402369686 5.25
vertex 263.29637019475285 -148.2307499772474 5.25
vertex 263.2963701947501 -148.2307499772474 1.5000000000000009
endloop
endfacet
facet normal -0.026176938517985894 -0.9996573252319144 1.9045814356517884e-14
outer loop
vertex 265.2956913148594 -148.28310402369686 5.25
vertex 263.2963701947501 -148.2307499772474 1.5000000000000009
vertex 263.2963701947528 -148.23074997724743 0
endloop
endfacet
facet normal -0.026176938517985894 -0.9996573252319144 1.9045814356517884e-14
outer loop
vertex 265.2956913148594 -148.28310402369686 5.25
vertex 263.2963701947528 -148.23074997724743 0
vertex 265.2956913148595 -148.2831040236969 0
endloop
endfacet
facet normal 0.9996573286837314 -0.026176806698035206 1.0953216951299022e-14
outer loop
vertex 266.42129400000226 -105.2978390000001 5.250000000000002
vertex 265.2956913148594 -148.28310402369686 5.25
vertex 265.2956913148595 -148.2831040236969 0
endloop
endfacet
facet normal 0.9996573286837314 -0.026176806698035206 1.0953216951299022e-14
outer loop
vertex 266.42129400000226 -105.2978390000001 5.250000000000002
vertex 265.2956913148595 -148.2831040236969 0
vertex 265.29706224639216 -148.23074997724743 0
endloop
endfacet
facet normal 0.9996573286837314 -0.026176806698035206 1.0953216951299022e-14
outer loop
vertex 266.42129400000226 -105.2978390000001 5.250000000000002
vertex 265.29706224639216 -148.23074997724743 0
vertex 265.34623019522394 -146.3530916 0
endloop
endfacet
facet normal 0.9996573286837314 -0.026176806698035206 1.0953216951299022e-14
outer loop
vertex 266.42129400000226 -105.2978390000001 5.250000000000002
vertex 265.34623019522394 -146.3530916 0
vertex 266.09195549703713 -117.87483709999974 0
endloop
endfacet
facet normal 0.9996573286837314 -0.026176806698035206 1.0953216951299022e-14
outer loop
vertex 266.42129400000226 -105.2978390000001 5.250000000000002
vertex 266.09195549703713 -117.87483709999974 0
vertex 266.09391779146165 -117.79989969357135 0
endloop
endfacet
facet normal 0.9996573286837314 -0.026176806698035206 1.0953216951299022e-14
outer loop
vertex 266.42129400000226 -105.2978390000001 5.250000000000002
vertex 266.09391779146165 -117.79989969357135 0
vertex 266.0997292648608 -117.57796727679732 0
endloop
endfacet
facet normal 0.9996573286837314 -0.026176806698035206 1.0953216951299022e-14
outer loop
vertex 266.42129400000226 -105.2978390000001 5.250000000000002
vertex 266.0997292648608 -117.57796727679732 0
vertex 266.1091665855713 -117.21756858798044 0
endloop
endfacet
facet normal 0.9996573286837314 -0.026176806698035206 1.0953216951299022e-14
outer loop
vertex 266.42129400000226 -105.2978390000001 5.250000000000002
vertex 266.1091665855713 -117.21756858798044 0
vertex 266.1218670826507 -116.7325535466191 0
endloop
endfacet
facet normal 0.9996573286837314 -0.026176806698035206 1.0953216951299022e-14
outer loop
vertex 266.42129400000226 -105.2978390000001 5.250000000000002
vertex 266.1218670826507 -116.7325535466191 0
vertex 266.13734268311833 -116.14156100876748 0
endloop
endfacet
facet normal 0.9996573286837314 -0.026176806698035206 1.0953216951299022e-14
outer loop
vertex 266.42129400000226 -105.2978390000001 5.250000000000002
vertex 266.13734268311833 -116.14156100876748 0
vertex 266.1549986683265 -115.46730248624594 0
endloop
endfacet
facet normal 0.9996573286837314 -0.026176806698035206 1.0953216951299022e-14
outer loop
vertex 266.42129400000226 -105.2978390000001 5.250000000000002
vertex 266.1549986683265 -115.46730248624594 0
vertex 266.1741565286674 -114.73568935586559 0
endloop
endfacet
facet normal 0.9996573286837314 -0.026176806698035206 1.0953216951299022e-14
outer loop
vertex 266.42129400000226 -105.2978390000001 5.250000000000002
vertex 266.1741565286674 -114.73568935586559 0
vertex 266.1940800383103 -113.97483709999662 0
endloop
endfacet
facet normal 0.9996573286837314 -0.026176806698035206 1.0953216951299022e-14
outer loop
vertex 266.42129400000226 -105.2978390000001 5.250000000000002
vertex 266.1940800383103 -113.97483709999662 0
vertex 266.21400354795287 -113.21398484414031 0
endloop
endfacet
facet normal 0.9996573286837314 -0.026176806698035206 1.0953216951299022e-14
outer loop
vertex 266.42129400000226 -105.2978390000001 5.250000000000002
vertex 266.21400354795287 -113.21398484414031 0
vertex 266.23316140829354 -112.48237171376852 0
endloop
endfacet
facet normal 0.9996573286837314 -0.026176806698035206 1.0953216951299022e-14
outer loop
vertex 266.42129400000226 -105.2978390000001 5.250000000000002
vertex 266.23316140829354 -112.48237171376852 0
vertex 266.2508173935023 -111.80811319122493 0
endloop
endfacet
facet normal 0.9996573286837314 -0.026176806698035206 1.0953216951299022e-14
outer loop
vertex 266.42129400000226 -105.2978390000001 5.250000000000002
vertex 266.2508173935023 -111.80811319122493 0
vertex 266.26629299397024 -111.21712065336223 0
endloop
endfacet
facet normal 0.9996573286837314 -0.026176806698035206 1.0953216951299022e-14
outer loop
vertex 266.42129400000226 -105.2978390000001 5.250000000000002
vertex 266.26629299397024 -111.21712065336223 0
vertex 266.2789934910488 -110.73210561203311 0
endloop
endfacet
facet normal 0.9996573286837314 -0.026176806698035206 1.0953216951299022e-14
outer loop
vertex 266.42129400000226 -105.2978390000001 5.250000000000002
vertex 266.2789934910488 -110.73210561203311 0
vertex 266.2884308117596 -110.3717069232045 0
endloop
endfacet
facet normal 0.9996573286837314 -0.026176806698035206 1.0953216951299022e-14
outer loop
vertex 266.42129400000226 -105.2978390000001 5.250000000000002
vertex 266.2884308117596 -110.3717069232045 0
vertex 266.2942422851588 -110.14977450642714 0
endloop
endfacet
facet normal 0.9996573286837314 -0.026176806698035206 1.0953216951299022e-14
outer loop
vertex 266.42129400000226 -105.2978390000001 5.250000000000002
vertex 266.2942422851588 -110.14977450642714 0
vertex 266.29620457958333 -110.07483710000031 0
endloop
endfacet
facet normal 0.9996573286837314 -0.026176806698035206 1.0953216951299022e-14
outer loop
vertex 266.42129400000226 -105.2978390000001 5.250000000000002
vertex 266.29620457958333 -110.07483710000031 0
vertex 266.4078086192953 -105.81282769999999 0
endloop
endfacet
facet normal 0.9996573286837314 -0.026176806698035206 1.0953216951299022e-14
outer loop
vertex 266.42129400000226 -105.2978390000001 5.250000000000002
vertex 266.4078086192953 -105.81282769999999 0
vertex 266.42129400000226 -105.2978390000001 0
endloop
endfacet
facet normal 0 0 -1
outer loop
vertex 265.112453667341 -155.28070534863883 5.25
vertex 264.8978661298965 -163.4755171500001 5.25
vertex 264.8968444681324 -163.5145330499039 5.25
endloop
endfacet
facet normal 0 0 -1
outer loop
vertex 265.112453667341 -155.28070534863883 5.25
vertex 264.8968444681324 -163.5145330499039 5.25
vertex 264.89649484999995 -163.5278845000009 5.25
endloop
endfacet
facet normal 0 0 -1
outer loop
vertex 265.112453667341 -155.28070534863883 5.25
vertex 264.89649484999995 -163.5278845000009 5.25
vertex 264.89649484999995 -163.52788450000108 0
endloop
endfacet
facet normal 0 0 -1
outer loop
vertex 265.112453667341 -155.28070534863883 5.25
vertex 264.89649484999995 -163.52788450000108 0
vertex 265.112453667341 -155.2807053486388 0
endloop
endfacet
facet normal -0.1607378288458677 0.9869971379785843 0
outer loop
vertex 207.54554459999974 -144.41250010000002 5.25
vertex 207.8724718083933 -144.3592582336908 5.25
vertex 207.87247180839364 -144.35925823369078 1.5
endloop
endfacet
facet normal -0.1607378288458677 0.9869971379785843 0
outer loop
vertex 207.54554459999974 -144.41250010000002 5.25
vertex 207.87247180839364 -144.35925823369078 1.5
vertex 207.54554459999957 -144.41250010000007 1.5
endloop
endfacet
facet normal 0.00436629394044985 0.9999904676931803 0
outer loop
vertex 207.8724718083933 -144.3592582336908 5.25
vertex 208.2037001790698 -144.36070448790474 5.25
vertex 208.20370017906973 -144.3607044879047 1.5
endloop
endfacet
facet normal 0.00436629394044985 0.9999904676931803 0
outer loop
vertex 207.8724718083933 -144.3592582336908 5.25
vertex 208.20370017906973 -144.3607044879047 1.5
vertex 207.87247180839364 -144.35925823369078 1.5
endloop
endfacet
facet normal 0.16935180162786895 0.9855556642247028 0
outer loop
vertex 208.2037001790698 -144.36070448790474 5.25
vertex 208.53014728773584 -144.41679914394052 5.25
vertex 208.53014728773576 -144.4167991439405 1.5
endloop
endfacet
facet normal 0.16935180162786895 0.9855556642247028 0
outer loop
vertex 208.2037001790698 -144.36070448790474 5.25
vertex 208.53014728773576 -144.4167991439405 1.5
vertex 208.20370017906973 -144.3607044879047 1.5
endloop
endfacet
facet normal 0.32969222965638856 0.9440884670962776 0
outer loop
vertex 208.53014728773584 -144.41679914394052 5.25
vertex 208.8428591533319 -144.52600360496467 5.25
vertex 208.84285915333197 -144.5260036049647 1.5
endloop
endfacet
facet normal 0.32969222965638856 0.9440884670962776 0
outer loop
vertex 208.53014728773584 -144.41679914394052 5.25
vertex 208.84285915333197 -144.5260036049647 1.5
vertex 208.53014728773576 -144.4167991439405 1.5
endloop
endfacet
facet normal 0.4809896675604043 0.8767262626955643 0
outer loop
vertex 208.8428591533319 -144.52600360496467 5.25
vertex 209.13325853302987 -144.68532254754 5.25
vertex 209.1332585330299 -144.68532254754 1.5
endloop
endfacet
facet normal 0.4809896675604043 0.8767262626955643 0
outer loop
vertex 208.8428591533319 -144.52600360496467 5.25
vertex 209.1332585330299 -144.68532254754 1.5
vertex 208.84285915333197 -144.5260036049647 1.5
endloop
endfacet
facet normal 0.6190942412642623 0.7853167007223439 0
outer loop
vertex 209.13325853302987 -144.68532254754 5.25
vertex 209.39338018383444 -144.89038607909757 5.25
vertex 209.3933801838345 -144.8903860790976 1.5
endloop
endfacet
facet normal 0.6190942412642623 0.7853167007223439 0
outer loop
vertex 209.13325853302987 -144.68532254754 5.25
vertex 209.3933801838345 -144.8903860790976 1.5
vertex 209.1332585330299 -144.68532254754 1.5
endloop
endfacet
facet normal 0.7402179382403926 0.6723670157786908 0
outer loop
vertex 209.39338018383444 -144.89038607909757 5.25
vertex 209.61608933789933 -145.1355695978909 5.25
vertex 209.6160893378992 -145.1355695978907 1.5
endloop
endfacet
facet normal 0.7402179382403926 0.6723670157786908 0
outer loop
vertex 209.39338018383444 -144.89038607909757 5.25
vertex 209.6160893378992 -145.1355695978907 1.5
vertex 209.3933801838345 -144.8903860790976 1.5
endloop
endfacet
facet normal 0.8410385073192386 0.5409752574806238 0
outer loop
vertex 209.61608933789933 -145.1355695978909 5.25
vertex 209.79527739908644 -145.4141480678418 5.25
vertex 209.79527739908644 -145.4141480678418 1.5
endloop
endfacet
facet normal 0.8410385073192386 0.5409752574806238 0
outer loop
vertex 209.61608933789933 -145.1355695978909 5.25
vertex 209.79527739908644 -145.4141480678418 1.5
vertex 209.6160893378992 -145.1355695978907 1.5
endloop
endfacet
facet normal 0.9187905833253011 0.3947453153525107 0
outer loop
vertex 209.79527739908644 -145.4141480678418 5.25
vertex 209.92602949309187 -145.7184804767393 5.25
vertex 209.9260294930919 -145.71848047673942 1.5
endloop
endfacet
facet normal 0.9187905833253011 0.3947453153525107 0
outer loop
vertex 209.79527739908644 -145.4141480678418 5.25
vertex 209.9260294930919 -145.71848047673942 1.5
vertex 209.79527739908644 -145.4141480678418 1.5
endloop
endfacet
facet normal 0 0 -1
outer loop
vertex 210.00475927547527 -146.04021941836433 5.25
vertex 210.0280106054024 -146.3530916 5.25
vertex 210.02930730000003 -146.37054005000056 5.25
endloop
endfacet
facet normal 0 0 -1
outer loop
vertex 210.00475927547527 -146.04021941836433 5.25
vertex 210.02930730000003 -146.37054005000056 5.25
vertex 210.0293073 -146.37054005000016 1.5
endloop
endfacet
facet normal 0 0 -1
outer loop
vertex 210.00475927547527 -146.04021941836433 5.25
vertex 210.0293073 -146.37054005000016 1.5
vertex 210.00475927547527 -146.04021941836427 1.5
endloop
endfacet
facet normal 0.9999619279653481 -0.008725973861061222 0
outer loop
vertex 210.02930730000003 -146.37054005000056 5.25
vertex 209.95186529999972 -155.24508550000002 5.25
vertex 209.95186529999972 -155.24508550000002 1.5
endloop
endfacet
facet normal 0.9999619279653481 -0.008725973861061222 0
outer loop
vertex 210.02930730000003 -146.37054005000056 5.25
vertex 209.95186529999972 -155.24508550000002 1.5
vertex 210.0293073 -146.37054005000016 1.5
endloop
endfacet
facet normal 0.9999619230833847 -0.008726533296738491 0
outer loop
vertex 209.95186529999972 -155.24508550000002 5.25
vertex 209.8078775000003 -171.74445730000002 5.25
vertex 209.8078775000003 -171.74445730000002 1.5
endloop
endfacet
facet normal 0.9999619230833847 -0.008726533296738491 0
outer loop
vertex 209.95186529999972 -155.24508550000002 5.25
vertex 209.8078775000003 -171.74445730000002 1.5
vertex 209.8670464652259 -164.96498689999962 1.5
endloop
endfacet
facet normal 0.9999619230833847 -0.008726533296738491 0
outer loop
vertex 209.95186529999972 -155.24508550000002 5.25
vertex 209.8670464652259 -164.96498689999962 1.5
vertex 209.86949533753054 -164.68435586556416 1.5
endloop
endfacet
facet normal 0.9999619230833847 -0.008726533296738491 0
outer loop
vertex 209.95186529999972 -155.24508550000002 5.25
vertex 209.86949533753054 -164.68435586556416 1.5
vertex 209.87173922805437 -164.42721492862492 1.5
endloop
endfacet
facet normal 0.9999619230833847 -0.008726533296738491 0
outer loop
vertex 209.95186529999972 -155.24508550000002 5.25
vertex 209.87173922805437 -164.42721492862492 1.5
vertex 209.87372439223222 -164.19972300276783 1.5
endloop
endfacet
facet normal 0.9999619230833847 -0.008726533296738491 0
outer loop
vertex 209.95186529999972 -155.24508550000002 5.25
vertex 209.87372439223222 -164.19972300276783 1.5
vertex 209.87540329435177 -164.0073274917271 1.5
endloop
endfacet
facet normal 0.9999619230833847 -0.008726533296738491 0
outer loop
vertex 209.95186529999972 -155.24508550000002 5.25
vertex 209.87540329435177 -164.0073274917271 1.5
vertex 209.87673573229313 -163.8546353986804 1.5
endloop
endfacet
facet normal 0.9999619230833847 -0.008726533296738491 0
outer loop
vertex 209.95186529999972 -155.24508550000002 5.25
vertex 209.87673573229313 -163.8546353986804 1.5
vertex 209.87768980018797 -163.74530300933927 1.5
endloop
endfacet
facet normal 0.9999619230833847 -0.008726533296738491 0
outer loop
vertex 209.95186529999972 -155.24508550000002 5.25
vertex 209.87768980018797 -163.74530300933927 1.5
vertex 209.8782426524211 -163.68194834042532 1.5
endloop
endfacet
facet normal 0.9999619230833847 -0.008726533296738491 0
outer loop
vertex 209.95186529999972 -155.24508550000002 5.25
vertex 209.8782426524211 -163.68194834042532 1.5
vertex 209.8783810506795 -163.66608845000002 1.5
endloop
endfacet
facet normal 0.9999619230833847 -0.008726533296738491 0
outer loop
vertex 209.95186529999972 -155.24508550000002 5.25
vertex 209.8783810506795 -163.66608845000002 1.5
vertex 209.95186529999972 -155.24508550000002 1.5
endloop
endfacet
facet normal 0 0 1
outer loop
vertex 209.8078775000003 -171.74445730000002 5.25
vertex 209.8078857056764 -171.7445748429617 5.25
vertex 209.8106093267533 -171.78358960197295 5.25
endloop
endfacet
facet normal 0 0 1
outer loop
vertex 209.8078775000003 -171.74445730000002 5.25
vertex 209.8106093267533 -171.78358960197295 5.25
vertex 209.81060932675328 -171.78358960197295 1.5
endloop
endfacet
facet normal 0 0 1
outer loop
vertex 209.8078775000003 -171.74445730000002 5.25
vertex 209.81060932675328 -171.78358960197295 1.5
vertex 209.80788570567637 -171.74457484296147 1.5
endloop
endfacet
facet normal 0 0 1
outer loop
vertex 209.8078775000003 -171.74445730000002 5.25
vertex 209.80788570567637 -171.74457484296147 1.5
vertex 209.8078775000003 -171.74445730000002 1.5
endloop
endfacet
facet normal 0.9743745065175845 0.224931814220696 0
outer loop
vertex 209.8106093267533 -171.78358960197295 5.25
vertex 209.81943372639367 -171.8218157198508 5.25
vertex 209.81943372639358 -171.82181571985055 1.5
endloop
endfacet
facet normal 0.9743745065175845 0.224931814220696 0
outer loop
vertex 209.8106093267533 -171.78358960197295 5.25
vertex 209.81943372639358 -171.82181571985055 1.5
vertex 209.81060932675328 -171.78358960197295 1.5
endloop
endfacet
facet normal 0.9271884030958458 0.3745953352146494 0
outer loop
vertex 209.81943372639367 -171.8218157198508 5.25
vertex 209.83412964192155 -171.8581906588033 5.25
vertex 209.83412964192158 -171.85819065880335 1.5
endloop
endfacet
facet normal 0.9271884030958458 0.3745953352146494 0
outer loop
vertex 209.81943372639367 -171.8218157198508 5.25
vertex 209.83412964192158 -171.85819065880335 1.5
vertex 209.81943372639358 -171.82181571985055 1.5
endloop
endfacet
facet normal 0.8571696381894454 0.515034184657849 0
outer loop
vertex 209.83412964192155 -171.8581906588033 5.25
vertex 209.85433517616124 -171.89181866057405 5.25
vertex 209.85433517616121 -171.89181866057402 1.5
endloop
endfacet
facet normal 0.8571696381894454 0.515034184657849 0
outer loop
vertex 209.83412964192155 -171.8581906588033 5.25
vertex 209.85433517616121 -171.89181866057402 1.5
vertex 209.83412964192158 -171.85819065880335 1.5
endloop
endfacet
facet normal 0.7660424727475252 0.642789957876488 0
outer loop
vertex 209.85433517616124 -171.89181866057405 5.25
vertex 209.87955275373125 -171.92187161215134 5.25
vertex 209.8795527537311 -171.92187161215116 1.5
endloop
endfacet
facet normal 0.7660424727475252 0.642789957876488 0
outer loop
vertex 209.85433517616124 -171.89181866057405 5.25
vertex 209.8795527537311 -171.92187161215116 1.5
vertex 209.85433517616121 -171.89181866057402 1.5
endloop
endfacet
facet normal 0.6560509768148084 0.7547165797969034 0
outer loop
vertex 209.87955275373125 -171.92187161215134 5.25
vertex 209.909161374185 -171.94760943862926 5.25
vertex 209.90916137418526 -171.94760943862946 1.5
endloop
endfacet
facet normal 0.6560509768148084 0.7547165797969034 0
outer loop
vertex 209.87955275373125 -171.92187161215134 5.25
vertex 209.90916137418526 -171.94760943862946 1.5
vertex 209.8795527537311 -171.92187161215116 1.5
endloop
endfacet
facet normal 0.529903767738059 0.8480577792444388 0
outer loop
vertex 209.909161374185 -171.94760943862926 5.25
vertex 209.94243190458167 -171.96839832806972 5.25
vertex 209.94243190458147 -171.96839832806964 1.5
endloop
endfacet
facet normal 0.529903767738059 0.8480577792444388 0
outer loop
vertex 209.909161374185 -171.94760943862926 5.25
vertex 209.94243190458147 -171.96839832806964 1.5
vertex 209.90916137418526 -171.94760943862946 1.5
endloop
endfacet
facet normal 0.39070730857534247 0.9205149640423084 0
outer loop
vertex 209.94243190458167 -171.96839832806972 5.25
vertex 209.97854503489052 -171.9837263395615 5.25
vertex 209.9785450348906 -171.98372633956154 1.5
endloop
endfacet
facet normal 0.39070730857534247 0.9205149640423084 0
outer loop
vertex 209.94243190458167 -171.96839832806972 5.25
vertex 209.9785450348906 -171.98372633956154 1.5
vertex 209.94243190458147 -171.96839832806964 1.5
endloop
endfacet
facet normal 0.24188940927607008 0.9703038254485415 0
outer loop
vertex 209.97854503489052 -171.9837263395615 5.25
vertex 210.01661145407587 -171.993216010125 5.25
vertex 210.01661145407567 -171.99321601012497 1.5
endloop
endfacet
facet normal 0.24188940927607008 0.9703038254485415 0
outer loop
vertex 209.97854503489052 -171.9837263395615 5.25
vertex 210.01661145407567 -171.99321601012497 1.5
vertex 209.9785450348906 -171.98372633956154 1.5
endloop
endfacet
facet normal 0.0871148144652807 0.9961982780052774 0
outer loop
vertex 210.01661145407587 -171.993216010125 5.25
vertex 210.0556937500002 -171.99663365 5.25
vertex 210.05569375000033 -171.99663365 1.5
endloop
endfacet
facet normal 0.0871148144652807 0.9961982780052774 0
outer loop
vertex 210.01661145407587 -171.993216010125 5.25
vertex 210.05569375000033 -171.99663365 1.5
vertex 210.01661145407567 -171.99321601012497 1.5
endloop
endfacet
facet normal 0.06685657490379528 0.9977625962082028 0
outer loop
vertex 239.50387209999923 -172.25361979999997 5.25
vertex 239.73592947513046 -172.26916915146032 5.25
vertex 239.7359294751305 -172.26916915146035 1.5
endloop
endfacet
facet normal 0.06685657490379528 0.9977625962082028 0
outer loop
vertex 239.50387209999923 -172.25361979999997 5.25
vertex 239.7359294751305 -172.26916915146035 1.5
vertex 239.503872099999 -172.25361979999997 1.5
endloop
endfacet
facet normal 0.18223670284973556 0.9832546893528946 0
outer loop
vertex 239.73592947513046 -172.26916915146032 5.25
vertex 239.9646136575264 -172.31155354265113 5.25
vertex 239.96461365752666 -172.3115535426512 1.5
endloop
endfacet
facet normal 0.18223670284973556 0.9832546893528946 0
outer loop
vertex 239.73592947513046 -172.26916915146032 5.25
vertex 239.96461365752666 -172.3115535426512 1.5
vertex 239.7359294751305 -172.26916915146035 1.5
endloop
endfacet
facet normal 0.29515313242450314 0.955449961232928 0
outer loop
vertex 239.9646136575264 -172.31155354265113 5.25
vertex 240.18683104999988 -172.38019989999998 5.25
vertex 240.18683105000036 -172.38019990000015 1.5
endloop
endfacet
facet normal 0.29515313242450314 0.955449961232928 0
outer loop
vertex 239.9646136575264 -172.31155354265113 5.25
vertex 240.18683105000036 -172.38019990000015 1.5
vertex 239.96461365752666 -172.3115535426512 1.5
endloop
endfacet
facet normal 0.2757436054554603 0.9612312229897776 0
outer loop
vertex 253.76145440000008 -177.45554180000002 5.25
vertex 253.79916234669992 -177.46635889054875 5.25
vertex 253.79916234669966 -177.46635889054866 1.5
endloop
endfacet
facet normal 0.2757436054554603 0.9612312229897776 0
outer loop
vertex 253.76145440000008 -177.45554180000002 5.25
vertex 253.79916234669966 -177.46635889054866 1.5
vertex 253.76145440000045 -177.45554180000013 1.5
endloop
endfacet
facet normal 0.12186305332249966 0.9925469239461264 0
outer loop
vertex 253.79916234669992 -177.46635889054875 5.25
vertex 253.83809974783296 -177.47113955177093 5.25
vertex 253.83809974783316 -177.4711395517709 1.5
endloop
endfacet
facet normal 0.12186305332249966 0.9925469239461264 0
outer loop
vertex 253.79916234669992 -177.46635889054875 5.25
vertex 253.83809974783316 -177.4711395517709 1.5
vertex 253.79916234669966 -177.46635889054866 1.5
endloop
endfacet
facet normal -0.03490677582277613 0.9993905728000734 0
outer loop
vertex 253.83809974783296 -177.47113955177093 5.25
vertex 253.8773056238304 -177.46977016650592 5.25
vertex 253.87730562383052 -177.4697701665059 1.5
endloop
endfacet
facet normal -0.03490677582277613 0.9993905728000734 0
outer loop
vertex 253.83809974783296 -177.47113955177093 5.25
vertex 253.87730562383052 -177.4697701665059 1.5
vertex 253.83809974783316 -177.4711395517709 1.5
endloop
endfacet
facet normal -0.1908170739625917 0.9816256130951122 0
outer loop
vertex 253.8773056238304 -177.46977016650592 5.25
vertex 253.91581458430107 -177.4622844539692 5.25
vertex 253.9158145843013 -177.46228445396912 1.5
endloop
endfacet
facet normal -0.1908170739625917 0.9816256130951122 0
outer loop
vertex 253.8773056238304 -177.46977016650592 5.25
vertex 253.9158145843013 -177.46228445396912 1.5
vertex 253.87730562383052 -177.4697701665059 1.5
endloop
endfacet
facet normal -0.3420287659666311 0.9396894823564556 0
outer loop
vertex 253.91581458430107 -177.4622844539692 5.25
vertex 253.95267839943477 -177.44886673946274 5.25
vertex 253.95267839943466 -177.44886673946277 1.5
endloop
endfacet
facet normal -0.3420287659666311 0.9396894823564556 0
outer loop
vertex 253.91581458430107 -177.4622844539692 5.25
vertex 253.95267839943466 -177.44886673946277 1.5
vertex 253.9158145843013 -177.46228445396912 1.5
endloop
endfacet
facet normal -0.484818473364837 0.8746147997171034 0
outer loop
vertex 253.95267839943477 -177.44886673946274 5.25
vertex 253.98698934884348 -177.42984741562165 5.25
vertex 253.98698934884334 -177.4298474156217 1.5
endloop
endfacet
facet normal -0.484818473364837 0.8746147997171034 0
outer loop
vertex 253.95267839943477 -177.44886673946274 5.25
vertex 253.98698934884334 -177.4298474156217 1.5
vertex 253.95267839943466 -177.44886673946277 1.5
endloop
endfacet
facet normal -0.6156701973988588 0.7880039390985621 0
outer loop
vertex 253.98698934884348 -177.42984741562165 5.25
vertex 254.0179025729248 -177.4056948069505 5.25
vertex 254.01790257292487 -177.40569480695038 1.5
endloop
endfacet
facet normal -0.6156701973988588 0.7880039390985621 0
outer loop
vertex 253.98698934884348 -177.42984741562165 5.25
vertex 254.01790257292487 -177.40569480695038 1.5
vertex 253.98698934884334 -177.4298474156217 1.5
endloop
endfacet
facet normal -0.7313618956116034 0.6819895729755714 0
outer loop
vertex 254.0179025729248 -177.4056948069505 5.25
vertex 254.04465687635462 -177.37700363798317 5.25
vertex 254.04465687635496 -177.37700363798274 1.5
endloop
endfacet
facet normal -0.7313618956116034 0.6819895729755714 0
outer loop
vertex 254.0179025729248 -177.4056948069505 5.25
vertex 254.04465687635496 -177.37700363798274 1.5
vertex 254.01790257292487 -177.40569480695038 1.5
endloop
endfacet
facet normal -0.8290448201831381 0.5591821582700116 0
outer loop
vertex 254.04465687635462 -177.37700363798317 5.25
vertex 254.0665934714695 -177.34448038901414 5.25
vertex 254.06659347146942 -177.34448038901436 1.5
endloop
endfacet
facet normal -0.8290448201831381 0.5591821582700116 0
outer loop
vertex 254.04465687635462 -177.37700363798317 5.25
vertex 254.06659347146942 -177.34448038901436 1.5
vertex 254.04465687635496 -177.37700363798274 1.5
endloop
endfacet
facet normal -0.9063136644017926 0.42260565746165146 0
outer loop
vertex 254.0665934714695 -177.34448038901414 5.25
vertex 254.08317220000032 -177.30892589999914 5.25
vertex 254.08317220000018 -177.3089258999995 1.5
endloop
endfacet
facet normal -0.9063136644017926 0.42260565746165146 0
outer loop
vertex 254.0665934714695 -177.34448038901414 5.25
vertex 254.08317220000018 -177.3089258999995 1.5
vertex 254.06659347146942 -177.34448038901436 1.5
endloop
endfacet
facet normal -0.9067697205497585 0.4216262253395928 0
outer loop
vertex 258.69838380000016 -164.96498689999964 5.25
vertex 258.8288705168378 -164.68435586556384 5.25
vertex 258.82887051683764 -164.68435586556416 1.5
endloop
endfacet
facet normal -0.9067697205497585 0.4216262253395928 0
outer loop
vertex 258.69838380000016 -164.96498689999964 5.25
vertex 258.82887051683764 -164.68435586556416 1.5
vertex 258.69838380000016 -164.96498689999962 1.5
endloop
endfacet
facet normal -0.8308630353542137 0.5564769685099129 0
outer loop
vertex 258.8288705168378 -164.68435586556384 5.25
vertex 259.00109265572087 -164.42721492862492 5.25
vertex 259.00109265572087 -164.42721492862492 1.5
endloop
endfacet
facet normal -0.8308630353542137 0.5564769685099129 0
outer loop
vertex 258.8288705168378 -164.68435586556384 5.25
vertex 259.00109265572087 -164.42721492862492 1.5
vertex 258.82887051683764 -164.68435586556416 1.5
endloop
endfacet
facet normal -0.735062391411586 0.6779994695663708 0
outer loop
vertex 259.00109265572087 -164.42721492862492 5.25
vertex 259.2109243745843 -164.19972300276783 5.25
vertex 259.2109243745843 -164.19972300276783 1.5
endloop
endfacet
facet normal -0.735062391411586 0.6779994695663708 0
outer loop
vertex 259.00109265572087 -164.42721492862492 5.25
vertex 259.2109243745843 -164.19972300276783 1.5
vertex 259.00109265572087 -164.42721492862492 1.5
endloop
endfacet
facet normal -0.6216603244691117 0.7832869467704405 0
outer loop
vertex 259.2109243745843 -164.19972300276783 5.25
vertex 259.45334115185597 -164.0073274917271 5.25
vertex 259.4533411518559 -164.0073274917271 1.5
endloop
endfacet
facet normal -0.6216603244691117 0.7832869467704405 0
outer loop
vertex 259.2109243745843 -164.19972300276783 5.25
vertex 259.4533411518559 -164.0073274917271 1.5
vertex 259.2109243745843 -164.19972300276783 1.5
endloop
endfacet
facet normal -0.49337230163880147 0.8698182407696631 0
outer loop
vertex 259.45334115185597 -164.0073274917271 5.25
vertex 259.72253820104606 -163.85463539868041 5.25
vertex 259.7225382010461 -163.8546353986804 1.5
endloop
endfacet
facet normal -0.49337230163880147 0.8698182407696631 0
outer loop
vertex 259.45334115185597 -164.0073274917271 5.25
vertex 259.7225382010461 -163.8546353986804 1.5
vertex 259.4533411518559 -164.0073274917271 1.5
endloop
endfacet
facet normal -0.35327024141656715 0.9355213180518552 0
outer loop
vertex 259.72253820104606 -163.85463539868041 5.25
vertex 260.0120694691541 -163.7453030093393 5.25
vertex 260.01206946915414 -163.74530300933927 1.5
endloop
endfacet
facet normal -0.35327024141656715 0.9355213180518552 0
outer loop
vertex 259.72253820104606 -163.85463539868041 5.25
vertex 260.01206946915414 -163.74530300933927 1.5
vertex 259.7225382010461 -163.8546353986804 1.5
endloop
endfacet
facet normal 0 0 -1
outer loop
vertex 260.0120694691541 -163.7453030093393 5.25
vertex 260.13834361821324 -163.71889430000002 5.25
vertex 260.3150019905152 -163.6819483404253 5.25
endloop
endfacet
facet normal 0 0 -1
outer loop
vertex 260.0120694691541 -163.7453030093393 5.25
vertex 260.3150019905152 -163.6819483404253 5.25
vertex 260.315001990515 -163.68194834042532 1.5
endloop
endfacet
facet normal 0 0 -1
outer loop
vertex 260.0120694691541 -163.7453030093393 5.25
vertex 260.315001990515 -163.68194834042532 1.5
vertex 260.01206946915414 -163.74530300933927 1.5
endloop
endfacet
facet normal -0.05124581428378856 0.9986860700532434 0
outer loop
vertex 260.3150019905152 -163.6819483404253 5.25
vertex 260.62408189999974 -163.66608845000005 5.25
vertex 260.6240819000003 -163.66608845000002 1.5
endloop
endfacet
facet normal -0.05124581428378856 0.9986860700532434 0
outer loop
vertex 260.3150019905152 -163.6819483404253 5.25
vertex 260.6240819000003 -163.66608845000002 1.5
vertex 260.315001990515 -163.68194834042532 1.5
endloop
endfacet
facet normal -0.05226343968831768 0.998633332546008 0
outer loop
vertex 262.6407136000003 -163.71889430000002 5.25
vertex 262.6798886964508 -163.7168440727305 5.25
vertex 262.67988869645103 -163.71684407273045 1.5
endloop
endfacet
facet normal -0.05226343968831768 0.998633332546008 0
outer loop
vertex 262.6407136000003 -163.71889430000002 5.25
vertex 262.67988869645103 -163.71684407273045 1.5
vertex 262.6407136000001 -163.7188943 1.5
endloop
endfacet
facet normal -0.2079136264475781 0.978147189300985 0
outer loop
vertex 262.6798886964508 -163.7168440727305 5.25
vertex 262.71826205199807 -163.7086874848488 5.25
vertex 262.71826205199824 -163.70868748484875 1.5
endloop
endfacet
facet normal -0.2079136264475781 0.978147189300985 0
outer loop
vertex 262.6798886964508 -163.7168440727305 5.25
vertex 262.71826205199824 -163.70868748484875 1.5
vertex 262.67988869645103 -163.71684407273045 1.5
endloop
endfacet
facet normal -0.3583739465532849 0.9335781244394189 0
outer loop
vertex 262.71826205199807 -163.7086874848488 5.25
vertex 262.75488693390946 -163.6946282399618 5.25
vertex 262.7548869339097 -163.69462823996173 1.5
endloop
endfacet
facet normal -0.3583739465532849 0.9335781244394189 0
outer loop
vertex 262.71826205199807 -163.7086874848488 5.25
vertex 262.7548869339097 -163.69462823996173 1.5
vertex 262.71826205199824 -163.70868748484875 1.5
endloop
endfacet
facet normal -0.5000094123447251 0.8660199694964792 0
outer loop
vertex 262.75488693390946 -163.6946282399618 5.25
vertex 262.7888614651092 -163.67501254288987 5.25
vertex 262.7888614651086 -163.6750125428903 1.5
endloop
endfacet
facet normal -0.5000094123447251 0.8660199694964792 0
outer loop
vertex 262.75488693390946 -163.6946282399618 5.25
vertex 262.7888614651086 -163.6750125428903 1.5
vertex 262.7548869339097 -163.69462823996173 1.5
endloop
endfacet
facet normal -0.6293322916250138 0.777136324410337 1.4274491236591068e-14
outer loop
vertex 262.7888614651092 -163.67501254288987 5.25
vertex 262.81934903263556 -163.65032342447557 5.25
vertex 262.81934903263607 -163.6503234244751 1.5
endloop
endfacet
facet normal -0.6293322916250138 0.777136324410337 1.4274491236591068e-14
outer loop
vertex 262.7888614651092 -163.67501254288987 5.25
vertex 262.81934903263607 -163.6503234244751 1.5
vertex 262.79988145699485 -163.66608845000002 1.5
endloop
endfacet
facet normal -0.6293322916250138 0.777136324410337 1.4274491236591068e-14
outer loop
vertex 262.7888614651092 -163.67501254288987 5.25
vertex 262.79988145699485 -163.66608845000002 1.5
vertex 262.7888614651086 -163.6750125428903 1.5
endloop
endfacet
facet normal -0.7431580460635601 0.669115923118701 0
outer loop
vertex 262.81934903263556 -163.65032342447557 5.25
vertex 262.84559888899815 -163.62116884708493 5.25
vertex 262.8455988889981 -163.62116884708504 1.5
endloop
endfacet
facet normal -0.7431580460635601 0.669115923118701 0
outer loop
vertex 262.81934903263556 -163.65032342447557 5.25
vertex 262.8455988889981 -163.62116884708504 1.5
vertex 262.81934903263607 -163.6503234244751 1.5
endloop
endfacet
facet normal -0.8386837495297511 0.544618736617386 0
outer loop
vertex 262.84559888899815 -163.62116884708493 5.25
vertex 262.86696463910823 -163.58826673371814 5.25
vertex 262.86696463910823 -163.58826673371826 1.5
endloop
endfacet
facet normal -0.8386837495297511 0.544618736617386 0
outer loop
vertex 262.84559888899815 -163.62116884708493 5.25
vertex 262.86696463910823 -163.58826673371826 1.5
vertex 262.8455988889981 -163.62116884708504 1.5
endloop
endfacet
facet normal -0.9135571093261822 0.4067104719571283 0
outer loop
vertex 262.86696463910823 -163.58826673371814 5.25
vertex 262.8829201575781 -163.55242728935627 5.25
vertex 262.88292015757816 -163.55242728935616 1.5
endloop
endfacet
facet normal -0.9135571093261822 0.4067104719571283 0
outer loop
vertex 262.86696463910823 -163.58826673371814 5.25
vertex 262.88292015757816 -163.55242728935616 1.5
vertex 262.86696463910823 -163.58826673371826 1.5
endloop
endfacet
facet normal -0.9659343907223937 0.2587870800866194 0
outer loop
vertex 262.8829201575781 -163.55242728935627 5.25
vertex 262.8930725444008 -163.5145330499039 5.25
vertex 262.8930725444008 -163.5145330499041 1.5
endloop
endfacet
facet normal -0.9659343907223937 0.2587870800866194 0
outer loop
vertex 262.8829201575781 -163.55242728935627 5.25
vertex 262.8930725444008 -163.5145330499041 1.5
vertex 262.88292015757816 -163.55242728935616 1.5
endloop
endfacet
facet normal -0.9945258183812005 0.10449113155289051 0
outer loop
vertex 262.8930725444008 -163.5145330499039 5.25
vertex 262.89717179999997 -163.4755171500001 5.25
vertex 262.8971717999999 -163.4755171500007 1.5
endloop
endfacet
facet normal -0.9945258183812005 0.10449113155289051 0
outer loop
vertex 262.8930725444008 -163.5145330499039 5.25
vertex 262.8971717999999 -163.4755171500007 1.5
vertex 262.8930725444008 -163.5145330499041 1.5
endloop
endfacet
facet normal -0.9981289947286662 -0.06114335517406751 0
outer loop
vertex 264.637939188771 -96.99831209970701 5.25
vertex 264.6352746668635 -96.95481536052091 5.25
vertex 264.63527466686344 -96.95481536052087 1.5
endloop
endfacet
facet normal -0.9981289947286662 -0.06114335517406751 0
outer loop
vertex 264.637939188771 -96.99831209970701 5.25
vertex 264.63527466686344 -96.95481536052087 1.5
vertex 264.63793919212816 -96.99831197149818 1.5
endloop
endfacet
facet normal -0.9723728043619441 -0.23343335095330484 0
outer loop
vertex 264.6352746668635 -96.95481536052091 5.25
vertex 264.6251023542679 -96.91244232305618 5.25
vertex 264.6251023542678 -96.91244232305611 1.5
endloop
endfacet
facet normal -0.9723728043619441 -0.23343335095330484 0
outer loop
vertex 264.6352746668635 -96.95481536052091 5.25
vertex 264.6251023542678 -96.91244232305611 1.5
vertex 264.63527466686344 -96.95481536052087 1.5
endloop
endfacet
facet normal -0.9170664816553484 -0.39873433288880494 0
outer loop
vertex 264.6251023542679 -96.91244232305618 5.25
vertex 264.6077267296616 -96.87247936624532 5.25
vertex 264.6077267296614 -96.87247936624497 1.5
endloop
endfacet
facet normal -0.9170664816553484 -0.39873433288880494 0
outer loop
vertex 264.6251023542679 -96.91244232305618 5.25
vertex 264.6077267296614 -96.87247936624497 1.5
vertex 264.6251023542678 -96.91244232305611 1.5
endloop
endfacet
facet normal -0.8338967409899289 -0.5519204882647277 0
outer loop
vertex 264.6077267296616 -96.87247936624532 5.25
vertex 264.58367572019046 -96.83614069275535 5.25
vertex 264.58367572019057 -96.83614069275541 1.5
endloop
endfacet
facet normal -0.8338967409899289 -0.5519204882647277 0
outer loop
vertex 264.6077267296616 -96.87247936624532 5.25
vertex 264.58367572019057 -96.83614069275541 1.5
vertex 264.6077267296614 -96.87247936624497 1.5
endloop
endfacet
facet normal -0.7253905455619715 -0.6883375308737025 0
outer loop
vertex 264.58367572019046 -96.83614069275535 5.25
vertex 264.5536800725815 -96.80453038791563 5.25
vertex 264.5536800725818 -96.80453038791588 1.5
endloop
endfacet
facet normal -0.7253905455619715 -0.6883375308737025 0
outer loop
vertex 264.58367572019046 -96.83614069275535 5.25
vertex 264.5536800725818 -96.80453038791588 1.5
vertex 264.58367572019057 -96.83614069275541 1.5
endloop
endfacet
facet normal -0.5948446612364795 -0.8038406738890849 0
outer loop
vertex 264.5536800725815 -96.80453038791563 5.25
vertex 264.5186511507138 -96.77860887406504 5.25
vertex 264.5186511507137 -96.77860887406499 1.5
endloop
endfacet
facet normal -0.5948446612364795 -0.8038406738890849 0
outer loop
vertex 264.5536800725815 -96.80453038791563 5.25
vertex 264.5186511507137 -96.77860887406499 1.5
vertex 264.5536800725818 -96.80453038791588 1.5
endloop
endfacet
facet normal -0.4462254902431192 -0.8949205617580189 0
outer loop
vertex 264.5186511507138 -96.77860887406504 5.25
vertex 264.4796532454645 -96.7591637298456 5.25
vertex 264.4796532454645 -96.7591637298456 1.5
endloop
endfacet
facet normal -0.4462254902431192 -0.8949205617580189 0
outer loop
vertex 264.5186511507138 -96.77860887406504 5.25
vertex 264.4796532454645 -96.7591637298456 1.5
vertex 264.5186511507137 -96.77860887406499 1.5
endloop
endfacet
facet normal -0.28404855916860694 -0.9588098956697508 0
outer loop
vertex 264.4796532454645 -96.7591637298456 5.25
vertex 264.437871238143 -96.74678576104027 5.25
vertex 264.43787123814303 -96.74678576104027 1.5
endloop
endfacet
facet normal -0.28404855916860694 -0.9588098956697508 0
outer loop
vertex 264.4796532454645 -96.7591637298456 5.25
vertex 264.43787123814303 -96.74678576104027 1.5
vertex 264.4796532454645 -96.7591637298456 1.5
endloop
endfacet
facet normal -0.11324132278519981 -0.9935675129621834 0
outer loop
vertex 264.437871238143 -96.74678576104027 5.25
vertex 264.39457460000006 -96.74185105000001 5.25
vertex 264.39457460000006 -96.74185105000001 1.5
endloop
endfacet
facet normal -0.11324132278519981 -0.9935675129621834 0
outer loop
vertex 264.437871238143 -96.74678576104027 5.25
vertex 264.39457460000006 -96.74185105000001 1.5
vertex 264.43787123814303 -96.74678576104027 1.5
endloop
endfacet
facet normal -0.10982801665355162 -0.9939506057938429 0
outer loop
vertex 219.1237756 -95.5563962 5.25
vertex 218.79070268818418 -95.51959282456814 5.25
vertex 218.79070268818407 -95.51959282456812 1.5
endloop
endfacet
facet normal -0.10982801665355162 -0.9939506057938429 0
outer loop
vertex 219.1237756 -95.5563962 5.25
vertex 218.79070268818407 -95.51959282456812 1.5
vertex 219.1237756000001 -95.5563962 1.5
endloop
endfacet
facet normal -0.2742425043179571 -0.9616605684052015 0
outer loop
vertex 218.79070268818418 -95.51959282456814 5.25
vertex 218.46845264565124 -95.42769484976881 5.25
vertex 218.4684526456513 -95.42769484976883 1.5
endloop
endfacet
facet normal -0.2742425043179571 -0.9616605684052015 0
outer loop
vertex 218.79070268818418 -95.51959282456814 5.25
vertex 218.4684526456513 -95.42769484976883 1.5
vertex 218.79070268818407 -95.51959282456812 1.5
endloop
endfacet
facet normal -0.43095178306989995 -0.90237495569684 0
outer loop
vertex 218.46845264565124 -95.42769484976881 5.25
vertex 218.16606906311958 -95.28328398902805 5.25
vertex 218.16606906311958 -95.28328398902804 1.5
endloop
endfacet
facet normal -0.43095178306989995 -0.90237495569684 0
outer loop
vertex 218.46845264565124 -95.42769484976881 5.25
vertex 218.16606906311958 -95.28328398902804 1.5
vertex 218.4684526456513 -95.42769484976883 1.5
endloop
endfacet
facet normal -0.5755631325875613 -0.8177573481210629 0
outer loop
vertex 218.16606906311958 -95.28328398902805 5.25
vertex 217.89204062848108 -95.09041422806413 5.25
vertex 217.89204062848097 -95.09041422806403 1.5
endloop
endfacet
facet normal -0.5755631325875613 -0.8177573481210629 0
outer loop
vertex 218.16606906311958 -95.28328398902805 5.25
vertex 217.89204062848097 -95.09041422806403 1.5
vertex 218.16606906311958 -95.28328398902804 1.5
endloop
endfacet
facet normal -0.7040169389148104 -0.7101831803985647 0
outer loop
vertex 217.89204062848108 -95.09041422806413 5.25
vertex 217.6540600274162 -94.85449991904207 5.25
vertex 217.65406002741616 -94.85449991904206 1.5
endloop
endfacet
facet normal -0.7040169389148104 -0.7101831803985647 0
outer loop
vertex 217.89204062848108 -95.09041422806413 5.25
vertex 217.65406002741616 -94.85449991904206 1.5
vertex 217.89204062848097 -95.09041422806403 1.5
endloop
endfacet
facet normal -0.8127071720505092 -0.5826723371652922 0
outer loop
vertex 217.6540600274162 -94.85449991904207 5.25
vertex 217.45880798984362 -94.58216378572793 5.25
vertex 217.4588079898436 -94.58216378572793 1.5
endloop
endfacet
facet normal -0.8127071720505092 -0.5826723371652922 0
outer loop
vertex 217.6540600274162 -94.85449991904207 5.25
vertex 217.4588079898436 -94.58216378572793 1.5
vertex 217.65406002741616 -94.85449991904206 1.5
endloop
endfacet
facet normal -0.8985826165209555 -0.4388043770136681 0
outer loop
vertex 217.45880798984362 -94.58216378572793 5.25
vertex 217.31176574458377 -94.28105100653474 5.25
vertex 217.31176574458374 -94.28105100653468 1.5
endloop
endfacet
facet normal -0.8985826165209555 -0.4388043770136681 0
outer loop
vertex 217.45880798984362 -94.58216378572793 5.25
vertex 217.31176574458374 -94.28105100653468 1.5
vertex 217.4588079898436 -94.58216378572793 1.5
endloop
endfacet
facet normal -0.959232526876123 -0.28261804504109067 0
outer loop
vertex 217.31176574458377 -94.28105100653474 5.25
vertex 217.21706114711222 -93.95961459462332 5.25
vertex 217.2170611471122 -93.95961459462328 1.5
endloop
endfacet
facet normal -0.959232526876123 -0.28261804504109067 0
outer loop
vertex 217.31176574458377 -94.28105100653474 5.25
vertex 217.2170611471122 -93.95961459462328 1.5
vertex 217.31176574458374 -94.28105100653468 1.5
endloop
endfacet
facet normal -0.9929543035391533 -0.11849789484659815 0
outer loop
vertex 217.21706114711222 -93.95961459462332 5.25
vertex 217.17735280000002 -93.62687810000052 5.25
vertex 217.1773528 -93.62687810000011 1.5
endloop
endfacet
facet normal -0.9929543035391533 -0.11849789484659815 0
outer loop
vertex 217.21706114711222 -93.95961459462332 5.25
vertex 217.1773528 -93.62687810000011 1.5
vertex 217.2170611471122 -93.95961459462328 1.5
endloop
endfacet
facet normal -0.9935820647805853 -0.11311357366093934 0
outer loop
vertex 216.96307260000003 -87.49084540000028 5.25
vertex 216.95863489384072 -87.45186488593859 5.25
vertex 216.9586348938407 -87.45186488593843 1.5
endloop
endfacet
facet normal -0.9935820647805853 -0.11311357366093934 0
outer loop
vertex 216.96307260000003 -87.49084540000028 5.25
vertex 216.9586348938407 -87.45186488593843 1.5
vertex 216.96307260000003 -87.49084540000024 1.5
endloop
endfacet
facet normal -0.9636269116181476 -0.2672511463123607 0
outer loop
vertex 216.95863489384072 -87.45186488593859 5.25
vertex 216.94815062054707 -87.41406176316835 5.25
vertex 216.9481506205471 -87.4140617631684 1.5
endloop
endfacet
facet normal -0.9636269116181476 -0.2672511463123607 0
outer loop
vertex 216.95863489384072 -87.45186488593859 5.25
vertex 216.9481506205471 -87.4140617631684 1.5
vertex 216.9586348938407 -87.45186488593843 1.5
endloop
endfacet
facet normal -0.9099549554592214 -0.4147071002951437 0
outer loop
vertex 216.94815062054707 -87.41406176316835 5.25
vertex 216.93188164420658 -87.3783641934119 5.25
vertex 216.93188164420664 -87.37836419341205 1.5
endloop
endfacet
facet normal -0.9099549554592214 -0.4147071002951437 0
outer loop
vertex 216.94815062054707 -87.41406176316835 5.25
vertex 216.93188164420664 -87.37836419341205 1.5
vertex 216.9481506205471 -87.4140617631684 1.5
endloop
endfacet
facet normal -0.8338763255831627 -0.5519513326661357 0
outer loop
vertex 216.93188164420658 -87.3783641934119 5.25
vertex 216.91022857107188 -87.345651191387 5.25
vertex 216.91022857107183 -87.34565119138698 1.5
endloop
endfacet
facet normal -0.8338763255831627 -0.5519513326661357 0
outer loop
vertex 216.93188164420658 -87.3783641934119 5.25
vertex 216.91022857107183 -87.34565119138698 1.5
vertex 216.93188164420664 -87.37836419341205 1.5
endloop
endfacet
facet normal -0.7372643773976715 -0.6756043500603174 0
outer loop
vertex 216.91022857107188 -87.345651191387 5.25
vertex 216.88372458505657 -87.31672828000198 5.25
vertex 216.88372458505654 -87.31672828000197 1.5
endloop
endfacet
facet normal -0.7372643773976715 -0.6756043500603174 0
outer loop
vertex 216.91022857107188 -87.345651191387 5.25
vertex 216.88372458505654 -87.31672828000197 1.5
vertex 216.91022857107183 -87.34565119138698 1.5
endloop
endfacet
facet normal -0.6224980774523416 -0.7826213283371075 0
outer loop
vertex 216.88372458505657 -87.31672828000198 5.25
vertex 216.85302231864927 -87.29230765521199 5.25
vertex 216.85302231864924 -87.29230765521196 1.5
endloop
endfacet
facet normal -0.6224980774523416 -0.7826213283371075 0
outer loop
vertex 216.88372458505657 -87.31672828000198 5.25
vertex 216.85302231864924 -87.29230765521196 1.5
vertex 216.88372458505654 -87.31672828000197 1.5
endloop
endfacet
facet normal -0.49240342391373576 -0.8703670881404179 0
outer loop
vertex 216.85302231864927 -87.29230765521199 5.25
vertex 216.81887778253127 -87.27299064894927 5.25
vertex 216.81887778253122 -87.27299064894925 1.5
endloop
endfacet
facet normal -0.49240342391373576 -0.8703670881404179 0
outer loop
vertex 216.85302231864927 -87.29230765521199 5.25
vertex 216.81887778253122 -87.27299064894925 1.5
vertex 216.85302231864924 -87.29230765521196 1.5
endloop
endfacet
facet normal -0.3501838593657869 -0.9366809833874514 0
outer loop
vertex 216.81887778253127 -87.27299064894927 5.25
vertex 216.78213174961675 -87.25925292196366 5.25
vertex 216.78213174961684 -87.2592529219637 1.5
endloop
endfacet
facet normal -0.3501838593657869 -0.9366809833874514 0
outer loop
vertex 216.81887778253127 -87.27299064894927 5.25
vertex 216.78213174961684 -87.2592529219637 1.5
vertex 216.81887778253122 -87.27299064894925 1.5
endloop
endfacet
facet normal -0.19934138944258717 -0.9799301048825364 0
outer loop
vertex 216.78213174961675 -87.25925292196366 5.25
vertex 216.74368905191443 -87.25143275118238 5.25
vertex 216.7436890519144 -87.25143275118238 1.5
endloop
endfacet
facet normal -0.19934138944258717 -0.9799301048825364 0
outer loop
vertex 216.78213174961675 -87.25925292196366 5.25
vertex 216.7436890519144 -87.25143275118238 1.5
vertex 216.78213174961684 -87.2592529219637 1.5
endloop
endfacet
facet normal -0.04359034965497698 -0.999049488972872 0
outer loop
vertex 216.74368905191443 -87.25143275118238 5.25
vertex 216.70449629999987 -87.24972269999998 5.25
vertex 216.70449630000024 -87.24972269999999 1.5
endloop
endfacet
facet normal -0.04359034965497698 -0.999049488972872 0
outer loop
vertex 216.74368905191443 -87.25143275118238 5.25
vertex 216.70449630000024 -87.24972269999999 1.5
vertex 216.7436890519144 -87.25143275118238 1.5
endloop
endfacet
facet normal -0.05039325616002086 -0.998729452721602 0
outer loop
vertex 195.60271299999977 -87.9866133 5.25
vertex 195.26224962499546 -87.96943441534516 5.25
vertex 195.26224962499552 -87.96943441534518 1.5
endloop
endfacet
facet normal -0.05039325616002086 -0.998729452721602 0
outer loop
vertex 195.60271299999977 -87.9866133 5.25
vertex 195.26224962499552 -87.96943441534518 1.5
vertex 195.60271299999982 -87.98661330000002 1.5
endloop
endfacet
facet normal -0.21928272129556003 -0.9756613593564181 -5.731945449327355e-15
outer loop
vertex 195.26224962499546 -87.96943441534516 5.25
vertex 194.92965137919077 -87.89468199460126 5.25
vertex 194.92965137919074 -87.89468199460123 1.5
endloop
endfacet
facet normal -0.21928272129556003 -0.9756613593564181 -5.731945449327355e-15
outer loop
vertex 195.26224962499546 -87.96943441534516 5.25
vertex 194.92965137919074 -87.89468199460123 1.5
vertex 194.96045660203433 -87.90160555781348 1.5
endloop
endfacet
facet normal -0.21928272129556003 -0.9756613593564181 -5.731945449327355e-15
outer loop
vertex 195.26224962499546 -87.96943441534516 5.25
vertex 194.96045660203433 -87.90160555781348 1.5
vertex 195.26224962499552 -87.96943441534518 1.5
endloop
endfacet
facet normal -0.3817914780531952 -0.9242484878461834 0
outer loop
vertex 194.92965137919077 -87.89468199460126 5.25
vertex 194.61457953300447 -87.7645311234554 5.25
vertex 194.61457953300427 -87.76453112345528 1.5
endloop
endfacet
facet normal -0.3817914780531952 -0.9242484878461834 0
outer loop
vertex 194.92965137919077 -87.89468199460126 5.25
vertex 194.61457953300427 -87.76453112345528 1.5
vertex 194.92965137919074 -87.89468199460123 1.5
endloop
endfacet
facet normal -0.5332082839464364 -0.8459839986257994 0
outer loop
vertex 194.61457953300447 -87.7645311234554 5.25
vertex 194.3261876732434 -87.58276299439255 5.25
vertex 194.32618767324337 -87.58276299439255 1.5
endloop
endfacet
facet normal -0.5332082839464364 -0.8459839986257994 0
outer loop
vertex 194.61457953300447 -87.7645311234554 5.25
vertex 194.32618767324337 -87.58276299439255 1.5
vertex 194.61457953300427 -87.76453112345528 1.5
endloop
endfacet
facet normal -0.669134120486006 -0.7431416613280536 2.8171209168580015e-15
outer loop
vertex 194.3261876732434 -87.58276299439255 5.25
vertex 194.07285426962778 -87.35465840405762 5.25
vertex 194.07285426962778 -87.35465840405763 1.5
endloop
endfacet
facet normal -0.669134120486006 -0.7431416613280536 2.8171209168580015e-15
outer loop
vertex 194.3261876732434 -87.58276299439255 5.25
vertex 194.07285426962778 -87.35465840405763 1.5
vertex 194.30174110927183 -87.56075100000002 1.5
endloop
endfacet
facet normal -0.669134120486006 -0.7431416613280536 2.8171209168580015e-15
outer loop
vertex 194.3261876732434 -87.58276299439255 5.25
vertex 194.30174110927183 -87.56075100000002 1.5
vertex 194.32618767324337 -87.58276299439255 1.5
endloop
endfacet
facet normal -0.8792817860847206 -0.47630194274185317 0
outer loop
vertex 193.86193926030884 -87.08684433354706 5.25
vertex 193.69957022815439 -86.78710141884099 5.25
vertex 193.69957022815439 -86.787101418841 1.5
endloop
endfacet
facet normal -0.8792817860847206 -0.47630194274185317 0
outer loop
vertex 193.86193926030884 -87.08684433354706 5.25
vertex 193.69957022815439 -86.787101418841 1.5
vertex 193.86193926030887 -87.08684433354713 1.5
endloop
endfacet
facet normal -0.9473983254370817 -0.32005689019143685 0
outer loop
vertex 193.69957022815439 -86.78710141884099 5.25
vertex 193.5904643798859 -86.46413790481346 5.25
vertex 193.5904643798859 -86.46413790481346 1.5
endloop
endfacet
facet normal -0.9473983254370817 -0.32005689019143685 0
outer loop
vertex 193.69957022815439 -86.78710141884099 5.25
vertex 193.5904643798859 -86.46413790481346 1.5
vertex 193.69957022815439 -86.787101418841 1.5
endloop
endfacet
facet normal -0.9890314503795541 -0.1477050783152551 0
outer loop
vertex 193.2774328 -82.40412110000024 5.25
vertex 193.27163885934434 -82.36532494217363 5.25
vertex 193.27163885934434 -82.36532494217361 1.5
endloop
endfacet
facet normal -0.9890314503795541 -0.1477050783152551 0
outer loop
vertex 193.2774328 -82.40412110000024 5.25
vertex 193.27163885934434 -82.36532494217361 1.5
vertex 193.27743280000004 -82.40412110000028 1.5
endloop
endfacet
facet normal -0.9537242474718529 -0.3006826562744319 0
outer loop
vertex 193.27163885934434 -82.36532494217363 5.25
vertex 193.25984267349716 -82.32790905457462 5.25
vertex 193.25984267349725 -82.32790905457485 1.5
endloop
endfacet
facet normal -0.9537242474718529 -0.3006826562744319 0
outer loop
vertex 193.27163885934434 -82.36532494217363 5.25
vertex 193.25984267349725 -82.32790905457485 1.5
vertex 193.27163885934434 -82.36532494217361 1.5
endloop
endfacet
facet normal -0.8949419666893473 -0.44618255933889145 0
outer loop
vertex 193.25984267349716 -82.32790905457462 5.25
vertex 193.24233833035723 -82.29279927507434 5.25
vertex 193.24233833035717 -82.29279927507429 1.5
endloop
endfacet
facet normal -0.8949419666893473 -0.44618255933889145 0
outer loop
vertex 193.25984267349716 -82.32790905457462 5.25
vertex 193.24233833035717 -82.29279927507429 1.5
vertex 193.25984267349725 -82.32790905457485 1.5
endloop
endfacet
facet normal -0.8141212224097778 -0.580694958839845 0
outer loop
vertex 193.24233833035723 -82.29279927507434 5.25
vertex 193.21955688449714 -82.26086020229693 5.25
vertex 193.2195568844969 -82.26086020229663 1.5
endloop
endfacet
facet normal -0.8141212224097778 -0.580694958839845 0
outer loop
vertex 193.24233833035723 -82.29279927507434 5.25
vertex 193.2195568844969 -82.26086020229663 1.5
vertex 193.24233833035717 -82.29279927507429 1.5
endloop
endfacet
facet normal -0.7132522722012599 -0.7009074091488404 0
outer loop
vertex 193.21955688449714 -82.26086020229693 5.25
vertex 193.1920593421965 -82.23287835438109 5.25
vertex 193.19205934219673 -82.23287835438126 1.5
endloop
endfacet
facet normal -0.7132522722012599 -0.7009074091488404 0
outer loop
vertex 193.21955688449714 -82.26086020229693 5.25
vertex 193.19205934219673 -82.23287835438126 1.5
vertex 193.2195568844969 -82.26086020229663 1.5
endloop
endfacet
facet normal -0.5948190722970862 -0.8038596091555003 0
outer loop
vertex 193.1920593421965 -82.23287835438109 5.25
vertex 193.16052284633733 -82.20954280051471 5.25
vertex 193.16052284633727 -82.20954280051468 1.5
endloop
endfacet
facet normal -0.5948190722970862 -0.8038596091555003 0
outer loop
vertex 193.1920593421965 -82.23287835438109 5.25
vertex 193.16052284633727 -82.20954280051468 1.5
vertex 193.19205934219673 -82.23287835438126 1.5
endloop
endfacet
facet normal -0.4617381087391565 -0.8870163013936029 0
outer loop
vertex 193.16052284633733 -82.20954280051471 5.25
vertex 193.12572400136781 -82.19142819220674 5.25
vertex 193.12572400136776 -82.19142819220671 1.5
endloop
endfacet
facet normal -0.4617381087391565 -0.8870163013936029 0
outer loop
vertex 193.16052284633733 -82.20954280051471 5.25
vertex 193.12572400136776 -82.19142819220671 1.5
vertex 193.16052284633727 -82.20954280051468 1.5
endloop
endfacet
facet normal -0.317286577218523 -0.9483297042257794 0
outer loop
vertex 193.12572400136781 -82.19142819220674 5.25
vertex 193.08851974897107 -82.17898061216329 5.25
vertex 193.0885197489711 -82.17898061216329 1.5
endloop
endfacet
facet normal -0.317286577218523 -0.9483297042257794 0
outer loop
vertex 193.12572400136781 -82.19142819220674 5.25
vertex 193.0885197489711 -82.17898061216329 1.5
vertex 193.12572400136776 -82.19142819220671 1.5
endloop
endfacet
facet normal -0.1650216802385386 -0.9862899396481999 0
outer loop
vertex 193.08851974897107 -82.17898061216329 5.25
vertex 193.04982626537796 -82.1725065892415 5.25
vertex 193.04982626537813 -82.17250658924152 1.5
endloop
endfacet
facet normal -0.1650216802385386 -0.9862899396481999 0
outer loop
vertex 193.08851974897107 -82.17898061216329 5.25
vertex 193.04982626537813 -82.17250658924152 1.5
vertex 193.0885197489711 -82.17898061216329 1.5
endloop
endfacet
facet normal -0.008693028946680672 -0.9999622149100096 0
outer loop
vertex 193.04982626537796 -82.1725065892415 5.25
vertex 193.01059640000028 -82.17216554999999 5.25
vertex 193.01059639999977 -82.17216555000002 1.5
endloop
endfacet
facet normal -0.008693028946680672 -0.9999622149100096 0
outer loop
vertex 193.04982626537796 -82.1725065892415 5.25
vertex 193.01059639999977 -82.17216555000002 1.5
vertex 193.04982626537813 -82.17250658924152 1.5
endloop
endfacet
facet normal 0.14769984817587561 -0.9890322314509388 0
outer loop
vertex 175.55323189999984 -83.39290750000002 5.25
vertex 175.51443534217378 -83.39870129065561 5.25
vertex 175.51443534217375 -83.39870129065562 1.5
endloop
endfacet
facet normal 0.14769984817587561 -0.9890322314509388 0
outer loop
vertex 175.55323189999984 -83.39290750000002 5.25
vertex 175.51443534217375 -83.39870129065562 1.5
vertex 175.5532319 -83.3929075 1.5
endloop
endfacet
facet normal 0.30068265627475976 -0.9537242474717494 0
outer loop
vertex 175.51443534217378 -83.39870129065561 5.25
vertex 175.47701945457496 -83.41049747650274 5.25
vertex 175.4770194545746 -83.41049747650285 1.5
endloop
endfacet
facet normal 0.30068265627475976 -0.9537242474717494 0
outer loop
vertex 175.51443534217378 -83.39870129065561 5.25
vertex 175.4770194545746 -83.41049747650285 1.5
vertex 175.51443534217375 -83.39870129065562 1.5
endloop
endfacet
facet normal 0.44618255933875206 -0.8949419666894167 0
outer loop
vertex 175.47701945457496 -83.41049747650274 5.25
vertex 175.4419096750741 -83.42800181964293 5.25
vertex 175.44190967507436 -83.42800181964276 1.5
endloop
endfacet
facet normal 0.44618255933875206 -0.8949419666894167 0
outer loop
vertex 175.47701945457496 -83.41049747650274 5.25
vertex 175.44190967507436 -83.42800181964276 1.5
vertex 175.4770194545746 -83.41049747650285 1.5
endloop
endfacet
facet normal 0.5806949588397003 -0.8141212224098808 0
outer loop
vertex 175.4419096750741 -83.42800181964293 5.25
vertex 175.40997060229694 -83.45078326550284 5.25
vertex 175.40997060229694 -83.45078326550284 1.5
endloop
endfacet
facet normal 0.5806949588397003 -0.8141212224098808 0
outer loop
vertex 175.4419096750741 -83.42800181964293 5.25
vertex 175.40997060229694 -83.45078326550284 1.5
vertex 175.44190967507436 -83.42800181964276 1.5
endloop
endfacet
facet normal 0.803859609155215 -0.5948190722974718 0
outer loop
vertex 175.38198875438118 -83.47828080780342 5.25
vertex 175.35865320051465 -83.50981730366276 5.25
vertex 175.35865320051454 -83.50981730366289 1.5
endloop
endfacet
facet normal 0.803859609155215 -0.5948190722974718 0
outer loop
vertex 175.38198875438118 -83.47828080780342 5.25
vertex 175.35865320051454 -83.50981730366289 1.5
vertex 175.3819887543811 -83.4782808078035 1.5
endloop
endfacet
facet normal 0.8870163013938995 -0.46173810873858673 0
outer loop
vertex 175.35865320051465 -83.50981730366276 5.25
vertex 175.3405385922068 -83.54461614863213 5.25
vertex 175.34053859220688 -83.54461614863182 1.5
endloop
endfacet
facet normal 0.8870163013938995 -0.46173810873858673 0
outer loop
vertex 175.35865320051465 -83.50981730366276 5.25
vertex 175.34053859220688 -83.54461614863182 1.5
vertex 175.35865320051454 -83.50981730366289 1.5
endloop
endfacet
facet normal 0.9483297042257074 -0.3172865772187382 0
outer loop
vertex 175.3405385922068 -83.54461614863213 5.25
vertex 175.32809101216327 -83.58182040102905 5.25
vertex 175.3280910121632 -83.58182040102913 1.5
endloop
endfacet
facet normal 0.9483297042257074 -0.3172865772187382 0
outer loop
vertex 175.3405385922068 -83.54461614863213 5.25
vertex 175.3280910121632 -83.58182040102913 1.5
vertex 175.34053859220688 -83.54461614863182 1.5
endloop
endfacet
facet normal 0.9862899396481903 -0.16502168023859534 0
outer loop
vertex 175.32809101216327 -83.58182040102905 5.25
vertex 175.3216169892415 -83.620513884622 5.25
vertex 175.3216169892415 -83.62051388462167 1.5
endloop
endfacet
facet normal 0.9862899396481903 -0.16502168023859534 0
outer loop
vertex 175.32809101216327 -83.58182040102905 5.25
vertex 175.3216169892415 -83.62051388462167 1.5
vertex 175.3280910121632 -83.58182040102913 1.5
endloop
endfacet
facet normal 0.9999622149100096 -0.00869302894668067 0
outer loop
vertex 175.3216169892415 -83.620513884622 5.25
vertex 175.32127595 -83.6597437499999 5.25
vertex 175.32127595 -83.65974374999972 1.5
endloop
endfacet
facet normal 0.9999622149100096 -0.00869302894668067 0
outer loop
vertex 175.3216169892415 -83.620513884622 5.25
vertex 175.32127595 -83.65974374999972 1.5
vertex 175.3216169892415 -83.62051388462167 1.5
endloop
endfacet
facet normal 0 0 -1
outer loop
vertex 175.5940654 -87.56075099999978 5.25
vertex 175.59190187263582 -87.700264 5.25
vertex 175.5887795258303 -87.90160555781321 5.25
endloop
endfacet
facet normal 0 0 -1
outer loop
vertex 175.5940654 -87.56075099999978 5.25
vertex 175.5887795258303 -87.90160555781321 5.25
vertex 175.5887795258303 -87.90160555781348 1.5
endloop
endfacet
facet normal 0 0 -1
outer loop
vertex 175.5940654 -87.56075099999978 5.25
vertex 175.5887795258303 -87.90160555781348 1.5
vertex 175.5888868944516 -87.89468199460123 1.5
endloop
endfacet
facet normal 0 0 -1
outer loop
vertex 175.5940654 -87.56075099999978 5.25
vertex 175.5888868944516 -87.89468199460123 1.5
vertex 175.59090523662186 -87.76453112345528 1.5
endloop
endfacet
facet normal 0 0 -1
outer loop
vertex 175.5940654 -87.56075099999978 5.25
vertex 175.59090523662186 -87.76453112345528 1.5
vertex 175.5937240443399 -87.58276299439255 1.5
endloop
endfacet
facet normal 0 0 -1
outer loop
vertex 175.5940654 -87.56075099999978 5.25
vertex 175.5937240443399 -87.58276299439255 1.5
vertex 175.5940654 -87.56075100000002 1.5
endloop
endfacet
facet normal 0.9827206864448774 -0.1850947120619845 1.0853214456339964e-14
outer loop
vertex 175.5887795258303 -87.90160555781321 5.25
vertex 175.52568146463952 -88.23661118447839 5.25
vertex 175.52568146463963 -88.23661118447801 1.5
endloop
endfacet
facet normal 0.9827206864448774 -0.1850947120619845 1.0853214456339964e-14
outer loop
vertex 175.5887795258303 -87.90160555781321 5.25
vertex 175.52568146463963 -88.23661118447801 1.5
vertex 175.57276838066963 -87.98661330000002 1.5
endloop
endfacet
facet normal 0.9827206864448774 -0.1850947120619845 1.0853214456339964e-14
outer loop
vertex 175.5887795258303 -87.90160555781321 5.25
vertex 175.57276838066963 -87.98661330000002 1.5
vertex 175.57600401084673 -87.96943441534518 1.5
endloop
endfacet
facet normal 0.9827206864448774 -0.1850947120619845 1.0853214456339964e-14
outer loop
vertex 175.5887795258303 -87.90160555781321 5.25
vertex 175.57600401084673 -87.96943441534518 1.5
vertex 175.5887795258303 -87.90160555781348 1.5
endloop
endfacet
facet normal 0.9370111740746272 -0.3492993839950033 0
outer loop
vertex 175.52568146463952 -88.23661118447839 5.25
vertex 175.40660667498386 -88.55603461770015 5.25
vertex 175.40660667498383 -88.5560346177002 1.5
endloop
endfacet
facet normal 0.9370111740746272 -0.3492993839950033 0
outer loop
vertex 175.52568146463952 -88.23661118447839 5.25
vertex 175.40660667498383 -88.5560346177002 1.5
vertex 175.52568146463963 -88.23661118447801 1.5
endloop
endfacet
facet normal 0.7660433640736187 -0.6427888956405308 0
outer loop
vertex 175.23501458121476 -88.85059579738791 5.25
vertex 175.0158903684375 -89.11173697491029 5.25
vertex 175.01589036843757 -89.11173697491023 1.5
endloop
endfacet
facet normal 0.7660433640736187 -0.6427888956405308 0
outer loop
vertex 175.23501458121476 -88.85059579738791 5.25
vertex 175.01589036843757 -89.11173697491023 1.5
vertex 175.23501458121473 -88.85059579738797 1.5
endloop
endfacet
facet normal 0.6457521145225995 -0.7635471213943457 0
outer loop
vertex 175.0158903684375 -89.11173697491029 5.25
vertex 174.7556001502515 -89.33187133737924 5.25
vertex 174.75560015025147 -89.33187133737927 1.5
endloop
endfacet
facet normal 0.6457521145225995 -0.7635471213943457 0
outer loop
vertex 175.0158903684375 -89.11173697491029 5.25
vertex 174.75560015025147 -89.33187133737927 1.5
vertex 175.01589036843757 -89.11173697491023 1.5
endloop
endfacet
facet normal 0.5067001298343138 -0.8621223685915415 0
outer loop
vertex 174.7556001502515 -89.33187133737924 5.25
vertex 174.46170601701974 -89.50460342378754 5.25
vertex 174.46170601701968 -89.50460342378759 1.5
endloop
endfacet
facet normal 0.5067001298343138 -0.8621223685915415 0
outer loop
vertex 174.7556001502515 -89.33187133737924 5.25
vertex 174.46170601701968 -89.50460342378759 1.5
vertex 174.75560015025147 -89.33187133737927 1.5
endloop
endfacet
facet normal 0.3529272224945698 -0.9356507765305752 0
outer loop
vertex 174.46170601701974 -89.50460342378754 5.25
vertex 174.14274633798308 -89.62491492935544 5.25
vertex 174.14274633798328 -89.62491492935538 1.5
endloop
endfacet
facet normal 0.3529272224945698 -0.9356507765305752 0
outer loop
vertex 174.46170601701974 -89.50460342378754 5.25
vertex 174.14274633798328 -89.62491492935538 1.5
vertex 174.46170601701968 -89.50460342378759 1.5
endloop
endfacet
facet normal 0.18890088509235148 -0.9819961586540582 0
outer loop
vertex 174.14274633798308 -89.62491492935544 5.25
vertex 173.80798770000007 -89.68931049999999 5.25
vertex 173.8079877 -89.6893105 1.5
endloop
endfacet
facet normal 0.18890088509235148 -0.9819961586540582 0
outer loop
vertex 174.14274633798308 -89.62491492935544 5.25
vertex 173.8079877 -89.6893105 1.5
vertex 174.14274633798328 -89.62491492935538 1.5
endloop
endfacet
facet normal 0.19079336579048345 -0.9816302214023054 0
outer loop
vertex 154.1217031000002 -91.75842029999997 5.25
vertex 154.07892442945925 -91.76673492434486 5.25
vertex 154.07892442945922 -91.76673492434486 1.5
endloop
endfacet
facet normal 0.19079336579048345 -0.9816302214023054 0
outer loop
vertex 154.1217031000002 -91.75842029999997 5.25
vertex 154.07892442945922 -91.76673492434486 1.5
vertex 154.12170309999993 -91.75842030000003 1.5
endloop
endfacet
facet normal 0.3583620003827537 -0.9335827101449936 0
outer loop
vertex 154.07892442945925 -91.76673492434486 5.25
vertex 154.0382410253003 -91.7823515225727 5.25
vertex 154.0382410253002 -91.78235152257271 1.5
endloop
endfacet
facet normal 0.3583620003827537 -0.9335827101449936 0
outer loop
vertex 154.07892442945925 -91.76673492434486 5.25
vertex 154.0382410253002 -91.78235152257271 1.5
vertex 154.07892442945922 -91.76673492434486 1.5
endloop
endfacet
facet normal 0.5150320851199685 -0.8571708997026076 0
outer loop
vertex 154.0382410253003 -91.7823515225727 5.25
vertex 154.0008874734758 -91.80479544558673 5.25
vertex 154.00088747347604 -91.80479544558656 1.5
endloop
endfacet
facet normal 0.5150320851199685 -0.8571708997026076 0
outer loop
vertex 154.0382410253003 -91.7823515225727 5.25
vertex 154.00088747347604 -91.80479544558656 1.5
vertex 154.0382410253002 -91.78235152257271 1.5
endloop
endfacet
facet normal 0.6560532906570924 -0.7547145684416069 0
outer loop
vertex 154.0008874734758 -91.80479544558673 5.25
vertex 153.9679987347719 -91.83338475094072 5.25
vertex 153.9679987347718 -91.8333847509408 1.5
endloop
endfacet
facet normal 0.6560532906570924 -0.7547145684416069 0
outer loop
vertex 154.0008874734758 -91.80479544558673 5.25
vertex 153.9679987347718 -91.8333847509408 1.5
vertex 154.00088747347604 -91.80479544558656 1.5
endloop
endfacet
facet normal 0.8746154241640636 -0.4848173468578813 0
outer loop
vertex 153.94057410984152 -91.86725077316932 5.25
vertex 153.91944687617374 -91.90536451756297 5.25
vertex 153.91944687617365 -91.90536451756319 1.5
endloop
endfacet
facet normal 0.8746154241640636 -0.4848173468578813 0
outer loop
vertex 153.94057410984152 -91.86725077316932 5.25
vertex 153.91944687617365 -91.90536451756319 1.5
vertex 153.94057410984158 -91.86725077316925 1.5
endloop
endfacet
facet normal 0.9455154990223188 -0.32557708934839913 0
outer loop
vertex 153.91944687617374 -91.90536451756297 5.25
vertex 153.90525896955663 -91.94656792543175 5.25
vertex 153.9052589695566 -91.94656792543184 1.5
endloop
endfacet
facet normal 0.9455154990223188 -0.32557708934839913 0
outer loop
vertex 153.91944687617374 -91.90536451756297 5.25
vertex 153.9052589695566 -91.94656792543184 1.5
vertex 153.91944687617365 -91.90536451756319 1.5
endloop
endfacet
facet normal 0.9876867659997131 -0.1564444063206738 0
outer loop
vertex 153.90525896955663 -91.94656792543175 5.25
vertex 153.8984414793208 -91.98960906088435 5.25
vertex 153.8984414793208 -91.98960906088426 1.5
endloop
endfacet
facet normal 0.9876867659997131 -0.1564444063206738 0
outer loop
vertex 153.90525896955663 -91.94656792543175 5.25
vertex 153.8984414793208 -91.98960906088426 1.5
vertex 153.9052589695566 -91.94656792543184 1.5
endloop
endfacet
facet normal 0.9998478815028256 0.017441727388984418 0
outer loop
vertex 153.8984414793208 -91.98960906088435 5.25
vertex 153.89920155000002 -92.03318015000006 5.25
vertex 153.89920155000002 -92.03318015000008 1.5
endloop
endfacet
facet normal 0.9998478815028256 0.017441727388984418 0
outer loop
vertex 153.8984414793208 -91.98960906088435 5.25
vertex 153.89920155000002 -92.03318015000008 1.5
vertex 153.8984414793208 -91.98960906088426 1.5
endloop
endfacet
facet normal 0 0 -1
outer loop
vertex 154.5002434 -97.75168369999993 5.25
vertex 154.5038915437856 -97.96074070000002 5.25
vertex 154.50632606397016 -98.10025095949985 5.25
endloop
endfacet
facet normal 0 0 -1
outer loop
vertex 154.5002434 -97.75168369999993 5.25
vertex 154.50632606397016 -98.10025095949985 5.25
vertex 154.50632606397016 -98.1002509595 1.5
endloop
endfacet
facet normal 0 0 -1
outer loop
vertex 154.5002434 -97.75168369999993 5.25
vertex 154.50632606397016 -98.1002509595 1.5
vertex 154.5002434 -97.75168369999992 1.5
endloop
endfacet
facet normal 0.9876884308373621 -0.1564338952721868 0
outer loop
vertex 154.50632606397016 -98.10025095949985 5.25
vertex 154.451789734068 -98.44458108060942 5.25
vertex 154.45178973406803 -98.44458108060941 1.5
endloop
endfacet
facet normal 0.9876884308373621 -0.1564338952721868 0
outer loop
vertex 154.50632606397016 -98.10025095949985 5.25
vertex 154.45178973406803 -98.44458108060941 1.5
vertex 154.50632606397016 -98.1002509595 1.5
endloop
endfacet
facet normal 0.9455188881635335 -0.32556724670334336 0
outer loop
vertex 154.451789734068 -98.44458108060942 5.25
vertex 154.338289761823 -98.77420996266171 5.25
vertex 154.3382897618231 -98.77420996266156 1.5
endloop
endfacet
facet normal 0.9455188881635335 -0.32556724670334336 0
outer loop
vertex 154.451789734068 -98.44458108060942 5.25
vertex 154.3382897618231 -98.77420996266156 1.5
vertex 154.45178973406803 -98.44458108060941 1.5
endloop
endfacet
facet normal 0.8746203583581279 -0.4848084454147845 0
outer loop
vertex 154.338289761823 -98.77420996266171 5.25
vertex 154.16927477135388 -99.0791220427422 5.25
vertex 154.1692747713539 -99.07912204274218 1.5
endloop
endfacet
facet normal 0.8746203583581279 -0.4848084454147845 0
outer loop
vertex 154.338289761823 -98.77420996266171 5.25
vertex 154.1692747713539 -99.07912204274218 1.5
vertex 154.3382897618231 -98.77420996266156 1.5
endloop
endfacet
facet normal 0.7771470479377481 -0.6293190493554469 0
outer loop
vertex 154.16927477135388 -99.0791220427422 5.25
vertex 153.94988017512722 -99.35005276216928 5.25
vertex 153.94988017512728 -99.35005276216926 1.5
endloop
endfacet
facet normal 0.7771470479377481 -0.6293190493554469 0
outer loop
vertex 154.16927477135388 -99.0791220427422 5.25
vertex 153.94988017512728 -99.35005276216926 1.5
vertex 154.1692747713539 -99.07912204274218 1.5
endloop
endfacet
facet normal 0.6560606211438361 -0.7547081961820501 0
outer loop
vertex 153.94988017512722 -99.35005276216928 5.25
vertex 153.68677213773415 -99.57877006418515 5.25
vertex 153.68677213773427 -99.5787700641851 1.5
endloop
endfacet
facet normal 0.6560606211438361 -0.7547081961820501 0
outer loop
vertex 153.94988017512722 -99.35005276216928 5.25
vertex 153.68677213773427 -99.5787700641851 1.5
vertex 153.94988017512728 -99.35005276216926 1.5
endloop
endfacet
facet normal 0.5150402116676418 -0.8571660168050007 0
outer loop
vertex 153.68677213773415 -99.57877006418515 5.25
vertex 153.38794502873657 -99.75832451974306 5.25
vertex 153.3879450287365 -99.7583245197431 1.5
endloop
endfacet
facet normal 0.5150402116676418 -0.8571660168050007 0
outer loop
vertex 153.68677213773415 -99.57877006418515 5.25
vertex 153.3879450287365 -99.7583245197431 1.5
vertex 153.68677213773427 -99.5787700641851 1.5
endloop
endfacet
facet normal 0.35837063452441986 -0.9335793958258529 0
outer loop
vertex 153.38794502873657 -99.75832451974306 5.25
vertex 153.06247851886002 -99.88326048146459 5.25
vertex 153.0624785188601 -99.88326048146457 1.5
endloop
endfacet
facet normal 0.35837063452441986 -0.9335793958258529 0
outer loop
vertex 153.38794502873657 -99.75832451974306 5.25
vertex 153.0624785188601 -99.88326048146457 1.5
vertex 153.3879450287365 -99.7583245197431 1.5
endloop
endfacet
facet normal 0.19081219468741062 -0.9816265615592183 0
outer loop
vertex 153.06247851886002 -99.88326048146459 5.25
vertex 152.72025556497852 -99.94978250080302 5.25
vertex 152.72026169999984 -99.94978185000004 1.5
endloop
endfacet
facet normal 0.19081219468741062 -0.9816265615592183 0
outer loop
vertex 153.06247851886002 -99.88326048146459 5.25
vertex 152.72026169999984 -99.94978185000004 1.5
vertex 153.0624785188601 -99.88326048146457 1.5
endloop
endfacet
facet normal 0.1907981555865492 -0.981629290427283 0
outer loop
vertex 145.01271190000023 -100.75988009999996 5.25
vertex 144.96993382945928 -100.76819482434485 5.25
vertex 144.96993382945925 -100.76819482434485 1.5
endloop
endfacet
facet normal 0.1907981555865492 -0.981629290427283 0
outer loop
vertex 145.01271190000023 -100.75988009999996 5.25
vertex 144.96993382945925 -100.76819482434485 1.5
vertex 145.01271189999986 -100.75988010000003 1.5
endloop
endfacet
facet normal 0.3583620003827561 -0.9335827101449928 0
outer loop
vertex 144.96993382945928 -100.76819482434485 5.25
vertex 144.92925042530015 -100.78381142257274 5.25
vertex 144.9292504253002 -100.78381142257271 1.5
endloop
endfacet
facet normal 0.3583620003827561 -0.9335827101449928 0
outer loop
vertex 144.96993382945928 -100.76819482434485 5.25
vertex 144.9292504253002 -100.78381142257271 1.5
vertex 144.96993382945925 -100.76819482434485 1.5
endloop
endfacet
facet normal 0.5150320851199685 -0.8571708997026076 0
outer loop
vertex 144.92925042530015 -100.78381142257274 5.25
vertex 144.89189687347587 -100.80625534558665 5.25
vertex 144.89189687347599 -100.8062553455866 1.5
endloop
endfacet
facet normal 0.5150320851199685 -0.8571708997026076 0
outer loop
vertex 144.92925042530015 -100.78381142257274 5.25
vertex 144.89189687347599 -100.8062553455866 1.5
vertex 144.9292504253002 -100.78381142257271 1.5
endloop
endfacet
facet normal 0.6560532906570924 -0.7547145684416069 0
outer loop
vertex 144.89189687347587 -100.80625534558665 5.25
vertex 144.85900813477193 -100.83484465094065 5.25
vertex 144.85900813477178 -100.83484465094082 1.5
endloop
endfacet
facet normal 0.6560532906570924 -0.7547145684416069 0
outer loop
vertex 144.89189687347587 -100.80625534558665 5.25
vertex 144.85900813477178 -100.83484465094082 1.5
vertex 144.89189687347599 -100.8062553455866 1.5
endloop
endfacet
facet normal 0.7771407891672457 -0.6293267782420437 0
outer loop
vertex 144.85900813477193 -100.83484465094065 5.25
vertex 144.83158350984155 -100.86871067316926 5.25
vertex 144.83158350984147 -100.86871067316939 1.5
endloop
endfacet
facet normal 0.7771407891672457 -0.6293267782420437 0
outer loop
vertex 144.85900813477193 -100.83484465094065 5.25
vertex 144.83158350984147 -100.86871067316939 1.5
vertex 144.85900813477178 -100.83484465094082 1.5
endloop
endfacet
facet normal 0.8746154241640636 -0.4848173468578813 0
outer loop
vertex 144.83158350984155 -100.86871067316926 5.25
vertex 144.81045627617362 -100.90682441756319 5.25
vertex 144.81045627617368 -100.90682441756307 1.5
endloop
endfacet
facet normal 0.8746154241640636 -0.4848173468578813 0
outer loop
vertex 144.83158350984155 -100.86871067316926 5.25
vertex 144.81045627617368 -100.90682441756307 1.5
vertex 144.83158350984147 -100.86871067316939 1.5
endloop
endfacet
facet normal 0.9455154990223283 -0.32557708934837154 0
outer loop
vertex 144.81045627617362 -100.90682441756319 5.25
vertex 144.79626836955669 -100.94802782543154 5.25
vertex 144.79626836955663 -100.94802782543174 1.5
endloop
endfacet
facet normal 0.9455154990223283 -0.32557708934837154 0
outer loop
vertex 144.81045627617362 -100.90682441756319 5.25
vertex 144.79626836955663 -100.94802782543174 1.5
vertex 144.81045627617368 -100.90682441756307 1.5
endloop
endfacet
facet normal 0.9876867659997176 -0.15644440632064496 0
outer loop
vertex 144.79626836955669 -100.94802782543154 5.25
vertex 144.7894508793208 -100.99106896088453 5.25
vertex 144.78945087932084 -100.99106896088414 1.5
endloop
endfacet
facet normal 0.9876867659997176 -0.15644440632064496 0
outer loop
vertex 144.79626836955669 -100.94802782543154 5.25
vertex 144.78945087932084 -100.99106896088414 1.5
vertex 144.79626836955663 -100.94802782543174 1.5
endloop
endfacet
facet normal 0.9998478815028256 0.017441727388984418 0
outer loop
vertex 144.7894508793208 -100.99106896088453 5.25
vertex 144.79021095000002 -101.03464005000019 5.25
vertex 144.79021095000004 -101.0346400500006 1.5
endloop
endfacet
facet normal 0.9998478815028256 0.017441727388984418 0
outer loop
vertex 144.7894508793208 -100.99106896088453 5.25
vertex 144.79021095000004 -101.0346400500006 1.5
vertex 144.78945087932084 -100.99106896088414 1.5
endloop
endfacet
facet normal 0.9945218438300198 0.10452895362021764 0
outer loop
vertex 144.79021095000002 -101.03464005000019 5.25
vertex 145.27044820000003 -105.6037706000003 5.25
vertex 145.27044820000003 -105.60377060000032 1.5
endloop
endfacet
facet normal 0.9945218438300198 0.10452895362021764 0
outer loop
vertex 144.79021095000002 -101.03464005000019 5.25
vertex 145.27044820000003 -105.60377060000032 1.5
vertex 144.79021095000004 -101.0346400500006 1.5
endloop
endfacet
facet normal 0 0 1
outer loop
vertex 145.27044820000003 -105.6037706000003 5.25
vertex 145.27571941993617 -105.81282769999999 5.25
vertex 145.27845638890096 -105.92137615775724 5.25
endloop
endfacet
facet normal 0 0 1
outer loop
vertex 145.27044820000003 -105.6037706000003 5.25
vertex 145.27845638890096 -105.92137615775724 5.25
vertex 145.27845638890096 -105.92137615775728 1.5
endloop
endfacet
facet normal 0 0 1
outer loop
vertex 145.27044820000003 -105.6037706000003 5.25
vertex 145.27845638890096 -105.92137615775728 1.5
vertex 145.27044820000003 -105.60377060000032 1.5
endloop
endfacet
facet normal 0.9910605354457799 -0.13341294945365698 0
outer loop
vertex 145.27845638890096 -105.92137615775724 5.25
vertex 145.23607085727775 -106.23623785474895 5.25
vertex 145.23607085727772 -106.23623785474919 1.5
endloop
endfacet
facet normal 0.9910605354457799 -0.13341294945365698 0
outer loop
vertex 145.27845638890096 -105.92137615775724 5.25
vertex 145.23607085727772 -106.23623785474919 1.5
vertex 145.27845638890096 -105.92137615775728 1.5
endloop
endfacet
facet normal 0.9574307063973765 -0.2886631989835569 0
outer loop
vertex 145.23607085727775 -106.23623785474895 5.25
vertex 145.14436204490897 -106.54041529516498 5.25
vertex 145.14436204490914 -106.54041529516454 1.5
endloop
endfacet
facet normal 0.9574307063973765 -0.2886631989835569 0
outer loop
vertex 145.23607085727775 -106.23623785474895 5.25
vertex 145.14436204490914 -106.54041529516454 1.5
vertex 145.23607085727772 -106.23623785474919 1.5
endloop
endfacet
facet normal 0.8996414487241464 -0.4366294352623503 0
outer loop
vertex 145.14436204490897 -106.54041529516498 5.25
vertex 145.00564409577643 -106.82623298550608 5.25
vertex 145.00564409577635 -106.82623298550622 1.5
endloop
endfacet
facet normal 0.8996414487241464 -0.4366294352623503 0
outer loop
vertex 145.14436204490897 -106.54041529516498 5.25
vertex 145.00564409577635 -106.82623298550622 1.5
vertex 145.14436204490914 -106.54041529516454 1.5
endloop
endfacet
facet normal 0.7179904058512885 -0.696052998776316 0
outer loop
vertex 144.82341736386752 -107.08647871496444 5.25
vertex 144.60228008662457 -107.31458554550125 5.25
vertex 144.60228008662457 -107.31458554550126 1.5
endloop
endfacet
facet normal 0.7179904058512885 -0.696052998776316 0
outer loop
vertex 144.82341736386752 -107.08647871496444 5.25
vertex 144.60228008662457 -107.31458554550126 1.5
vertex 144.8234173638674 -107.08647871496458 1.5
endloop
endfacet
facet normal 0.5987123313843775 -0.8009641341834747 0
outer loop
vertex 144.60228008662457 -107.31458554550125 5.25
vertex 144.34781235483737 -107.5047975193691 5.25
vertex 144.34781235483757 -107.50479751936899 1.5
endloop
endfacet
facet normal 0.5987123313843775 -0.8009641341834747 0
outer loop
vertex 144.60228008662457 -107.31458554550125 5.25
vertex 144.34781235483757 -107.50479751936899 1.5
vertex 144.60228008662457 -107.31458554550126 1.5
endloop
endfacet
facet normal 0.46432658621071915 -0.8856640567042898 0
outer loop
vertex 144.34781235483737 -107.5047975193691 5.25
vertex 144.06643530683155 -107.6523149026812 5.25
vertex 144.0664353068316 -107.65231490268116 1.5
endloop
endfacet
facet normal 0.46432658621071915 -0.8856640567042898 0
outer loop
vertex 144.34781235483737 -107.5047975193691 5.25
vertex 144.0664353068316 -107.65231490268116 1.5
vertex 144.34781235483757 -107.50479751936899 1.5
endloop
endfacet
facet normal 0.31822420719271405 -0.9480154819181851 0
outer loop
vertex 144.06643530683155 -107.6523149026812 5.25
vertex 143.76524909999978 -107.75341530000009 5.25
vertex 143.76524909999983 -107.75341530000007 1.5
endloop
endfacet
facet normal 0.31822420719271405 -0.9480154819181851 0
outer loop
vertex 144.06643530683155 -107.6523149026812 5.25
vertex 143.76524909999983 -107.75341530000007 1.5
vertex 144.0664353068316 -107.65231490268116 1.5
endloop
endfacet
facet normal 0.31721354958475023 -0.9483541342556815 0
outer loop
vertex 131.2282318999997 -110.87924830000011 5.25
vertex 131.19103219539423 -110.89169117330574 5.25
vertex 131.1910321953943 -110.8916911733057 1.5
endloop
endfacet
facet normal 0.31721354958475023 -0.9483541342556815 0
outer loop
vertex 131.2282318999997 -110.87924830000011 5.25
vertex 131.1910321953943 -110.8916911733057 1.5
vertex 131.22823189999977 -110.87924830000009 1.5
endloop
endfacet
facet normal 0.46172743346693057 -0.8870218583462537 0
outer loop
vertex 131.19103219539423 -110.89169117330574 5.25
vertex 131.1562337078418 -110.90980506327918 5.25
vertex 131.15623370784175 -110.90980506327921 1.5
endloop
endfacet
facet normal 0.46172743346693057 -0.8870218583462537 0
outer loop
vertex 131.19103219539423 -110.89169117330574 5.25
vertex 131.15623370784175 -110.90980506327921 1.5
vertex 131.1910321953943 -110.8916911733057 1.5
endloop
endfacet
facet normal 0.594807305435441 -0.8038683159576759 0
outer loop
vertex 131.1562337078418 -110.90980506327918 5.25
vertex 131.12469739188313 -110.9331397696563 5.25
vertex 131.12469739188322 -110.93313976965622 1.5
endloop
endfacet
facet normal 0.594807305435441 -0.8038683159576759 0
outer loop
vertex 131.1562337078418 -110.90980506327918 5.25
vertex 131.12469739188322 -110.93313976965622 1.5
vertex 131.15623370784175 -110.90980506327921 1.5
endloop
endfacet
facet normal 0.7132401879206266 -0.7009197060540882 0
outer loop
vertex 131.12469739188313 -110.9331397696563 5.25
vertex 131.09719982185484 -110.96112068080052 5.25
vertex 131.09719982185493 -110.96112068080045 1.5
endloop
endfacet
facet normal 0.7132401879206266 -0.7009197060540882 0
outer loop
vertex 131.12469739188313 -110.9331397696563 5.25
vertex 131.09719982185493 -110.96112068080045 1.5
vertex 131.12469739188322 -110.93313976965622 1.5
endloop
endfacet
facet normal 0.8141096991495418 -0.5807111138514938 0
outer loop
vertex 131.09719982185484 -110.96112068080052 5.25
vertex 131.07441811892755 -110.99305877338024 5.25
vertex 131.0744181189274 -110.99305877338048 1.5
endloop
endfacet
facet normal 0.8141096991495418 -0.5807111138514938 0
outer loop
vertex 131.09719982185484 -110.96112068080052 5.25
vertex 131.0744181189274 -110.99305877338048 1.5
vertex 131.09719982185493 -110.96112068080045 1.5
endloop
endfacet
facet normal 0.8949319512198836 -0.4462026475557626 0
outer loop
vertex 131.07441811892755 -110.99305877338024 5.25
vertex 131.05691327715738 -111.02816757940593 5.25
vertex 131.05691327715726 -111.02816757940613 1.5
endloop
endfacet
facet normal 0.8949319512198836 -0.4462026475557626 0
outer loop
vertex 131.07441811892755 -110.99305877338024 5.25
vertex 131.05691327715726 -111.02816757940613 1.5
vertex 131.0744181189274 -110.99305877338048 1.5
endloop
endfacet
facet normal 0.9537167152532793 -0.30070654639780525 0
outer loop
vertex 131.05691327715738 -111.02816757940593 5.25
vertex 131.045116349141 -111.06558255281647 5.25
vertex 131.045116349141 -111.06558255281627 1.5
endloop
endfacet
facet normal 0.9537167152532793 -0.30070654639780525 0
outer loop
vertex 131.05691327715738 -111.02816757940593 5.25
vertex 131.045116349141 -111.06558255281627 1.5
vertex 131.05691327715726 -111.02816757940613 1.5
endloop
endfacet
facet normal 0.9890164303132307 -0.14780561752002072 0
outer loop
vertex 131.045116349141 -111.06558255281647 5.25
vertex 131.039317831446 -111.10438235872405 5.25
vertex 131.039317831446 -111.10438235872395 1.5
endloop
endfacet
facet normal 0.9890164303132307 -0.14780561752002072 0
outer loop
vertex 131.045116349141 -111.06558255281647 5.25
vertex 131.039317831446 -111.10438235872395 1.5
vertex 131.045116349141 -111.06558255281627 1.5
endloop
endfacet
facet normal 0.9999618492488899 0.008734989796238324 0
outer loop
vertex 131.039317831446 -111.10438235872405 5.25
vertex 131.03966051120167 -111.14361156106757 5.25
vertex 131.03966051120167 -111.14361156106754 1.5
endloop
endfacet
facet normal 0.9999618492488899 0.008734989796238324 0
outer loop
vertex 131.039317831446 -111.10438235872405 5.25
vertex 131.03966051120167 -111.14361156106754 1.5
vertex 131.039317831446 -111.10438235872395 1.5
endloop
endfacet
facet normal 0.9862834437029302 0.16506050005222042 0
outer loop
vertex 131.03966051120167 -111.14361156106757 5.25
vertex 131.04613594999998 -111.18230414999987 5.25
vertex 131.04613595 -111.18230414999994 1.5
endloop
endfacet
facet normal 0.9862834437029302 0.16506050005222042 0
outer loop
vertex 131.03966051120167 -111.14361156106757 5.25
vertex 131.04613595 -111.18230414999994 1.5
vertex 131.03966051120167 -111.14361156106754 1.5
endloop
endfacet
facet normal 0.9483396957357539 0.3172567122880422 0
outer loop
vertex 143.2631941 -160.18223680000003 5.25
vertex 143.27563907330563 -160.2194371546056 5.25
vertex 143.27563907330568 -160.21943715460569 1.5
endloop
endfacet
facet normal 0.9483396957357539 0.3172567122880422 0
outer loop
vertex 143.2631941 -160.18223680000003 5.25
vertex 143.27563907330568 -160.21943715460569 1.5
vertex 143.26319409999996 -160.18223679999986 1.5
endloop
endfacet
facet normal 0.8870218583462529 0.461727433466932 0
outer loop
vertex 143.27563907330563 -160.2194371546056 5.25
vertex 143.29375296327916 -160.25423564215822 5.25
vertex 143.2937529632792 -160.25423564215828 1.5
endloop
endfacet
facet normal 0.8870218583462529 0.461727433466932 0
outer loop
vertex 143.27563907330563 -160.2194371546056 5.25
vertex 143.2937529632792 -160.25423564215828 1.5
vertex 143.27563907330568 -160.21943715460569 1.5
endloop
endfacet
facet normal 0.8038683159574889 0.5948073054356938 0
outer loop
vertex 143.29375296327916 -160.25423564215822 5.25
vertex 143.31708766965616 -160.2857719581167 5.25
vertex 143.3170876696561 -160.28577195811667 1.5
endloop
endfacet
facet normal 0.8038683159574889 0.5948073054356938 0
outer loop
vertex 143.29375296327916 -160.25423564215822 5.25
vertex 143.3170876696561 -160.28577195811667 1.5
vertex 143.2937529632792 -160.25423564215828 1.5
endloop
endfacet
facet normal 0.700919706054088 0.7132401879206266 0
outer loop
vertex 143.31708766965616 -160.2857719581167 5.25
vertex 143.34506858080059 -160.31326952814518 5.25
vertex 143.34506858080042 -160.31326952814504 1.5
endloop
endfacet
facet normal 0.700919706054088 0.7132401879206266 0
outer loop
vertex 143.31708766965616 -160.2857719581167 5.25
vertex 143.34506858080042 -160.31326952814504 1.5
vertex 143.3170876696561 -160.28577195811667 1.5
endloop
endfacet
facet normal 0.5807111138515211 0.8141096991495224 0
outer loop
vertex 143.34506858080059 -160.31326952814518 5.25
vertex 143.37700667338046 -160.33605123107262 5.25
vertex 143.37700667338063 -160.3360512310727 1.5
endloop
endfacet
facet normal 0.5807111138515211 0.8141096991495224 0
outer loop
vertex 143.34506858080059 -160.31326952814518 5.25
vertex 143.37700667338063 -160.3360512310727 1.5
vertex 143.34506858080042 -160.31326952814504 1.5
endloop
endfacet
facet normal 0.4462026475557654 0.894931951219882 0
outer loop
vertex 143.37700667338046 -160.33605123107262 5.25
vertex 143.4121154794058 -160.3535560728426 5.25
vertex 143.41211547940583 -160.35355607284262 1.5
endloop
endfacet
facet normal 0.4462026475557654 0.894931951219882 0
outer loop
vertex 143.37700667338046 -160.33605123107262 5.25
vertex 143.41211547940583 -160.35355607284262 1.5
vertex 143.37700667338063 -160.3360512310727 1.5
endloop
endfacet
facet normal 0.3007065463977754 0.9537167152532888 0
outer loop
vertex 143.4121154794058 -160.3535560728426 5.25
vertex 143.44953045281645 -160.365353000859 5.25
vertex 143.44953045281636 -160.365353000859 1.5
endloop
endfacet
facet normal 0.3007065463977754 0.9537167152532888 0
outer loop
vertex 143.4121154794058 -160.3535560728426 5.25
vertex 143.44953045281636 -160.365353000859 1.5
vertex 143.41211547940583 -160.35355607284262 1.5
endloop
endfacet
facet normal 0.14780561751996407 0.9890164303132392 0
outer loop
vertex 143.44953045281645 -160.365353000859 5.25
vertex 143.48833025872406 -160.371151518554 5.25
vertex 143.48833025872418 -160.37115151855403 1.5
endloop
endfacet
facet normal 0.14780561751996407 0.9890164303132392 0
outer loop
vertex 143.44953045281645 -160.365353000859 5.25
vertex 143.48833025872418 -160.37115151855403 1.5
vertex 143.44953045281636 -160.365353000859 1.5
endloop
endfacet
facet normal -0.008734989796238326 0.9999618492488899 0
outer loop
vertex 143.48833025872406 -160.371151518554 5.25
vertex 143.52755946106757 -160.37080883879833 5.25
vertex 143.52755946106754 -160.37080883879833 1.5
endloop
endfacet
facet normal -0.008734989796238326 0.9999618492488899 0
outer loop
vertex 143.48833025872406 -160.371151518554 5.25
vertex 143.52755946106754 -160.37080883879833 1.5
vertex 143.48833025872418 -160.37115151855403 1.5
endloop
endfacet
facet normal -0.1650605000522492 0.9862834437029253 0
outer loop
vertex 143.52755946106757 -160.37080883879833 5.25
vertex 143.56625205000006 -160.36433339999996 5.25
vertex 143.56625204999955 -160.36433340000008 1.5
endloop
endfacet
facet normal -0.1650605000522492 0.9862834437029253 0
outer loop
vertex 143.52755946106757 -160.37080883879833 5.25
vertex 143.56625204999955 -160.36433340000008 1.5
vertex 143.52755946106754 -160.37080883879833 1.5
endloop
endfacet
facet normal -0.24192195364317504 0.9702957118041228 -3.664169975205599e-15
outer loop
vertex 143.56625205000006 -160.36433339999996 5.25
vertex 199.76225919552263 -146.3530916 5.25
vertex 207.54554459999974 -144.41250010000002 5.25
endloop
endfacet
facet normal -0.24192195364317504 0.9702957118041228 -3.664169975205599e-15
outer loop
vertex 143.56625205000006 -160.36433339999996 5.25
vertex 207.54554459999974 -144.41250010000002 5.25
vertex 207.54554459999957 -144.41250010000007 1.5
endloop
endfacet
facet normal -0.24192195364317504 0.9702957118041228 -3.664169975205599e-15
outer loop
vertex 143.56625205000006 -160.36433339999996 5.25
vertex 207.54554459999957 -144.41250010000007 1.5
vertex 143.56625204999955 -160.36433340000008 1.5
endloop
endfacet
facet normal 0.9713415371207423 0.23768806925025365 0
outer loop
vertex 209.92602949309187 -145.7184804767393 5.25
vertex 210.00475927547527 -146.04021941836433 5.25
vertex 210.00475927547527 -146.04021941836427 1.5
endloop
endfacet
facet normal 0.9713415371207423 0.23768806925025365 0
outer loop
vertex 209.92602949309187 -145.7184804767393 5.25
vertex 210.00475927547527 -146.04021941836427 1.5
vertex 209.9260294930919 -145.71848047673942 1.5
endloop
endfacet
facet normal 0.008726392580911124 0.9999619243113829 0
outer loop
vertex 210.0556937500002 -171.99663365 5.25
vertex 239.50387209999923 -172.25361979999997 5.25
vertex 239.503872099999 -172.25361979999997 1.5
endloop
endfacet
facet normal 0.008726392580911124 0.9999619243113829 0
outer loop
vertex 210.0556937500002 -171.99663365 5.25
vertex 239.503872099999 -172.25361979999997 1.5
vertex 210.05569375000033 -171.99663365 1.5
endloop
endfacet
facet normal 0 0 1
outer loop
vertex 240.18683104999988 -172.38019989999998 5.25
vertex 245.19731842033013 -174.2535437 5.25
vertex 253.76145440000008 -177.45554180000002 5.25
endloop
endfacet
facet normal 0 0 1
outer loop
vertex 240.18683104999988 -172.38019989999998 5.25
vertex 253.76145440000008 -177.45554180000002 5.25
vertex 253.76145440000045 -177.45554180000013 1.5
endloop
endfacet
facet normal 0 0 1
outer loop
vertex 240.18683104999988 -172.38019989999998 5.25
vertex 253.76145440000045 -177.45554180000013 1.5
vertex 240.18683105000036 -172.38019990000015 1.5
endloop
endfacet
facet normal 0 0 1
outer loop
vertex 254.08317220000032 -177.30892589999914 5.25
vertex 258.43650936524705 -165.66540159999997 5.25
vertex 258.69838380000016 -164.96498689999964 5.25
endloop
endfacet
facet normal 0 0 1
outer loop
vertex 254.08317220000032 -177.30892589999914 5.25
vertex 258.69838380000016 -164.96498689999964 5.25
vertex 258.69838380000016 -164.96498689999962 1.5
endloop
endfacet
facet normal 0 0 1
outer loop
vertex 254.08317220000032 -177.30892589999914 5.25
vertex 258.69838380000016 -164.96498689999962 1.5
vertex 255.9732744886026 -172.25361979999997 1.5
endloop
endfacet
facet normal 0 0 1
outer loop
vertex 254.08317220000032 -177.30892589999914 5.25
vertex 255.9732744886026 -172.25361979999997 1.5
vertex 255.9674608218928 -172.26916915146035 1.5
endloop
endfacet
facet normal 0 0 1
outer loop
vertex 254.08317220000032 -177.30892589999914 5.25
vertex 255.9674608218928 -172.26916915146035 1.5
vertex 255.951613940773 -172.3115535426512 1.5
endloop
endfacet
facet normal 0 0 1
outer loop
vertex 254.08317220000032 -177.30892589999914 5.25
vertex 255.951613940773 -172.3115535426512 1.5
vertex 255.92594810876147 -172.38019990000015 1.5
endloop
endfacet
facet normal 0 0 1
outer loop
vertex 254.08317220000032 -177.30892589999914 5.25
vertex 255.92594810876147 -172.38019990000015 1.5
vertex 254.08317220000018 -177.3089258999995 1.5
endloop
endfacet
facet normal 0.026176200536781387 0.9996573445563526 0
outer loop
vertex 260.62408189999974 -163.66608845000005 5.25
vertex 262.6407136000003 -163.71889430000002 5.25
vertex 262.6407136000001 -163.7188943 1.5
endloop
endfacet
facet normal 0.026176200536781387 0.9996573445563526 0
outer loop
vertex 260.62408189999974 -163.66608845000005 5.25
vertex 262.6407136000001 -163.7188943 1.5
vertex 260.6240819000003 -163.66608845000002 1.5
endloop
endfacet
facet normal 0 0 1
outer loop
vertex 217.17735280000002 -93.62687810000052 5.25
vertex 217.1749153896832 -93.5570815 5.25
vertex 216.96307260000003 -87.49084540000028 5.25
endloop
endfacet
facet normal 0 0 1
outer loop
vertex 217.17735280000002 -93.62687810000052 5.25
vertex 216.96307260000003 -87.49084540000028 5.25
vertex 216.96307260000003 -87.49084540000024 1.5
endloop
endfacet
facet normal 0 0 1
outer loop
vertex 217.17735280000002 -93.62687810000052 5.25
vertex 216.96307260000003 -87.49084540000024 1.5
vertex 216.98038561802966 -87.98661330000002 1.5
endloop
endfacet
facet normal 0 0 1
outer loop
vertex 217.17735280000002 -93.62687810000052 5.25
vertex 216.98038561802966 -87.98661330000002 1.5
vertex 216.98911594906025 -88.23661118447801 1.5
endloop
endfacet
facet normal 0 0 1
outer loop
vertex 217.17735280000002 -93.62687810000052 5.25
vertex 216.98911594906025 -88.23661118447801 1.5
vertex 217.00027073269683 -88.5560346177002 1.5
endloop
endfacet
facet normal 0 0 1
outer loop
vertex 217.17735280000002 -93.62687810000052 5.25
vertex 217.00027073269683 -88.5560346177002 1.5
vertex 217.01055728617231 -88.85059579738797 1.5
endloop
endfacet
facet normal 0 0 1
outer loop
vertex 217.17735280000002 -93.62687810000052 5.25
vertex 217.01055728617231 -88.85059579738797 1.5
vertex 217.01967675904405 -89.11173697491023 1.5
endloop
endfacet
facet normal 0 0 1
outer loop
vertex 217.17735280000002 -93.62687810000052 5.25
vertex 217.01967675904405 -89.11173697491023 1.5
vertex 217.02736420751816 -89.33187133737927 1.5
endloop
endfacet
facet normal 0 0 1
outer loop
vertex 217.17735280000002 -93.62687810000052 5.25
vertex 217.02736420751816 -89.33187133737927 1.5
vertex 217.03339629173797 -89.50460342378759 1.5
endloop
endfacet
facet normal 0 0 1
outer loop
vertex 217.17735280000002 -93.62687810000052 5.25
vertex 217.03339629173797 -89.50460342378759 1.5
vertex 217.03759776437278 -89.62491492935538 1.5
endloop
endfacet
facet normal 0 0 1
outer loop
vertex 217.17735280000002 -93.62687810000052 5.25
vertex 217.03759776437278 -89.62491492935538 1.5
vertex 217.03984656199682 -89.6893105 1.5
endloop
endfacet
facet normal 0 0 1
outer loop
vertex 217.17735280000002 -93.62687810000052 5.25
vertex 217.03984656199682 -89.6893105 1.5
vertex 217.1773528 -93.62687810000011 1.5
endloop
endfacet
facet normal 0.03489950093685934 -0.9993908268712288 0
outer loop
vertex 216.70449629999987 -87.24972269999998 5.25
vertex 195.60271299999977 -87.9866133 5.25
vertex 195.60271299999982 -87.98661330000002 1.5
endloop
endfacet
facet normal 0.03489950093685934 -0.9993908268712288 0
outer loop
vertex 216.70449629999987 -87.24972269999998 5.25
vertex 195.60271299999982 -87.98661330000002 1.5
vertex 216.70449630000024 -87.24972269999999 1.5
endloop
endfacet
facet normal 0 0 1
outer loop
vertex 194.07285426962778 -87.35465840405762 5.25
vertex 193.99021292461924 -87.24972269999998 5.25
vertex 193.86193926030884 -87.08684433354706 5.25
endloop
endfacet
facet normal 0 0 1
outer loop
vertex 194.07285426962778 -87.35465840405762 5.25
vertex 193.86193926030884 -87.08684433354706 5.25
vertex 193.86193926030887 -87.08684433354713 1.5
endloop
endfacet
facet normal 0 0 1
outer loop
vertex 194.07285426962778 -87.35465840405762 5.25
vertex 193.86193926030887 -87.08684433354713 1.5
vertex 194.07285426962778 -87.35465840405763 1.5
endloop
endfacet
facet normal -0.987990689215047 -0.15451342344397306 0
outer loop
vertex 193.5904643798859 -86.46413790481346 5.25
vertex 193.53779149999997 -86.12733664999993 5.25
vertex 193.53779150000003 -86.12733665000032 1.5
endloop
endfacet
facet normal -0.987990689215047 -0.15451342344397306 0
outer loop
vertex 193.5904643798859 -86.46413790481346 5.25
vertex 193.53779150000003 -86.12733665000032 1.5
vertex 193.5904643798859 -86.46413790481346 1.5
endloop
endfacet
facet normal 0 0 -1
outer loop
vertex 193.53779149999997 -86.12733664999993 5.25
vertex 193.52803612780255 -85.9878316 5.25
vertex 193.2774328 -82.40412110000024 5.25
endloop
endfacet
facet normal 0 0 -1
outer loop
vertex 193.53779149999997 -86.12733664999993 5.25
vertex 193.2774328 -82.40412110000024 5.25
vertex 193.27743280000004 -82.40412110000028 1.5
endloop
endfacet
facet normal 0 0 -1
outer loop
vertex 193.53779149999997 -86.12733664999993 5.25
vertex 193.27743280000004 -82.40412110000028 1.5
vertex 193.53779150000003 -86.12733665000032 1.5
endloop
endfacet
facet normal 0.7009074091492059 -0.7132522722009006 0
outer loop
vertex 175.40997060229694 -83.45078326550284 5.25
vertex 175.38198875438118 -83.47828080780342 5.25
vertex 175.3819887543811 -83.4782808078035 1.5
endloop
endfacet
facet normal 0.7009074091492059 -0.7132522722009006 0
outer loop
vertex 175.40997060229694 -83.45078326550284 5.25
vertex 175.3819887543811 -83.4782808078035 1.5
vertex 175.40997060229694 -83.45078326550284 1.5
endloop
endfacet
facet normal 0.9975639710794394 0.06975760606714827 -4.497067486707768e-15
outer loop
vertex 175.32127595 -83.6597437499999 5.25
vertex 175.5940654 -87.56075099999978 5.25
vertex 175.5940654 -87.56075100000002 1.5
endloop
endfacet
facet normal 0.9975639710794394 0.06975760606714827 -4.497067486707768e-15
outer loop
vertex 175.32127595 -83.6597437499999 5.25
vertex 175.5940654 -87.56075100000002 1.5
vertex 175.57965376672345 -87.35465840405763 1.5
endloop
endfacet
facet normal 0.9975639710794394 0.06975760606714827 -4.497067486707768e-15
outer loop
vertex 175.32127595 -83.6597437499999 5.25
vertex 175.57965376672345 -87.35465840405763 1.5
vertex 175.5609260771 -87.08684433354713 1.5
endloop
endfacet
facet normal 0.9975639710794394 0.06975760606714827 -4.497067486707768e-15
outer loop
vertex 175.32127595 -83.6597437499999 5.25
vertex 175.5609260771 -87.08684433354713 1.5
vertex 175.53996566877365 -86.787101418841 1.5
endloop
endfacet
facet normal 0.9975639710794394 0.06975760606714827 -4.497067486707768e-15
outer loop
vertex 175.32127595 -83.6597437499999 5.25
vertex 175.53996566877365 -86.787101418841 1.5
vertex 175.517381491479 -86.46413790481346 1.5
endloop
endfacet
facet normal 0.9975639710794394 0.06975760606714827 -4.497067486707768e-15
outer loop
vertex 175.32127595 -83.6597437499999 5.25
vertex 175.517381491479 -86.46413790481346 1.5
vertex 175.4938296693029 -86.12733665000032 1.5
endloop
endfacet
facet normal 0.9975639710794394 0.06975760606714827 -4.497067486707768e-15
outer loop
vertex 175.32127595 -83.6597437499999 5.25
vertex 175.4938296693029 -86.12733665000032 1.5
vertex 175.32127595 -83.65974374999972 1.5
endloop
endfacet
facet normal 0.8640791128932056 -0.5033560237661718 0
outer loop
vertex 175.40660667498386 -88.55603461770015 5.25
vertex 175.23501458121476 -88.85059579738791 5.25
vertex 175.23501458121473 -88.85059579738797 1.5
endloop
endfacet
facet normal 0.8640791128932056 -0.5033560237661718 0
outer loop
vertex 175.40660667498386 -88.55603461770015 5.25
vertex 175.23501458121473 -88.85059579738797 1.5
vertex 175.40660667498383 -88.5560346177002 1.5
endloop
endfacet
facet normal 0.10452835893224237 -0.9945219063343614 0
outer loop
vertex 173.80798770000007 -89.68931049999999 5.25
vertex 154.1217031000002 -91.75842029999997 5.25
vertex 154.12170309999993 -91.75842030000003 1.5
endloop
endfacet
facet normal 0.10452835893224237 -0.9945219063343614 0
outer loop
vertex 173.80798770000007 -89.68931049999999 5.25
vertex 154.12170309999993 -91.75842030000003 1.5
vertex 173.8079877 -89.6893105 1.5
endloop
endfacet
facet normal 0.7771407891672457 -0.6293267782420437 0
outer loop
vertex 153.9679987347719 -91.83338475094072 5.25
vertex 153.94057410984152 -91.86725077316932 5.25
vertex 153.94057410984158 -91.86725077316925 1.5
endloop
endfacet
facet normal 0.7771407891672457 -0.6293267782420437 0
outer loop
vertex 153.9679987347719 -91.83338475094072 5.25
vertex 153.94057410984158 -91.86725077316925 1.5
vertex 153.9679987347718 -91.8333847509408 1.5
endloop
endfacet
facet normal 0.9945218428024372 0.10452896339696653 3.913131885760187e-16
outer loop
vertex 153.89920155000002 -92.03318015000006 5.25
vertex 154.5002434 -97.75168369999993 5.25
vertex 154.5002434 -97.75168369999992 1.5
endloop
endfacet
facet normal 0.9945218428024372 0.10452896339696653 3.913131885760187e-16
outer loop
vertex 153.89920155000002 -92.03318015000006 5.25
vertex 154.5002434 -97.75168369999992 1.5
vertex 154.26950826995326 -95.5563962 1.5
endloop
endfacet
facet normal 0.9945218428024372 0.10452896339696653 3.913131885760187e-16
outer loop
vertex 153.89920155000002 -92.03318015000006 5.25
vertex 154.26950826995326 -95.5563962 1.5
vertex 154.26564006061102 -95.51959282456812 1.5
endloop
endfacet
facet normal 0.9945218428024372 0.10452896339696653 3.913131885760187e-16
outer loop
vertex 153.89920155000002 -92.03318015000006 5.25
vertex 154.26564006061102 -95.51959282456812 1.5
vertex 154.2559811475227 -95.42769484976883 1.5
endloop
endfacet
facet normal 0.9945218428024372 0.10452896339696653 3.913131885760187e-16
outer loop
vertex 153.89920155000002 -92.03318015000006 5.25
vertex 154.2559811475227 -95.42769484976883 1.5
vertex 154.24080288101632 -95.28328398902804 1.5
endloop
endfacet
facet normal 0.9945218428024372 0.10452896339696653 3.913131885760187e-16
outer loop
vertex 153.89920155000002 -92.03318015000006 5.25
vertex 154.24080288101632 -95.28328398902804 1.5
vertex 154.22053135422172 -95.09041422806403 1.5
endloop
endfacet
facet normal 0.9945218428024372 0.10452896339696653 3.913131885760187e-16
outer loop
vertex 153.89920155000002 -92.03318015000006 5.25
vertex 154.22053135422172 -95.09041422806403 1.5
vertex 154.19573564123556 -94.85449991904206 1.5
endloop
endfacet
facet normal 0.9945218428024372 0.10452896339696653 3.913131885760187e-16
outer loop
vertex 153.89920155000002 -92.03318015000006 5.25
vertex 154.19573564123556 -94.85449991904206 1.5
vertex 154.1671118217419 -94.58216378572793 1.5
endloop
endfacet
facet normal 0.9945218428024372 0.10452896339696653 3.913131885760187e-16
outer loop
vertex 153.89920155000002 -92.03318015000006 5.25
vertex 154.1671118217419 -94.58216378572793 1.5
vertex 154.13546344025846 -94.28105100653468 1.5
endloop
endfacet
facet normal 0.9945218428024372 0.10452896339696653 3.913131885760187e-16
outer loop
vertex 153.89920155000002 -92.03318015000006 5.25
vertex 154.13546344025846 -94.28105100653468 1.5
vertex 154.10167894856698 -93.95961459462328 1.5
endloop
endfacet
facet normal 0.9945218428024372 0.10452896339696653 3.913131885760187e-16
outer loop
vertex 153.89920155000002 -92.03318015000006 5.25
vertex 154.10167894856698 -93.95961459462328 1.5
vertex 154.06670676457824 -93.62687810000011 1.5
endloop
endfacet
facet normal 0.9945218428024372 0.10452896339696653 3.913131885760187e-16
outer loop
vertex 153.89920155000002 -92.03318015000006 5.25
vertex 154.06670676457824 -93.62687810000011 1.5
vertex 153.89920155000002 -92.03318015000008 1.5
endloop
endfacet
facet normal 0.10452873414591571 -0.9945218668977835 0
outer loop
vertex 152.72025556497852 -99.94978250080302 5.25
vertex 145.01271190000023 -100.75988009999996 5.25
vertex 145.01271189999986 -100.75988010000003 1.5
endloop
endfacet
facet normal 0.10452873414591571 -0.9945218668977835 0
outer loop
vertex 152.72025556497852 -99.94978250080302 5.25
vertex 145.01271189999986 -100.75988010000003 1.5
vertex 152.72026169999984 -99.94978185000004 1.5
endloop
endfacet
facet normal 0.8191509937495322 -0.5735779366739571 0
outer loop
vertex 145.00564409577643 -106.82623298550608 5.25
vertex 144.82341736386752 -107.08647871496444 5.25
vertex 144.8234173638674 -107.08647871496458 1.5
endloop
endfacet
facet normal 0.8191509937495322 -0.5735779366739571 0
outer loop
vertex 145.00564409577643 -106.82623298550608 5.25
vertex 144.8234173638674 -107.08647871496458 1.5
vertex 145.00564409577635 -106.82623298550622 1.5
endloop
endfacet
facet normal 0.9702957132473451 0.24192194785472862 3.6019592788213424e-15
outer loop
vertex 131.04613594999998 -111.18230414999987 5.25
vertex 143.2631941 -160.18223680000003 5.25
vertex 143.26319409999996 -160.18223679999986 1.5
endloop
endfacet
facet normal 0.9702957132473451 0.24192194785472862 3.6019592788213424e-15
outer loop
vertex 131.04613594999998 -111.18230414999987 5.25
vertex 143.26319409999996 -160.18223679999986 1.5
vertex 139.33135624115576 -144.41250010000007 1.5
endloop
endfacet
facet normal 0.9702957132473451 0.24192194785472862 3.6019592788213424e-15
outer loop
vertex 131.04613594999998 -111.18230414999987 5.25
vertex 139.33135624115576 -144.41250010000007 1.5
vertex 139.31808154991566 -144.35925823369078 1.5
endloop
endfacet
facet normal 0.9702957132473451 0.24192194785472862 3.6019592788213424e-15
outer loop
vertex 131.04613594999998 -111.18230414999987 5.25
vertex 139.31808154991566 -144.35925823369078 1.5
vertex 131.04613595 -111.18230414999994 1.5
endloop
endfacet
facet normal -0.9996573247744036 0.026176955989626546 0
outer loop
vertex 262.89717179999997 -163.4755171500001 5.25
vertex 263.1131315021931 -155.228351274824 5.25
vertex 263.1131315021902 -155.22835127482395 1.5000000000000009
endloop
endfacet
facet normal -0.9996573247744036 0.026176955989626546 0
outer loop
vertex 262.89717179999997 -163.4755171500001 5.25
vertex 263.1131315021902 -155.22835127482395 1.5000000000000009
vertex 262.8971717999999 -163.4755171500007 1.5
endloop
endfacet
facet normal -0.9996573247744039 0.026176955989603196 2.528838927727243e-14
outer loop
vertex 263.29637019475285 -148.2307499772474 5.25
vertex 264.637939188771 -96.99831209970701 5.25
vertex 264.63793919212816 -96.99831197149818 1.5
endloop
endfacet
facet normal -0.9996573247744039 0.026176955989603196 2.528838927727243e-14
outer loop
vertex 263.29637019475285 -148.2307499772474 5.25
vertex 264.63793919212816 -96.99831197149818 1.5
vertex 264.61821145334 -97.75168369999992 1.5
endloop
endfacet
facet normal -0.9996573247744039 0.026176955989603196 2.528838927727243e-14
outer loop
vertex 263.29637019475285 -148.2307499772474 5.25
vertex 264.61821145334 -97.75168369999992 1.5
vertex 264.6090838957408 -98.1002509595 1.5
endloop
endfacet
facet normal -0.9996573247744039 0.026176955989603196 2.528838927727243e-14
outer loop
vertex 263.29637019475285 -148.2307499772474 5.25
vertex 264.6090838957408 -98.1002509595 1.5
vertex 264.60006729154776 -98.44458108060941 1.5
endloop
endfacet
facet normal -0.9996573247744039 0.026176955989603196 2.528838927727243e-14
outer loop
vertex 263.29637019475285 -148.2307499772474 5.25
vertex 264.60006729154776 -98.44458108060941 1.5
vertex 264.5914356529607 -98.77420996266156 1.5
endloop
endfacet
facet normal -0.9996573247744039 0.026176955989603196 2.528838927727243e-14
outer loop
vertex 263.29637019475285 -148.2307499772474 5.25
vertex 264.5914356529607 -98.77420996266156 1.5
vertex 264.58345124680153 -99.07912204274218 1.5
endloop
endfacet
facet normal -0.9996573247744039 0.026176955989603196 2.528838927727243e-14
outer loop
vertex 263.29637019475285 -148.2307499772474 5.25
vertex 264.58345124680153 -99.07912204274218 1.5
vertex 264.57635667414854 -99.35005276216926 1.5
endloop
endfacet
facet normal -0.9996573247744039 0.026176955989603196 2.528838927727243e-14
outer loop
vertex 263.29637019475285 -148.2307499772474 5.25
vertex 264.57635667414854 -99.35005276216926 1.5
vertex 264.57036749905774 -99.5787700641851 1.5
endloop
endfacet
facet normal -0.9996573247744039 0.026176955989603196 2.528838927727243e-14
outer loop
vertex 263.29637019475285 -148.2307499772474 5.25
vertex 264.57036749905774 -99.5787700641851 1.5
vertex 264.56566569878635 -99.7583245197431 1.5
endloop
endfacet
facet normal -0.9996573247744039 0.026176955989603196 2.528838927727243e-14
outer loop
vertex 263.29637019475285 -148.2307499772474 5.25
vertex 264.56566569878635 -99.7583245197431 1.5
vertex 264.56239413453085 -99.88326048146457 1.5
endloop
endfacet
facet normal -0.9996573247744039 0.026176955989603196 2.528838927727243e-14
outer loop
vertex 263.29637019475285 -148.2307499772474 5.25
vertex 264.56239413453085 -99.88326048146457 1.5
vertex 264.5606522106802 -99.94978185000004 1.5
endloop
endfacet
facet normal -0.9996573247744039 0.026176955989603196 2.528838927727243e-14
outer loop
vertex 263.29637019475285 -148.2307499772474 5.25
vertex 264.5606522106802 -99.94978185000004 1.5
vertex 264.4125972612425 -105.60377060000032 1.5
endloop
endfacet
facet normal -0.9996573247744039 0.026176955989603196 2.528838927727243e-14
outer loop
vertex 263.29637019475285 -148.2307499772474 5.25
vertex 264.4125972612425 -105.60377060000032 1.5
vertex 264.40428046457487 -105.92137615775728 1.5
endloop
endfacet
facet normal -0.9996573247744039 0.026176955989603196 2.528838927727243e-14
outer loop
vertex 263.29637019475285 -148.2307499772474 5.25
vertex 264.40428046457487 -105.92137615775728 1.5
vertex 264.39603551845113 -106.23623785474919 1.5
endloop
endfacet
facet normal -0.9996573247744039 0.026176955989603196 2.528838927727243e-14
outer loop
vertex 263.29637019475285 -148.2307499772474 5.25
vertex 264.39603551845113 -106.23623785474919 1.5
vertex 264.3880703495143 -106.54041529516454 1.5
endloop
endfacet
facet normal -0.9996573247744039 0.026176955989603196 2.528838927727243e-14
outer loop
vertex 263.29637019475285 -148.2307499772474 5.25
vertex 264.3880703495143 -106.54041529516454 1.5
vertex 264.3805859476941 -106.82623298550622 1.5
endloop
endfacet
facet normal -0.9996573247744039 0.026176955989603196 2.528838927727243e-14
outer loop
vertex 263.29637019475285 -148.2307499772474 5.25
vertex 264.3805859476941 -106.82623298550622 1.5
vertex 264.37377117143257 -107.08647871496458 1.5
endloop
endfacet
facet normal -0.9996573247744039 0.026176955989603196 2.528838927727243e-14
outer loop
vertex 263.29637019475285 -148.2307499772474 5.25
vertex 264.37377117143257 -107.08647871496458 1.5
vertex 264.36779798210466 -107.31458554550126 1.5
endloop
endfacet
facet normal -0.9996573247744039 0.026176955989603196 2.528838927727243e-14
outer loop
vertex 263.29637019475285 -148.2307499772474 5.25
vertex 264.36779798210466 -107.31458554550126 1.5
vertex 264.3628171048128 -107.50479751936899 1.5
endloop
endfacet
facet normal -0.9996573247744039 0.026176955989603196 2.528838927727243e-14
outer loop
vertex 263.29637019475285 -148.2307499772474 5.25
vertex 264.3628171048128 -107.50479751936899 1.5
vertex 264.35895422504893 -107.65231490268116 1.5
endloop
endfacet
facet normal -0.9996573247744039 0.026176955989603196 2.528838927727243e-14
outer loop
vertex 263.29637019475285 -148.2307499772474 5.25
vertex 264.35895422504893 -107.65231490268116 1.5
vertex 264.3563068171967 -107.75341530000007 1.5
endloop
endfacet
facet normal -0.9996573247744039 0.026176955989603196 2.528838927727243e-14
outer loop
vertex 263.29637019475285 -148.2307499772474 5.25
vertex 264.3563068171967 -107.75341530000007 1.5
vertex 263.39774880367565 -144.35925823369078 1.5
endloop
endfacet
facet normal -0.9996573247744039 0.026176955989603196 2.528838927727243e-14
outer loop
vertex 263.29637019475285 -148.2307499772474 5.25
vertex 263.39774880367565 -144.35925823369078 1.5
vertex 263.39771093216507 -144.3607044879047 1.5
endloop
endfacet
facet normal -0.9996573247744039 0.026176955989603196 2.528838927727243e-14
outer loop
vertex 263.29637019475285 -148.2307499772474 5.25
vertex 263.39771093216507 -144.3607044879047 1.5
vertex 263.3962420414704 -144.4167991439405 1.5
endloop
endfacet
facet normal -0.9996573247744039 0.026176955989603196 2.528838927727243e-14
outer loop
vertex 263.29637019475285 -148.2307499772474 5.25
vertex 263.3962420414704 -144.4167991439405 1.5
vertex 263.39338242117924 -144.5260036049647 1.5
endloop
endfacet
facet normal -0.9996573247744039 0.026176955989603196 2.528838927727243e-14
outer loop
vertex 263.29637019475285 -148.2307499772474 5.25
vertex 263.39338242117924 -144.5260036049647 1.5
vertex 263.3892105066194 -144.68532254754 1.5
endloop
endfacet
facet normal -0.9996573247744039 0.026176955989603196 2.528838927727243e-14
outer loop
vertex 263.29637019475285 -148.2307499772474 5.25
vertex 263.3892105066194 -144.68532254754 1.5
vertex 263.38384072748846 -144.8903860790976 1.5
endloop
endfacet
facet normal -0.9996573247744039 0.026176955989603196 2.528838927727243e-14
outer loop
vertex 263.29637019475285 -148.2307499772474 5.25
vertex 263.38384072748846 -144.8903860790976 1.5
vertex 263.3774203692099 -145.1355695978907 1.5
endloop
endfacet
facet normal -0.9996573247744039 0.026176955989603196 2.528838927727243e-14
outer loop
vertex 263.29637019475285 -148.2307499772474 5.25
vertex 263.3774203692099 -145.1355695978907 1.5
vertex 263.37012553310274 -145.4141480678418 1.5
endloop
endfacet
facet normal -0.9996573247744039 0.026176955989603196 2.528838927727243e-14
outer loop
vertex 263.29637019475285 -148.2307499772474 5.25
vertex 263.37012553310274 -145.4141480678418 1.5
vertex 263.3621563061722 -145.71848047673942 1.5
endloop
endfacet
facet normal -0.9996573247744039 0.026176955989603196 2.528838927727243e-14
outer loop
vertex 263.29637019475285 -148.2307499772474 5.25
vertex 263.3621563061722 -145.71848047673942 1.5
vertex 263.353731273007 -146.04021941836427 1.5
endloop
endfacet
facet normal -0.9996573247744039 0.026176955989603196 2.528838927727243e-14
outer loop
vertex 263.29637019475285 -148.2307499772474 5.25
vertex 263.353731273007 -146.04021941836427 1.5
vertex 263.34508152031424 -146.37054005000016 1.5
endloop
endfacet
facet normal -0.9996573247744039 0.026176955989603196 2.528838927727243e-14
outer loop
vertex 263.29637019475285 -148.2307499772474 5.25
vertex 263.34508152031424 -146.37054005000016 1.5
vertex 263.2963701947501 -148.2307499772474 1.5000000000000009
endloop
endfacet
facet normal -0.026176887801565043 -0.9996573265599689 6.015175578279752e-15
outer loop
vertex 264.39457460000006 -96.74185105000001 5.25
vertex 232.90536346978806 -95.91727894432465 5.25
vertex 232.9053634697879 -95.91727894432465 4.5
endloop
endfacet
facet normal -0.026176887801565043 -0.9996573265599689 6.015175578279752e-15
outer loop
vertex 264.39457460000006 -96.74185105000001 5.25
vertex 232.9053634697879 -95.91727894432465 4.5
vertex 232.9053634697879 -95.91727894432465 1.5
endloop
endfacet
facet normal -0.026176887801565043 -0.9996573265599689 6.015175578279752e-15
outer loop
vertex 264.39457460000006 -96.74185105000001 5.25
vertex 232.9053634697879 -95.91727894432465 1.5
vertex 264.39457460000006 -96.74185105000001 1.5
endloop
endfacet
facet normal -0.026176887801511842 -0.9996573265599703 0
outer loop
vertex 232.9053634697879 -95.91727894432465 4.5
vertex 226.40759075860845 -95.74712917129634 4.5
vertex 226.40759075860845 -95.74712917129634 1.5
endloop
endfacet
facet normal -0.026176887801511842 -0.9996573265599703 0
outer loop
vertex 232.9053634697879 -95.91727894432465 4.5
vertex 226.40759075860845 -95.74712917129634 1.5
vertex 232.9053634697879 -95.91727894432465 1.5
endloop
endfacet
facet normal -0.02617688780138754 -0.9996573265599736 2.1710156075498678e-15
outer loop
vertex 226.40759075860845 -95.74712917129634 4.5
vertex 226.40759075860743 -95.74712917129631 5.25
vertex 219.1237756 -95.5563962 5.25
endloop
endfacet
facet normal -0.02617688780138754 -0.9996573265599736 2.1710156075498678e-15
outer loop
vertex 226.40759075860845 -95.74712917129634 4.5
vertex 219.1237756 -95.5563962 5.25
vertex 219.1237756000001 -95.5563962 1.5
endloop
endfacet
facet normal -0.02617688780138754 -0.9996573265599736 2.1710156075498678e-15
outer loop
vertex 226.40759075860845 -95.74712917129634 4.5
vertex 219.1237756000001 -95.5563962 1.5
vertex 226.40759075860845 -95.74712917129634 1.5
endloop
endfacet
facet normal 0.06975670720736661 -0.9975640339344566 1.1842391963090958e-15
outer loop
vertex 193.01059640000028 -82.17216554999999 5.25
vertex 187.5240002519241 -82.5558270173816 5.25
vertex 187.5240002519235 -82.55582701738165 4.500000000000002
endloop
endfacet
facet normal 0.06975670720736661 -0.9975640339344566 1.1842391963090958e-15
outer loop
vertex 193.01059640000028 -82.17216554999999 5.25
vertex 187.5240002519235 -82.55582701738165 4.500000000000002
vertex 187.5240002519235 -82.55582701738165 1.5000000000000009
endloop
endfacet
facet normal 0.06975670720736661 -0.9975640339344566 1.1842391963090958e-15
outer loop
vertex 193.01059640000028 -82.17216554999999 5.25
vertex 187.5240002519235 -82.55582701738165 1.5000000000000009
vertex 193.01059639999977 -82.17216555000002 1.5
endloop
endfacet
facet normal 0.0697567072071479 -0.997564033934472 0
outer loop
vertex 187.5240002519235 -82.55582701738165 4.500000000000002
vertex 181.0398340564703 -83.00924561247149 4.500000000000002
vertex 181.0398340564703 -83.00924561247149 1.5000000000000009
endloop
endfacet
facet normal 0.0697567072071479 -0.997564033934472 0
outer loop
vertex 187.5240002519235 -82.55582701738165 4.500000000000002
vertex 181.0398340564703 -83.00924561247149 1.5000000000000009
vertex 187.5240002519235 -82.55582701738165 1.5000000000000009
endloop
endfacet
facet normal 0.06975670720715241 -0.9975640339344717 1.5533080915651842e-12
outer loop
vertex 181.0398340564703 -83.00924561247149 4.500000000000002
vertex 181.03983405645442 -83.00924561247143 5.25
vertex 175.55323189999984 -83.39290750000002 5.25
endloop
endfacet
facet normal 0.06975670720715241 -0.9975640339344717 1.5533080915651842e-12
outer loop
vertex 181.0398340564703 -83.00924561247149 4.500000000000002
vertex 175.55323189999984 -83.39290750000002 5.25
vertex 175.5532319 -83.3929075 1.5
endloop
endfacet
facet normal 0.06975670720715241 -0.9975640339344717 1.5533080915651842e-12
outer loop
vertex 181.0398340564703 -83.00924561247149 4.500000000000002
vertex 175.5532319 -83.3929075 1.5
vertex 181.0398340564703 -83.00924561247149 1.5000000000000009
endloop
endfacet
facet normal 0.24192215353262217 -0.9702956619660517 1.8647964138049717e-14
outer loop
vertex 143.76524909999978 -107.75341530000009 5.25
vertex 142.87177982982797 -107.97618246100873 5.25
vertex 142.8717798298277 -107.97618246100882 4.5
endloop
endfacet
facet normal 0.24192215353262217 -0.9702956619660517 1.8647964138049717e-14
outer loop
vertex 143.76524909999978 -107.75341530000009 5.25
vertex 142.8717798298277 -107.97618246100882 4.5
vertex 142.8717798298277 -107.97618246100882 1.5
endloop
endfacet
facet normal 0.24192215353262217 -0.9702956619660517 1.8647964138049717e-14
outer loop
vertex 143.76524909999978 -107.75341530000009 5.25
vertex 142.8717798298277 -107.97618246100882 1.5
vertex 143.76524909999983 -107.75341530000007 1.5
endloop
endfacet
facet normal 0.24192215353497207 -0.9702956619654658 0
outer loop
vertex 142.8717798298277 -107.97618246100882 4.5
vertex 136.56485805165198 -109.5486764528527 4.5
vertex 136.56485805165198 -109.5486764528527 1.5
endloop
endfacet
facet normal 0.24192215353497207 -0.9702956619654658 0
outer loop
vertex 142.8717798298277 -107.97618246100882 4.5
vertex 136.56485805165198 -109.5486764528527 1.5
vertex 142.8717798298277 -107.97618246100882 1.5
endloop
endfacet
facet normal 0.24192215353493615 -0.9702956619654747 -2.5944346637240897e-12
outer loop
vertex 136.56485805165198 -109.5486764528527 4.5
vertex 136.56485805166008 -109.54867645285269 5.25
vertex 131.2282318999997 -110.87924830000011 5.25
endloop
endfacet
facet normal 0.24192215353493615 -0.9702956619654747 -2.5944346637240897e-12
outer loop
vertex 136.56485805165198 -109.5486764528527 4.5
vertex 131.2282318999997 -110.87924830000011 5.25
vertex 131.22823189999977 -110.87924830000009 1.5
endloop
endfacet
facet normal 0.24192215353493615 -0.9702956619654747 -2.5944346637240897e-12
outer loop
vertex 136.56485805165198 -109.5486764528527 4.5
vertex 131.22823189999977 -110.87924830000009 1.5
vertex 136.56485805165198 -109.5486764528527 1.5
endloop
endfacet
facet normal -0.026176953489454036 -0.9996573248398728 0
outer loop
vertex 232.8791865 -96.916937 5.25
vertex 226.38141380000002 -96.74678576104027 5.25
vertex 226.38141380000002 -96.7467868 4.5
endloop
endfacet
facet normal -0.026176953489454036 -0.9996573248398728 0
outer loop
vertex 232.8791865 -96.916937 5.25
vertex 226.38141380000002 -96.7467868 4.5
vertex 232.8791865 -96.916937 4.5
endloop
endfacet
facet normal 0 0 1
outer loop
vertex 143.1137025 -108.94648129999999 5.25
vertex 140.6984296377678 -109.54867645285269 5.25
vertex 136.8067803 -110.51897359999998 5.25
endloop
endfacet
facet normal 0 0 1
outer loop
vertex 143.1137025 -108.94648129999999 5.25
vertex 136.8067803 -110.51897359999998 5.25
vertex 136.8067803 -110.51897359999998 4.5
endloop
endfacet
facet normal 0 0 1
outer loop
vertex 143.1137025 -108.94648129999999 5.25
vertex 136.8067803 -110.51897359999998 4.5
vertex 143.1137025 -108.94648129999999 4.5
endloop
endfacet
facet normal 0.06975647719332304 -0.9975640500186329 0
outer loop
vertex 187.5937569 -83.5533939 5.25
vertex 181.10959059999996 -84.006811 5.25
vertex 181.10959059999996 -84.006811 4.5
endloop
endfacet
facet normal 0.06975647719332304 -0.9975640500186329 0
outer loop
vertex 187.5937569 -83.5533939 5.25
vertex 181.10959059999996 -84.006811 4.5
vertex 187.5937569 -83.5533939 4.5
endloop
endfacet
facet normal 0 0 -1
outer loop
vertex 187.5937569 -83.5533939 4.5
vertex 181.10959059999996 -84.006811 4.5
vertex 181.0398340564703 -83.00924561247149 4.500000000000002
endloop
endfacet
facet normal 0 0 -1
outer loop
vertex 187.5937569 -83.5533939 4.5
vertex 181.0398340564703 -83.00924561247149 4.500000000000002
vertex 187.5240002519235 -82.55582701738165 4.500000000000002
endloop
endfacet
facet normal 0 0 -1
outer loop
vertex 232.9053634697879 -95.91727894432465 4.5
vertex 232.8791865 -96.916937 4.5
vertex 226.38141380000002 -96.7467868 4.5
endloop
endfacet
facet normal 0 0 -1
outer loop
vertex 232.9053634697879 -95.91727894432465 4.5
vertex 226.38141380000002 -96.7467868 4.5
vertex 226.40759075860845 -95.74712917129634 4.5
endloop
endfacet
facet normal 0 0 -1
outer loop
vertex 143.1137025 -108.94648129999999 4.5
vertex 136.8067803 -110.51897359999998 4.5
vertex 136.56485805165198 -109.5486764528527 4.5
endloop
endfacet
facet normal 0 0 -1
outer loop
vertex 143.1137025 -108.94648129999999 4.5
vertex 136.56485805165198 -109.5486764528527 4.5
vertex 142.8717798298277 -107.97618246100882 4.5
endloop
endfacet
facet normal 0.9996573249141638 -0.026176950652398997 0
outer loop
vertex 232.90536346978806 -95.91727894432465 5.25
vertex 232.8791865 -96.916937 5.25
vertex 232.8791865 -96.916937 4.5
endloop
endfacet
facet normal 0.9996573249141638 -0.026176950652398997 0
outer loop
vertex 232.90536346978806 -95.91727894432465 5.25
vertex 232.8791865 -96.916937 4.5
vertex 232.9053634697879 -95.91727894432465 4.5
endloop
endfacet
facet normal 0 0 1
outer loop
vertex 226.38141380000002 -96.74678576104027 5.25
vertex 226.40313522496587 -95.91727894432465 5.25
vertex 226.40759075860743 -95.74712917129631 5.25
endloop
endfacet
facet normal 0 0 1
outer loop
vertex 226.38141380000002 -96.74678576104027 5.25
vertex 226.40759075860743 -95.74712917129631 5.25
vertex 226.40759075860845 -95.74712917129634 4.5
endloop
endfacet
facet normal 0 0 1
outer loop
vertex 226.38141380000002 -96.74678576104027 5.25
vertex 226.40759075860845 -95.74712917129634 4.5
vertex 226.38141380000002 -96.7467868 4.5
endloop
endfacet
facet normal 0.9702957266315622 0.24192189417357213 0
outer loop
vertex 142.87177982982797 -107.97618246100873 5.25
vertex 143.1137025 -108.94648129999999 5.25
vertex 143.1137025 -108.94648129999999 4.5
endloop
endfacet
facet normal 0.9702957266315622 0.24192189417357213 0
outer loop
vertex 142.87177982982797 -107.97618246100873 5.25
vertex 143.1137025 -108.94648129999999 4.5
vertex 142.8717798298277 -107.97618246100882 4.5
endloop
endfacet
facet normal -0.9702957266315551 -0.24192189417360055 0
outer loop
vertex 136.8067803 -110.51897359999998 5.25
vertex 136.56485805166008 -109.54867645285269 5.25
vertex 136.56485805165198 -109.5486764528527 4.5
endloop
endfacet
facet normal -0.9702957266315551 -0.24192189417360055 0
outer loop
vertex 136.8067803 -110.51897359999998 5.25
vertex 136.56485805165198 -109.5486764528527 4.5
vertex 136.8067803 -110.51897359999998 4.5
endloop
endfacet
facet normal -0.9975640519108321 -0.06975645013361034 0
outer loop
vertex 181.10959059999996 -84.006811 5.25
vertex 181.03983405645442 -83.00924561247143 5.25
vertex 181.0398340564703 -83.00924561247149 4.500000000000002
endloop
endfacet
facet normal -0.9975640519108321 -0.06975645013361034 0
outer loop
vertex 181.10959059999996 -84.006811 5.25
vertex 181.0398340564703 -83.00924561247149 4.500000000000002
vertex 181.10959059999996 -84.006811 4.5
endloop
endfacet
facet normal 0 0 1
outer loop
vertex 187.5240002519241 -82.5558270173816 5.25
vertex 187.55570635797056 -83.00924561247143 5.25
vertex 187.5937569 -83.5533939 5.25
endloop
endfacet
facet normal 0 0 1
outer loop
vertex 187.5240002519241 -82.5558270173816 5.25
vertex 187.5937569 -83.5533939 5.25
vertex 187.5937569 -83.5533939 4.5
endloop
endfacet
facet normal 0 0 1
outer loop
vertex 187.5240002519241 -82.5558270173816 5.25
vertex 187.5937569 -83.5533939 4.5
vertex 187.5240002519235 -82.55582701738165 4.500000000000002
endloop
endfacet
endsolid csg.js
