solid csg.js
facet normal 0 0 -1
outer loop
vertex 143.41900631765327 -31.38497550087895 0
vertex 143.72853890658888 -31.436773792659565 0
vertex 144.0261575808281 -31.536355976751878 0
endloop
endfacet
facet normal 0 0 -1
outer loop
vertex 143.41900631765327 -31.38497550087895 0
vertex 144.0261575808281 -31.536355976751878 0
vertex 144.304533965142 -31.68127000402623 0
endloop
endfacet
facet normal 0 0 -1
outer loop
vertex 143.41900631765327 -31.38497550087895 0
vertex 144.304533965142 -31.68127000402623 0
vertex 144.55681349435784 -31.867947602530037 0
endloop
endfacet
facet normal 0 0 -1
outer loop
vertex 143.41900631765327 -31.38497550087895 0
vertex 144.55681349435784 -31.867947602530037 0
vertex 144.7767841958654 -32.09179214037473 0
endloop
endfacet
facet normal 0 0 -1
outer loop
vertex 143.41900631765327 -31.38497550087895 0
vertex 144.7767841958654 -32.09179214037473 0
vertex 144.95902964932668 -32.34729181031042 0
endloop
endfacet
facet normal 0 0 -1
outer loop
vertex 143.41900631765327 -31.38497550087895 0
vertex 144.95902964932668 -32.34729181031042 0
vertex 145.09906235720769 -32.6281553490051 0
endloop
endfacet
facet normal 0 0 -1
outer loop
vertex 143.41900631765327 -31.38497550087895 0
vertex 145.09906235720769 -32.6281553490051 0
vertex 145.19343424209737 -32.9274669491591 0
endloop
endfacet
facet normal 0 0 -1
outer loop
vertex 143.41900631765327 -31.38497550087895 0
vertex 145.19343424209737 -32.9274669491591 0
vertex 145.2398231 -33.23785310000006 0
endloop
endfacet
facet normal 0 0 -1
outer loop
vertex 143.41900631765327 -31.38497550087895 0
vertex 145.2398231 -33.23785310000006 0
vertex 145.42710415000005 -35.91604630000033 0
endloop
endfacet
facet normal 0 0 -1
outer loop
vertex 143.41900631765327 -31.38497550087895 0
vertex 145.42710415000005 -35.91604630000033 0
vertex 122.87215631097988 -35.91604630000033 0
endloop
endfacet
facet normal 0 0 -1
outer loop
vertex 143.41900631765327 -31.38497550087895 0
vertex 122.87215631097988 -35.91604630000033 0
vertex 122.79462860000001 -34.80737140000006 0
endloop
endfacet
facet normal 0 0 -1
outer loop
vertex 143.41900631765327 -31.38497550087895 0
vertex 122.79462860000001 -34.80737140000006 0
vertex 122.79736755087895 -34.49354663234673 0
endloop
endfacet
facet normal 0 0 -1
outer loop
vertex 143.41900631765327 -31.38497550087895 0
vertex 122.79736755087895 -34.49354663234673 0
vertex 122.84916584265956 -34.18401404341115 0
endloop
endfacet
facet normal 0 0 -1
outer loop
vertex 143.41900631765327 -31.38497550087895 0
vertex 122.84916584265956 -34.18401404341115 0
vertex 122.94874802675186 -33.886395369171936 0
endloop
endfacet
facet normal 0 0 -1
outer loop
vertex 143.41900631765327 -31.38497550087895 0
vertex 122.94874802675186 -33.886395369171936 0
vertex 123.09366205402624 -33.60801898485796 0
endloop
endfacet
facet normal 0 0 -1
outer loop
vertex 143.41900631765327 -31.38497550087895 0
vertex 123.09366205402624 -33.60801898485796 0
vertex 123.28033965253015 -33.35573945564203 0
endloop
endfacet
facet normal 0 0 -1
outer loop
vertex 143.41900631765327 -31.38497550087895 0
vertex 123.28033965253015 -33.35573945564203 0
vertex 123.50418419037462 -33.135768754134666 0
endloop
endfacet
facet normal 0 0 -1
outer loop
vertex 143.41900631765327 -31.38497550087895 0
vertex 123.50418419037462 -33.135768754134666 0
vertex 123.75968386031036 -32.95352330067334 0
endloop
endfacet
facet normal 0 0 -1
outer loop
vertex 143.41900631765327 -31.38497550087895 0
vertex 123.75968386031036 -32.95352330067334 0
vertex 124.04054739900499 -32.81349059279237 0
endloop
endfacet
facet normal 0 0 -1
outer loop
vertex 143.41900631765327 -31.38497550087895 0
vertex 124.04054739900499 -32.81349059279237 0
vertex 124.33985899915923 -32.71911870790259 0
endloop
endfacet
facet normal 0 0 -1
outer loop
vertex 143.41900631765327 -31.38497550087895 0
vertex 124.33985899915923 -32.71911870790259 0
vertex 124.65024719999985 -32.67273280000001 0
endloop
endfacet
facet normal 0 0 -1
outer loop
vertex 143.41900631765327 -31.38497550087895 0
vertex 124.65024719999985 -32.67273280000001 0
vertex 143.10518155000003 -31.382236550000002 0
endloop
endfacet
facet normal 0 0 -1
outer loop
vertex 145.42710415000005 -35.91604630000033 0
vertex 145.47977702988595 -36.25284755481354 0
vertex 122.89570823800629 -36.25284755481354 0
endloop
endfacet
facet normal 0 0 -1
outer loop
vertex 145.42710415000005 -35.91604630000033 0
vertex 122.89570823800629 -36.25284755481354 0
vertex 122.87215631097988 -35.91604630000033 0
endloop
endfacet
facet normal 0 0 -1
outer loop
vertex 145.47977702988595 -36.25284755481354 0
vertex 145.58888287815432 -36.57581106884084 0
vertex 122.91829251584332 -36.57581106884084 0
endloop
endfacet
facet normal 0 0 -1
outer loop
vertex 145.47977702988595 -36.25284755481354 0
vertex 122.91829251584332 -36.57581106884084 0
vertex 122.89570823800629 -36.25284755481354 0
endloop
endfacet
facet normal 0 0 -1
outer loop
vertex 145.58888287815432 -36.57581106884084 0
vertex 145.75125191030884 -36.87555398354705 0
vertex 122.93925301748325 -36.87555398354705 0
endloop
endfacet
facet normal 0 0 -1
outer loop
vertex 145.58888287815432 -36.57581106884084 0
vertex 122.93925301748325 -36.87555398354705 0
vertex 122.91829251584332 -36.57581106884084 0
endloop
endfacet
facet normal 0 0 -1
outer loop
vertex 145.75125191030884 -36.87555398354705 0
vertex 145.91550568238821 -37.08411890000001 0
vertex 122.9538376 -37.08411890000001 0
endloop
endfacet
facet normal 0 0 -1
outer loop
vertex 145.75125191030884 -36.87555398354705 0
vertex 122.9538376 -37.08411890000001 0
vertex 122.93925301748325 -36.87555398354705 0
endloop
endfacet
facet normal 0 0 -1
outer loop
vertex 145.91550568238821 -37.08411890000001 0
vertex 145.9621669196278 -37.143368054057596 0
vertex 122.95291781510886 -37.143368054057596 0
endloop
endfacet
facet normal 0 0 -1
outer loop
vertex 145.91550568238821 -37.08411890000001 0
vertex 122.95291781510886 -37.143368054057596 0
vertex 122.9538376 -37.08411890000001 0
endloop
endfacet
facet normal 0 0 -1
outer loop
vertex 145.9621669196278 -37.143368054057596 0
vertex 146.21550032324342 -37.37147264439255 0
vertex 122.9493767155079 -37.37147264439255 0
endloop
endfacet
facet normal 0 0 -1
outer loop
vertex 145.9621669196278 -37.143368054057596 0
vertex 122.9493767155079 -37.37147264439255 0
vertex 122.95291781510886 -37.143368054057596 0
endloop
endfacet
facet normal 0 0 -1
outer loop
vertex 146.21550032324342 -37.37147264439255 0
vertex 146.30038282606444 -37.42497253769998 0
vertex 122.94854618223997 -37.42497253769998 0
endloop
endfacet
facet normal 0 0 -1
outer loop
vertex 146.21550032324342 -37.37147264439255 0
vertex 122.94854618223997 -37.42497253769998 0
vertex 122.9493767155079 -37.37147264439255 0
endloop
endfacet
facet normal 0 0 -1
outer loop
vertex 146.30038282606444 -37.42497253769998 0
vertex 146.50389218300438 -37.553240773455336 0
vertex 122.92438729194208 -37.553240773455336 0
endloop
endfacet
facet normal 0 0 -1
outer loop
vertex 146.30038282606444 -37.42497253769998 0
vertex 122.92438729194208 -37.553240773455336 0
vertex 122.94854618223997 -37.42497253769998 0
endloop
endfacet
facet normal 0 0 -1
outer loop
vertex 146.50389218300438 -37.553240773455336 0
vertex 146.81896402919082 -37.683391644601244 0
vertex 122.89987381360763 -37.683391644601244 0
endloop
endfacet
facet normal 0 0 -1
outer loop
vertex 146.50389218300438 -37.553240773455336 0
vertex 122.89987381360763 -37.683391644601244 0
vertex 122.92438729194208 -37.553240773455336 0
endloop
endfacet
facet normal 0 0 -1
outer loop
vertex 146.81896402919082 -37.683391644601244 0
vertex 147.15156227499546 -37.75814406534514 0
vertex 122.88579444686793 -37.75814406534514 0
endloop
endfacet
facet normal 0 0 -1
outer loop
vertex 146.81896402919082 -37.683391644601244 0
vertex 122.88579444686793 -37.75814406534514 0
vertex 122.89987381360763 -37.683391644601244 0
endloop
endfacet
facet normal 0 0 -1
outer loop
vertex 147.15156227499546 -37.75814406534514 0
vertex 147.18787741497147 -37.759976380010215 0
vertex 122.88544933657056 -37.759976380010215 0
endloop
endfacet
facet normal 0 0 -1
outer loop
vertex 147.15156227499546 -37.75814406534514 0
vertex 122.88544933657056 -37.759976380010215 0
vertex 122.88579444686793 -37.75814406534514 0
endloop
endfacet
facet normal 0 0 -1
outer loop
vertex 147.18787741497147 -37.759976380010215 0
vertex 147.4920283000001 -37.77532260000001 0
vertex 122.87972862847768 -37.77532260000001 0
endloop
endfacet
facet normal 0 0 -1
outer loop
vertex 147.18787741497147 -37.759976380010215 0
vertex 122.87972862847768 -37.77532260000001 0
vertex 122.88544933657056 -37.759976380010215 0
endloop
endfacet
facet normal 0 0 -1
outer loop
vertex 167.15410278423496 -37.11911461298729 0
vertex 167.49379022149543 -37.19753763983986 0
vertex 167.81469905209747 -37.33375529146678 0
endloop
endfacet
facet normal 0 0 -1
outer loop
vertex 167.15410278423496 -37.11911461298729 0
vertex 167.81469905209747 -37.33375529146678 0
vertex 168.10707864364656 -37.52362867195743 0
endloop
endfacet
facet normal 0 0 -1
outer loop
vertex 167.15410278423496 -37.11911461298729 0
vertex 168.10707864364656 -37.52362867195743 0
vertex 168.362045208458 -37.76138858658001 0
endloop
endfacet
facet normal 0 0 -1
outer loop
vertex 167.15410278423496 -37.11911461298729 0
vertex 168.362045208458 -37.76138858658001 0
vertex 168.37254525625116 -37.77532260000001 0
endloop
endfacet
facet normal 0 0 -1
outer loop
vertex 167.15410278423496 -37.11911461298729 0
vertex 168.37254525625116 -37.77532260000001 0
vertex 147.4920283000001 -37.77532260000001 0
endloop
endfacet
facet normal 0 0 -1
outer loop
vertex 167.15410278423496 -37.11911461298729 0
vertex 147.4920283000001 -37.77532260000001 0
vertex 166.80595795000016 -37.10086905 0
endloop
endfacet
facet normal 0 0 -1
outer loop
vertex 147.4920283000001 -37.77532260000001 0
vertex 168.37254525625116 -37.77532260000001 0
vertex 168.571851732398 -38.03981083548543 0
endloop
endfacet
facet normal 0 0 -1
outer loop
vertex 147.4920283000001 -37.77532260000001 0
vertex 168.571851732398 -38.03981083548543 0
vertex 168.59202263798065 -38.07939837945116 0
endloop
endfacet
facet normal 0 0 -1
outer loop
vertex 147.4920283000001 -37.77532260000001 0
vertex 168.59202263798065 -38.07939837945116 0
vertex 122.76637636495536 -38.07939837945116 0
endloop
endfacet
facet normal 0 0 -1
outer loop
vertex 147.4920283000001 -37.77532260000001 0
vertex 122.76637636495536 -38.07939837945116 0
vertex 122.87972862847768 -37.77532260000001 0
endloop
endfacet
facet normal 0 0 -1
outer loop
vertex 168.59202263798065 -38.07939837945116 0
vertex 168.73012336350217 -38.35043571691118 0
vertex 168.73731506586708 -38.373958625304795 0
endloop
endfacet
facet normal 0 0 -1
outer loop
vertex 168.59202263798065 -38.07939837945116 0
vertex 168.73731506586708 -38.373958625304795 0
vertex 122.59478659877244 -38.373958625304795 0
endloop
endfacet
facet normal 0 0 -1
outer loop
vertex 168.59202263798065 -38.07939837945116 0
vertex 122.59478659877244 -38.373958625304795 0
vertex 122.76637636495536 -38.07939837945116 0
endloop
endfacet
facet normal 0 0 -1
outer loop
vertex 168.73731506586708 -38.373958625304795 0
vertex 168.81715414790796 -38.63509949540601 0
vertex 122.37566509763883 -38.63509949540601 0
endloop
endfacet
facet normal 0 0 -1
outer loop
vertex 168.73731506586708 -38.373958625304795 0
vertex 122.37566509763883 -38.63509949540601 0
vertex 122.59478659877244 -38.373958625304795 0
endloop
endfacet
facet normal 0 0 -1
outer loop
vertex 168.81715414790796 -38.63509949540601 0
vertex 168.8320511082302 -38.68382507041228 0
vertex 168.84478891137294 -38.78756979999997 0
endloop
endfacet
facet normal 0 0 -1
outer loop
vertex 168.81715414790796 -38.63509949540601 0
vertex 168.84478891137294 -38.78756979999997 0
vertex 162.97416460000247 -38.78756979999997 0
endloop
endfacet
facet normal 0 0 -1
outer loop
vertex 168.81715414790796 -38.63509949540601 0
vertex 162.97416460000247 -38.78756979999997 0
vertex 122.19538426966731 -38.78756979999997 0
endloop
endfacet
facet normal 0 0 -1
outer loop
vertex 168.81715414790796 -38.63509949540601 0
vertex 122.19538426966731 -38.78756979999997 0
vertex 122.37566509763883 -38.63509949540601 0
endloop
endfacet
facet normal 0 0 -1
outer loop
vertex 162.97416460000247 -38.78756979999997 0
vertex 162.3498755695651 -38.849056902708234 0
vertex 122.12268194369418 -38.849056902708234 0
endloop
endfacet
facet normal 0 0 -1
outer loop
vertex 162.97416460000247 -38.78756979999997 0
vertex 122.12268194369418 -38.849056902708234 0
vertex 122.19538426966731 -38.78756979999997 0
endloop
endfacet
facet normal 0 0 -1
outer loop
vertex 168.84478891137294 -38.78756979999997 0
vertex 168.852338312805 -38.849056902708234 0
vertex 163.59845363043988 -38.849056902708234 0
endloop
endfacet
facet normal 0 0 -1
outer loop
vertex 168.84478891137294 -38.78756979999997 0
vertex 163.59845363043988 -38.849056902708234 0
vertex 162.97416460000247 -38.78756979999997 0
endloop
endfacet
facet normal 0 0 -1
outer loop
vertex 162.3498755695651 -38.849056902708234 0
vertex 162.32951150596136 -38.855234273862685 0
vertex 122.11537782247937 -38.855234273862685 0
endloop
endfacet
facet normal 0 0 -1
outer loop
vertex 162.3498755695651 -38.849056902708234 0
vertex 122.11537782247937 -38.855234273862685 0
vertex 122.12268194369418 -38.849056902708234 0
endloop
endfacet
facet normal 0 0 -1
outer loop
vertex 162.32951150596136 -38.855234273862685 0
vertex 161.76008616759373 -39.027967561818485 0
vertex 121.82148669037761 -39.027967561818485 0
endloop
endfacet
facet normal 0 0 -1
outer loop
vertex 162.32951150596136 -38.855234273862685 0
vertex 121.82148669037761 -39.027967561818485 0
vertex 122.11537782247937 -38.855234273862685 0
endloop
endfacet
facet normal 0 0 -1
outer loop
vertex 161.76008616759373 -39.027967561818485 0
vertex 161.74957761641545 -39.03115529596794 0
vertex 121.81303585678332 -39.03115529596794 0
endloop
endfacet
facet normal 0 0 -1
outer loop
vertex 161.76008616759373 -39.027967561818485 0
vertex 121.81303585678332 -39.03115529596794 0
vertex 121.82148669037761 -39.027967561818485 0
endloop
endfacet
facet normal 0 0 -1
outer loop
vertex 168.852338312805 -38.849056902708234 0
vertex 168.8745359 -39.02984810000021 0
vertex 168.8745815498466 -39.03115529596794 0
endloop
endfacet
facet normal 0 0 -1
outer loop
vertex 168.852338312805 -38.849056902708234 0
vertex 168.8745815498466 -39.03115529596794 0
vertex 164.1987515835746 -39.03115529596794 0
endloop
endfacet
facet normal 0 0 -1
outer loop
vertex 168.852338312805 -38.849056902708234 0
vertex 164.1987515835746 -39.03115529596794 0
vertex 163.59845363043988 -38.849056902708234 0
endloop
endfacet
facet normal 0 0 -1
outer loop
vertex 161.74957761641545 -39.03115529596794 0
vertex 161.53045069092138 -39.14828107783691 0
vertex 121.5025298842746 -39.14828107783691 0
endloop
endfacet
facet normal 0 0 -1
outer loop
vertex 161.74957761641545 -39.03115529596794 0
vertex 121.5025298842746 -39.14828107783691 0
vertex 121.81303585678332 -39.03115529596794 0
endloop
endfacet
facet normal 0 0 -1
outer loop
vertex 161.53045069092138 -39.14828107783691 0
vertex 161.4099698106708 -39.212679449999996 0
vertex 121.16777380000005 -39.212679449999996 0
endloop
endfacet
facet normal 0 0 -1
outer loop
vertex 161.53045069092138 -39.14828107783691 0
vertex 121.16777380000005 -39.212679449999996 0
vertex 121.5025298842746 -39.14828107783691 0
endloop
endfacet
facet normal 0 0 -1
outer loop
vertex 161.4099698106708 -39.212679449999996 0
vertex 161.1963398543476 -39.326867040627434 0
vertex 120.08134899308706 -39.326867040627434 0
endloop
endfacet
facet normal 0 0 -1
outer loop
vertex 161.4099698106708 -39.212679449999996 0
vertex 120.08134899308706 -39.326867040627434 0
vertex 121.16777380000005 -39.212679449999996 0
endloop
endfacet
facet normal 0 0 -1
outer loop
vertex 168.8745815498466 -39.03115529596794 0
vertex 168.88490838385667 -39.326867040627434 0
vertex 164.7519893456532 -39.326867040627434 0
endloop
endfacet
facet normal 0 0 -1
outer loop
vertex 168.8745815498466 -39.03115529596794 0
vertex 164.7519893456532 -39.326867040627434 0
vertex 164.1987515835746 -39.03115529596794 0
endloop
endfacet
facet normal 0 0 -1
outer loop
vertex 161.1963398543476 -39.326867040627434 0
vertex 160.71142290019083 -39.724828100202735 0
vertex 116.2949938827613 -39.724828100202735 0
endloop
endfacet
facet normal 0 0 -1
outer loop
vertex 161.1963398543476 -39.326867040627434 0
vertex 116.2949938827613 -39.724828100202735 0
vertex 120.08134899308706 -39.326867040627434 0
endloop
endfacet
facet normal 0 0 -1
outer loop
vertex 168.88490838385667 -39.326867040627434 0
vertex 168.89880596445303 -39.724828100202735 0
vertex 165.2369062997924 -39.724828100202735 0
endloop
endfacet
facet normal 0 0 -1
outer loop
vertex 168.88490838385667 -39.326867040627434 0
vertex 165.2369062997924 -39.724828100202735 0
vertex 164.7519893456532 -39.326867040627434 0
endloop
endfacet
facet normal 0 0 -1
outer loop
vertex 160.71142290019083 -39.724828100202735 0
vertex 160.3134618406196 -40.209745054355395 0
vertex 111.68130683157358 -40.209745054355395 0
endloop
endfacet
facet normal 0 0 -1
outer loop
vertex 160.71142290019083 -39.724828100202735 0
vertex 111.68130683157358 -40.209745054355395 0
vertex 116.2949938827613 -39.724828100202735 0
endloop
endfacet
facet normal 0 0 -1
outer loop
vertex 168.89880596445303 -39.724828100202735 0
vertex 168.91574021540734 -40.209745054355395 0
vertex 165.6348673593787 -40.209745054355395 0
endloop
endfacet
facet normal 0 0 -1
outer loop
vertex 168.89880596445303 -39.724828100202735 0
vertex 165.6348673593787 -40.209745054355395 0
vertex 165.2369062997924 -39.724828100202735 0
endloop
endfacet
facet normal 0 0 -1
outer loop
vertex 160.3134618406196 -40.209745054355395 0
vertex 160.01775009597125 -40.76298281643193 0
vertex 106.4175892459908 -40.76298281643193 0
endloop
endfacet
facet normal 0 0 -1
outer loop
vertex 160.3134618406196 -40.209745054355395 0
vertex 106.4175892459908 -40.76298281643193 0
vertex 111.68130683157358 -40.209745054355395 0
endloop
endfacet
facet normal 0 0 -1
outer loop
vertex 168.91574021540734 -40.209745054355395 0
vertex 168.93506036295048 -40.76298281643193 0
vertex 165.93057910403707 -40.76298281643193 0
endloop
endfacet
facet normal 0 0 -1
outer loop
vertex 168.91574021540734 -40.209745054355395 0
vertex 165.93057910403707 -40.76298281643193 0
vertex 165.6348673593787 -40.209745054355395 0
endloop
endfacet
facet normal 0 0 -1
outer loop
vertex 160.01775009597125 -40.76298281643193 0
vertex 159.83565170270987 -41.363280769548645 0
vertex 101.69676208673903 -41.363280769548645 0
endloop
endfacet
facet normal 0 0 -1
outer loop
vertex 160.01775009597125 -40.76298281643193 0
vertex 101.69676208673903 -41.363280769548645 0
vertex 101.96067488113987 -41.26197326853543 0
endloop
endfacet
facet normal 0 0 -1
outer loop
vertex 160.01775009597125 -40.76298281643193 0
vertex 101.96067488113987 -41.26197326853543 0
vertex 102.30289340000002 -41.1954538 0
endloop
endfacet
facet normal 0 0 -1
outer loop
vertex 160.01775009597125 -40.76298281643193 0
vertex 102.30289340000002 -41.1954538 0
vertex 106.4175892459908 -40.76298281643193 0
endloop
endfacet
facet normal 0 0 -1
outer loop
vertex 168.93506036295048 -40.76298281643193 0
vertex 168.9560239446491 -41.363280769548645 0
vertex 166.11267749729132 -41.363280769548645 0
endloop
endfacet
facet normal 0 0 -1
outer loop
vertex 168.93506036295048 -40.76298281643193 0
vertex 166.11267749729132 -41.363280769548645 0
vertex 165.93057910403707 -40.76298281643193 0
endloop
endfacet
facet normal 0 0 -1
outer loop
vertex 159.83565170270987 -41.363280769548645 0
vertex 159.77416460000026 -41.98756979999365 0
vertex 100.91748038656976 -41.98756979999365 0
endloop
endfacet
facet normal 0 0 -1
outer loop
vertex 159.83565170270987 -41.363280769548645 0
vertex 100.91748038656976 -41.98756979999365 0
vertex 101.0732732248725 -41.79518098783103 0
endloop
endfacet
facet normal 0 0 -1
outer loop
vertex 159.83565170270987 -41.363280769548645 0
vertex 101.0732732248725 -41.79518098783103 0
vertex 101.33638126226595 -41.56646368581477 0
endloop
endfacet
facet normal 0 0 -1
outer loop
vertex 159.83565170270987 -41.363280769548645 0
vertex 101.33638126226595 -41.56646368581477 0
vertex 101.6352083712635 -41.38690923025689 0
endloop
endfacet
facet normal 0 0 -1
outer loop
vertex 159.83565170270987 -41.363280769548645 0
vertex 101.6352083712635 -41.38690923025689 0
vertex 101.69676208673903 -41.363280769548645 0
endloop
endfacet
facet normal 0 0 -1
outer loop
vertex 168.9560239446491 -41.363280769548645 0
vertex 168.9778253418142 -41.98756979999365 0
vertex 166.17416460000032 -41.98756979999365 0
endloop
endfacet
facet normal 0 0 -1
outer loop
vertex 168.9560239446491 -41.363280769548645 0
vertex 166.17416460000032 -41.98756979999365 0
vertex 166.11267749729132 -41.363280769548645 0
endloop
endfacet
facet normal 0 0 -1
outer loop
vertex 159.77416460000026 -41.98756979999365 0
vertex 159.8356517027105 -42.61185883045139 0
vertex 100.60193774121439 -42.61185883045139 0
endloop
endfacet
facet normal 0 0 -1
outer loop
vertex 159.77416460000026 -41.98756979999365 0
vertex 100.60193774121439 -42.61185883045139 0
vertex 100.68486363817689 -42.37102378733841 0
endloop
endfacet
facet normal 0 0 -1
outer loop
vertex 159.77416460000026 -41.98756979999365 0
vertex 100.68486363817689 -42.37102378733841 0
vertex 100.85387862864607 -42.06611170725781 0
endloop
endfacet
facet normal 0 0 -1
outer loop
vertex 159.77416460000026 -41.98756979999365 0
vertex 100.85387862864607 -42.06611170725781 0
vertex 100.91748038656976 -41.98756979999365 0
endloop
endfacet
facet normal 0 0 -1
outer loop
vertex 168.9778253418142 -41.98756979999365 0
vertex 168.99962673897974 -42.61185883045139 0
vertex 166.11267749729004 -42.61185883045139 0
endloop
endfacet
facet normal 0 0 -1
outer loop
vertex 168.9778253418142 -41.98756979999365 0
vertex 166.11267749729004 -42.61185883045139 0
vertex 166.17416460000032 -41.98756979999365 0
endloop
endfacet
facet normal 0 0 -1
outer loop
vertex 159.8356517027105 -42.61185883045139 0
vertex 160.0177500959647 -43.21215678356803 0
vertex 100.51974540132146 -43.21215678356803 0
endloop
endfacet
facet normal 0 0 -1
outer loop
vertex 159.8356517027105 -42.61185883045139 0
vertex 100.51974540132146 -43.21215678356803 0
vertex 100.5168273360298 -43.04498279050017 0
endloop
endfacet
facet normal 0 0 -1
outer loop
vertex 159.8356517027105 -42.61185883045139 0
vertex 100.5168273360298 -43.04498279050017 0
vertex 100.57136366593203 -42.70065266939047 0
endloop
endfacet
facet normal 0 0 -1
outer loop
vertex 159.8356517027105 -42.61185883045139 0
vertex 100.57136366593203 -42.70065266939047 0
vertex 100.60193774121439 -42.61185883045139 0
endloop
endfacet
facet normal 0 0 -1
outer loop
vertex 168.99962673897974 -42.61185883045139 0
vertex 169.02059032067837 -43.21215678356803 0
vertex 165.93057910403687 -43.21215678356803 0
endloop
endfacet
facet normal 0 0 -1
outer loop
vertex 168.99962673897974 -42.61185883045139 0
vertex 165.93057910403687 -43.21215678356803 0
vertex 166.11267749729004 -42.61185883045139 0
endloop
endfacet
facet normal 0 0 -1
outer loop
vertex 169.02059032067837 -43.21215678356803 0
vertex 169.03074439999997 -43.50292165000009 0
vertex 165.77516204498482 -43.50292165000009 0
endloop
endfacet
facet normal 0 0 -1
outer loop
vertex 169.02059032067837 -43.21215678356803 0
vertex 165.77516204498482 -43.50292165000009 0
vertex 165.93057910403687 -43.21215678356803 0
endloop
endfacet
facet normal 0 0 -1
outer loop
vertex 160.0177500959647 -43.21215678356803 0
vertex 160.31346184063455 -43.76539454566608 0
vertex 100.56199323369634 -43.76539454566608 0
endloop
endfacet
facet normal 0 0 -1
outer loop
vertex 160.0177500959647 -43.21215678356803 0
vertex 100.56199323369634 -43.76539454566608 0
vertex 100.5229117 -43.39355189999992 0
endloop
endfacet
facet normal 0 0 -1
outer loop
vertex 160.0177500959647 -43.21215678356803 0
vertex 100.5229117 -43.39355189999992 0
vertex 100.51974540132146 -43.21215678356803 0
endloop
endfacet
facet normal 0 0 -1
outer loop
vertex 169.03074439999997 -43.50292165000009 0
vertex 169.06168096178962 -43.76539454566608 0
vertex 165.63486735936533 -43.76539454566608 0
endloop
endfacet
facet normal 0 0 -1
outer loop
vertex 169.03074439999997 -43.50292165000009 0
vertex 165.63486735936533 -43.76539454566608 0
vertex 165.77516204498482 -43.50292165000009 0
endloop
endfacet
facet normal 0 0 -1
outer loop
vertex 169.06168096178962 -43.76539454566608 0
vertex 169.06929066394207 -43.82995700650746 0
vertex 165.58188231707024 -43.82995700650746 0
endloop
endfacet
facet normal 0 0 -1
outer loop
vertex 169.06168096178962 -43.76539454566608 0
vertex 165.58188231707024 -43.82995700650746 0
vertex 165.63486735936533 -43.76539454566608 0
endloop
endfacet
facet normal 0 0 -1
outer loop
vertex 169.06929066394207 -43.82995700650746 0
vertex 169.16097789964664 -44.14623440006993 0
vertex 165.32232016815496 -44.14623440006993 0
endloop
endfacet
facet normal 0 0 -1
outer loop
vertex 169.06929066394207 -43.82995700650746 0
vertex 165.32232016815496 -44.14623440006993 0
vertex 165.58188231707024 -43.82995700650746 0
endloop
endfacet
facet normal 0 0 -1
outer loop
vertex 160.31346184063455 -43.76539454566608 0
vertex 160.71142290021126 -44.250311499807005 0
vertex 100.61295914227101 -44.250311499807005 0
endloop
endfacet
facet normal 0 0 -1
outer loop
vertex 160.31346184063455 -43.76539454566608 0
vertex 100.61295914227101 -44.250311499807005 0
vertex 100.56199323369634 -43.76539454566608 0
endloop
endfacet
facet normal 0 0 -1
outer loop
vertex 169.16097789964664 -44.14623440006993 0
vertex 169.2108679155427 -44.250311499807005 0
vertex 165.23690629980064 -44.250311499807005 0
endloop
endfacet
facet normal 0 0 -1
outer loop
vertex 169.16097789964664 -44.14623440006993 0
vertex 165.23690629980064 -44.250311499807005 0
vertex 165.32232016815496 -44.14623440006993 0
endloop
endfacet
facet normal 0 0 -1
outer loop
vertex 169.2108679155427 -44.250311499807005 0
vertex 169.30332051339866 -44.44317971352042 0
vertex 165.00189570140085 -44.44317971352042 0
endloop
endfacet
facet normal 0 0 -1
outer loop
vertex 169.2108679155427 -44.250311499807005 0
vertex 165.00189570140085 -44.44317971352042 0
vertex 165.23690629980064 -44.250311499807005 0
endloop
endfacet
facet normal 0 0 -1
outer loop
vertex 160.71142290021126 -44.250311499807005 0
vertex 161.19633985430997 -44.64827255934902 0
vertex 100.65478578248991 -44.64827255934902 0
endloop
endfacet
facet normal 0 0 -1
outer loop
vertex 160.71142290021126 -44.250311499807005 0
vertex 100.65478578248991 -44.64827255934902 0
vertex 100.61295914227101 -44.250311499807005 0
endloop
endfacet
facet normal 0 0 -1
outer loop
vertex 169.30332051339866 -44.44317971352042 0
vertex 169.44722401395705 -44.64827255934902 0
vertex 164.75198934566498 -44.64827255934902 0
endloop
endfacet
facet normal 0 0 -1
outer loop
vertex 169.30332051339866 -44.44317971352042 0
vertex 164.75198934566498 -44.64827255934902 0
vertex 165.00189570140085 -44.44317971352042 0
endloop
endfacet
facet normal 0 0 -1
outer loop
vertex 169.44722401395705 -44.64827255934902 0
vertex 169.4924596702858 -44.712742912421646 0
vertex 164.63137379863642 -44.712742912421646 0
endloop
endfacet
facet normal 0 0 -1
outer loop
vertex 169.44722401395705 -44.64827255934902 0
vertex 164.63137379863642 -44.712742912421646 0
vertex 164.75198934566498 -44.64827255934902 0
endloop
endfacet
facet normal 0 0 -1
outer loop
vertex 161.19633985430997 -44.64827255934902 0
vertex 161.7495776164438 -44.94398430403805 0
vertex 100.68586578003502 -44.94398430403805 0
endloop
endfacet
facet normal 0 0 -1
outer loop
vertex 161.19633985430997 -44.64827255934902 0
vertex 100.68586578003502 -44.94398430403805 0
vertex 100.65478578248991 -44.64827255934902 0
endloop
endfacet
facet normal 0 0 -1
outer loop
vertex 169.4924596702858 -44.712742912421646 0
vertex 169.71969879320437 -44.94398430403805 0
vertex 164.19875158356692 -44.94398430403805 0
endloop
endfacet
facet normal 0 0 -1
outer loop
vertex 169.4924596702858 -44.712742912421646 0
vertex 164.19875158356692 -44.94398430403805 0
vertex 164.63137379863642 -44.712742912421646 0
endloop
endfacet
facet normal 0 0 -1
outer loop
vertex 169.71969879320437 -44.94398430403805 0
vertex 169.72326790522504 -44.94761627735275 0
vertex 164.18677857211497 -44.94761627735275 0
endloop
endfacet
facet normal 0 0 -1
outer loop
vertex 169.71969879320437 -44.94398430403805 0
vertex 164.18677857211497 -44.94761627735275 0
vertex 164.19875158356692 -44.94398430403805 0
endloop
endfacet
facet normal 0 0 -1
outer loop
vertex 161.7495776164438 -44.94398430403805 0
vertex 162.34987556955764 -45.126082697291416 0
vertex 100.70500474802303 -45.126082697291416 0
endloop
endfacet
facet normal 0 0 -1
outer loop
vertex 161.7495776164438 -44.94398430403805 0
vertex 100.70500474802303 -45.126082697291416 0
vertex 100.68586578003502 -44.94398430403805 0
endloop
endfacet
facet normal 0 0 -1
outer loop
vertex 169.72326790522504 -44.94761627735275 0
vertex 169.96840407600686 -45.126082697291416 0
vertex 163.5984536304479 -45.126082697291416 0
endloop
endfacet
facet normal 0 0 -1
outer loop
vertex 169.72326790522504 -44.94761627735275 0
vertex 163.5984536304479 -45.126082697291416 0
vertex 164.18677857211497 -44.94761627735275 0
endloop
endfacet
facet normal 0 0 -1
outer loop
vertex 169.96840407600686 -45.126082697291416 0
vertex 169.98948812589876 -45.141432512416685 0
vertex 163.44260434205808 -45.141432512416685 0
endloop
endfacet
facet normal 0 0 -1
outer loop
vertex 169.96840407600686 -45.126082697291416 0
vertex 163.44260434205808 -45.141432512416685 0
vertex 163.5984536304479 -45.126082697291416 0
endloop
endfacet
facet normal 0 0 -1
outer loop
vertex 162.34987556955764 -45.126082697291416 0
vertex 162.97416460000048 -45.18756980000021 0
vertex 100.71146718664973 -45.18756980000021 0
endloop
endfacet
facet normal 0 0 -1
outer loop
vertex 162.34987556955764 -45.126082697291416 0
vertex 100.71146718664973 -45.18756980000021 0
vertex 100.70500474802303 -45.126082697291416 0
endloop
endfacet
facet normal 0 0 -1
outer loop
vertex 169.98948812589876 -45.141432512416685 0
vertex 170.08157672527966 -45.18756980000021 0
vertex 162.97416460000048 -45.18756980000021 0
endloop
endfacet
facet normal 0 0 -1
outer loop
vertex 169.98948812589876 -45.141432512416685 0
vertex 162.97416460000048 -45.18756980000021 0
vertex 163.44260434205808 -45.141432512416685 0
endloop
endfacet
facet normal 0 0 -1
outer loop
vertex 162.97416460000048 -45.18756980000021 0
vertex 170.08157672527966 -45.18756980000021 0
vertex 170.28390323930296 -45.288937359350896 0
endloop
endfacet
facet normal 0 0 -1
outer loop
vertex 162.97416460000048 -45.18756980000021 0
vertex 170.28390323930296 -45.288937359350896 0
vertex 100.72212115475331 -45.288937359350896 0
endloop
endfacet
facet normal 0 0 -1
outer loop
vertex 162.97416460000048 -45.18756980000021 0
vertex 100.72212115475331 -45.288937359350896 0
vertex 100.71146718664973 -45.18756980000021 0
endloop
endfacet
facet normal 0 0 -1
outer loop
vertex 170.28390323930296 -45.288937359350896 0
vertex 170.5985318034202 -45.386132037761655 0
vertex 100.73233654328845 -45.386132037761655 0
endloop
endfacet
facet normal 0 0 -1
outer loop
vertex 170.28390323930296 -45.288937359350896 0
vertex 100.73233654328845 -45.386132037761655 0
vertex 100.72212115475331 -45.288937359350896 0
endloop
endfacet
facet normal 0 0 -1
outer loop
vertex 170.5985318034202 -45.386132037761655 0
vertex 170.9248488 -45.430383299999995 0
vertex 100.73698745467915 -45.430383299999995 0
endloop
endfacet
facet normal 0 0 -1
outer loop
vertex 170.5985318034202 -45.386132037761655 0
vertex 100.73698745467915 -45.430383299999995 0
vertex 100.73233654328845 -45.386132037761655 0
endloop
endfacet
facet normal 0 0 -1
outer loop
vertex 170.9248488 -45.430383299999995 0
vertex 186.230815974148 -46.23253329999991 0
vertex 100.8212953 -46.23253329999991 0
endloop
endfacet
facet normal 0 0 -1
outer loop
vertex 170.9248488 -45.430383299999995 0
vertex 100.8212953 -46.23253329999991 0
vertex 100.73698745467915 -45.430383299999995 0
endloop
endfacet
facet normal 0 0 -1
outer loop
vertex 186.230815974148 -46.23253329999991 0
vertex 192.291078491514 -46.55013750775721 0
vertex 100.82930493890095 -46.55013750775721 0
endloop
endfacet
facet normal 0 0 -1
outer loop
vertex 186.230815974148 -46.23253329999991 0
vertex 100.82930493890095 -46.55013750775721 0
vertex 100.8212953 -46.23253329999991 0
endloop
endfacet
facet normal 0 0 -1
outer loop
vertex 192.291078491514 -46.55013750775721 0
vertex 198.29901067197773 -46.86499920474937 0
vertex 100.7869194072777 -46.86499920474937 0
endloop
endfacet
facet normal 0 0 -1
outer loop
vertex 192.291078491514 -46.55013750775721 0
vertex 100.7869194072777 -46.86499920474937 0
vertex 100.82930493890095 -46.55013750775721 0
endloop
endfacet
facet normal 0 0 -1
outer loop
vertex 198.29901067197773 -46.86499920474937 0
vertex 204.1030746476838 -47.16917664516461 0
vertex 100.69521059490913 -47.16917664516461 0
endloop
endfacet
facet normal 0 0 -1
outer loop
vertex 198.29901067197773 -46.86499920474937 0
vertex 100.69521059490913 -47.16917664516461 0
vertex 100.7869194072777 -46.86499920474937 0
endloop
endfacet
facet normal 0 0 -1
outer loop
vertex 204.1030746476838 -47.16917664516461 0
vertex 209.5568129586685 -47.45499433550599 0
vertex 100.5564926457765 -47.45499433550599 0
endloop
endfacet
facet normal 0 0 -1
outer loop
vertex 204.1030746476838 -47.16917664516461 0
vertex 100.5564926457765 -47.45499433550599 0
vertex 100.69521059490913 -47.16917664516461 0
endloop
endfacet
facet normal 0 0 -1
outer loop
vertex 209.5568129586685 -47.45499433550599 0
vertex 214.52260812454463 -47.71524006496469 0
vertex 100.37426591386733 -47.71524006496469 0
endloop
endfacet
facet normal 0 0 -1
outer loop
vertex 209.5568129586685 -47.45499433550599 0
vertex 100.37426591386733 -47.71524006496469 0
vertex 100.5564926457765 -47.45499433550599 0
endloop
endfacet
facet normal 0 0 -1
outer loop
vertex 214.52260812454463 -47.71524006496469 0
vertex 217.71863364999996 -47.88273629999999 0
vertex 218.02978524701498 -47.923701262785634 0
endloop
endfacet
facet normal 0 0 -1
outer loop
vertex 214.52260812454463 -47.71524006496469 0
vertex 218.02978524701498 -47.923701262785634 0
vertex 218.09610692929914 -47.94334689550111 0
endloop
endfacet
facet normal 0 0 -1
outer loop
vertex 214.52260812454463 -47.71524006496469 0
vertex 218.09610692929914 -47.94334689550111 0
vertex 100.15312863662474 -47.94334689550111 0
endloop
endfacet
facet normal 0 0 -1
outer loop
vertex 214.52260812454463 -47.71524006496469 0
vertex 100.15312863662474 -47.94334689550111 0
vertex 100.37426591386733 -47.71524006496469 0
endloop
endfacet
facet normal 0 0 -1
outer loop
vertex 218.09610692929914 -47.94334689550111 0
vertex 218.33069770745007 -48.012836753225834 0
vertex 218.58379449312417 -48.13355886936903 0
endloop
endfacet
facet normal 0 0 -1
outer loop
vertex 218.09610692929914 -47.94334689550111 0
vertex 218.58379449312417 -48.13355886936903 0
vertex 99.89866090483747 -48.13355886936903 0
endloop
endfacet
facet normal 0 0 -1
outer loop
vertex 218.09610692929914 -47.94334689550111 0
vertex 99.89866090483747 -48.13355886936903 0
vertex 100.15312863662474 -47.94334689550111 0
endloop
endfacet
facet normal 0 0 -1
outer loop
vertex 218.58379449312417 -48.13355886936903 0
vertex 218.61396155512477 -48.14794795595042 0
vertex 218.80766284741125 -48.2810762526811 0
endloop
endfacet
facet normal 0 0 -1
outer loop
vertex 218.58379449312417 -48.13355886936903 0
vertex 218.80766284741125 -48.2810762526811 0
vertex 99.61728385683172 -48.2810762526811 0
endloop
endfacet
facet normal 0 0 -1
outer loop
vertex 218.58379449312417 -48.13355886936903 0
vertex 99.61728385683172 -48.2810762526811 0
vertex 99.89866090483747 -48.13355886936903 0
endloop
endfacet
facet normal 0 0 -1
outer loop
vertex 218.80766284741125 -48.2810762526811 0
vertex 218.8726018820236 -48.32570797902234 0
vertex 218.93210697491205 -48.38217665000001 0
endloop
endfacet
facet normal 0 0 -1
outer loop
vertex 218.80766284741125 -48.2810762526811 0
vertex 218.93210697491205 -48.38217665000001 0
vertex 99.31609764999999 -48.38217665000001 0
endloop
endfacet
facet normal 0 0 -1
outer loop
vertex 218.80766284741125 -48.2810762526811 0
vertex 99.31609764999999 -48.38217665000001 0
vertex 99.61728385683172 -48.2810762526811 0
endloop
endfacet
facet normal 0 0 -1
outer loop
vertex 218.93210697491205 -48.38217665000001 0
vertex 219.10025009397657 -48.54173977320045 0
vertex 219.2913007268506 -48.790723909601546 0
endloop
endfacet
facet normal 0 0 -1
outer loop
vertex 218.93210697491205 -48.38217665000001 0
vertex 219.2913007268506 -48.790723909601546 0
vertex 219.44104947191963 -49.06652956192111 0
endloop
endfacet
facet normal 0 0 -1
outer loop
vertex 218.93210697491205 -48.38217665000001 0
vertex 219.44104947191963 -49.06652956192111 0
vertex 219.5220927554825 -49.29539190000001 0
endloop
endfacet
facet normal 0 0 -1
outer loop
vertex 218.93210697491205 -48.38217665000001 0
vertex 219.5220927554825 -49.29539190000001 0
vertex 214.973460499998 -49.29539190000001 0
endloop
endfacet
facet normal 0 0 -1
outer loop
vertex 218.93210697491205 -48.38217665000001 0
vertex 214.973460499998 -49.29539190000001 0
vertex 95.65339441861279 -49.29539190000001 0
endloop
endfacet
facet normal 0 0 -1
outer loop
vertex 218.93210697491205 -48.38217665000001 0
vertex 95.65339441861279 -49.29539190000001 0
vertex 99.31609764999999 -48.38217665000001 0
endloop
endfacet
facet normal 0 0 -1
outer loop
vertex 214.973460499998 -49.29539190000001 0
vertex 214.3491714695557 -49.35687900270876 0
vertex 95.40678332689049 -49.35687900270876 0
endloop
endfacet
facet normal 0 0 -1
outer loop
vertex 214.973460499998 -49.29539190000001 0
vertex 95.40678332689049 -49.35687900270876 0
vertex 95.65339441861279 -49.29539190000001 0
endloop
endfacet
facet normal 0 0 -1
outer loop
vertex 219.5220927554825 -49.29539190000001 0
vertex 219.54386617937615 -49.35687900270876 0
vertex 215.59774953044032 -49.35687900270876 0
endloop
endfacet
facet normal 0 0 -1
outer loop
vertex 219.5220927554825 -49.29539190000001 0
vertex 215.59774953044032 -49.35687900270876 0
vertex 214.973460499998 -49.29539190000001 0
endloop
endfacet
facet normal 0 0 -1
outer loop
vertex 214.3491714695557 -49.35687900270876 0
vertex 213.7488735164106 -49.53897739596797 0
vertex 94.67642717764646 -49.53897739596797 0
endloop
endfacet
facet normal 0 0 -1
outer loop
vertex 214.3491714695557 -49.35687900270876 0
vertex 94.67642717764646 -49.53897739596797 0
vertex 95.40678332689049 -49.35687900270876 0
endloop
endfacet
facet normal 0 0 -1
outer loop
vertex 219.54386617937615 -49.35687900270876 0
vertex 219.54580901175547 -49.36236546798111 0
vertex 219.57854127809009 -49.53897739596797 0
endloop
endfacet
facet normal 0 0 -1
outer loop
vertex 219.54386617937615 -49.35687900270876 0
vertex 219.57854127809009 -49.53897739596797 0
vertex 216.19804748357342 -49.53897739596797 0
endloop
endfacet
facet normal 0 0 -1
outer loop
vertex 219.54386617937615 -49.35687900270876 0
vertex 216.19804748357342 -49.53897739596797 0
vertex 215.59774953044032 -49.35687900270876 0
endloop
endfacet
facet normal 0 0 -1
outer loop
vertex 213.7488735164106 -49.53897739596797 0
vertex 213.19563575434276 -49.83468914063803 0
vertex 93.49039314814227 -49.83468914063803 0
endloop
endfacet
facet normal 0 0 -1
outer loop
vertex 213.7488735164106 -49.53897739596797 0
vertex 93.49039314814227 -49.83468914063803 0
vertex 94.67642717764646 -49.53897739596797 0
endloop
endfacet
facet normal 0 0 -1
outer loop
vertex 219.57854127809009 -49.53897739596797 0
vertex 219.6029998143776 -49.670947153433296 0
vertex 219.60728874739326 -49.83468914063803 0
endloop
endfacet
facet normal 0 0 -1
outer loop
vertex 219.57854127809009 -49.53897739596797 0
vertex 219.60728874739326 -49.83468914063803 0
vertex 216.75128524567174 -49.83468914063803 0
endloop
endfacet
facet normal 0 0 -1
outer loop
vertex 219.57854127809009 -49.53897739596797 0
vertex 216.75128524567174 -49.83468914063803 0
vertex 216.19804748357342 -49.53897739596797 0
endloop
endfacet
facet normal 0 0 -1
outer loop
vertex 213.19563575434276 -49.83468914063803 0
vertex 212.71071880021736 -50.23265020019954 0
vertex 91.89425986103147 -50.23265020019954 0
endloop
endfacet
facet normal 0 0 -1
outer loop
vertex 213.19563575434276 -49.83468914063803 0
vertex 91.89425986103147 -50.23265020019954 0
vertex 93.49039314814227 -49.83468914063803 0
endloop
endfacet
facet normal 0 0 -1
outer loop
vertex 219.60728874739326 -49.83468914063803 0
vertex 219.61121729999996 -49.9846725999998 0
vertex 219.59822132719603 -50.23265020019954 0
endloop
endfacet
facet normal 0 0 -1
outer loop
vertex 219.60728874739326 -49.83468914063803 0
vertex 219.59822132719603 -50.23265020019954 0
vertex 217.23620219979415 -50.23265020019954 0
endloop
endfacet
facet normal 0 0 -1
outer loop
vertex 219.60728874739326 -49.83468914063803 0
vertex 217.23620219979415 -50.23265020019954 0
vertex 216.75128524567174 -49.83468914063803 0
endloop
endfacet
facet normal 0 0 -1
outer loop
vertex 212.71071880021736 -50.23265020019954 0
vertex 212.3127577406269 -50.71756715433142 0
vertex 89.94936582334071 -50.71756715433142 0
endloop
endfacet
facet normal 0 0 -1
outer loop
vertex 212.71071880021736 -50.23265020019954 0
vertex 89.94936582334071 -50.71756715433142 0
vertex 91.89425986103147 -50.23265020019954 0
endloop
endfacet
facet normal 0 0 -1
outer loop
vertex 219.59822132719603 -50.23265020019954 0
vertex 219.57280787233967 -50.71756715433142 0
vertex 217.63416325936342 -50.71756715433142 0
endloop
endfacet
facet normal 0 0 -1
outer loop
vertex 219.59822132719603 -50.23265020019954 0
vertex 217.63416325936342 -50.71756715433142 0
vertex 217.23620219979415 -50.23265020019954 0
endloop
endfacet
facet normal 0 0 -1
outer loop
vertex 212.3127577406269 -50.71756715433142 0
vertex 212.01704599595433 -51.27080491644289 0
vertex 87.7304522221814 -51.27080491644289 0
endloop
endfacet
facet normal 0 0 -1
outer loop
vertex 212.3127577406269 -50.71756715433142 0
vertex 87.7304522221814 -51.27080491644289 0
vertex 89.94936582334071 -50.71756715433142 0
endloop
endfacet
facet normal 0 0 -1
outer loop
vertex 219.57280787233967 -50.71756715433142 0
vertex 219.54381387084632 -51.27080491644289 0
vertex 217.92987500404047 -51.27080491644289 0
endloop
endfacet
facet normal 0 0 -1
outer loop
vertex 219.57280787233967 -50.71756715433142 0
vertex 217.92987500404047 -51.27080491644289 0
vertex 217.63416325936342 -50.71756715433142 0
endloop
endfacet
facet normal 0 0 -1
outer loop
vertex 212.01704599595433 -51.27080491644289 0
vertex 211.83494760271498 -51.87110286954557 0
vertex 85.32279066306454 -51.87110286954557 0
endloop
endfacet
facet normal 0 0 -1
outer loop
vertex 212.01704599595433 -51.27080491644289 0
vertex 85.32279066306454 -51.87110286954557 0
vertex 87.7304522221814 -51.27080491644289 0
endloop
endfacet
facet normal 0 0 -1
outer loop
vertex 219.54381387084632 -51.27080491644289 0
vertex 219.51235354593595 -51.87110286954557 0
vertex 218.11197339729046 -51.87110286954557 0
endloop
endfacet
facet normal 0 0 -1
outer loop
vertex 219.54381387084632 -51.27080491644289 0
vertex 218.11197339729046 -51.87110286954557 0
vertex 217.92987500404047 -51.27080491644289 0
endloop
endfacet
facet normal 0 0 -1
outer loop
vertex 211.83494760271498 -51.87110286954557 0
vertex 211.77346050000006 -52.495391899990835 0
vertex 82.81890622932183 -52.495391899990835 0
endloop
endfacet
facet normal 0 0 -1
outer loop
vertex 211.83494760271498 -51.87110286954557 0
vertex 82.81890622932183 -52.495391899990835 0
vertex 85.32279066306454 -51.87110286954557 0
endloop
endfacet
facet normal 0 0 -1
outer loop
vertex 219.51235354593595 -51.87110286954557 0
vertex 219.47963590024972 -52.495391899990835 0
vertex 218.17346049999952 -52.495391899990835 0
endloop
endfacet
facet normal 0 0 -1
outer loop
vertex 219.51235354593595 -51.87110286954557 0
vertex 218.17346049999952 -52.495391899990835 0
vertex 218.11197339729046 -51.87110286954557 0
endloop
endfacet
facet normal 0 0 -1
outer loop
vertex 211.77346050000006 -52.495391899990835 0
vertex 211.83494760271083 -53.11968093045108 0
vertex 80.31502179551906 -53.11968093045108 0
endloop
endfacet
facet normal 0 0 -1
outer loop
vertex 211.77346050000006 -52.495391899990835 0
vertex 80.31502179551906 -53.11968093045108 0
vertex 82.81890622932183 -52.495391899990835 0
endloop
endfacet
facet normal 0 0 -1
outer loop
vertex 219.47963590024972 -52.495391899990835 0
vertex 219.4469182545627 -53.11968093045108 0
vertex 218.111973397289 -53.11968093045108 0
endloop
endfacet
facet normal 0 0 -1
outer loop
vertex 219.47963590024972 -52.495391899990835 0
vertex 218.111973397289 -53.11968093045108 0
vertex 218.17346049999952 -52.495391899990835 0
endloop
endfacet
facet normal 0 0 -1
outer loop
vertex 211.83494760271083 -53.11968093045108 0
vertex 212.01704599596874 -53.71997888358039 0
vertex 77.90736023629539 -53.71997888358039 0
endloop
endfacet
facet normal 0 0 -1
outer loop
vertex 211.83494760271083 -53.11968093045108 0
vertex 77.90736023629539 -53.71997888358039 0
vertex 80.31502179551906 -53.11968093045108 0
endloop
endfacet
facet normal 0 0 -1
outer loop
vertex 219.4469182545627 -53.11968093045108 0
vertex 219.41545792965093 -53.71997888358039 0
vertex 217.9298750040377 -53.71997888358039 0
endloop
endfacet
facet normal 0 0 -1
outer loop
vertex 219.4469182545627 -53.11968093045108 0
vertex 217.9298750040377 -53.71997888358039 0
vertex 218.111973397289 -53.11968093045108 0
endloop
endfacet
facet normal 0 0 -1
outer loop
vertex 212.01704599596874 -53.71997888358039 0
vertex 212.31275774062712 -54.273216645656916 0
vertex 76.7688401871997 -54.273216645656916 0
endloop
endfacet
facet normal 0 0 -1
outer loop
vertex 212.01704599596874 -53.71997888358039 0
vertex 76.7688401871997 -54.273216645656916 0
vertex 76.82704189582331 -54.21398978065078 0
endloop
endfacet
facet normal 0 0 -1
outer loop
vertex 212.01704599596874 -53.71997888358039 0
vertex 76.82704189582331 -54.21398978065078 0
vertex 77.07932084940451 -54.02731193940076 0
endloop
endfacet
facet normal 0 0 -1
outer loop
vertex 212.01704599596874 -53.71997888358039 0
vertex 77.07932084940451 -54.02731193940076 0
vertex 77.35769668000773 -53.88239753787414 0
endloop
endfacet
facet normal 0 0 -1
outer loop
vertex 212.01704599596874 -53.71997888358039 0
vertex 77.35769668000773 -53.88239753787414 0
vertex 77.65531969999982 -53.78281970000005 0
endloop
endfacet
facet normal 0 0 -1
outer loop
vertex 212.01704599596874 -53.71997888358039 0
vertex 77.65531969999982 -53.78281970000005 0
vertex 77.90736023629539 -53.71997888358039 0
endloop
endfacet
facet normal 0 0 -1
outer loop
vertex 219.41545792965093 -53.71997888358039 0
vertex 219.3864639281594 -54.273216645656916 0
vertex 217.63416325936532 -54.273216645656916 0
endloop
endfacet
facet normal 0 0 -1
outer loop
vertex 219.41545792965093 -53.71997888358039 0
vertex 217.63416325936532 -54.273216645656916 0
vertex 217.9298750040377 -53.71997888358039 0
endloop
endfacet
facet normal 0 0 -1
outer loop
vertex 212.31275774062712 -54.273216645656916 0
vertex 212.71071880019778 -54.758133599790476 0
vertex 76.39251927092432 -54.758133599790476 0
endloop
endfacet
facet normal 0 0 -1
outer loop
vertex 212.31275774062712 -54.273216645656916 0
vertex 76.39251927092432 -54.758133599790476 0
vertex 76.4248268525246 -54.693334097808865 0
endloop
endfacet
facet normal 0 0 -1
outer loop
vertex 212.31275774062712 -54.273216645656916 0
vertex 76.4248268525246 -54.693334097808865 0
vertex 76.60707176509827 -54.43783443308338 0
endloop
endfacet
facet normal 0 0 -1
outer loop
vertex 212.31275774062712 -54.273216645656916 0
vertex 76.60707176509827 -54.43783443308338 0
vertex 76.7688401871997 -54.273216645656916 0
endloop
endfacet
facet normal 0 0 -1
outer loop
vertex 219.3864639281594 -54.273216645656916 0
vertex 219.36105047330295 -54.758133599790476 0
vertex 217.2362021998029 -54.758133599790476 0
endloop
endfacet
facet normal 0 0 -1
outer loop
vertex 219.3864639281594 -54.273216645656916 0
vertex 217.2362021998029 -54.758133599790476 0
vertex 217.63416325936532 -54.273216645656916 0
endloop
endfacet
facet normal 0 0 -1
outer loop
vertex 212.71071880019778 -54.758133599790476 0
vertex 213.09324848625502 -55.07206759999998 0
vertex 81.3511489000012 -55.07206759999998 0
endloop
endfacet
facet normal 0 0 -1
outer loop
vertex 212.71071880019778 -54.758133599790476 0
vertex 81.3511489000012 -55.07206759999998 0
vertex 76.2539366614166 -55.07206759999998 0
endloop
endfacet
facet normal 0 0 -1
outer loop
vertex 212.71071880019778 -54.758133599790476 0
vertex 76.2539366614166 -55.07206759999998 0
vertex 76.28479463321439 -54.97419752438622 0
endloop
endfacet
facet normal 0 0 -1
outer loop
vertex 212.71071880019778 -54.758133599790476 0
vertex 76.28479463321439 -54.97419752438622 0
vertex 76.39251927092432 -54.758133599790476 0
endloop
endfacet
facet normal 0 0 -1
outer loop
vertex 81.3511489000012 -55.07206759999998 0
vertex 80.72685986955045 -55.13355470270956 0
vertex 76.23455006884026 -55.13355470270956 0
endloop
endfacet
facet normal 0 0 -1
outer loop
vertex 81.3511489000012 -55.07206759999998 0
vertex 76.23455006884026 -55.13355470270956 0
vertex 76.2539366614166 -55.07206759999998 0
endloop
endfacet
facet normal 0 0 -1
outer loop
vertex 213.09324848625502 -55.07206759999998 0
vertex 213.16817073768485 -55.13355470270956 0
vertex 81.97543793045197 -55.13355470270956 0
endloop
endfacet
facet normal 0 0 -1
outer loop
vertex 213.09324848625502 -55.07206759999998 0
vertex 81.97543793045197 -55.13355470270956 0
vertex 81.3511489000012 -55.07206759999998 0
endloop
endfacet
facet normal 0 0 -1
outer loop
vertex 213.16817073768485 -55.13355470270956 0
vertex 213.1956357543531 -55.15609465937896 0
vertex 82.04974220963959 -55.15609465937896 0
endloop
endfacet
facet normal 0 0 -1
outer loop
vertex 213.16817073768485 -55.13355470270956 0
vertex 82.04974220963959 -55.15609465937896 0
vertex 81.97543793045197 -55.13355470270956 0
endloop
endfacet
facet normal 0 0 -1
outer loop
vertex 219.36105047330295 -54.758133599790476 0
vertex 219.34019418989965 -55.15609465937896 0
vertex 216.75128524564994 -55.15609465937896 0
endloop
endfacet
facet normal 0 0 -1
outer loop
vertex 219.36105047330295 -54.758133599790476 0
vertex 216.75128524564994 -55.15609465937896 0
vertex 217.2362021998029 -54.758133599790476 0
endloop
endfacet
facet normal 0 0 -1
outer loop
vertex 80.72685986955045 -55.13355470270956 0
vertex 80.12656191642309 -55.31565309596648 0
vertex 76.18412481494823 -55.31565309596648 0
endloop
endfacet
facet normal 0 0 -1
outer loop
vertex 80.72685986955045 -55.13355470270956 0
vertex 76.18412481494823 -55.31565309596648 0
vertex 76.19042316555301 -55.27350892230721 0
endloop
endfacet
facet normal 0 0 -1
outer loop
vertex 80.72685986955045 -55.13355470270956 0
vertex 76.19042316555301 -55.27350892230721 0
vertex 76.23455006884026 -55.13355470270956 0
endloop
endfacet
facet normal 0 0 -1
outer loop
vertex 213.1956357543531 -55.15609465937896 0
vertex 213.49414859319918 -55.31565309596648 0
vertex 82.57573588357756 -55.31565309596648 0
endloop
endfacet
facet normal 0 0 -1
outer loop
vertex 213.1956357543531 -55.15609465937896 0
vertex 82.57573588357756 -55.31565309596648 0
vertex 82.04974220963959 -55.15609465937896 0
endloop
endfacet
facet normal 0 0 -1
outer loop
vertex 213.49414859319918 -55.31565309596648 0
vertex 213.74887351642565 -55.45180640403525 0
vertex 82.83046080680406 -55.45180640403525 0
endloop
endfacet
facet normal 0 0 -1
outer loop
vertex 213.49414859319918 -55.31565309596648 0
vertex 82.83046080680406 -55.45180640403525 0
vertex 82.57573588357756 -55.31565309596648 0
endloop
endfacet
facet normal 0 0 -1
outer loop
vertex 219.34019418989965 -55.15609465937896 0
vertex 219.3246965732268 -55.45180640403525 0
vertex 216.19804748358027 -55.45180640403525 0
endloop
endfacet
facet normal 0 0 -1
outer loop
vertex 219.34019418989965 -55.15609465937896 0
vertex 216.19804748358027 -55.45180640403525 0
vertex 216.75128524564994 -55.15609465937896 0
endloop
endfacet
facet normal 0 0 -1
outer loop
vertex 80.12656191642309 -55.31565309596648 0
vertex 79.57332415435599 -55.61136484062462 0
vertex 76.14427597430556 -55.61136484062462 0
endloop
endfacet
facet normal 0 0 -1
outer loop
vertex 80.12656191642309 -55.31565309596648 0
vertex 76.14427597430556 -55.61136484062462 0
vertex 76.14403618854905 -55.58389825072908 0
endloop
endfacet
facet normal 0 0 -1
outer loop
vertex 80.12656191642309 -55.31565309596648 0
vertex 76.14403618854905 -55.58389825072908 0
vertex 76.18412481494823 -55.31565309596648 0
endloop
endfacet
facet normal 0 0 -1
outer loop
vertex 213.74887351642565 -55.45180640403525 0
vertex 214.2748671903697 -55.61136484062462 0
vertex 83.12897364565359 -55.61136484062462 0
endloop
endfacet
facet normal 0 0 -1
outer loop
vertex 213.74887351642565 -55.45180640403525 0
vertex 83.12897364565359 -55.61136484062462 0
vertex 82.83046080680406 -55.45180640403525 0
endloop
endfacet
facet normal 0 0 -1
outer loop
vertex 214.2748671903697 -55.61136484062462 0
vertex 214.3491714695425 -55.63390479728953 0
vertex 83.15643866231639 -55.63390479728953 0
endloop
endfacet
facet normal 0 0 -1
outer loop
vertex 214.2748671903697 -55.61136484062462 0
vertex 83.15643866231639 -55.63390479728953 0
vertex 83.12897364565359 -55.61136484062462 0
endloop
endfacet
facet normal 0 0 -1
outer loop
vertex 219.3246965732268 -55.45180640403525 0
vertex 219.31515318799978 -55.63390479728953 0
vertex 215.5977495304469 -55.63390479728953 0
endloop
endfacet
facet normal 0 0 -1
outer loop
vertex 219.3246965732268 -55.45180640403525 0
vertex 215.5977495304469 -55.63390479728953 0
vertex 216.19804748358027 -55.45180640403525 0
endloop
endfacet
facet normal 0 0 -1
outer loop
vertex 214.3491714695425 -55.63390479728953 0
vertex 214.97346050000024 -55.6953918999998 0
vertex 83.23136091374703 -55.6953918999998 0
endloop
endfacet
facet normal 0 0 -1
outer loop
vertex 214.3491714695425 -55.63390479728953 0
vertex 83.23136091374703 -55.6953918999998 0
vertex 83.15643866231639 -55.63390479728953 0
endloop
endfacet
facet normal 0 0 -1
outer loop
vertex 219.31515318799978 -55.63390479728953 0
vertex 219.31193078116155 -55.6953918999998 0
vertex 214.97346050000024 -55.6953918999998 0
endloop
endfacet
facet normal 0 0 -1
outer loop
vertex 219.31515318799978 -55.63390479728953 0
vertex 214.97346050000024 -55.6953918999998 0
vertex 215.5977495304469 -55.63390479728953 0
endloop
endfacet
facet normal 0 0 -1
outer loop
vertex 79.57332415435599 -55.61136484062462 0
vertex 79.08840720019465 -56.009325900203415 0
vertex 76.16545224599979 -56.009325900203415 0
endloop
endfacet
facet normal 0 0 -1
outer loop
vertex 79.57332415435599 -55.61136484062462 0
vertex 76.16545224599979 -56.009325900203415 0
vertex 76.14677590366023 -55.897722693363654 0
endloop
endfacet
facet normal 0 0 -1
outer loop
vertex 79.57332415435599 -55.61136484062462 0
vertex 76.14677590366023 -55.897722693363654 0
vertex 76.14427597430556 -55.61136484062462 0
endloop
endfacet
facet normal 0 0 -1
outer loop
vertex 214.97346050000024 -55.6953918999998 0
vertex 219.31193078116155 -55.6953918999998 0
vertex 219.29547817525847 -56.009325900203415 0
endloop
endfacet
facet normal 0 0 -1
outer loop
vertex 214.97346050000024 -55.6953918999998 0
vertex 219.29547817525847 -56.009325900203415 0
vertex 83.61389059979706 -56.009325900203415 0
endloop
endfacet
facet normal 0 0 -1
outer loop
vertex 214.97346050000024 -55.6953918999998 0
vertex 83.61389059979706 -56.009325900203415 0
vertex 83.23136091374703 -55.6953918999998 0
endloop
endfacet
facet normal 0 0 -1
outer loop
vertex 79.08840720019465 -56.009325900203415 0
vertex 78.69044614063054 -56.494242854338815 0
vertex 76.27012898068718 -56.494242854338815 0
endloop
endfacet
facet normal 0 0 -1
outer loop
vertex 79.08840720019465 -56.009325900203415 0
vertex 76.27012898068718 -56.494242854338815 0
vertex 76.19857485000006 -56.207254850000204 0
endloop
endfacet
facet normal 0 0 -1
outer loop
vertex 79.08840720019465 -56.009325900203415 0
vertex 76.19857485000006 -56.207254850000204 0
vertex 76.16545224599979 -56.009325900203415 0
endloop
endfacet
facet normal 0 0 -1
outer loop
vertex 219.29547817525847 -56.009325900203415 0
vertex 219.27006472040193 -56.494242854338815 0
vertex 84.0118516593692 -56.494242854338815 0
endloop
endfacet
facet normal 0 0 -1
outer loop
vertex 219.29547817525847 -56.009325900203415 0
vertex 84.0118516593692 -56.494242854338815 0
vertex 83.61389059979706 -56.009325900203415 0
endloop
endfacet
facet normal 0 0 -1
outer loop
vertex 78.69044614063054 -56.494242854338815 0
vertex 78.39473439596597 -57.04748061642859 0
vertex 76.40806661756106 -57.04748061642859 0
endloop
endfacet
facet normal 0 0 -1
outer loop
vertex 78.69044614063054 -56.494242854338815 0
vertex 76.40806661756106 -57.04748061642859 0
vertex 76.27012898068718 -56.494242854338815 0
endloop
endfacet
facet normal 0 0 -1
outer loop
vertex 219.27006472040193 -56.494242854338815 0
vertex 219.24107071890973 -57.04748061642859 0
vertex 84.30756340403468 -57.04748061642859 0
endloop
endfacet
facet normal 0 0 -1
outer loop
vertex 219.27006472040193 -56.494242854338815 0
vertex 84.30756340403468 -57.04748061642859 0
vertex 84.0118516593692 -56.494242854338815 0
endloop
endfacet
facet normal 0 0 -1
outer loop
vertex 219.24107071890973 -57.04748061642859 0
vertex 219.21030927728242 -57.63444309999994 0
vertex 102.69374270000202 -57.63444309999994 0
endloop
endfacet
facet normal 0 0 -1
outer loop
vertex 219.24107071890973 -57.04748061642859 0
vertex 102.69374270000202 -57.63444309999994 0
vertex 84.485616526828 -57.63444309999994 0
endloop
endfacet
facet normal 0 0 -1
outer loop
vertex 219.24107071890973 -57.04748061642859 0
vertex 84.485616526828 -57.63444309999994 0
vertex 84.30756340403468 -57.04748061642859 0
endloop
endfacet
facet normal 0 0 -1
outer loop
vertex 78.39473439596597 -57.04748061642859 0
vertex 78.21263600270996 -57.64777856954778 0
vertex 76.557737675373 -57.64777856954778 0
endloop
endfacet
facet normal 0 0 -1
outer loop
vertex 78.39473439596597 -57.04748061642859 0
vertex 76.557737675373 -57.64777856954778 0
vertex 76.40806661756106 -57.04748061642859 0
endloop
endfacet
facet normal 0 0 -1
outer loop
vertex 102.69374270000202 -57.63444309999994 0
vertex 102.55834540548402 -57.64777856954778 0
vertex 84.48966179728967 -57.64777856954778 0
endloop
endfacet
facet normal 0 0 -1
outer loop
vertex 102.69374270000202 -57.63444309999994 0
vertex 84.48966179728967 -57.64777856954778 0
vertex 84.485616526828 -57.63444309999994 0
endloop
endfacet
facet normal 0 0 -1
outer loop
vertex 102.55834540548402 -57.64777856954778 0
vertex 102.40110721698004 -57.66326517939488 0
vertex 84.49118709522676 -57.66326517939488 0
endloop
endfacet
facet normal 0 0 -1
outer loop
vertex 102.55834540548402 -57.64777856954778 0
vertex 84.49118709522676 -57.66326517939488 0
vertex 84.48966179728967 -57.64777856954778 0
endloop
endfacet
facet normal 0 0 -1
outer loop
vertex 219.21030927728242 -57.63444309999994 0
vertex 219.20879877407702 -57.66326517939488 0
vertex 102.98637818302399 -57.66326517939488 0
endloop
endfacet
facet normal 0 0 -1
outer loop
vertex 219.21030927728242 -57.63444309999994 0
vertex 102.98637818302399 -57.66326517939488 0
vertex 102.69374270000202 -57.63444309999994 0
endloop
endfacet
facet normal 0 0 -1
outer loop
vertex 102.40110721698004 -57.66326517939488 0
vertex 102.11971755144289 -57.74862380123557 0
vertex 84.49959418568048 -57.74862380123557 0
endloop
endfacet
facet normal 0 0 -1
outer loop
vertex 102.40110721698004 -57.66326517939488 0
vertex 84.49959418568048 -57.74862380123557 0
vertex 84.49118709522676 -57.66326517939488 0
endloop
endfacet
facet normal 0 0 -1
outer loop
vertex 219.20879877407702 -57.66326517939488 0
vertex 219.2043253122517 -57.74862380123557 0
vertex 103.26776784855659 -57.74862380123557 0
endloop
endfacet
facet normal 0 0 -1
outer loop
vertex 219.20879877407702 -57.66326517939488 0
vertex 103.26776784855659 -57.74862380123557 0
vertex 102.98637818302399 -57.66326517939488 0
endloop
endfacet
facet normal 0 0 -1
outer loop
vertex 102.11971755144289 -57.74862380123557 0
vertex 101.86038735048646 -57.88723868153754 0
vertex 84.51324655976762 -57.88723868153754 0
endloop
endfacet
facet normal 0 0 -1
outer loop
vertex 102.11971755144289 -57.74862380123557 0
vertex 84.51324655976762 -57.88723868153754 0
vertex 84.49959418568048 -57.74862380123557 0
endloop
endfacet
facet normal 0 0 -1
outer loop
vertex 219.2043253122517 -57.74862380123557 0
vertex 219.1970608044366 -57.88723868153754 0
vertex 103.52709804951752 -57.88723868153754 0
endloop
endfacet
facet normal 0 0 -1
outer loop
vertex 219.2043253122517 -57.74862380123557 0
vertex 103.52709804951752 -57.88723868153754 0
vertex 103.26776784855659 -57.74862380123557 0
endloop
endfacet
facet normal 0 0 -1
outer loop
vertex 101.86038735048646 -57.88723868153754 0
vertex 101.63308252820846 -58.073782928223224 0
vertex 84.5316195644119 -58.073782928223224 0
endloop
endfacet
facet normal 0 0 -1
outer loop
vertex 101.86038735048646 -57.88723868153754 0
vertex 84.5316195644119 -58.073782928223224 0
vertex 84.51324655976762 -57.88723868153754 0
endloop
endfacet
facet normal 0 0 -1
outer loop
vertex 219.1970608044366 -57.88723868153754 0
vertex 219.18728442159113 -58.073782928223224 0
vertex 103.75440287178218 -58.073782928223224 0
endloop
endfacet
facet normal 0 0 -1
outer loop
vertex 219.1970608044366 -57.88723868153754 0
vertex 103.75440287178218 -58.073782928223224 0
vertex 103.52709804951752 -57.88723868153754 0
endloop
endfacet
facet normal 0 0 -1
outer loop
vertex 78.21263600270996 -57.64777856954778 0
vertex 78.15114889999968 -58.27206760000296 0
vertex 76.7133903793063 -58.27206760000296 0
endloop
endfacet
facet normal 0 0 -1
outer loop
vertex 78.21263600270996 -57.64777856954778 0
vertex 76.7133903793063 -58.27206760000296 0
vertex 76.557737675373 -57.64777856954778 0
endloop
endfacet
facet normal 0 0 -1
outer loop
vertex 101.63308252820846 -58.073782928223224 0
vertex 101.47035450354234 -58.27206760000296 0
vertex 84.5511488999997 -58.27206760000296 0
endloop
endfacet
facet normal 0 0 -1
outer loop
vertex 101.63308252820846 -58.073782928223224 0
vertex 84.5511488999997 -58.27206760000296 0
vertex 84.5316195644119 -58.073782928223224 0
endloop
endfacet
facet normal 0 0 -1
outer loop
vertex 101.47035450354234 -58.27206760000296 0
vertex 101.44653828154803 -58.30108775047099 0
vertex 84.54829066465447 -58.30108775047099 0
endloop
endfacet
facet normal 0 0 -1
outer loop
vertex 101.47035450354234 -58.27206760000296 0
vertex 84.54829066465447 -58.30108775047099 0
vertex 84.5511488999997 -58.27206760000296 0
endloop
endfacet
facet normal 0 0 -1
outer loop
vertex 219.18728442159113 -58.073782928223224 0
vertex 219.1753718646273 -58.30108775047099 0
vertex 103.940947118454 -58.30108775047099 0
endloop
endfacet
facet normal 0 0 -1
outer loop
vertex 219.18728442159113 -58.073782928223224 0
vertex 103.940947118454 -58.30108775047099 0
vertex 103.75440287178218 -58.073782928223224 0
endloop
endfacet
facet normal 0 0 -1
outer loop
vertex 101.44653828154803 -58.30108775047099 0
vertex 101.30792340123409 -58.560417951450795 0
vertex 84.52274886922709 -58.560417951450795 0
endloop
endfacet
facet normal 0 0 -1
outer loop
vertex 101.44653828154803 -58.30108775047099 0
vertex 84.52274886922709 -58.560417951450795 0
vertex 84.54829066465447 -58.30108775047099 0
endloop
endfacet
facet normal 0 0 -1
outer loop
vertex 219.1753718646273 -58.30108775047099 0
vertex 219.1617809264278 -58.560417951450795 0
vertex 104.07956199876607 -58.560417951450795 0
endloop
endfacet
facet normal 0 0 -1
outer loop
vertex 219.1753718646273 -58.30108775047099 0
vertex 104.07956199876607 -58.560417951450795 0
vertex 103.940947118454 -58.30108775047099 0
endloop
endfacet
facet normal 0 0 -1
outer loop
vertex 101.30792340123409 -58.560417951450795 0
vertex 101.22256477939432 -58.8418076169785 0
vertex 84.49503440617904 -58.8418076169785 0
endloop
endfacet
facet normal 0 0 -1
outer loop
vertex 101.30792340123409 -58.560417951450795 0
vertex 84.49503440617904 -58.8418076169785 0
vertex 84.52274886922709 -58.560417951450795 0
endloop
endfacet
facet normal 0 0 -1
outer loop
vertex 219.1617809264278 -58.560417951450795 0
vertex 219.1470338991255 -58.8418076169785 0
vertex 104.16492062060527 -58.8418076169785 0
endloop
endfacet
facet normal 0 0 -1
outer loop
vertex 219.1617809264278 -58.560417951450795 0
vertex 104.16492062060527 -58.8418076169785 0
vertex 104.07956199876607 -58.560417951450795 0
endloop
endfacet
facet normal 0 0 -1
outer loop
vertex 78.15114889999968 -58.27206760000296 0
vertex 78.21263600270933 -58.896356630447954 0
vertex 76.86904308323706 -58.896356630447954 0
endloop
endfacet
facet normal 0 0 -1
outer loop
vertex 78.15114889999968 -58.27206760000296 0
vertex 76.86904308323706 -58.896356630447954 0
vertex 76.7133903793063 -58.27206760000296 0
endloop
endfacet
facet normal 0 0 -1
outer loop
vertex 101.22256477939432 -58.8418076169785 0
vertex 101.21719217050608 -58.896356630447954 0
vertex 84.4896617972907 -58.896356630447954 0
endloop
endfacet
facet normal 0 0 -1
outer loop
vertex 101.22256477939432 -58.8418076169785 0
vertex 84.4896617972907 -58.896356630447954 0
vertex 84.49503440617904 -58.8418076169785 0
endloop
endfacet
facet normal 0 0 -1
outer loop
vertex 101.21719217050608 -58.896356630447954 0
vertex 101.19374270000004 -59.13444310000031 0
vertex 84.41743905634114 -59.13444310000031 0
endloop
endfacet
facet normal 0 0 -1
outer loop
vertex 101.21719217050608 -58.896356630447954 0
vertex 84.41743905634114 -59.13444310000031 0
vertex 84.4896617972907 -58.896356630447954 0
endloop
endfacet
facet normal 0 0 -1
outer loop
vertex 219.1470338991255 -58.8418076169785 0
vertex 219.13169750271004 -59.13444310000031 0
vertex 104.19374270000019 -59.13444310000031 0
endloop
endfacet
facet normal 0 0 -1
outer loop
vertex 219.1470338991255 -58.8418076169785 0
vertex 104.19374270000019 -59.13444310000031 0
vertex 104.16492062060527 -58.8418076169785 0
endloop
endfacet
facet normal 0 0 -1
outer loop
vertex 101.19374270000004 -59.13444310000031 0
vertex 101.22256477939456 -59.42707858302245 0
vertex 84.32866905306054 -59.42707858302245 0
endloop
endfacet
facet normal 0 0 -1
outer loop
vertex 101.19374270000004 -59.13444310000031 0
vertex 84.32866905306054 -59.42707858302245 0
vertex 84.41743905634114 -59.13444310000031 0
endloop
endfacet
facet normal 0 0 -1
outer loop
vertex 219.13169750271004 -59.13444310000031 0
vertex 219.11636110629456 -59.42707858302245 0
vertex 104.16492062060524 -59.42707858302245 0
endloop
endfacet
facet normal 0 0 -1
outer loop
vertex 219.13169750271004 -59.13444310000031 0
vertex 104.16492062060524 -59.42707858302245 0
vertex 104.19374270000019 -59.13444310000031 0
endloop
endfacet
facet normal 0 0 -1
outer loop
vertex 78.21263600270933 -58.896356630447954 0
vertex 78.39473439596544 -59.49665458357085 0
vertex 77.01871414104993 -59.49665458357085 0
endloop
endfacet
facet normal 0 0 -1
outer loop
vertex 78.21263600270933 -58.896356630447954 0
vertex 77.01871414104993 -59.49665458357085 0
vertex 76.86904308323706 -58.896356630447954 0
endloop
endfacet
facet normal 0 0 -1
outer loop
vertex 101.22256477939456 -59.42707858302245 0
vertex 101.24367042841949 -59.49665458357085 0
vertex 84.30756340403657 -59.49665458357085 0
endloop
endfacet
facet normal 0 0 -1
outer loop
vertex 101.22256477939456 -59.42707858302245 0
vertex 84.30756340403657 -59.49665458357085 0
vertex 84.32866905306054 -59.42707858302245 0
endloop
endfacet
facet normal 0 0 -1
outer loop
vertex 101.24367042841949 -59.49665458357085 0
vertex 101.30792340123249 -59.70846824854707 0
vertex 84.19434664135838 -59.70846824854707 0
endloop
endfacet
facet normal 0 0 -1
outer loop
vertex 101.24367042841949 -59.49665458357085 0
vertex 84.19434664135838 -59.70846824854707 0
vertex 84.30756340403657 -59.49665458357085 0
endloop
endfacet
facet normal 0 0 -1
outer loop
vertex 219.11636110629456 -59.42707858302245 0
vertex 219.1016140789924 -59.70846824854707 0
vertex 104.07956199876729 -59.70846824854707 0
endloop
endfacet
facet normal 0 0 -1
outer loop
vertex 219.11636110629456 -59.42707858302245 0
vertex 104.07956199876729 -59.70846824854707 0
vertex 104.16492062060524 -59.42707858302245 0
endloop
endfacet
facet normal 0 0 -1
outer loop
vertex 101.30792340123249 -59.70846824854707 0
vertex 101.44653828154914 -59.96779844953545 0
vertex 84.05573176104174 -59.96779844953545 0
endloop
endfacet
facet normal 0 0 -1
outer loop
vertex 101.30792340123249 -59.70846824854707 0
vertex 84.05573176104174 -59.96779844953545 0
vertex 84.19434664135838 -59.70846824854707 0
endloop
endfacet
facet normal 0 0 -1
outer loop
vertex 219.1016140789924 -59.70846824854707 0
vertex 219.08802314079247 -59.96779844953545 0
vertex 103.94094711845351 -59.96779844953545 0
endloop
endfacet
facet normal 0 0 -1
outer loop
vertex 219.1016140789924 -59.70846824854707 0
vertex 103.94094711845351 -59.96779844953545 0
vertex 104.07956199876729 -59.70846824854707 0
endloop
endfacet
facet normal 0 0 -1
outer loop
vertex 78.39473439596544 -59.49665458357085 0
vertex 78.69044614063273 -60.049892345664 0
vertex 77.15665177792465 -60.049892345664 0
endloop
endfacet
facet normal 0 0 -1
outer loop
vertex 78.39473439596544 -59.49665458357085 0
vertex 77.15665177792465 -60.049892345664 0
vertex 77.01871414104993 -59.49665458357085 0
endloop
endfacet
facet normal 0 0 -1
outer loop
vertex 101.44653828154914 -59.96779844953545 0
vertex 101.51391100095833 -60.049892345664 0
vertex 84.01185165936812 -60.049892345664 0
endloop
endfacet
facet normal 0 0 -1
outer loop
vertex 101.44653828154914 -59.96779844953545 0
vertex 84.01185165936812 -60.049892345664 0
vertex 84.05573176104174 -59.96779844953545 0
endloop
endfacet
facet normal 0 0 -1
outer loop
vertex 101.51391100095833 -60.049892345664 0
vertex 101.63308252820738 -60.19510327176667 0
vertex 83.89268013211803 -60.19510327176667 0
endloop
endfacet
facet normal 0 0 -1
outer loop
vertex 101.51391100095833 -60.049892345664 0
vertex 83.89268013211803 -60.19510327176667 0
vertex 84.01185165936812 -60.049892345664 0
endloop
endfacet
facet normal 0 0 -1
outer loop
vertex 219.08802314079247 -59.96779844953545 0
vertex 219.07611058382952 -60.19510327176667 0
vertex 103.75440287178192 -60.19510327176667 0
endloop
endfacet
facet normal 0 0 -1
outer loop
vertex 219.08802314079247 -59.96779844953545 0
vertex 103.75440287178192 -60.19510327176667 0
vertex 103.94094711845351 -59.96779844953545 0
endloop
endfacet
facet normal 0 0 -1
outer loop
vertex 101.63308252820738 -60.19510327176667 0
vertex 101.86038735047195 -60.38164751845226 0
vertex 83.73958722531205 -60.38164751845226 0
endloop
endfacet
facet normal 0 0 -1
outer loop
vertex 101.63308252820738 -60.19510327176667 0
vertex 83.73958722531205 -60.38164751845226 0
vertex 83.89268013211803 -60.19510327176667 0
endloop
endfacet
facet normal 0 0 -1
outer loop
vertex 219.07611058382952 -60.19510327176667 0
vertex 219.06633420098404 -60.38164751845226 0
vertex 103.5270980495263 -60.38164751845226 0
endloop
endfacet
facet normal 0 0 -1
outer loop
vertex 219.07611058382952 -60.19510327176667 0
vertex 103.5270980495263 -60.38164751845226 0
vertex 103.75440287178192 -60.19510327176667 0
endloop
endfacet
facet normal 0 0 -1
outer loop
vertex 101.86038735047195 -60.38164751845226 0
vertex 102.11971755145484 -60.520262398765965 0
vertex 83.62582893294535 -60.520262398765965 0
endloop
endfacet
facet normal 0 0 -1
outer loop
vertex 101.86038735047195 -60.38164751845226 0
vertex 83.62582893294535 -60.520262398765965 0
vertex 83.73958722531205 -60.38164751845226 0
endloop
endfacet
facet normal 0 0 -1
outer loop
vertex 219.06633420098404 -60.38164751845226 0
vertex 219.0590696931683 -60.520262398765965 0
vertex 103.26776784855001 -60.520262398765965 0
endloop
endfacet
facet normal 0 0 -1
outer loop
vertex 219.06633420098404 -60.38164751845226 0
vertex 103.26776784855001 -60.520262398765965 0
vertex 103.5270980495263 -60.38164751845226 0
endloop
endfacet
facet normal 0 0 -1
outer loop
vertex 78.69044614063273 -60.049892345664 0
vertex 79.08840720020578 -60.53480929980049 0
vertex 77.2775551278352 -60.53480929980049 0
endloop
endfacet
facet normal 0 0 -1
outer loop
vertex 78.69044614063273 -60.049892345664 0
vertex 77.2775551278352 -60.53480929980049 0
vertex 77.15665177792465 -60.049892345664 0
endloop
endfacet
facet normal 0 0 -1
outer loop
vertex 102.11971755145484 -60.520262398765965 0
vertex 102.16767225747397 -60.53480929980049 0
vertex 83.61389059979702 -60.53480929980049 0
endloop
endfacet
facet normal 0 0 -1
outer loop
vertex 102.11971755145484 -60.520262398765965 0
vertex 83.61389059979702 -60.53480929980049 0
vertex 83.62582893294535 -60.520262398765965 0
endloop
endfacet
facet normal 0 0 -1
outer loop
vertex 102.16767225747397 -60.53480929980049 0
vertex 102.40110721697586 -60.60562102060469 0
vertex 83.52760626833971 -60.60562102060469 0
endloop
endfacet
facet normal 0 0 -1
outer loop
vertex 102.16767225747397 -60.53480929980049 0
vertex 83.52760626833971 -60.60562102060469 0
vertex 83.61389059979702 -60.53480929980049 0
endloop
endfacet
facet normal 0 0 -1
outer loop
vertex 219.0590696931683 -60.520262398765965 0
vertex 219.0545962313431 -60.60562102060469 0
vertex 102.98637818302224 -60.60562102060469 0
endloop
endfacet
facet normal 0 0 -1
outer loop
vertex 219.0590696931683 -60.520262398765965 0
vertex 102.98637818302224 -60.60562102060469 0
vertex 103.26776784855001 -60.520262398765965 0
endloop
endfacet
facet normal 0 0 -1
outer loop
vertex 102.40110721697586 -60.60562102060469 0
vertex 102.6937427000016 -60.63444309999999 0
vertex 83.49248646298176 -60.63444309999999 0
endloop
endfacet
facet normal 0 0 -1
outer loop
vertex 102.40110721697586 -60.60562102060469 0
vertex 83.49248646298176 -60.63444309999999 0
vertex 83.52760626833971 -60.60562102060469 0
endloop
endfacet
facet normal 0 0 -1
outer loop
vertex 219.0545962313431 -60.60562102060469 0
vertex 219.0530857281377 -60.63444309999999 0
vertex 102.6937427000016 -60.63444309999999 0
endloop
endfacet
facet normal 0 0 -1
outer loop
vertex 219.0545962313431 -60.60562102060469 0
vertex 102.6937427000016 -60.63444309999999 0
vertex 102.98637818302224 -60.60562102060469 0
endloop
endfacet
facet normal 0 0 -1
outer loop
vertex 102.6937427000016 -60.63444309999999 0
vertex 219.0530857281377 -60.63444309999999 0
vertex 219.05078014960515 -60.6784361000005 0
endloop
endfacet
facet normal 0 0 -1
outer loop
vertex 102.6937427000016 -60.63444309999999 0
vertex 219.05078014960515 -60.6784361000005 0
vertex 172.18442630000183 -60.6784361000005 0
endloop
endfacet
facet normal 0 0 -1
outer loop
vertex 102.6937427000016 -60.63444309999999 0
vertex 172.18442630000183 -60.6784361000005 0
vertex 83.43888083737995 -60.6784361000005 0
endloop
endfacet
facet normal 0 0 -1
outer loop
vertex 102.6937427000016 -60.63444309999999 0
vertex 83.43888083737995 -60.6784361000005 0
vertex 83.49248646298176 -60.63444309999999 0
endloop
endfacet
facet normal 0 0 -1
outer loop
vertex 172.18442630000183 -60.6784361000005 0
vertex 171.89179081698 -60.707258179395424 0
vertex 83.40376103202246 -60.707258179395424 0
endloop
endfacet
facet normal 0 0 -1
outer loop
vertex 172.18442630000183 -60.6784361000005 0
vertex 83.40376103202246 -60.707258179395424 0
vertex 83.43888083737995 -60.6784361000005 0
endloop
endfacet
facet normal 0 0 -1
outer loop
vertex 219.05078014960515 -60.6784361000005 0
vertex 219.04926964639975 -60.707258179395424 0
vertex 172.47706178302363 -60.707258179395424 0
endloop
endfacet
facet normal 0 0 -1
outer loop
vertex 219.05078014960515 -60.6784361000005 0
vertex 172.47706178302363 -60.707258179395424 0
vertex 172.18442630000183 -60.6784361000005 0
endloop
endfacet
facet normal 0 0 -1
outer loop
vertex 171.89179081698 -60.707258179395424 0
vertex 171.61040115144235 -60.79261680123508 0
vertex 83.2997512503715 -60.79261680123508 0
endloop
endfacet
facet normal 0 0 -1
outer loop
vertex 171.89179081698 -60.707258179395424 0
vertex 83.2997512503715 -60.79261680123508 0
vertex 83.40376103202246 -60.707258179395424 0
endloop
endfacet
facet normal 0 0 -1
outer loop
vertex 219.04926964639975 -60.707258179395424 0
vertex 219.04479618457452 -60.79261680123508 0
vertex 172.7584514485528 -60.79261680123508 0
endloop
endfacet
facet normal 0 0 -1
outer loop
vertex 219.04926964639975 -60.707258179395424 0
vertex 172.7584514485528 -60.79261680123508 0
vertex 172.47706178302363 -60.707258179395424 0
endloop
endfacet
facet normal 0 0 -1
outer loop
vertex 171.61040115144235 -60.79261680123508 0
vertex 171.35107095049804 -60.93123168153531 0
vertex 83.13084853002671 -60.93123168153531 0
endloop
endfacet
facet normal 0 0 -1
outer loop
vertex 171.61040115144235 -60.79261680123508 0
vertex 83.13084853002671 -60.93123168153531 0
vertex 83.2997512503715 -60.79261680123508 0
endloop
endfacet
facet normal 0 0 -1
outer loop
vertex 219.04479618457452 -60.79261680123508 0
vertex 219.0375316767595 -60.93123168153531 0
vertex 173.01778164951045 -60.93123168153531 0
endloop
endfacet
facet normal 0 0 -1
outer loop
vertex 219.04479618457452 -60.79261680123508 0
vertex 173.01778164951045 -60.93123168153531 0
vertex 172.7584514485528 -60.79261680123508 0
endloop
endfacet
facet normal 0 0 -1
outer loop
vertex 79.08840720020578 -60.53480929980049 0
vertex 79.57332415432806 -60.93277035936189 0
vertex 77.37677794284403 -60.93277035936189 0
endloop
endfacet
facet normal 0 0 -1
outer loop
vertex 79.08840720020578 -60.53480929980049 0
vertex 77.37677794284403 -60.93277035936189 0
vertex 77.2775551278352 -60.53480929980049 0
endloop
endfacet
facet normal 0 0 -1
outer loop
vertex 171.35107095049804 -60.93123168153531 0
vertex 171.34919606614136 -60.93277035936189 0
vertex 83.1289736456631 -60.93277035936189 0
endloop
endfacet
facet normal 0 0 -1
outer loop
vertex 171.35107095049804 -60.93123168153531 0
vertex 83.1289736456631 -60.93277035936189 0
vertex 83.13084853002671 -60.93123168153531 0
endloop
endfacet
facet normal 0 0 -1
outer loop
vertex 171.34919606614136 -60.93277035936189 0
vertex 171.12376612818431 -61.11777592823773 0
vertex 82.78285257085923 -61.11777592823773 0
endloop
endfacet
facet normal 0 0 -1
outer loop
vertex 171.34919606614136 -60.93277035936189 0
vertex 82.78285257085923 -61.11777592823773 0
vertex 83.1289736456631 -60.93277035936189 0
endloop
endfacet
facet normal 0 0 -1
outer loop
vertex 219.0375316767595 -60.93123168153531 0
vertex 219.02775529391312 -61.11777592823773 0
vertex 173.2450864717955 -61.11777592823773 0
endloop
endfacet
facet normal 0 0 -1
outer loop
vertex 219.0375316767595 -60.93123168153531 0
vertex 173.2450864717955 -61.11777592823773 0
vertex 173.01778164951045 -60.93123168153531 0
endloop
endfacet
facet normal 0 0 -1
outer loop
vertex 79.57332415432806 -60.93277035936189 0
vertex 80.12656191643644 -61.228482104037305 0
vertex 77.45050714582234 -61.228482104037305 0
endloop
endfacet
facet normal 0 0 -1
outer loop
vertex 79.57332415432806 -60.93277035936189 0
vertex 77.45050714582234 -61.228482104037305 0
vertex 77.37677794284403 -60.93277035936189 0
endloop
endfacet
facet normal 0 0 -1
outer loop
vertex 171.12376612818431 -61.11777592823773 0
vertex 171.0329119177081 -61.228482104037305 0
vertex 82.57573588356706 -61.228482104037305 0
endloop
endfacet
facet normal 0 0 -1
outer loop
vertex 171.12376612818431 -61.11777592823773 0
vertex 82.57573588356706 -61.228482104037305 0
vertex 82.78285257085923 -61.11777592823773 0
endloop
endfacet
facet normal 0 0 -1
outer loop
vertex 171.0329119177081 -61.228482104037305 0
vertex 170.93722188156448 -61.3450807504628 0
vertex 82.19136165853976 -61.3450807504628 0
endloop
endfacet
facet normal 0 0 -1
outer loop
vertex 171.0329119177081 -61.228482104037305 0
vertex 82.19136165853976 -61.3450807504628 0
vertex 82.57573588356706 -61.228482104037305 0
endloop
endfacet
facet normal 0 0 -1
outer loop
vertex 219.02775529391312 -61.11777592823773 0
vertex 219.01584273695048 -61.3450807504628 0
vertex 173.43163071844867 -61.3450807504628 0
endloop
endfacet
facet normal 0 0 -1
outer loop
vertex 219.02775529391312 -61.11777592823773 0
vertex 173.43163071844867 -61.3450807504628 0
vertex 173.2450864717955 -61.11777592823773 0
endloop
endfacet
facet normal 0 0 -1
outer loop
vertex 80.12656191643644 -61.228482104037305 0
vertex 80.72685986954899 -61.41058049729028 0
vertex 77.4959093648411 -61.41058049729028 0
endloop
endfacet
facet normal 0 0 -1
outer loop
vertex 80.12656191643644 -61.228482104037305 0
vertex 77.4959093648411 -61.41058049729028 0
vertex 77.45050714582234 -61.228482104037305 0
endloop
endfacet
facet normal 0 0 -1
outer loop
vertex 170.93722188156448 -61.3450807504628 0
vertex 170.90221153747876 -61.41058049729028 0
vertex 81.97543793045365 -61.41058049729028 0
endloop
endfacet
facet normal 0 0 -1
outer loop
vertex 170.93722188156448 -61.3450807504628 0
vertex 81.97543793045365 -61.41058049729028 0
vertex 82.19136165853976 -61.3450807504628 0
endloop
endfacet
facet normal 0 0 -1
outer loop
vertex 80.72685986954899 -61.41058049729028 0
vertex 81.35114889999916 -61.472067599999804 0
vertex 77.5112398180877 -61.472067599999804 0
endloop
endfacet
facet normal 0 0 -1
outer loop
vertex 80.72685986954899 -61.41058049729028 0
vertex 77.5112398180877 -61.472067599999804 0
vertex 77.4959093648411 -61.41058049729028 0
endloop
endfacet
facet normal 0 0 -1
outer loop
vertex 170.90221153747876 -61.41058049729028 0
vertex 170.86934599635902 -61.472067599999804 0
vertex 81.35114889999916 -61.472067599999804 0
endloop
endfacet
facet normal 0 0 -1
outer loop
vertex 170.90221153747876 -61.41058049729028 0
vertex 81.35114889999916 -61.472067599999804 0
vertex 81.97543793045365 -61.41058049729028 0
endloop
endfacet
facet normal 0 0 -1
outer loop
vertex 81.35114889999916 -61.472067599999804 0
vertex 170.86934599635902 -61.472067599999804 0
vertex 170.79860700122845 -61.60441095145443 0
endloop
endfacet
facet normal 0 0 -1
outer loop
vertex 81.35114889999916 -61.472067599999804 0
vertex 170.79860700122845 -61.60441095145443 0
vertex 77.54423671455164 -61.60441095145443 0
endloop
endfacet
facet normal 0 0 -1
outer loop
vertex 81.35114889999916 -61.472067599999804 0
vertex 77.54423671455164 -61.60441095145443 0
vertex 77.5112398180877 -61.472067599999804 0
endloop
endfacet
facet normal 0 0 -1
outer loop
vertex 219.01584273695048 -61.3450807504628 0
vertex 219.00225179875036 -61.60441095145443 0
vertex 173.57024559876706 -61.60441095145443 0
endloop
endfacet
facet normal 0 0 -1
outer loop
vertex 219.01584273695048 -61.3450807504628 0
vertex 173.57024559876706 -61.60441095145443 0
vertex 173.43163071844867 -61.3450807504628 0
endloop
endfacet
facet normal 0 0 -1
outer loop
vertex 170.79860700122845 -61.60441095145443 0
vertex 170.71324837939443 -61.88580061698187 0
vertex 77.6143950229017 -61.88580061698187 0
endloop
endfacet
facet normal 0 0 -1
outer loop
vertex 170.79860700122845 -61.60441095145443 0
vertex 77.6143950229017 -61.88580061698187 0
vertex 77.54423671455164 -61.60441095145443 0
endloop
endfacet
facet normal 0 0 -1
outer loop
vertex 219.00225179875036 -61.60441095145443 0
vertex 218.98750477144807 -61.88580061698187 0
vertex 173.6556042206062 -61.88580061698187 0
endloop
endfacet
facet normal 0 0 -1
outer loop
vertex 219.00225179875036 -61.60441095145443 0
vertex 173.6556042206062 -61.88580061698187 0
vertex 173.57024559876706 -61.60441095145443 0
endloop
endfacet
facet normal 0 0 -1
outer loop
vertex 170.71324837939443 -61.88580061698187 0
vertex 170.6844263000006 -62.178436099994514 0
vertex 77.68735722786715 -62.178436099994514 0
endloop
endfacet
facet normal 0 0 -1
outer loop
vertex 170.71324837939443 -61.88580061698187 0
vertex 77.68735722786715 -62.178436099994514 0
vertex 77.6143950229017 -61.88580061698187 0
endloop
endfacet
facet normal 0 0 -1
outer loop
vertex 218.98750477144807 -61.88580061698187 0
vertex 218.9721683750331 -62.178436099994514 0
vertex 173.6844263000002 -62.178436099994514 0
endloop
endfacet
facet normal 0 0 -1
outer loop
vertex 218.98750477144807 -61.88580061698187 0
vertex 173.6844263000002 -62.178436099994514 0
vertex 173.6556042206062 -61.88580061698187 0
endloop
endfacet
facet normal 0 0 -1
outer loop
vertex 170.6844263000006 -62.178436099994514 0
vertex 170.71324837939667 -62.471071583030934 0
vertex 77.76031943283851 -62.471071583030934 0
endloop
endfacet
facet normal 0 0 -1
outer loop
vertex 170.6844263000006 -62.178436099994514 0
vertex 77.76031943283851 -62.471071583030934 0
vertex 77.68735722786715 -62.178436099994514 0
endloop
endfacet
facet normal 0 0 -1
outer loop
vertex 218.9721683750331 -62.178436099994514 0
vertex 218.9568319786169 -62.471071583030934 0
vertex 173.65560422060386 -62.471071583030934 0
endloop
endfacet
facet normal 0 0 -1
outer loop
vertex 218.9721683750331 -62.178436099994514 0
vertex 173.65560422060386 -62.471071583030934 0
vertex 173.6844263000002 -62.178436099994514 0
endloop
endfacet
facet normal 0 0 -1
outer loop
vertex 170.71324837939667 -62.471071583030934 0
vertex 170.79860700122936 -62.752461248536925 0
vertex 77.83047774118322 -62.752461248536925 0
endloop
endfacet
facet normal 0 0 -1
outer loop
vertex 170.71324837939667 -62.471071583030934 0
vertex 77.83047774118322 -62.752461248536925 0
vertex 77.76031943283851 -62.471071583030934 0
endloop
endfacet
facet normal 0 0 -1
outer loop
vertex 218.9568319786169 -62.471071583030934 0
vertex 218.9420849513157 -62.752461248536925 0
vertex 173.57024559876757 -62.752461248536925 0
endloop
endfacet
facet normal 0 0 -1
outer loop
vertex 218.9568319786169 -62.471071583030934 0
vertex 173.57024559876757 -62.752461248536925 0
vertex 173.65560422060386 -62.471071583030934 0
endloop
endfacet
facet normal 0 0 -1
outer loop
vertex 170.79860700122936 -62.752461248536925 0
vertex 170.93722188154734 -63.0117914495278 0
vertex 77.89513600847066 -63.0117914495278 0
endloop
endfacet
facet normal 0 0 -1
outer loop
vertex 170.79860700122936 -62.752461248536925 0
vertex 77.89513600847066 -63.0117914495278 0
vertex 77.83047774118322 -62.752461248536925 0
endloop
endfacet
facet normal 0 0 -1
outer loop
vertex 218.9420849513157 -62.752461248536925 0
vertex 218.92849401311565 -63.0117914495278 0
vertex 173.43163071845444 -63.0117914495278 0
endloop
endfacet
facet normal 0 0 -1
outer loop
vertex 218.9420849513157 -62.752461248536925 0
vertex 173.43163071845444 -63.0117914495278 0
vertex 173.57024559876757 -62.752461248536925 0
endloop
endfacet
facet normal 0 0 -1
outer loop
vertex 170.93722188154734 -63.0117914495278 0
vertex 171.1237661282266 -63.23909627178466 0
vertex 77.95180945374257 -63.23909627178466 0
endloop
endfacet
facet normal 0 0 -1
outer loop
vertex 170.93722188154734 -63.0117914495278 0
vertex 77.95180945374257 -63.23909627178466 0
vertex 77.89513600847066 -63.0117914495278 0
endloop
endfacet
facet normal 0 0 -1
outer loop
vertex 218.92849401311565 -63.0117914495278 0
vertex 218.91658145615133 -63.23909627178466 0
vertex 173.2450864717771 -63.23909627178466 0
endloop
endfacet
facet normal 0 0 -1
outer loop
vertex 218.92849401311565 -63.0117914495278 0
vertex 173.2450864717771 -63.23909627178466 0
vertex 173.43163071845444 -63.0117914495278 0
endloop
endfacet
facet normal 0 0 -1
outer loop
vertex 171.1237661282266 -63.23909627178466 0
vertex 171.35107095047857 -63.42564051845991 0
vertex 77.99832014827942 -63.42564051845991 0
endloop
endfacet
facet normal 0 0 -1
outer loop
vertex 171.1237661282266 -63.23909627178466 0
vertex 77.99832014827942 -63.42564051845991 0
vertex 77.95180945374257 -63.23909627178466 0
endloop
endfacet
facet normal 0 0 -1
outer loop
vertex 218.91658145615133 -63.23909627178466 0
vertex 218.9068050733064 -63.42564051845991 0
vertex 173.01778164953353 -63.42564051845991 0
endloop
endfacet
facet normal 0 0 -1
outer loop
vertex 218.91658145615133 -63.23909627178466 0
vertex 173.01778164953353 -63.42564051845991 0
vertex 173.2450864717771 -63.23909627178466 0
endloop
endfacet
facet normal 0 0 -1
outer loop
vertex 171.35107095047857 -63.42564051845991 0
vertex 171.61040115144647 -63.56425539876561 0
vertex 78.03288071217278 -63.56425539876561 0
endloop
endfacet
facet normal 0 0 -1
outer loop
vertex 171.35107095047857 -63.42564051845991 0
vertex 78.03288071217278 -63.56425539876561 0
vertex 77.99832014827942 -63.42564051845991 0
endloop
endfacet
facet normal 0 0 -1
outer loop
vertex 218.9068050733064 -63.42564051845991 0
vertex 218.8995405654911 -63.56425539876561 0
vertex 172.75845144854515 -63.56425539876561 0
endloop
endfacet
facet normal 0 0 -1
outer loop
vertex 218.9068050733064 -63.42564051845991 0
vertex 172.75845144854515 -63.56425539876561 0
vertex 173.01778164953353 -63.42564051845991 0
endloop
endfacet
facet normal 0 0 -1
outer loop
vertex 171.61040115144647 -63.56425539876561 0
vertex 171.8917908169751 -63.64961402060509 0
vertex 78.05416300233836 -63.64961402060509 0
endloop
endfacet
facet normal 0 0 -1
outer loop
vertex 171.61040115144647 -63.56425539876561 0
vertex 78.05416300233836 -63.64961402060509 0
vertex 78.03288071217278 -63.56425539876561 0
endloop
endfacet
facet normal 0 0 -1
outer loop
vertex 218.8995405654911 -63.56425539876561 0
vertex 218.89506710366587 -63.64961402060509 0
vertex 172.47706178301937 -63.64961402060509 0
endloop
endfacet
facet normal 0 0 -1
outer loop
vertex 218.8995405654911 -63.56425539876561 0
vertex 172.47706178301937 -63.64961402060509 0
vertex 172.75845144854515 -63.56425539876561 0
endloop
endfacet
facet normal 0 0 -1
outer loop
vertex 171.8917908169751 -63.64961402060509 0
vertex 172.1844263000015 -63.67843610000047 0
vertex 78.06134915229778 -63.67843610000047 0
endloop
endfacet
facet normal 0 0 -1
outer loop
vertex 171.8917908169751 -63.64961402060509 0
vertex 78.06134915229778 -63.67843610000047 0
vertex 78.05416300233836 -63.64961402060509 0
endloop
endfacet
facet normal 0 0 -1
outer loop
vertex 218.89506710366587 -63.64961402060509 0
vertex 218.89355660046044 -63.67843610000047 0
vertex 172.1844263000015 -63.67843610000047 0
endloop
endfacet
facet normal 0 0 -1
outer loop
vertex 218.89506710366587 -63.64961402060509 0
vertex 172.1844263000015 -63.67843610000047 0
vertex 172.47706178301937 -63.64961402060509 0
endloop
endfacet
facet normal 0 0 -1
outer loop
vertex 172.1844263000015 -63.67843610000047 0
vertex 218.89355660046044 -63.67843610000047 0
vertex 217.25012052237804 -95.0370223999998 0
endloop
endfacet
facet normal 0 0 -1
outer loop
vertex 172.1844263000015 -63.67843610000047 0
vertex 217.25012052237804 -95.0370223999998 0
vertex 118.6773637000038 -95.0370223999998 0
endloop
endfacet
facet normal 0 0 -1
outer loop
vertex 172.1844263000015 -63.67843610000047 0
vertex 118.6773637000038 -95.0370223999998 0
vertex 85.87992117744058 -95.0370223999998 0
endloop
endfacet
facet normal 0 0 -1
outer loop
vertex 172.1844263000015 -63.67843610000047 0
vertex 85.87992117744058 -95.0370223999998 0
vertex 78.06134915229778 -63.67843610000047 0
endloop
endfacet
facet normal 0 0 -1
outer loop
vertex 118.6773637000038 -95.0370223999998 0
vertex 118.3847282169868 -95.06584447939424 0
vertex 85.88710732739978 -95.06584447939424 0
endloop
endfacet
facet normal 0 0 -1
outer loop
vertex 118.6773637000038 -95.0370223999998 0
vertex 85.88710732739978 -95.06584447939424 0
vertex 85.87992117744058 -95.0370223999998 0
endloop
endfacet
facet normal 0 0 -1
outer loop
vertex 217.25012052237804 -95.0370223999998 0
vertex 217.24861001917267 -95.06584447939424 0
vertex 118.9699991830208 -95.06584447939424 0
endloop
endfacet
facet normal 0 0 -1
outer loop
vertex 217.25012052237804 -95.0370223999998 0
vertex 118.9699991830208 -95.06584447939424 0
vertex 118.6773637000038 -95.0370223999998 0
endloop
endfacet
facet normal 0 0 -1
outer loop
vertex 118.3847282169868 -95.06584447939424 0
vertex 118.10333855145231 -95.15120310123102 0
vertex 85.90838961756467 -95.15120310123102 0
endloop
endfacet
facet normal 0 0 -1
outer loop
vertex 118.3847282169868 -95.06584447939424 0
vertex 85.90838961756467 -95.15120310123102 0
vertex 85.88710732739978 -95.06584447939424 0
endloop
endfacet
facet normal 0 0 -1
outer loop
vertex 217.24861001917267 -95.06584447939424 0
vertex 217.2441365573476 -95.15120310123102 0
vertex 119.2513888485405 -95.15120310123102 0
endloop
endfacet
facet normal 0 0 -1
outer loop
vertex 217.24861001917267 -95.06584447939424 0
vertex 119.2513888485405 -95.15120310123102 0
vertex 118.9699991830208 -95.06584447939424 0
endloop
endfacet
facet normal 0 0 -1
outer loop
vertex 118.10333855145231 -95.15120310123102 0
vertex 117.8440083504626 -95.2898179815511 0
vertex 85.94295018146163 -95.2898179815511 0
endloop
endfacet
facet normal 0 0 -1
outer loop
vertex 118.10333855145231 -95.15120310123102 0
vertex 85.94295018146163 -95.2898179815511 0
vertex 85.90838961756467 -95.15120310123102 0
endloop
endfacet
facet normal 0 0 -1
outer loop
vertex 217.2441365573476 -95.15120310123102 0
vertex 217.2368720495315 -95.2898179815511 0
vertex 119.5107190495353 -95.2898179815511 0
endloop
endfacet
facet normal 0 0 -1
outer loop
vertex 217.2441365573476 -95.15120310123102 0
vertex 119.5107190495353 -95.2898179815511 0
vertex 119.2513888485405 -95.15120310123102 0
endloop
endfacet
facet normal 0 0 -1
outer loop
vertex 117.8440083504626 -95.2898179815511 0
vertex 117.61670352821935 -95.47636222822479 0
vertex 85.98946087599808 -95.47636222822479 0
endloop
endfacet
facet normal 0 0 -1
outer loop
vertex 117.8440083504626 -95.2898179815511 0
vertex 85.98946087599808 -95.47636222822479 0
vertex 85.94295018146163 -95.2898179815511 0
endloop
endfacet
facet normal 0 0 -1
outer loop
vertex 217.2368720495315 -95.2898179815511 0
vertex 217.22709566668667 -95.47636222822479 0
vertex 119.73802387178534 -95.47636222822479 0
endloop
endfacet
facet normal 0 0 -1
outer loop
vertex 217.2368720495315 -95.2898179815511 0
vertex 119.73802387178534 -95.47636222822479 0
vertex 119.5107190495353 -95.2898179815511 0
endloop
endfacet
facet normal 0 0 -1
outer loop
vertex 117.61670352821935 -95.47636222822479 0
vertex 117.43015928155457 -95.70366705046129 0
vertex 86.04613432126492 -95.70366705046129 0
endloop
endfacet
facet normal 0 0 -1
outer loop
vertex 117.61670352821935 -95.47636222822479 0
vertex 86.04613432126492 -95.70366705046129 0
vertex 85.98946087599808 -95.47636222822479 0
endloop
endfacet
facet normal 0 0 -1
outer loop
vertex 217.22709566668667 -95.47636222822479 0
vertex 217.21518310972343 -95.70366705046129 0
vertex 119.92456811844792 -95.70366705046129 0
endloop
endfacet
facet normal 0 0 -1
outer loop
vertex 217.22709566668667 -95.47636222822479 0
vertex 119.92456811844792 -95.70366705046129 0
vertex 119.73802387178534 -95.47636222822479 0
endloop
endfacet
facet normal 0 0 -1
outer loop
vertex 117.43015928155457 -95.70366705046129 0
vertex 117.29154440122755 -95.96299725145815 0
vertex 86.11079258855385 -95.96299725145815 0
endloop
endfacet
facet normal 0 0 -1
outer loop
vertex 117.43015928155457 -95.70366705046129 0
vertex 86.11079258855385 -95.96299725145815 0
vertex 86.04613432126492 -95.70366705046129 0
endloop
endfacet
facet normal 0 0 -1
outer loop
vertex 217.21518310972343 -95.70366705046129 0
vertex 217.20159217152303 -95.96299725145815 0
vertex 120.06318299876911 -95.96299725145815 0
endloop
endfacet
facet normal 0 0 -1
outer loop
vertex 217.21518310972343 -95.70366705046129 0
vertex 120.06318299876911 -95.96299725145815 0
vertex 119.92456811844792 -95.70366705046129 0
endloop
endfacet
facet normal 0 0 -1
outer loop
vertex 117.29154440122755 -95.96299725145815 0
vertex 117.20618577939888 -96.24438691697306 0
vertex 86.18095089690078 -96.24438691697306 0
endloop
endfacet
facet normal 0 0 -1
outer loop
vertex 117.29154440122755 -95.96299725145815 0
vertex 86.18095089690078 -96.24438691697306 0
vertex 86.11079258855385 -95.96299725145815 0
endloop
endfacet
facet normal 0 0 -1
outer loop
vertex 217.20159217152303 -95.96299725145815 0
vertex 217.1868451442214 -96.24438691697306 0
vertex 120.14854162060443 -96.24438691697306 0
endloop
endfacet
facet normal 0 0 -1
outer loop
vertex 217.20159217152303 -95.96299725145815 0
vertex 120.14854162060443 -96.24438691697306 0
vertex 120.06318299876911 -95.96299725145815 0
endloop
endfacet
facet normal 0 0 -1
outer loop
vertex 117.20618577939888 -96.24438691697306 0
vertex 117.17736370000013 -96.5370223999953 0
vertex 86.2539131018686 -96.5370223999953 0
endloop
endfacet
facet normal 0 0 -1
outer loop
vertex 117.20618577939888 -96.24438691697306 0
vertex 86.2539131018686 -96.5370223999953 0
vertex 86.18095089690078 -96.24438691697306 0
endloop
endfacet
facet normal 0 0 -1
outer loop
vertex 217.1868451442214 -96.24438691697306 0
vertex 217.17150874780592 -96.5370223999953 0
vertex 120.17736369999939 -96.5370223999953 0
endloop
endfacet
facet normal 0 0 -1
outer loop
vertex 217.1868451442214 -96.24438691697306 0
vertex 120.17736369999939 -96.5370223999953 0
vertex 120.14854162060443 -96.24438691697306 0
endloop
endfacet
facet normal 0 0 -1
outer loop
vertex 117.17736370000013 -96.5370223999953 0
vertex 117.20618577939506 -96.8296578830195 0
vertex 86.32687530683693 -96.8296578830195 0
endloop
endfacet
facet normal 0 0 -1
outer loop
vertex 117.17736370000013 -96.5370223999953 0
vertex 86.32687530683693 -96.8296578830195 0
vertex 86.2539131018686 -96.5370223999953 0
endloop
endfacet
facet normal 0 0 -1
outer loop
vertex 217.17150874780592 -96.5370223999953 0
vertex 217.15617235139035 -96.8296578830195 0
vertex 120.14854162060422 -96.8296578830195 0
endloop
endfacet
facet normal 0 0 -1
outer loop
vertex 217.17150874780592 -96.5370223999953 0
vertex 120.14854162060422 -96.8296578830195 0
vertex 120.17736369999939 -96.5370223999953 0
endloop
endfacet
facet normal 0 0 -1
outer loop
vertex 117.20618577939506 -96.8296578830195 0
vertex 117.29154440123405 -97.1110475485487 0
vertex 86.39703361518741 -97.1110475485487 0
endloop
endfacet
facet normal 0 0 -1
outer loop
vertex 117.20618577939506 -96.8296578830195 0
vertex 86.39703361518741 -97.1110475485487 0
vertex 86.32687530683693 -96.8296578830195 0
endloop
endfacet
facet normal 0 0 -1
outer loop
vertex 217.15617235139035 -96.8296578830195 0
vertex 217.14142532408798 -97.1110475485487 0
vertex 120.06318299876808 -97.1110475485487 0
endloop
endfacet
facet normal 0 0 -1
outer loop
vertex 217.15617235139035 -96.8296578830195 0
vertex 120.06318299876808 -97.1110475485487 0
vertex 120.14854162060422 -96.8296578830195 0
endloop
endfacet
facet normal 0 0 -1
outer loop
vertex 117.29154440123405 -97.1110475485487 0
vertex 117.43015928154405 -97.37037774952466 0
vertex 86.46169188247114 -97.37037774952466 0
endloop
endfacet
facet normal 0 0 -1
outer loop
vertex 117.29154440123405 -97.1110475485487 0
vertex 86.46169188247114 -97.37037774952466 0
vertex 86.39703361518741 -97.1110475485487 0
endloop
endfacet
facet normal 0 0 -1
outer loop
vertex 217.14142532408798 -97.1110475485487 0
vertex 217.1278343858887 -97.37037774952466 0
vertex 119.924568118454 -97.37037774952466 0
endloop
endfacet
facet normal 0 0 -1
outer loop
vertex 217.14142532408798 -97.1110475485487 0
vertex 119.924568118454 -97.37037774952466 0
vertex 120.06318299876808 -97.1110475485487 0
endloop
endfacet
facet normal 0 0 -1
outer loop
vertex 117.43015928154405 -97.37037774952466 0
vertex 117.6167035282198 -97.59768257177721 0
vertex 86.51836532774199 -97.59768257177721 0
endloop
endfacet
facet normal 0 0 -1
outer loop
vertex 117.43015928154405 -97.37037774952466 0
vertex 86.51836532774199 -97.59768257177721 0
vertex 86.46169188247114 -97.37037774952466 0
endloop
endfacet
facet normal 0 0 -1
outer loop
vertex 217.1278343858887 -97.37037774952466 0
vertex 217.1159218289246 -97.59768257177721 0
vertex 119.73802387177956 -97.59768257177721 0
endloop
endfacet
facet normal 0 0 -1
outer loop
vertex 217.1278343858887 -97.37037774952466 0
vertex 119.73802387177956 -97.59768257177721 0
vertex 119.924568118454 -97.37037774952466 0
endloop
endfacet
facet normal 0 0 -1
outer loop
vertex 117.6167035282198 -97.59768257177721 0
vertex 117.84400835047246 -97.78422681845305 0
vertex 86.56487602227897 -97.78422681845305 0
endloop
endfacet
facet normal 0 0 -1
outer loop
vertex 117.6167035282198 -97.59768257177721 0
vertex 86.56487602227897 -97.78422681845305 0
vertex 86.51836532774199 -97.59768257177721 0
endloop
endfacet
facet normal 0 0 -1
outer loop
vertex 217.1159218289246 -97.59768257177721 0
vertex 217.10614544607964 -97.78422681845305 0
vertex 119.51071904952975 -97.78422681845305 0
endloop
endfacet
facet normal 0 0 -1
outer loop
vertex 217.1159218289246 -97.59768257177721 0
vertex 119.51071904952975 -97.78422681845305 0
vertex 119.73802387177956 -97.59768257177721 0
endloop
endfacet
facet normal 0 0 -1
outer loop
vertex 117.84400835047246 -97.78422681845305 0
vertex 118.10333855146219 -97.92284169877041 0
vertex 86.59943658617524 -97.92284169877041 0
endloop
endfacet
facet normal 0 0 -1
outer loop
vertex 117.84400835047246 -97.78422681845305 0
vertex 86.59943658617524 -97.92284169877041 0
vertex 86.56487602227897 -97.78422681845305 0
endloop
endfacet
facet normal 0 0 -1
outer loop
vertex 217.10614544607964 -97.78422681845305 0
vertex 217.0988809382637 -97.92284169877041 0
vertex 119.25138884855045 -97.92284169877041 0
endloop
endfacet
facet normal 0 0 -1
outer loop
vertex 217.10614544607964 -97.78422681845305 0
vertex 119.25138884855045 -97.92284169877041 0
vertex 119.51071904952975 -97.78422681845305 0
endloop
endfacet
facet normal 0 0 -1
outer loop
vertex 118.10333855146219 -97.92284169877041 0
vertex 118.38472821697246 -98.00820032060433 0
vertex 86.62071887633944 -98.00820032060433 0
endloop
endfacet
facet normal 0 0 -1
outer loop
vertex 118.10333855146219 -97.92284169877041 0
vertex 86.62071887633944 -98.00820032060433 0
vertex 86.59943658617524 -97.92284169877041 0
endloop
endfacet
facet normal 0 0 -1
outer loop
vertex 217.0988809382637 -97.92284169877041 0
vertex 217.09440747643876 -98.00820032060433 0
vertex 118.96999918302282 -98.00820032060433 0
endloop
endfacet
facet normal 0 0 -1
outer loop
vertex 217.0988809382637 -97.92284169877041 0
vertex 118.96999918302282 -98.00820032060433 0
vertex 119.25138884855045 -97.92284169877041 0
endloop
endfacet
facet normal 0 0 -1
outer loop
vertex 118.38472821697246 -98.00820032060433 0
vertex 118.67736370000182 -98.0370224 0
vertex 86.62790502629892 -98.0370224 0
endloop
endfacet
facet normal 0 0 -1
outer loop
vertex 118.38472821697246 -98.00820032060433 0
vertex 86.62790502629892 -98.0370224 0
vertex 86.62071887633944 -98.00820032060433 0
endloop
endfacet
facet normal 0 0 -1
outer loop
vertex 217.09440747643876 -98.00820032060433 0
vertex 217.0928969732333 -98.0370224 0
vertex 118.67736370000182 -98.0370224 0
endloop
endfacet
facet normal 0 0 -1
outer loop
vertex 217.09440747643876 -98.00820032060433 0
vertex 118.67736370000182 -98.0370224 0
vertex 118.96999918302282 -98.00820032060433 0
endloop
endfacet
facet normal 0 0 -1
outer loop
vertex 118.67736370000182 -98.0370224 0
vertex 217.0928969732333 -98.0370224 0
vertex 216.9590685449998 -100.59061749999991 0
endloop
endfacet
facet normal 0 0 -1
outer loop
vertex 118.67736370000182 -98.0370224 0
vertex 216.9590685449998 -100.59061749999991 0
vertex 161.0705710000103 -100.59061749999991 0
endloop
endfacet
facet normal 0 0 -1
outer loop
vertex 118.67736370000182 -98.0370224 0
vertex 161.0705710000103 -100.59061749999991 0
vertex 87.26458765674013 -100.59061749999991 0
endloop
endfacet
facet normal 0 0 -1
outer loop
vertex 118.67736370000182 -98.0370224 0
vertex 87.26458765674013 -100.59061749999991 0
vertex 86.62790502629892 -98.0370224 0
endloop
endfacet
facet normal 0 0 -1
outer loop
vertex 161.0705710000103 -100.59061749999991 0
vertex 160.77793551700412 -100.61943957939329 0
vertex 87.27177380669904 -100.61943957939329 0
endloop
endfacet
facet normal 0 0 -1
outer loop
vertex 161.0705710000103 -100.59061749999991 0
vertex 87.27177380669904 -100.61943957939329 0
vertex 87.26458765674013 -100.59061749999991 0
endloop
endfacet
facet normal 0 0 -1
outer loop
vertex 216.9590685449998 -100.59061749999991 0
vertex 216.95755804179447 -100.61943957939329 0
vertex 161.36320648301646 -100.61943957939329 0
endloop
endfacet
facet normal 0 0 -1
outer loop
vertex 216.9590685449998 -100.59061749999991 0
vertex 161.36320648301646 -100.61943957939329 0
vertex 161.0705710000103 -100.59061749999991 0
endloop
endfacet
facet normal 0 0 -1
outer loop
vertex 160.77793551700412 -100.61943957939329 0
vertex 160.4965458514353 -100.704798201235 0
vertex 87.29305609686517 -100.704798201235 0
endloop
endfacet
facet normal 0 0 -1
outer loop
vertex 160.77793551700412 -100.61943957939329 0
vertex 87.29305609686517 -100.704798201235 0
vertex 87.27177380669904 -100.61943957939329 0
endloop
endfacet
facet normal 0 0 -1
outer loop
vertex 216.95755804179447 -100.61943957939329 0
vertex 216.95308457996913 -100.704798201235 0
vertex 161.6445961485524 -100.704798201235 0
endloop
endfacet
facet normal 0 0 -1
outer loop
vertex 216.95755804179447 -100.61943957939329 0
vertex 161.6445961485524 -100.704798201235 0
vertex 161.36320648301646 -100.61943957939329 0
endloop
endfacet
facet normal 0 0 -1
outer loop
vertex 160.4965458514353 -100.704798201235 0
vertex 160.23721565046503 -100.84341308155385 0
vertex 87.32761666076182 -100.84341308155385 0
endloop
endfacet
facet normal 0 0 -1
outer loop
vertex 160.4965458514353 -100.704798201235 0
vertex 87.32761666076182 -100.84341308155385 0
vertex 87.29305609686517 -100.704798201235 0
endloop
endfacet
facet normal 0 0 -1
outer loop
vertex 216.95308457996913 -100.704798201235 0
vertex 216.94582007215314 -100.84341308155385 0
vertex 161.90392634954492 -100.84341308155385 0
endloop
endfacet
facet normal 0 0 -1
outer loop
vertex 216.95308457996913 -100.704798201235 0
vertex 161.90392634954492 -100.84341308155385 0
vertex 161.6445961485524 -100.704798201235 0
endloop
endfacet
facet normal 0 0 -1
outer loop
vertex 160.23721565046503 -100.84341308155385 0
vertex 160.00991082824987 -101.02995732819751 0
vertex 87.37412735529078 -101.02995732819751 0
endloop
endfacet
facet normal 0 0 -1
outer loop
vertex 160.23721565046503 -100.84341308155385 0
vertex 87.37412735529078 -101.02995732819751 0
vertex 87.32761666076182 -100.84341308155385 0
endloop
endfacet
facet normal 0 0 -1
outer loop
vertex 216.94582007215314 -100.84341308155385 0
vertex 216.93604368930986 -101.02995732819751 0
vertex 162.1312311717584 -101.02995732819751 0
endloop
endfacet
facet normal 0 0 -1
outer loop
vertex 216.94582007215314 -100.84341308155385 0
vertex 162.1312311717584 -101.02995732819751 0
vertex 161.90392634954492 -100.84341308155385 0
endloop
endfacet
facet normal 0 0 -1
outer loop
vertex 160.00991082824987 -101.02995732819751 0
vertex 159.82336658152923 -101.25726215047531 0
vertex 87.43080080056792 -101.25726215047531 0
endloop
endfacet
facet normal 0 0 -1
outer loop
vertex 160.00991082824987 -101.02995732819751 0
vertex 87.43080080056792 -101.25726215047531 0
vertex 87.37412735529078 -101.02995732819751 0
endloop
endfacet
facet normal 0 0 -1
outer loop
vertex 216.93604368930986 -101.02995732819751 0
vertex 216.92413113234443 -101.25726215047531 0
vertex 162.31777541845486 -101.25726215047531 0
endloop
endfacet
facet normal 0 0 -1
outer loop
vertex 216.93604368930986 -101.02995732819751 0
vertex 162.31777541845486 -101.25726215047531 0
vertex 162.1312311717584 -101.02995732819751 0
endloop
endfacet
facet normal 0 0 -1
outer loop
vertex 159.82336658152923 -101.25726215047531 0
vertex 159.6847517012294 -101.51659235146286 0
vertex 87.49545906785454 -101.51659235146286 0
endloop
endfacet
facet normal 0 0 -1
outer loop
vertex 159.82336658152923 -101.25726215047531 0
vertex 87.49545906785454 -101.51659235146286 0
vertex 87.43080080056792 -101.25726215047531 0
endloop
endfacet
facet normal 0 0 -1
outer loop
vertex 216.92413113234443 -101.25726215047531 0
vertex 216.91054019414455 -101.51659235146286 0
vertex 162.45639029877105 -101.51659235146286 0
endloop
endfacet
facet normal 0 0 -1
outer loop
vertex 216.92413113234443 -101.25726215047531 0
vertex 162.45639029877105 -101.51659235146286 0
vertex 162.31777541845486 -101.25726215047531 0
endloop
endfacet
facet normal 0 0 -1
outer loop
vertex 159.6847517012294 -101.51659235146286 0
vertex 159.59939307939652 -101.79798201697805 0
vertex 87.56561737620154 -101.79798201697805 0
endloop
endfacet
facet normal 0 0 -1
outer loop
vertex 159.6847517012294 -101.51659235146286 0
vertex 87.56561737620154 -101.79798201697805 0
vertex 87.49545906785454 -101.51659235146286 0
endloop
endfacet
facet normal 0 0 -1
outer loop
vertex 216.91054019414455 -101.51659235146286 0
vertex 216.8957931668429 -101.79798201697805 0
vertex 162.54174892060647 -101.79798201697805 0
endloop
endfacet
facet normal 0 0 -1
outer loop
vertex 216.91054019414455 -101.51659235146286 0
vertex 162.54174892060647 -101.79798201697805 0
vertex 162.45639029877105 -101.51659235146286 0
endloop
endfacet
facet normal 0 0 -1
outer loop
vertex 159.59939307939652 -101.79798201697805 0
vertex 159.58562416551553 -101.93778014563632 0
vertex 130.57360419573465 -101.93778014563632 0
endloop
endfacet
facet normal 0 0 -1
outer loop
vertex 159.59939307939652 -101.79798201697805 0
vertex 130.57360419573465 -101.93778014563632 0
vertex 87.60047295698054 -101.93778014563632 0
endloop
endfacet
facet normal 0 0 -1
outer loop
vertex 159.59939307939652 -101.79798201697805 0
vertex 87.60047295698054 -101.93778014563632 0
vertex 87.56561737620154 -101.79798201697805 0
endloop
endfacet
facet normal 0 0 -1
outer loop
vertex 159.58562416551553 -101.93778014563632 0
vertex 159.58559863349416 -101.9380393765998 0
vertex 130.90009432705622 -101.9380393765998 0
endloop
endfacet
facet normal 0 0 -1
outer loop
vertex 159.58562416551553 -101.93778014563632 0
vertex 130.90009432705622 -101.9380393765998 0
vertex 130.57360419573465 -101.93778014563632 0
endloop
endfacet
facet normal 0 0 -1
outer loop
vertex 130.57360419573465 -101.93778014563632 0
vertex 130.25142439999973 -101.99064890000005 0
vertex 87.61365461510498 -101.99064890000005 0
endloop
endfacet
facet normal 0 0 -1
outer loop
vertex 130.57360419573465 -101.93778014563632 0
vertex 87.61365461510498 -101.99064890000005 0
vertex 87.60047295698054 -101.93778014563632 0
endloop
endfacet
facet normal 0 0 -1
outer loop
vertex 159.58559863349416 -101.9380393765998 0
vertex 159.5803415703292 -101.99141523465272 0
vertex 131.22219196881835 -101.99141523465272 0
endloop
endfacet
facet normal 0 0 -1
outer loop
vertex 159.58559863349416 -101.9380393765998 0
vertex 131.22219196881835 -101.99141523465272 0
vertex 130.90009432705622 -101.9380393765998 0
endloop
endfacet
facet normal 0 0 -1
outer loop
vertex 159.5803415703292 -101.99141523465272 0
vertex 159.57057100000026 -102.09061749998658 0
vertex 131.51405015626693 -102.09061749998658 0
endloop
endfacet
facet normal 0 0 -1
outer loop
vertex 159.5803415703292 -101.99141523465272 0
vertex 131.51405015626693 -102.09061749998658 0
vertex 131.22219196881835 -101.99141523465272 0
endloop
endfacet
facet normal 0 0 -1
outer loop
vertex 216.8957931668429 -101.79798201697805 0
vertex 216.8804567704281 -102.09061749998658 0
vertex 162.5705710000001 -102.09061749998658 0
endloop
endfacet
facet normal 0 0 -1
outer loop
vertex 216.8957931668429 -101.79798201697805 0
vertex 162.5705710000001 -102.09061749998658 0
vertex 162.54174892060647 -101.79798201697805 0
endloop
endfacet
facet normal 0 0 -1
outer loop
vertex 159.57057100000026 -102.09061749998658 0
vertex 159.5711489286705 -102.09648530824782 0
vertex 131.53131355118697 -102.09648530824782 0
endloop
endfacet
facet normal 0 0 -1
outer loop
vertex 159.57057100000026 -102.09061749998658 0
vertex 131.53131355118697 -102.09648530824782 0
vertex 131.51405015626693 -102.09061749998658 0
endloop
endfacet
facet normal 0 0 -1
outer loop
vertex 159.5711489286705 -102.09648530824782 0
vertex 159.58631308668254 -102.2504495883285 0
vertex 131.81922130292463 -102.2504495883285 0
endloop
endfacet
facet normal 0 0 -1
outer loop
vertex 159.5711489286705 -102.09648530824782 0
vertex 131.81922130292463 -102.2504495883285 0
vertex 131.53131355118697 -102.09648530824782 0
endloop
endfacet
facet normal 0 0 -1
outer loop
vertex 159.58631308668254 -102.2504495883285 0
vertex 159.59939307939771 -102.38325298303442 0
vertex 131.99229290017917 -102.38325298303442 0
endloop
endfacet
facet normal 0 0 -1
outer loop
vertex 159.58631308668254 -102.2504495883285 0
vertex 131.99229290017917 -102.38325298303442 0
vertex 131.81922130292463 -102.2504495883285 0
endloop
endfacet
facet normal 0 0 -1
outer loop
vertex 216.8804567704281 -102.09061749998658 0
vertex 216.8651203740113 -102.38325298303442 0
vertex 162.5417489206026 -102.38325298303442 0
endloop
endfacet
facet normal 0 0 -1
outer loop
vertex 216.8804567704281 -102.09061749998658 0
vertex 162.5417489206026 -102.38325298303442 0
vertex 162.5705710000001 -102.09061749998658 0
endloop
endfacet
facet normal 0 0 -1
outer loop
vertex 159.59939307939771 -102.38325298303442 0
vertex 159.6193994310125 -102.44920508568117 0
vertex 132.07824277949246 -102.44920508568117 0
endloop
endfacet
facet normal 0 0 -1
outer loop
vertex 159.59939307939771 -102.38325298303442 0
vertex 132.07824277949246 -102.44920508568117 0
vertex 131.99229290017917 -102.38325298303442 0
endloop
endfacet
facet normal 0 0 -1
outer loop
vertex 130.25142439999973 -101.99064890000005 0
vertex 127.74104201224243 -102.61655810000018 0
vertex 93.2053218000032 -102.61655810000018 0
endloop
endfacet
facet normal 0 0 -1
outer loop
vertex 130.25142439999973 -101.99064890000005 0
vertex 93.2053218000032 -102.61655810000018 0
vertex 87.76971127258895 -102.61655810000018 0
endloop
endfacet
facet normal 0 0 -1
outer loop
vertex 130.25142439999973 -101.99064890000005 0
vertex 87.76971127258895 -102.61655810000018 0
vertex 87.61365461510498 -101.99064890000005 0
endloop
endfacet
facet normal 0 0 -1
outer loop
vertex 159.6193994310125 -102.44920508568117 0
vertex 159.68475170123116 -102.66464264854321 0
vertex 132.2801007372183 -102.66464264854321 0
endloop
endfacet
facet normal 0 0 -1
outer loop
vertex 159.6193994310125 -102.44920508568117 0
vertex 132.2801007372183 -102.66464264854321 0
vertex 132.07824277949246 -102.44920508568117 0
endloop
endfacet
facet normal 0 0 -1
outer loop
vertex 216.8651203740113 -102.38325298303442 0
vertex 216.85037334670997 -102.66464264854321 0
vertex 162.45639029876804 -102.66464264854321 0
endloop
endfacet
facet normal 0 0 -1
outer loop
vertex 216.8651203740113 -102.38325298303442 0
vertex 162.45639029876804 -102.66464264854321 0
vertex 162.5417489206026 -102.38325298303442 0
endloop
endfacet
facet normal 0 0 -1
outer loop
vertex 93.2053218000032 -102.61655810000018 0
vertex 92.58103276954755 -102.67804520271024 0
vertex 87.78504172583568 -102.67804520271024 0
endloop
endfacet
facet normal 0 0 -1
outer loop
vertex 93.2053218000032 -102.61655810000018 0
vertex 87.78504172583568 -102.67804520271024 0
vertex 87.76971127258895 -102.61655810000018 0
endloop
endfacet
facet normal 0 0 -1
outer loop
vertex 127.74104201224243 -102.61655810000018 0
vertex 127.4944309387552 -102.67804520271024 0
vertex 93.82961083045879 -102.67804520271024 0
endloop
endfacet
facet normal 0 0 -1
outer loop
vertex 127.74104201224243 -102.61655810000018 0
vertex 93.82961083045879 -102.67804520271024 0
vertex 93.2053218000032 -102.61655810000018 0
endloop
endfacet
facet normal 0 0 -1
outer loop
vertex 159.68475170123116 -102.66464264854321 0
vertex 159.6969452487185 -102.68745517136497 0
vertex 132.30147532578215 -102.68745517136497 0
endloop
endfacet
facet normal 0 0 -1
outer loop
vertex 159.68475170123116 -102.66464264854321 0
vertex 132.30147532578215 -102.68745517136497 0
vertex 132.2801007372183 -102.66464264854321 0
endloop
endfacet
facet normal 0 0 -1
outer loop
vertex 92.58103276954755 -102.67804520271024 0
vertex 91.98073481644518 -102.86014359595974 0
vertex 87.83044394485357 -102.86014359595974 0
endloop
endfacet
facet normal 0 0 -1
outer loop
vertex 92.58103276954755 -102.67804520271024 0
vertex 87.83044394485357 -102.86014359595974 0
vertex 87.78504172583568 -102.67804520271024 0
endloop
endfacet
facet normal 0 0 -1
outer loop
vertex 127.4944309387552 -102.67804520271024 0
vertex 126.7640748435702 -102.86014359595974 0
vertex 94.42990878355992 -102.86014359595974 0
endloop
endfacet
facet normal 0 0 -1
outer loop
vertex 127.4944309387552 -102.67804520271024 0
vertex 94.42990878355992 -102.86014359595974 0
vertex 93.82961083045879 -102.67804520271024 0
endloop
endfacet
facet normal 0 0 -1
outer loop
vertex 159.6969452487185 -102.68745517136497 0
vertex 159.82336658154418 -102.9239728495248 0
vertex 132.4596455831837 -102.9239728495248 0
endloop
endfacet
facet normal 0 0 -1
outer loop
vertex 159.6969452487185 -102.68745517136497 0
vertex 132.4596455831837 -102.9239728495248 0
vertex 132.30147532578215 -102.68745517136497 0
endloop
endfacet
facet normal 0 0 -1
outer loop
vertex 216.85037334670997 -102.66464264854321 0
vertex 216.8367824085104 -102.9239728495248 0
vertex 162.31777541845503 -102.9239728495248 0
endloop
endfacet
facet normal 0 0 -1
outer loop
vertex 216.85037334670997 -102.66464264854321 0
vertex 162.31777541845503 -102.9239728495248 0
vertex 162.45639029876804 -102.66464264854321 0
endloop
endfacet
facet normal 0 0 -1
outer loop
vertex 159.82336658154418 -102.9239728495248 0
vertex 159.8519901153713 -102.95885072640795 0
vertex 132.4829700247525 -102.95885072640795 0
endloop
endfacet
facet normal 0 0 -1
outer loop
vertex 159.82336658154418 -102.9239728495248 0
vertex 132.4829700247525 -102.95885072640795 0
vertex 132.4596455831837 -102.9239728495248 0
endloop
endfacet
facet normal 0 0 -1
outer loop
vertex 159.8519901153713 -102.95885072640795 0
vertex 160.00991082822048 -103.15127767177808 0
vertex 132.57029438007677 -103.15127767177808 0
endloop
endfacet
facet normal 0 0 -1
outer loop
vertex 159.8519901153713 -102.95885072640795 0
vertex 132.57029438007677 -103.15127767177808 0
vertex 132.4829700247525 -102.95885072640795 0
endloop
endfacet
facet normal 0 0 -1
outer loop
vertex 216.8367824085104 -102.9239728495248 0
vertex 216.82486985154628 -103.15127767177808 0
vertex 162.1312311717812 -103.15127767177808 0
endloop
endfacet
facet normal 0 0 -1
outer loop
vertex 216.8367824085104 -102.9239728495248 0
vertex 162.1312311717812 -103.15127767177808 0
vertex 162.31777541845503 -102.9239728495248 0
endloop
endfacet
facet normal 0 0 -1
outer loop
vertex 91.98073481644518 -102.86014359595974 0
vertex 91.42749705432455 -103.15585534063524 0
vertex 87.9041731478319 -103.15585534063524 0
endloop
endfacet
facet normal 0 0 -1
outer loop
vertex 91.98073481644518 -102.86014359595974 0
vertex 87.9041731478319 -103.15585534063524 0
vertex 87.83044394485357 -102.86014359595974 0
endloop
endfacet
facet normal 0 0 -1
outer loop
vertex 126.7640748435702 -102.86014359595974 0
vertex 125.57804090176808 -103.15585534063524 0
vertex 94.98314654566845 -103.15585534063524 0
endloop
endfacet
facet normal 0 0 -1
outer loop
vertex 126.7640748435702 -102.86014359595974 0
vertex 94.98314654566845 -103.15585534063524 0
vertex 94.42990878355992 -102.86014359595974 0
endloop
endfacet
facet normal 0 0 -1
outer loop
vertex 160.00991082822048 -103.15127767177808 0
vertex 160.13770950983732 -103.25615933927686 0
vertex 132.6178902299306 -103.25615933927686 0
endloop
endfacet
facet normal 0 0 -1
outer loop
vertex 160.00991082822048 -103.15127767177808 0
vertex 132.6178902299306 -103.25615933927686 0
vertex 132.57029438007677 -103.15127767177808 0
endloop
endfacet
facet normal 0 0 -1
outer loop
vertex 160.13770950983732 -103.25615933927686 0
vertex 160.2372156504748 -103.33782191845525 0
vertex 132.63984059657906 -103.33782191845525 0
endloop
endfacet
facet normal 0 0 -1
outer loop
vertex 160.13770950983732 -103.25615933927686 0
vertex 132.63984059657906 -103.33782191845525 0
vertex 132.6178902299306 -103.25615933927686 0
endloop
endfacet
facet normal 0 0 -1
outer loop
vertex 216.82486985154628 -103.15127767177808 0
vertex 216.81509346870124 -103.33782191845525 0
vertex 161.90392634952036 -103.33782191845525 0
endloop
endfacet
facet normal 0 0 -1
outer loop
vertex 216.82486985154628 -103.15127767177808 0
vertex 161.90392634952036 -103.33782191845525 0
vertex 162.1312311717812 -103.15127767177808 0
endloop
endfacet
facet normal 0 0 -1
outer loop
vertex 160.2372156504748 -103.33782191845525 0
vertex 160.49654585144935 -103.47643679876451 0
vertex 132.67709936891194 -103.47643679876451 0
endloop
endfacet
facet normal 0 0 -1
outer loop
vertex 160.2372156504748 -103.33782191845525 0
vertex 132.67709936891194 -103.47643679876451 0
vertex 132.63984059657906 -103.33782191845525 0
endloop
endfacet
facet normal 0 0 -1
outer loop
vertex 216.81509346870124 -103.33782191845525 0
vertex 216.80782896088573 -103.47643679876451 0
vertex 161.64459614855696 -103.47643679876451 0
endloop
endfacet
facet normal 0 0 -1
outer loop
vertex 216.81509346870124 -103.33782191845525 0
vertex 161.64459614855696 -103.47643679876451 0
vertex 161.90392634952036 -103.33782191845525 0
endloop
endfacet
facet normal 0 0 -1
outer loop
vertex 91.42749705432455 -103.15585534063524 0
vertex 90.94258010021272 -103.5538164001956 0
vertex 88.00339596284046 -103.5538164001956 0
endloop
endfacet
facet normal 0 0 -1
outer loop
vertex 91.42749705432455 -103.15585534063524 0
vertex 88.00339596284046 -103.5538164001956 0
vertex 87.9041731478319 -103.15585534063524 0
endloop
endfacet
facet normal 0 0 -1
outer loop
vertex 125.57804090176808 -103.15585534063524 0
vertex 123.98190773271837 -103.5538164001956 0
vertex 95.46806349978947 -103.5538164001956 0
endloop
endfacet
facet normal 0 0 -1
outer loop
vertex 125.57804090176808 -103.15585534063524 0
vertex 95.46806349978947 -103.5538164001956 0
vertex 94.98314654566845 -103.15585534063524 0
endloop
endfacet
facet normal 0 0 -1
outer loop
vertex 160.49654585144935 -103.47643679876451 0
vertex 160.77793551697914 -103.56179542060434 0
vertex 132.70004320763027 -103.56179542060434 0
endloop
endfacet
facet normal 0 0 -1
outer loop
vertex 160.49654585144935 -103.47643679876451 0
vertex 132.70004320763027 -103.56179542060434 0
vertex 132.67709936891194 -103.47643679876451 0
endloop
endfacet
facet normal 0 0 -1
outer loop
vertex 216.80782896088573 -103.47643679876451 0
vertex 216.80335549906047 -103.56179542060434 0
vertex 161.36320648301623 -103.56179542060434 0
endloop
endfacet
facet normal 0 0 -1
outer loop
vertex 216.80782896088573 -103.47643679876451 0
vertex 161.36320648301623 -103.56179542060434 0
vertex 161.64459614855696 -103.47643679876451 0
endloop
endfacet
facet normal 0 0 -1
outer loop
vertex 160.77793551697914 -103.56179542060434 0
vertex 160.87604176026167 -103.57145804218334 0
vertex 132.70264045705073 -103.57145804218334 0
endloop
endfacet
facet normal 0 0 -1
outer loop
vertex 160.77793551697914 -103.56179542060434 0
vertex 132.70264045705073 -103.57145804218334 0
vertex 132.70004320763027 -103.56179542060434 0
endloop
endfacet
facet normal 0 0 -1
outer loop
vertex 160.87604176026167 -103.57145804218334 0
vertex 161.0705710000107 -103.59061750000022 0
vertex 132.70454656040164 -103.59061750000022 0
endloop
endfacet
facet normal 0 0 -1
outer loop
vertex 160.87604176026167 -103.57145804218334 0
vertex 132.70454656040164 -103.59061750000022 0
vertex 132.70264045705073 -103.57145804218334 0
endloop
endfacet
facet normal 0 0 -1
outer loop
vertex 216.80335549906047 -103.56179542060434 0
vertex 216.80184499585502 -103.59061750000022 0
vertex 161.0705710000107 -103.59061750000022 0
endloop
endfacet
facet normal 0 0 -1
outer loop
vertex 216.80335549906047 -103.56179542060434 0
vertex 161.0705710000107 -103.59061750000022 0
vertex 161.36320648301623 -103.56179542060434 0
endloop
endfacet
facet normal 0 0 -1
outer loop
vertex 161.0705710000107 -103.59061750000022 0
vertex 216.80184499585502 -103.59061750000022 0
vertex 216.78582250380566 -103.8963444499996 0
endloop
endfacet
facet normal 0 0 -1
outer loop
vertex 161.0705710000107 -103.59061750000022 0
vertex 216.78582250380566 -103.8963444499996 0
vertex 132.73496219999998 -103.8963444499996 0
endloop
endfacet
facet normal 0 0 -1
outer loop
vertex 161.0705710000107 -103.59061750000022 0
vertex 132.73496219999998 -103.8963444499996 0
vertex 132.70454656040164 -103.59061750000022 0
endloop
endfacet
facet normal 0 0 -1
outer loop
vertex 216.78582250380566 -103.8963444499996 0
vertex 216.7814729116982 -103.97933949999961 0
vertex 194.17198710000918 -103.97933949999961 0
endloop
endfacet
facet normal 0 0 -1
outer loop
vertex 216.78582250380566 -103.8963444499996 0
vertex 194.17198710000918 -103.97933949999961 0
vertex 132.73641089547888 -103.97933949999961 0
endloop
endfacet
facet normal 0 0 -1
outer loop
vertex 216.78582250380566 -103.8963444499996 0
vertex 132.73641089547888 -103.97933949999961 0
vertex 132.73496219999998 -103.8963444499996 0
endloop
endfacet
facet normal 0 0 -1
outer loop
vertex 194.17198710000918 -103.97933949999961 0
vertex 193.8793516170032 -104.00816157939298 0
vertex 132.7369139907371 -104.00816157939298 0
endloop
endfacet
facet normal 0 0 -1
outer loop
vertex 194.17198710000918 -103.97933949999961 0
vertex 132.7369139907371 -104.00816157939298 0
vertex 132.73641089547888 -103.97933949999961 0
endloop
endfacet
facet normal 0 0 -1
outer loop
vertex 216.7814729116982 -103.97933949999961 0
vertex 216.77996240849288 -104.00816157939298 0
vertex 194.46462258301517 -104.00816157939298 0
endloop
endfacet
facet normal 0 0 -1
outer loop
vertex 216.7814729116982 -103.97933949999961 0
vertex 194.46462258301517 -104.00816157939298 0
vertex 194.17198710000918 -103.97933949999961 0
endloop
endfacet
facet normal 0 0 -1
outer loop
vertex 90.94258010021272 -103.5538164001956 0
vertex 90.54461904062688 -104.03873335434149 0
vertex 88.12429931275335 -104.03873335434149 0
endloop
endfacet
facet normal 0 0 -1
outer loop
vertex 90.94258010021272 -103.5538164001956 0
vertex 88.12429931275335 -104.03873335434149 0
vertex 88.00339596284046 -103.5538164001956 0
endloop
endfacet
facet normal 0 0 -1
outer loop
vertex 123.98190773271837 -103.5538164001956 0
vertex 122.03701383882367 -104.03873335434149 0
vertex 95.86602455937023 -104.03873335434149 0
endloop
endfacet
facet normal 0 0 -1
outer loop
vertex 123.98190773271837 -103.5538164001956 0
vertex 95.86602455937023 -104.03873335434149 0
vertex 95.46806349978947 -103.5538164001956 0
endloop
endfacet
facet normal 0 0 -1
outer loop
vertex 193.8793516170032 -104.00816157939298 0
vertex 193.59796195143466 -104.09352020123556 0
vertex 132.73840394284326 -104.09352020123556 0
endloop
endfacet
facet normal 0 0 -1
outer loop
vertex 193.8793516170032 -104.00816157939298 0
vertex 132.73840394284326 -104.09352020123556 0
vertex 132.7369139907371 -104.00816157939298 0
endloop
endfacet
facet normal 0 0 -1
outer loop
vertex 216.77996240849288 -104.00816157939298 0
vertex 216.77548894666748 -104.09352020123556 0
vertex 194.74601224855405 -104.09352020123556 0
endloop
endfacet
facet normal 0 0 -1
outer loop
vertex 216.77996240849288 -104.00816157939298 0
vertex 194.74601224855405 -104.09352020123556 0
vertex 194.46462258301517 -104.00816157939298 0
endloop
endfacet
facet normal 0 0 -1
outer loop
vertex 193.59796195143466 -104.09352020123556 0
vertex 193.3386317504821 -104.2321350815456 0
vertex 132.74082349377326 -104.2321350815456 0
endloop
endfacet
facet normal 0 0 -1
outer loop
vertex 193.59796195143466 -104.09352020123556 0
vertex 132.74082349377326 -104.2321350815456 0
vertex 132.73840394284326 -104.09352020123556 0
endloop
endfacet
facet normal 0 0 -1
outer loop
vertex 216.77548894666748 -104.09352020123556 0
vertex 216.76822443885192 -104.2321350815456 0
vertex 195.00534244953005 -104.2321350815456 0
endloop
endfacet
facet normal 0 0 -1
outer loop
vertex 216.77548894666748 -104.09352020123556 0
vertex 195.00534244953005 -104.2321350815456 0
vertex 194.74601224855405 -104.09352020123556 0
endloop
endfacet
facet normal 0 0 -1
outer loop
vertex 193.3386317504821 -104.2321350815456 0
vertex 193.11132692821087 -104.41867932822092 0
vertex 132.744079661542 -104.41867932822092 0
endloop
endfacet
facet normal 0 0 -1
outer loop
vertex 193.3386317504821 -104.2321350815456 0
vertex 132.744079661542 -104.41867932822092 0
vertex 132.74082349377326 -104.2321350815456 0
endloop
endfacet
facet normal 0 0 -1
outer loop
vertex 216.76822443885192 -104.2321350815456 0
vertex 216.75844805600698 -104.41867932822092 0
vertex 195.2326472717821 -104.41867932822092 0
endloop
endfacet
facet normal 0 0 -1
outer loop
vertex 216.76822443885192 -104.2321350815456 0
vertex 195.2326472717821 -104.41867932822092 0
vertex 195.00534244953005 -104.2321350815456 0
endloop
endfacet
facet normal 0 0 -1
outer loop
vertex 90.54461904062688 -104.03873335434149 0
vertex 90.24890729596504 -104.59197111643019 0
vertex 88.26223694962697 -104.59197111643019 0
endloop
endfacet
facet normal 0 0 -1
outer loop
vertex 90.54461904062688 -104.03873335434149 0
vertex 88.26223694962697 -104.59197111643019 0
vertex 88.12429931275335 -104.03873335434149 0
endloop
endfacet
facet normal 0 0 -1
outer loop
vertex 122.03701383882367 -104.03873335434149 0
vertex 119.81810040187553 -104.59197111643019 0
vertex 96.16173630403513 -104.59197111643019 0
endloop
endfacet
facet normal 0 0 -1
outer loop
vertex 122.03701383882367 -104.03873335434149 0
vertex 96.16173630403513 -104.59197111643019 0
vertex 95.86602455937023 -104.03873335434149 0
endloop
endfacet
facet normal 0 0 -1
outer loop
vertex 193.11132692821087 -104.41867932822092 0
vertex 192.9247826815591 -104.64598415045415 0
vertex 132.74804731344778 -104.64598415045415 0
endloop
endfacet
facet normal 0 0 -1
outer loop
vertex 193.11132692821087 -104.41867932822092 0
vertex 132.74804731344778 -104.64598415045415 0
vertex 132.744079661542 -104.41867932822092 0
endloop
endfacet
facet normal 0 0 -1
outer loop
vertex 216.75844805600698 -104.41867932822092 0
vertex 216.74653549904392 -104.64598415045415 0
vertex 195.41919151844198 -104.64598415045415 0
endloop
endfacet
facet normal 0 0 -1
outer loop
vertex 216.75844805600698 -104.41867932822092 0
vertex 195.41919151844198 -104.64598415045415 0
vertex 195.2326472717821 -104.41867932822092 0
endloop
endfacet
facet normal 0 0 -1
outer loop
vertex 192.9247826815591 -104.64598415045415 0
vertex 192.7861678012305 -104.90531435145722 0
vertex 132.75257397485393 -104.90531435145722 0
endloop
endfacet
facet normal 0 0 -1
outer loop
vertex 192.9247826815591 -104.64598415045415 0
vertex 132.75257397485393 -104.90531435145722 0
vertex 132.74804731344778 -104.64598415045415 0
endloop
endfacet
facet normal 0 0 -1
outer loop
vertex 216.74653549904392 -104.64598415045415 0
vertex 216.7329445608432 -104.90531435145722 0
vertex 195.55780639876647 -104.90531435145722 0
endloop
endfacet
facet normal 0 0 -1
outer loop
vertex 216.74653549904392 -104.64598415045415 0
vertex 195.55780639876647 -104.90531435145722 0
vertex 195.41919151844198 -104.64598415045415 0
endloop
endfacet
facet normal 0 0 -1
outer loop
vertex 192.7861678012305 -104.90531435145722 0
vertex 192.70080917939237 -105.18670401699329 0
vertex 132.7574856887004 -105.18670401699329 0
endloop
endfacet
facet normal 0 0 -1
outer loop
vertex 192.7861678012305 -104.90531435145722 0
vertex 132.7574856887004 -105.18670401699329 0
vertex 132.75257397485393 -104.90531435145722 0
endloop
endfacet
facet normal 0 0 -1
outer loop
vertex 216.7329445608432 -104.90531435145722 0
vertex 216.71819753354046 -105.18670401699329 0
vertex 195.64316502060822 -105.18670401699329 0
endloop
endfacet
facet normal 0 0 -1
outer loop
vertex 216.7329445608432 -104.90531435145722 0
vertex 195.64316502060822 -105.18670401699329 0
vertex 195.55780639876647 -104.90531435145722 0
endloop
endfacet
facet normal 0 0 -1
outer loop
vertex 90.24890729596504 -104.59197111643019 0
vertex 90.06680890270795 -105.1922690695496 0
vertex 88.41190800743897 -105.1922690695496 0
endloop
endfacet
facet normal 0 0 -1
outer loop
vertex 90.24890729596504 -104.59197111643019 0
vertex 88.41190800743897 -105.1922690695496 0
vertex 88.26223694962697 -104.59197111643019 0
endloop
endfacet
facet normal 0 0 -1
outer loop
vertex 119.81810040187553 -104.59197111643019 0
vertex 117.41043902077196 -105.1922690695496 0
vertex 96.34383469729018 -105.1922690695496 0
endloop
endfacet
facet normal 0 0 -1
outer loop
vertex 119.81810040187553 -104.59197111643019 0
vertex 96.34383469729018 -105.1922690695496 0
vertex 96.16173630403513 -104.59197111643019 0
endloop
endfacet
facet normal 0 0 -1
outer loop
vertex 192.70080917939237 -105.18670401699329 0
vertex 192.6719871000012 -105.47933949998375 0
vertex 132.7625937005779 -105.47933949998375 0
endloop
endfacet
facet normal 0 0 -1
outer loop
vertex 192.70080917939237 -105.18670401699329 0
vertex 132.7625937005779 -105.47933949998375 0
vertex 132.7574856887004 -105.18670401699329 0
endloop
endfacet
facet normal 0 0 -1
outer loop
vertex 216.71819753354046 -105.18670401699329 0
vertex 216.70286113712666 -105.47933949998375 0
vertex 195.67198710000005 -105.47933949998375 0
endloop
endfacet
facet normal 0 0 -1
outer loop
vertex 216.71819753354046 -105.18670401699329 0
vertex 195.67198710000005 -105.47933949998375 0
vertex 195.64316502060822 -105.18670401699329 0
endloop
endfacet
facet normal 0 0 -1
outer loop
vertex 192.6719871000012 -105.47933949998375 0
vertex 192.70080917939782 -105.77197498303273 0
vertex 132.76770171245644 -105.77197498303273 0
endloop
endfacet
facet normal 0 0 -1
outer loop
vertex 192.6719871000012 -105.47933949998375 0
vertex 132.76770171245644 -105.77197498303273 0
vertex 132.7625937005779 -105.47933949998375 0
endloop
endfacet
facet normal 0 0 -1
outer loop
vertex 216.70286113712666 -105.47933949998375 0
vertex 216.68752474070976 -105.77197498303273 0
vertex 195.64316502060242 -105.77197498303273 0
endloop
endfacet
facet normal 0 0 -1
outer loop
vertex 216.70286113712666 -105.47933949998375 0
vertex 195.64316502060242 -105.77197498303273 0
vertex 195.67198710000005 -105.47933949998375 0
endloop
endfacet
facet normal 0 0 -1
outer loop
vertex 90.06680890270795 -105.1922690695496 0
vertex 90.00532180000032 -105.81655810000177 0
vertex 88.56756071137151 -105.81655810000177 0
endloop
endfacet
facet normal 0 0 -1
outer loop
vertex 90.06680890270795 -105.1922690695496 0
vertex 88.56756071137151 -105.81655810000177 0
vertex 88.41190800743897 -105.1922690695496 0
endloop
endfacet
facet normal 0 0 -1
outer loop
vertex 117.41043902077196 -105.1922690695496 0
vertex 114.90655477219897 -105.81655810000177 0
vertex 96.40532179999988 -105.81655810000177 0
endloop
endfacet
facet normal 0 0 -1
outer loop
vertex 117.41043902077196 -105.1922690695496 0
vertex 96.40532179999988 -105.81655810000177 0
vertex 96.34383469729018 -105.1922690695496 0
endloop
endfacet
facet normal 0 0 -1
outer loop
vertex 192.70080917939782 -105.77197498303273 0
vertex 192.7861678012286 -106.05336464853212 0
vertex 132.77261342630226 -106.05336464853212 0
endloop
endfacet
facet normal 0 0 -1
outer loop
vertex 192.70080917939782 -105.77197498303273 0
vertex 132.77261342630226 -106.05336464853212 0
vertex 132.76770171245644 -105.77197498303273 0
endloop
endfacet
facet normal 0 0 -1
outer loop
vertex 216.68752474070976 -105.77197498303273 0
vertex 216.67277771340898 -106.05336464853212 0
vertex 195.55780639876735 -106.05336464853212 0
endloop
endfacet
facet normal 0 0 -1
outer loop
vertex 216.68752474070976 -105.77197498303273 0
vertex 195.55780639876735 -106.05336464853212 0
vertex 195.64316502060242 -105.77197498303273 0
endloop
endfacet
facet normal 0 0 -1
outer loop
vertex 192.7861678012286 -106.05336464853212 0
vertex 192.9247826815438 -106.31269484952172 0
vertex 132.77714008770818 -106.31269484952172 0
endloop
endfacet
facet normal 0 0 -1
outer loop
vertex 192.7861678012286 -106.05336464853212 0
vertex 132.77714008770818 -106.31269484952172 0
vertex 132.77261342630226 -106.05336464853212 0
endloop
endfacet
facet normal 0 0 -1
outer loop
vertex 216.67277771340898 -106.05336464853212 0
vertex 216.65918677520898 -106.31269484952172 0
vertex 195.4191915184544 -106.31269484952172 0
endloop
endfacet
facet normal 0 0 -1
outer loop
vertex 216.67277771340898 -106.05336464853212 0
vertex 195.4191915184544 -106.31269484952172 0
vertex 195.55780639876735 -106.05336464853212 0
endloop
endfacet
facet normal 0 0 -1
outer loop
vertex 90.00532180000032 -105.81655810000177 0
vertex 90.06680890270982 -106.44084713045518 0
vertex 88.72321341530436 -106.44084713045518 0
endloop
endfacet
facet normal 0 0 -1
outer loop
vertex 90.00532180000032 -105.81655810000177 0
vertex 88.72321341530436 -106.44084713045518 0
vertex 88.56756071137151 -105.81655810000177 0
endloop
endfacet
facet normal 0 0 -1
outer loop
vertex 114.90655477219897 -105.81655810000177 0
vertex 112.40267052362103 -106.44084713045518 0
vertex 96.34383469729005 -106.44084713045518 0
endloop
endfacet
facet normal 0 0 -1
outer loop
vertex 114.90655477219897 -105.81655810000177 0
vertex 96.34383469729005 -106.44084713045518 0
vertex 96.40532179999988 -105.81655810000177 0
endloop
endfacet
facet normal 0 0 -1
outer loop
vertex 192.9247826815438 -106.31269484952172 0
vertex 193.11132692822935 -106.5399996717862 0
vertex 132.7811077396145 -106.5399996717862 0
endloop
endfacet
facet normal 0 0 -1
outer loop
vertex 192.9247826815438 -106.31269484952172 0
vertex 132.7811077396145 -106.5399996717862 0
vertex 132.77714008770818 -106.31269484952172 0
endloop
endfacet
facet normal 0 0 -1
outer loop
vertex 216.65918677520898 -106.31269484952172 0
vertex 216.64727421824426 -106.5399996717862 0
vertex 195.2326472717843 -106.5399996717862 0
endloop
endfacet
facet normal 0 0 -1
outer loop
vertex 216.65918677520898 -106.31269484952172 0
vertex 195.2326472717843 -106.5399996717862 0
vertex 195.4191915184544 -106.31269484952172 0
endloop
endfacet
facet normal 0 0 -1
outer loop
vertex 193.11132692822935 -106.5399996717862 0
vertex 193.33863175047063 -106.72654391845269 0
vertex 132.78436390738307 -106.72654391845269 0
endloop
endfacet
facet normal 0 0 -1
outer loop
vertex 193.11132692822935 -106.5399996717862 0
vertex 132.78436390738307 -106.72654391845269 0
vertex 132.7811077396145 -106.5399996717862 0
endloop
endfacet
facet normal 0 0 -1
outer loop
vertex 216.64727421824426 -106.5399996717862 0
vertex 216.63749783539978 -106.72654391845269 0
vertex 195.00534244951638 -106.72654391845269 0
endloop
endfacet
facet normal 0 0 -1
outer loop
vertex 216.64727421824426 -106.5399996717862 0
vertex 195.00534244951638 -106.72654391845269 0
vertex 195.2326472717843 -106.5399996717862 0
endloop
endfacet
facet normal 0 0 -1
outer loop
vertex 193.33863175047063 -106.72654391845269 0
vertex 193.5979619514597 -106.86515879876971 0
vertex 132.7867834583132 -106.86515879876971 0
endloop
endfacet
facet normal 0 0 -1
outer loop
vertex 193.33863175047063 -106.72654391845269 0
vertex 132.7867834583132 -106.86515879876971 0
vertex 132.78436390738307 -106.72654391845269 0
endloop
endfacet
facet normal 0 0 -1
outer loop
vertex 216.63749783539978 -106.72654391845269 0
vertex 216.63023332758388 -106.86515879876971 0
vertex 194.74601224855618 -106.86515879876971 0
endloop
endfacet
facet normal 0 0 -1
outer loop
vertex 216.63749783539978 -106.72654391845269 0
vertex 194.74601224855618 -106.86515879876971 0
vertex 195.00534244951638 -106.72654391845269 0
endloop
endfacet
facet normal 0 0 -1
outer loop
vertex 193.5979619514597 -106.86515879876971 0
vertex 193.87935161696683 -106.95051742060268 0
vertex 132.7882734104192 -106.95051742060268 0
endloop
endfacet
facet normal 0 0 -1
outer loop
vertex 193.5979619514597 -106.86515879876971 0
vertex 132.7882734104192 -106.95051742060268 0
vertex 132.7867834583132 -106.86515879876971 0
endloop
endfacet
facet normal 0 0 -1
outer loop
vertex 216.63023332758388 -106.86515879876971 0
vertex 216.625759865759 -106.95051742060268 0
vertex 194.46462258301702 -106.95051742060268 0
endloop
endfacet
facet normal 0 0 -1
outer loop
vertex 216.63023332758388 -106.86515879876971 0
vertex 194.46462258301702 -106.95051742060268 0
vertex 194.74601224855618 -106.86515879876971 0
endloop
endfacet
facet normal 0 0 -1
outer loop
vertex 193.87935161696683 -106.95051742060268 0
vertex 194.1719871000121 -106.97933949999991 0
vertex 132.78877650567748 -106.97933949999991 0
endloop
endfacet
facet normal 0 0 -1
outer loop
vertex 193.87935161696683 -106.95051742060268 0
vertex 132.78877650567748 -106.97933949999991 0
vertex 132.7882734104192 -106.95051742060268 0
endloop
endfacet
facet normal 0 0 -1
outer loop
vertex 216.625759865759 -106.95051742060268 0
vertex 216.62424936255346 -106.97933949999991 0
vertex 194.1719871000121 -106.97933949999991 0
endloop
endfacet
facet normal 0 0 -1
outer loop
vertex 216.625759865759 -106.95051742060268 0
vertex 194.1719871000121 -106.97933949999991 0
vertex 194.46462258301702 -106.95051742060268 0
endloop
endfacet
facet normal 0 0 -1
outer loop
vertex 90.06680890270982 -106.44084713045518 0
vertex 90.24890729596206 -107.04114508356518 0
vertex 88.87288447311403 -107.04114508356518 0
endloop
endfacet
facet normal 0 0 -1
outer loop
vertex 90.06680890270982 -106.44084713045518 0
vertex 88.87288447311403 -107.04114508356518 0
vertex 88.72321341530436 -106.44084713045518 0
endloop
endfacet
facet normal 0 0 -1
outer loop
vertex 112.40267052362103 -106.44084713045518 0
vertex 109.9950091425552 -107.04114508356518 0
vertex 96.16173630403802 -107.04114508356518 0
endloop
endfacet
facet normal 0 0 -1
outer loop
vertex 112.40267052362103 -106.44084713045518 0
vertex 96.16173630403802 -107.04114508356518 0
vertex 96.34383469729005 -106.44084713045518 0
endloop
endfacet
facet normal 0 0 -1
outer loop
vertex 90.24890729596206 -107.04114508356518 0
vertex 90.54461904063396 -107.59438284566698 0
vertex 89.01082210999091 -107.59438284566698 0
endloop
endfacet
facet normal 0 0 -1
outer loop
vertex 90.24890729596206 -107.04114508356518 0
vertex 89.01082210999091 -107.59438284566698 0
vertex 88.87288447311403 -107.04114508356518 0
endloop
endfacet
facet normal 0 0 -1
outer loop
vertex 109.9950091425552 -107.04114508356518 0
vertex 107.7760957055545 -107.59438284566698 0
vertex 95.86602455936688 -107.59438284566698 0
endloop
endfacet
facet normal 0 0 -1
outer loop
vertex 109.9950091425552 -107.04114508356518 0
vertex 95.86602455936688 -107.59438284566698 0
vertex 96.16173630403802 -107.04114508356518 0
endloop
endfacet
facet normal 0 0 -1
outer loop
vertex 90.54461904063396 -107.59438284566698 0
vertex 90.94258010020009 -108.07929979979504 0
vertex 89.13172545989936 -108.07929979979504 0
endloop
endfacet
facet normal 0 0 -1
outer loop
vertex 90.54461904063396 -107.59438284566698 0
vertex 89.13172545989936 -108.07929979979504 0
vertex 89.01082210999091 -107.59438284566698 0
endloop
endfacet
facet normal 0 0 -1
outer loop
vertex 107.7760957055545 -107.59438284566698 0
vertex 105.83120181173133 -108.07929979979504 0
vertex 95.46806349979917 -108.07929979979504 0
endloop
endfacet
facet normal 0 0 -1
outer loop
vertex 107.7760957055545 -107.59438284566698 0
vertex 95.46806349979917 -108.07929979979504 0
vertex 95.86602455936688 -107.59438284566698 0
endloop
endfacet
facet normal 0 0 -1
outer loop
vertex 90.94258010020009 -108.07929979979504 0
vertex 91.4274970543321 -108.47726085936442 0
vertex 89.23094827491016 -108.47726085936442 0
endloop
endfacet
facet normal 0 0 -1
outer loop
vertex 90.94258010020009 -108.07929979979504 0
vertex 89.23094827491016 -108.47726085936442 0
vertex 89.13172545989936 -108.07929979979504 0
endloop
endfacet
facet normal 0 0 -1
outer loop
vertex 105.83120181173133 -108.07929979979504 0
vertex 104.23506864264543 -108.47726085936442 0
vertex 94.9831465456655 -108.47726085936442 0
endloop
endfacet
facet normal 0 0 -1
outer loop
vertex 105.83120181173133 -108.07929979979504 0
vertex 94.9831465456655 -108.47726085936442 0
vertex 95.46806349979917 -108.07929979979504 0
endloop
endfacet
facet normal 0 0 -1
outer loop
vertex 91.4274970543321 -108.47726085936442 0
vertex 91.98073481643704 -108.772972604038 0
vertex 89.30467747788802 -108.772972604038 0
endloop
endfacet
facet normal 0 0 -1
outer loop
vertex 91.4274970543321 -108.47726085936442 0
vertex 89.30467747788802 -108.772972604038 0
vertex 89.23094827491016 -108.47726085936442 0
endloop
endfacet
facet normal 0 0 -1
outer loop
vertex 104.23506864264543 -108.47726085936442 0
vertex 103.049034700851 -108.772972604038 0
vertex 94.4299087835667 -108.772972604038 0
endloop
endfacet
facet normal 0 0 -1
outer loop
vertex 104.23506864264543 -108.47726085936442 0
vertex 94.4299087835667 -108.772972604038 0
vertex 94.9831465456655 -108.47726085936442 0
endloop
endfacet
facet normal 0 0 -1
outer loop
vertex 91.98073481643704 -108.772972604038 0
vertex 92.5810327695465 -108.95507099729002 0
vertex 89.35007969690653 -108.95507099729002 0
endloop
endfacet
facet normal 0 0 -1
outer loop
vertex 91.98073481643704 -108.772972604038 0
vertex 89.35007969690653 -108.95507099729002 0
vertex 89.30467747788802 -108.772972604038 0
endloop
endfacet
facet normal 0 0 -1
outer loop
vertex 103.049034700851 -108.772972604038 0
vertex 102.31867860565592 -108.95507099729002 0
vertex 93.82961083044906 -108.95507099729002 0
endloop
endfacet
facet normal 0 0 -1
outer loop
vertex 103.049034700851 -108.772972604038 0
vertex 93.82961083044906 -108.95507099729002 0
vertex 94.4299087835667 -108.772972604038 0
endloop
endfacet
facet normal 0 0 -1
outer loop
vertex 92.5810327695465 -108.95507099729002 0
vertex 93.20532180000102 -109.01655809999997 0
vertex 89.36541015015325 -109.01655809999997 0
endloop
endfacet
facet normal 0 0 -1
outer loop
vertex 92.5810327695465 -108.95507099729002 0
vertex 89.36541015015325 -109.01655809999997 0
vertex 89.35007969690653 -108.95507099729002 0
endloop
endfacet
facet normal 0 0 -1
outer loop
vertex 102.31867860565592 -108.95507099729002 0
vertex 102.07206753216914 -109.01655809999997 0
vertex 93.20532180000102 -109.01655809999997 0
endloop
endfacet
facet normal 0 0 -1
outer loop
vertex 102.31867860565592 -108.95507099729002 0
vertex 93.20532180000102 -109.01655809999997 0
vertex 93.82961083044906 -108.95507099729002 0
endloop
endfacet
facet normal 0 0 -1
outer loop
vertex 93.20532180000102 -109.01655809999997 0
vertex 102.07206753216914 -109.01655809999997 0
vertex 92.04967360000009 -111.51542384999999 0
endloop
endfacet
facet normal 0 0 -1
outer loop
vertex 93.20532180000102 -109.01655809999997 0
vertex 92.04967360000009 -111.51542384999999 0
vertex 91.7401398668459 -111.56722217448348 0
endloop
endfacet
facet normal 0 0 -1
outer loop
vertex 93.20532180000102 -109.01655809999997 0
vertex 91.7401398668459 -111.56722217448348 0
vertex 91.42631396238801 -111.56996080018976 0
endloop
endfacet
facet normal 0 0 -1
outer loop
vertex 93.20532180000102 -109.01655809999997 0
vertex 91.42631396238801 -111.56996080018976 0
vertex 91.11592339434874 -111.52357229243296 0
endloop
endfacet
facet normal 0 0 -1
outer loop
vertex 93.20532180000102 -109.01655809999997 0
vertex 91.11592339434874 -111.52357229243296 0
vertex 90.81661108027421 -111.42919890093447 0
endloop
endfacet
facet normal 0 0 -1
outer loop
vertex 93.20532180000102 -109.01655809999997 0
vertex 90.81661108027421 -111.42919890093447 0
vertex 90.53574715177439 -111.2891644335803 0
endloop
endfacet
facet normal 0 0 -1
outer loop
vertex 93.20532180000102 -109.01655809999997 0
vertex 90.53574715177439 -111.2891644335803 0
vertex 90.28024747572178 -111.1069170360222 0
endloop
endfacet
facet normal 0 0 -1
outer loop
vertex 93.20532180000102 -109.01655809999997 0
vertex 90.28024747572178 -111.1069170360222 0
vertex 90.05640336106148 -110.88694428609267 0
endloop
endfacet
facet normal 0 0 -1
outer loop
vertex 93.20532180000102 -109.01655809999997 0
vertex 90.05640336106148 -110.88694428609267 0
vertex 89.86972664445229 -110.63466269370906 0
endloop
endfacet
facet normal 0 0 -1
outer loop
vertex 93.20532180000102 -109.01655809999997 0
vertex 89.86972664445229 -110.63466269370906 0
vertex 89.72481396928383 -110.35628432717337 0
endloop
endfacet
facet normal 0 0 -1
outer loop
vertex 93.20532180000102 -109.01655809999997 0
vertex 89.72481396928383 -110.35628432717337 0
vertex 89.62523719999997 -110.05866769999994 0
endloop
endfacet
facet normal 0 0 -1
outer loop
vertex 93.20532180000102 -109.01655809999997 0
vertex 89.62523719999997 -110.05866769999994 0
vertex 89.36541015015325 -109.01655809999997 0
endloop
endfacet
facet normal 0 0 -1
outer loop
vertex 194.1719871000121 -106.97933949999991 0
vertex 216.62424936255346 -106.97933949999991 0
vertex 216.32298999999998 -112.72770284999956 0
endloop
endfacet
facet normal 0 0 -1
outer loop
vertex 194.1719871000121 -106.97933949999991 0
vertex 216.32298999999998 -112.72770284999956 0
vertex 132.88911535716613 -112.72770284999956 0
endloop
endfacet
facet normal 0 0 -1
outer loop
vertex 194.1719871000121 -106.97933949999991 0
vertex 132.88911535716613 -112.72770284999956 0
vertex 132.78877650567748 -106.97933949999991 0
endloop
endfacet
facet normal 0 0 -1
outer loop
vertex 216.32298999999998 -112.72770284999956 0
vertex 216.33310583077818 -113.05878138473994 0
vertex 132.89489440033125 -113.05878138473994 0
endloop
endfacet
facet normal 0 0 -1
outer loop
vertex 216.32298999999998 -112.72770284999956 0
vertex 132.89489440033125 -113.05878138473994 0
vertex 132.88911535716613 -112.72770284999956 0
endloop
endfacet
facet normal 0 0 -1
outer loop
vertex 216.33310583077818 -113.05878138473994 0
vertex 216.39772668260855 -113.38364977610223 0
vertex 132.90056504418055 -113.38364977610223 0
endloop
endfacet
facet normal 0 0 -1
outer loop
vertex 216.33310583077818 -113.05878138473994 0
vertex 132.90056504418055 -113.38364977610223 0
vertex 132.89489440033125 -113.05878138473994 0
endloop
endfacet
facet normal 0 0 -1
outer loop
vertex 216.39772668260855 -113.38364977610223 0
vertex 216.51508008103178 -113.6933972637052 0
vertex 132.90597174957915 -113.6933972637052 0
endloop
endfacet
facet normal 0 0 -1
outer loop
vertex 216.39772668260855 -113.38364977610223 0
vertex 132.90597174957915 -113.6933972637052 0
vertex 132.90056504418055 -113.38364977610223 0
endloop
endfacet
facet normal 0 0 -1
outer loop
vertex 216.51508008103178 -113.6933972637052 0
vertex 216.68194715945071 -113.97952783588809 0
vertex 132.91096621691543 -113.97952783588809 0
endloop
endfacet
facet normal 0 0 -1
outer loop
vertex 216.51508008103178 -113.6933972637052 0
vertex 132.91096621691543 -113.97952783588809 0
vertex 132.90597174957915 -113.6933972637052 0
endloop
endfacet
facet normal 0 0 -1
outer loop
vertex 216.68194715945071 -113.97952783588809 0
vertex 216.8937509488803 -114.23419326538549 0
vertex 132.91541145378613 -114.23419326538549 0
endloop
endfacet
facet normal 0 0 -1
outer loop
vertex 216.68194715945071 -113.97952783588809 0
vertex 132.91541145378613 -114.23419326538549 0
vertex 132.91096621691543 -113.97952783588809 0
endloop
endfacet
facet normal 0 0 -1
outer loop
vertex 216.8937509488803 -114.23419326538549 0
vertex 217.14468191885885 -114.45040837703031 0
vertex 132.91918553253794 -114.45040837703031 0
endloop
endfacet
facet normal 0 0 -1
outer loop
vertex 216.8937509488803 -114.23419326538549 0
vertex 132.91918553253794 -114.45040837703031 0
vertex 132.91541145378613 -114.23419326538549 0
endloop
endfacet
facet normal 0 0 -1
outer loop
vertex 217.14468191885885 -114.45040837703031 0
vertex 217.42785732607976 -114.62224264294645 0
vertex 132.92218493460052 -114.62224264294645 0
endloop
endfacet
facet normal 0 0 -1
outer loop
vertex 217.14468191885885 -114.45040837703031 0
vertex 132.92218493460052 -114.62224264294645 0
vertex 132.91918553253794 -114.45040837703031 0
endloop
endfacet
facet normal 0 0 -1
outer loop
vertex 217.42785732607976 -114.62224264294645 0
vertex 217.73551000000015 -114.74498570000006 0
vertex 132.92432743962726 -114.74498570000006 0
endloop
endfacet
facet normal 0 0 -1
outer loop
vertex 217.42785732607976 -114.62224264294645 0
vertex 132.92432743962726 -114.74498570000006 0
vertex 132.92218493460052 -114.62224264294645 0
endloop
endfacet
facet normal 0 0 -1
outer loop
vertex 217.73551000000015 -114.74498570000006 0
vertex 218.70817149999996 -115.0423648 0
vertex 219.0314064638316 -115.17296179902499 0
endloop
endfacet
facet normal 0 0 -1
outer loop
vertex 217.73551000000015 -114.74498570000006 0
vertex 219.0314064638316 -115.17296179902499 0
vertex 219.32705303854814 -115.35770356705825 0
endloop
endfacet
facet normal 0 0 -1
outer loop
vertex 217.73551000000015 -114.74498570000006 0
vertex 219.32705303854814 -115.35770356705825 0
vertex 219.5861282677281 -115.59097689091408 0
endloop
endfacet
facet normal 0 0 -1
outer loop
vertex 217.73551000000015 -114.74498570000006 0
vertex 219.5861282677281 -115.59097689091408 0
vertex 219.80076038253546 -115.86569396954414 0
endloop
endfacet
facet normal 0 0 -1
outer loop
vertex 217.73551000000015 -114.74498570000006 0
vertex 219.80076038253546 -115.86569396954414 0
vertex 219.96442797836457 -116.17350777052303 0
endloop
endfacet
facet normal 0 0 -1
outer loop
vertex 217.73551000000015 -114.74498570000006 0
vertex 219.96442797836457 -116.17350777052303 0
vertex 220.0721581618808 -116.50506564715589 0
endloop
endfacet
facet normal 0 0 -1
outer loop
vertex 217.73551000000015 -114.74498570000006 0
vertex 220.0721581618808 -116.50506564715589 0
vertex 220.12067764793022 -116.85029351027082 0
endloop
endfacet
facet normal 0 0 -1
outer loop
vertex 217.73551000000015 -114.74498570000006 0
vertex 220.12067764793022 -116.85029351027082 0
vertex 220.10865559642914 -117.19459560000094 0
endloop
endfacet
facet normal 0 0 -1
outer loop
vertex 217.73551000000015 -114.74498570000006 0
vertex 220.10865559642914 -117.19459560000094 0
vertex 138.5237796000079 -117.19459560000094 0
endloop
endfacet
facet normal 0 0 -1
outer loop
vertex 217.73551000000015 -114.74498570000006 0
vertex 138.5237796000079 -117.19459560000094 0
vertex 132.96708587868127 -117.19459560000094 0
endloop
endfacet
facet normal 0 0 -1
outer loop
vertex 217.73551000000015 -114.74498570000006 0
vertex 132.96708587868127 -117.19459560000094 0
vertex 132.93735529999896 -115.49134540000004 0
endloop
endfacet
facet normal 0 0 -1
outer loop
vertex 217.73551000000015 -114.74498570000006 0
vertex 132.93735529999896 -115.49134540000004 0
vertex 132.92432743962726 -114.74498570000006 0
endloop
endfacet
facet normal 0 0 -1
outer loop
vertex 138.5237796000079 -117.19459560000094 0
vertex 137.89949056956857 -117.25608270270938 0
vertex 132.96815914856552 -117.25608270270938 0
endloop
endfacet
facet normal 0 0 -1
outer loop
vertex 138.5237796000079 -117.19459560000094 0
vertex 132.96815914856552 -117.25608270270938 0
vertex 132.96708587868127 -117.19459560000094 0
endloop
endfacet
facet normal 0 0 -1
outer loop
vertex 220.10865559642914 -117.19459560000094 0
vertex 220.10851221537865 -117.1987019203995 0
vertex 220.09631626106903 -117.25608270270938 0
endloop
endfacet
facet normal 0 0 -1
outer loop
vertex 220.10865559642914 -117.19459560000094 0
vertex 220.09631626106903 -117.25608270270938 0
vertex 139.1480686304472 -117.25608270270938 0
endloop
endfacet
facet normal 0 0 -1
outer loop
vertex 220.10865559642914 -117.19459560000094 0
vertex 139.1480686304472 -117.25608270270938 0
vertex 138.5237796000079 -117.19459560000094 0
endloop
endfacet
facet normal 0 0 -1
outer loop
vertex 137.89949056956857 -117.25608270270938 0
vertex 137.29919261641479 -117.43818109596609 0
vertex 132.97133771305852 -117.43818109596609 0
endloop
endfacet
facet normal 0 0 -1
outer loop
vertex 137.89949056956857 -117.25608270270938 0
vertex 132.97133771305852 -117.43818109596609 0
vertex 132.96815914856552 -117.25608270270938 0
endloop
endfacet
facet normal 0 0 -1
outer loop
vertex 220.09631626106903 -117.25608270270938 0
vertex 220.05761229791952 -117.43818109596609 0
vertex 139.74836658357205 -117.43818109596609 0
endloop
endfacet
facet normal 0 0 -1
outer loop
vertex 220.09631626106903 -117.25608270270938 0
vertex 139.74836658357205 -117.43818109596609 0
vertex 139.1480686304472 -117.25608270270938 0
endloop
endfacet
facet normal 0 0 -1
outer loop
vertex 137.29919261641479 -117.43818109596609 0
vertex 136.7459548543395 -117.7338928406327 0
vertex 132.97649942170932 -117.7338928406327 0
endloop
endfacet
facet normal 0 0 -1
outer loop
vertex 137.29919261641479 -117.43818109596609 0
vertex 132.97649942170932 -117.7338928406327 0
vertex 132.97133771305852 -117.43818109596609 0
endloop
endfacet
facet normal 0 0 -1
outer loop
vertex 220.05761229791952 -117.43818109596609 0
vertex 220.03603299999995 -117.53970960000015 0
vertex 219.9766651278612 -117.7338928406327 0
endloop
endfacet
facet normal 0 0 -1
outer loop
vertex 220.05761229791952 -117.43818109596609 0
vertex 219.9766651278612 -117.7338928406327 0
vertex 140.30160434566397 -117.7338928406327 0
endloop
endfacet
facet normal 0 0 -1
outer loop
vertex 220.05761229791952 -117.43818109596609 0
vertex 140.30160434566397 -117.7338928406327 0
vertex 139.74836658357205 -117.43818109596609 0
endloop
endfacet
facet normal 0 0 -1
outer loop
vertex 136.7459548543395 -117.7338928406327 0
vertex 136.26103790020386 -118.13185390020224 0
vertex 132.9834459129492 -118.13185390020224 0
endloop
endfacet
facet normal 0 0 -1
outer loop
vertex 136.7459548543395 -117.7338928406327 0
vertex 132.9834459129492 -118.13185390020224 0
vertex 132.97649942170932 -117.7338928406327 0
endloop
endfacet
facet normal 0 0 -1
outer loop
vertex 219.9766651278612 -117.7338928406327 0
vertex 219.85499602179542 -118.13185390020224 0
vertex 140.7865212997954 -118.13185390020224 0
endloop
endfacet
facet normal 0 0 -1
outer loop
vertex 219.9766651278612 -117.7338928406327 0
vertex 140.7865212997954 -118.13185390020224 0
vertex 140.30160434566397 -117.7338928406327 0
endloop
endfacet
facet normal 0 0 -1
outer loop
vertex 136.26103790020386 -118.13185390020224 0
vertex 135.8630768406326 -118.61677085433654 0
vertex 132.9919102370155 -118.61677085433654 0
endloop
endfacet
facet normal 0 0 -1
outer loop
vertex 136.26103790020386 -118.13185390020224 0
vertex 132.9919102370155 -118.61677085433654 0
vertex 132.9834459129492 -118.13185390020224 0
endloop
endfacet
facet normal 0 0 -1
outer loop
vertex 219.85499602179542 -118.13185390020224 0
vertex 219.70674178709848 -118.61677085433654 0
vertex 141.1844823593695 -118.61677085433654 0
endloop
endfacet
facet normal 0 0 -1
outer loop
vertex 219.85499602179542 -118.13185390020224 0
vertex 141.1844823593695 -118.61677085433654 0
vertex 140.7865212997954 -118.13185390020224 0
endloop
endfacet
facet normal 0 0 -1
outer loop
vertex 135.8630768406326 -118.61677085433654 0
vertex 135.56736509596104 -119.17000861643771 0
vertex 133.00156711468128 -119.17000861643771 0
endloop
endfacet
facet normal 0 0 -1
outer loop
vertex 135.8630768406326 -118.61677085433654 0
vertex 133.00156711468128 -119.17000861643771 0
vertex 132.9919102370155 -118.61677085433654 0
endloop
endfacet
facet normal 0 0 -1
outer loop
vertex 219.70674178709848 -118.61677085433654 0
vertex 219.53759975086635 -119.17000861643771 0
vertex 141.48019410403688 -119.17000861643771 0
endloop
endfacet
facet normal 0 0 -1
outer loop
vertex 219.70674178709848 -118.61677085433654 0
vertex 141.48019410403688 -119.17000861643771 0
vertex 141.1844823593695 -118.61677085433654 0
endloop
endfacet
facet normal 0 0 -1
outer loop
vertex 135.56736509596104 -119.17000861643771 0
vertex 135.38526670270673 -119.7703065695546 0
vertex 133.01204543755324 -119.7703065695546 0
endloop
endfacet
facet normal 0 0 -1
outer loop
vertex 135.56736509596104 -119.17000861643771 0
vertex 133.01204543755324 -119.7703065695546 0
vertex 133.00156711468128 -119.17000861643771 0
endloop
endfacet
facet normal 0 0 -1
outer loop
vertex 219.53759975086635 -119.17000861643771 0
vertex 219.35406994669944 -119.7703065695546 0
vertex 141.66229249729267 -119.7703065695546 0
endloop
endfacet
facet normal 0 0 -1
outer loop
vertex 219.53759975086635 -119.17000861643771 0
vertex 141.66229249729267 -119.7703065695546 0
vertex 141.48019410403688 -119.17000861643771 0
endloop
endfacet
facet normal 0 0 -1
outer loop
vertex 135.38526670270673 -119.7703065695546 0
vertex 135.3237796000005 -120.3945955999841 0
vertex 133.0229425295595 -120.3945955999841 0
endloop
endfacet
facet normal 0 0 -1
outer loop
vertex 135.38526670270673 -119.7703065695546 0
vertex 133.0229425295595 -120.3945955999841 0
vertex 133.01204543755324 -119.7703065695546 0
endloop
endfacet
facet normal 0 0 -1
outer loop
vertex 219.35406994669944 -119.7703065695546 0
vertex 219.163205322052 -120.3945955999841 0
vertex 141.72377960000017 -120.3945955999841 0
endloop
endfacet
facet normal 0 0 -1
outer loop
vertex 219.35406994669944 -119.7703065695546 0
vertex 141.72377960000017 -120.3945955999841 0
vertex 141.66229249729267 -119.7703065695546 0
endloop
endfacet
facet normal 0 0 -1
outer loop
vertex 135.3237796000005 -120.3945955999841 0
vertex 135.38526670270969 -121.01888463045228 0
vertex 133.03383962156641 -121.01888463045228 0
endloop
endfacet
facet normal 0 0 -1
outer loop
vertex 135.3237796000005 -120.3945955999841 0
vertex 133.03383962156641 -121.01888463045228 0
vertex 133.0229425295595 -120.3945955999841 0
endloop
endfacet
facet normal 0 0 -1
outer loop
vertex 219.163205322052 -120.3945955999841 0
vertex 218.97234069739272 -121.01888463045228 0
vertex 141.66229249728886 -121.01888463045228 0
endloop
endfacet
facet normal 0 0 -1
outer loop
vertex 219.163205322052 -120.3945955999841 0
vertex 141.66229249728886 -121.01888463045228 0
vertex 141.72377960000017 -120.3945955999841 0
endloop
endfacet
facet normal 0 0 -1
outer loop
vertex 135.38526670270969 -121.01888463045228 0
vertex 135.56736509596027 -121.61918258355921 0
vertex 133.0443179444382 -121.61918258355921 0
endloop
endfacet
facet normal 0 0 -1
outer loop
vertex 135.38526670270969 -121.01888463045228 0
vertex 133.0443179444382 -121.61918258355921 0
vertex 133.03383962156641 -121.01888463045228 0
endloop
endfacet
facet normal 0 0 -1
outer loop
vertex 218.97234069739272 -121.01888463045228 0
vertex 218.78881089322886 -121.61918258355921 0
vertex 141.48019410403452 -121.61918258355921 0
endloop
endfacet
facet normal 0 0 -1
outer loop
vertex 218.97234069739272 -121.01888463045228 0
vertex 141.48019410403452 -121.61918258355921 0
vertex 141.66229249728886 -121.01888463045228 0
endloop
endfacet
facet normal 0 0 -1
outer loop
vertex 135.56736509596027 -121.61918258355921 0
vertex 135.86307684063317 -122.1724203456629 0
vertex 133.05397482210404 -122.1724203456629 0
endloop
endfacet
facet normal 0 0 -1
outer loop
vertex 135.56736509596027 -121.61918258355921 0
vertex 133.05397482210404 -122.1724203456629 0
vertex 133.0443179444382 -121.61918258355921 0
endloop
endfacet
facet normal 0 0 -1
outer loop
vertex 218.78881089322886 -121.61918258355921 0
vertex 218.61966885699596 -122.1724203456629 0
vertex 141.1844823593658 -122.1724203456629 0
endloop
endfacet
facet normal 0 0 -1
outer loop
vertex 218.78881089322886 -121.61918258355921 0
vertex 141.1844823593658 -122.1724203456629 0
vertex 141.48019410403452 -121.61918258355921 0
endloop
endfacet
facet normal 0 0 -1
outer loop
vertex 135.86307684063317 -122.1724203456629 0
vertex 136.26103790021097 -122.65733729980515 0
vertex 133.06243914617048 -122.65733729980515 0
endloop
endfacet
facet normal 0 0 -1
outer loop
vertex 135.86307684063317 -122.1724203456629 0
vertex 133.06243914617048 -122.65733729980515 0
vertex 133.05397482210404 -122.1724203456629 0
endloop
endfacet
facet normal 0 0 -1
outer loop
vertex 218.61966885699596 -122.1724203456629 0
vertex 218.47141462229658 -122.65733729980515 0
vertex 140.78652129979793 -122.65733729980515 0
endloop
endfacet
facet normal 0 0 -1
outer loop
vertex 218.61966885699596 -122.1724203456629 0
vertex 140.78652129979793 -122.65733729980515 0
vertex 141.1844823593658 -122.1724203456629 0
endloop
endfacet
facet normal 0 0 -1
outer loop
vertex 136.26103790021097 -122.65733729980515 0
vertex 136.74595485433798 -123.05529835937043 0
vertex 133.06938563741028 -123.05529835937043 0
endloop
endfacet
facet normal 0 0 -1
outer loop
vertex 136.26103790021097 -122.65733729980515 0
vertex 133.06938563741028 -123.05529835937043 0
vertex 133.06243914617048 -122.65733729980515 0
endloop
endfacet
facet normal 0 0 -1
outer loop
vertex 218.47141462229658 -122.65733729980515 0
vertex 218.3497455162321 -123.05529835937043 0
vertex 140.3016043456583 -123.05529835937043 0
endloop
endfacet
facet normal 0 0 -1
outer loop
vertex 218.47141462229658 -122.65733729980515 0
vertex 140.3016043456583 -123.05529835937043 0
vertex 140.78652129979793 -122.65733729980515 0
endloop
endfacet
facet normal 0 0 -1
outer loop
vertex 136.74595485433798 -123.05529835937043 0
vertex 137.29919261643434 -123.35101010403943 0
vertex 133.07454734606108 -123.35101010403943 0
endloop
endfacet
facet normal 0 0 -1
outer loop
vertex 136.74595485433798 -123.05529835937043 0
vertex 133.07454734606108 -123.35101010403943 0
vertex 133.06938563741028 -123.05529835937043 0
endloop
endfacet
facet normal 0 0 -1
outer loop
vertex 218.3497455162321 -123.05529835937043 0
vertex 218.25933721430943 -123.35101010403943 0
vertex 139.7483665835711 -123.35101010403943 0
endloop
endfacet
facet normal 0 0 -1
outer loop
vertex 218.3497455162321 -123.05529835937043 0
vertex 139.7483665835711 -123.35101010403943 0
vertex 140.3016043456583 -123.05529835937043 0
endloop
endfacet
facet normal 0 0 -1
outer loop
vertex 137.29919261643434 -123.35101010403943 0
vertex 137.89949056953648 -123.53310849728926 0
vertex 133.08111269876753 -123.53310849728926 0
endloop
endfacet
facet normal 0 0 -1
outer loop
vertex 137.29919261643434 -123.35101010403943 0
vertex 133.08111269876753 -123.53310849728926 0
vertex 133.07697591447402 -123.49014159150121 0
endloop
endfacet
facet normal 0 0 -1
outer loop
vertex 137.29919261643434 -123.35101010403943 0
vertex 133.07697591447402 -123.49014159150121 0
vertex 133.07697450000072 -123.49012690000002 0
endloop
endfacet
facet normal 0 0 -1
outer loop
vertex 137.29919261643434 -123.35101010403943 0
vertex 133.07697450000072 -123.49012690000002 0
vertex 133.07454734606108 -123.35101010403943 0
endloop
endfacet
facet normal 0 0 -1
outer loop
vertex 218.25933721430943 -123.35101010403943 0
vertex 218.20366405687363 -123.53310849728926 0
vertex 139.14806863044527 -123.53310849728926 0
endloop
endfacet
facet normal 0 0 -1
outer loop
vertex 218.25933721430943 -123.35101010403943 0
vertex 139.14806863044527 -123.53310849728926 0
vertex 139.7483665835711 -123.35101010403943 0
endloop
endfacet
facet normal 0 0 -1
outer loop
vertex 137.89949056953648 -123.53310849728926 0
vertex 138.52377960000837 -123.59459560000093 0
vertex 133.0870325777089 -123.59459560000093 0
endloop
endfacet
facet normal 0 0 -1
outer loop
vertex 137.89949056953648 -123.53310849728926 0
vertex 133.0870325777089 -123.59459560000093 0
vertex 133.08111269876753 -123.53310849728926 0
endloop
endfacet
facet normal 0 0 -1
outer loop
vertex 218.20366405687363 -123.53310849728926 0
vertex 218.18486553213958 -123.59459560000093 0
vertex 138.52377960000837 -123.59459560000093 0
endloop
endfacet
facet normal 0 0 -1
outer loop
vertex 218.20366405687363 -123.53310849728926 0
vertex 138.52377960000837 -123.59459560000093 0
vertex 139.14806863044527 -123.53310849728926 0
endloop
endfacet
facet normal 0 0 -1
outer loop
vertex 138.52377960000837 -123.59459560000093 0
vertex 218.18486553213958 -123.59459560000093 0
vertex 218.0259353339013 -124.11443200000141 0
endloop
endfacet
facet normal 0 0 -1
outer loop
vertex 138.52377960000837 -123.59459560000093 0
vertex 218.0259353339013 -124.11443200000141 0
vertex 211.81914160001247 -124.11443200000141 0
endloop
endfacet
facet normal 0 0 -1
outer loop
vertex 138.52377960000837 -123.59459560000093 0
vertex 211.81914160001247 -124.11443200000141 0
vertex 133.18913917874295 -124.11443200000141 0
endloop
endfacet
facet normal 0 0 -1
outer loop
vertex 138.52377960000837 -123.59459560000093 0
vertex 133.18913917874295 -124.11443200000141 0
vertex 133.18562817667913 -124.10635716907296 0
endloop
endfacet
facet normal 0 0 -1
outer loop
vertex 138.52377960000837 -123.59459560000093 0
vertex 133.18562817667913 -124.10635716907296 0
vertex 133.1070508204494 -123.80251602534742 0
endloop
endfacet
facet normal 0 0 -1
outer loop
vertex 138.52377960000837 -123.59459560000093 0
vertex 133.1070508204494 -123.80251602534742 0
vertex 133.0870325777089 -123.59459560000093 0
endloop
endfacet
facet normal 0 0 -1
outer loop
vertex 211.81914160001247 -124.11443200000141 0
vertex 211.19485256956764 -124.17591910271041 0
vertex 133.21587427034072 -124.17591910271041 0
endloop
endfacet
facet normal 0 0 -1
outer loop
vertex 211.81914160001247 -124.11443200000141 0
vertex 133.21587427034072 -124.17591910271041 0
vertex 133.18913917874295 -124.11443200000141 0
endloop
endfacet
facet normal 0 0 -1
outer loop
vertex 218.0259353339013 -124.11443200000141 0
vertex 218.00713680916806 -124.17591910271041 0
vertex 212.44343063045739 -124.17591910271041 0
endloop
endfacet
facet normal 0 0 -1
outer loop
vertex 218.0259353339013 -124.11443200000141 0
vertex 212.44343063045739 -124.17591910271041 0
vertex 211.81914160001247 -124.11443200000141 0
endloop
endfacet
facet normal 0 0 -1
outer loop
vertex 211.19485256956764 -124.17591910271041 0
vertex 210.59455461644427 -124.35801749595856 0
vertex 133.29505213055538 -124.35801749595856 0
endloop
endfacet
facet normal 0 0 -1
outer loop
vertex 211.19485256956764 -124.17591910271041 0
vertex 133.29505213055538 -124.35801749595856 0
vertex 133.21587427034072 -124.17591910271041 0
endloop
endfacet
facet normal 0 0 -1
outer loop
vertex 218.00713680916806 -124.17591910271041 0
vertex 217.95146365173278 -124.35801749595856 0
vertex 213.04372858356786 -124.35801749595856 0
endloop
endfacet
facet normal 0 0 -1
outer loop
vertex 218.00713680916806 -124.17591910271041 0
vertex 213.04372858356786 -124.35801749595856 0
vertex 212.44343063045739 -124.17591910271041 0
endloop
endfacet
facet normal 0 0 -1
outer loop
vertex 210.59455461644427 -124.35801749595856 0
vertex 210.04131685434763 -124.65372924062771 0
vertex 133.47612882423218 -124.65372924062771 0
endloop
endfacet
facet normal 0 0 -1
outer loop
vertex 210.59455461644427 -124.35801749595856 0
vertex 133.47612882423218 -124.65372924062771 0
vertex 133.31076947227112 -124.39416526081116 0
endloop
endfacet
facet normal 0 0 -1
outer loop
vertex 210.59455461644427 -124.35801749595856 0
vertex 133.31076947227112 -124.39416526081116 0
vertex 133.29505213055538 -124.35801749595856 0
endloop
endfacet
facet normal 0 0 -1
outer loop
vertex 217.95146365173278 -124.35801749595856 0
vertex 217.86105534981007 -124.65372924062771 0
vertex 213.59696634565668 -124.65372924062771 0
endloop
endfacet
facet normal 0 0 -1
outer loop
vertex 217.95146365173278 -124.35801749595856 0
vertex 213.59696634565668 -124.65372924062771 0
vertex 213.04372858356786 -124.35801749595856 0
endloop
endfacet
facet normal 0 0 -1
outer loop
vertex 210.04131685434763 -124.65372924062771 0
vertex 209.55639990018912 -125.05169030021278 0
vertex 133.87875645693302 -125.05169030021278 0
endloop
endfacet
facet normal 0 0 -1
outer loop
vertex 210.04131685434763 -124.65372924062771 0
vertex 133.87875645693302 -125.05169030021278 0
vertex 133.68734754430824 -124.89390425527299 0
endloop
endfacet
facet normal 0 0 -1
outer loop
vertex 210.04131685434763 -124.65372924062771 0
vertex 133.68734754430824 -124.89390425527299 0
vertex 133.4793932954911 -124.6588534694174 0
endloop
endfacet
facet normal 0 0 -1
outer loop
vertex 210.04131685434763 -124.65372924062771 0
vertex 133.4793932954911 -124.6588534694174 0
vertex 133.47612882423218 -124.65372924062771 0
endloop
endfacet
facet normal 0 0 -1
outer loop
vertex 217.86105534981007 -124.65372924062771 0
vertex 217.73938624373952 -125.05169030021278 0
vertex 214.0818832998078 -125.05169030021278 0
endloop
endfacet
facet normal 0 0 -1
outer loop
vertex 217.86105534981007 -124.65372924062771 0
vertex 214.0818832998078 -125.05169030021278 0
vertex 213.59696634565668 -124.65372924062771 0
endloop
endfacet
facet normal 0 0 -1
outer loop
vertex 209.55639990018912 -125.05169030021278 0
vertex 209.51534134046443 -125.10172030000001 0
vertex 155.10845619999998 -125.10172030000001 0
endloop
endfacet
facet normal 0 0 -1
outer loop
vertex 209.55639990018912 -125.05169030021278 0
vertex 155.10845619999998 -125.10172030000001 0
vertex 133.94341622629213 -125.10172030000001 0
endloop
endfacet
facet normal 0 0 -1
outer loop
vertex 209.55639990018912 -125.05169030021278 0
vertex 133.94341622629213 -125.10172030000001 0
vertex 133.9295116655155 -125.09352985466457 0
endloop
endfacet
facet normal 0 0 -1
outer loop
vertex 209.55639990018912 -125.05169030021278 0
vertex 133.9295116655155 -125.09352985466457 0
vertex 133.87875645693302 -125.05169030021278 0
endloop
endfacet
facet normal 0 0 -1
outer loop
vertex 155.10845619999998 -125.10172030000001 0
vertex 155.10852859999997 -125.10586939999999 0
vertex 135.11157225000017 -125.45492345 0
endloop
endfacet
facet normal 0 0 -1
outer loop
vertex 155.10845619999998 -125.10172030000001 0
vertex 135.11157225000017 -125.45492345 0
vertex 134.7983203425339 -125.43576401364584 0
endloop
endfacet
facet normal 0 0 -1
outer loop
vertex 155.10845619999998 -125.10172030000001 0
vertex 134.7983203425339 -125.43576401364584 0
vertex 134.49192231277425 -125.36783692853409 0
endloop
endfacet
facet normal 0 0 -1
outer loop
vertex 155.10845619999998 -125.10172030000001 0
vertex 134.49192231277425 -125.36783692853409 0
vertex 134.19992274046788 -125.25281479455391 0
endloop
endfacet
facet normal 0 0 -1
outer loop
vertex 155.10845619999998 -125.10172030000001 0
vertex 134.19992274046788 -125.25281479455391 0
vertex 133.94341622629213 -125.10172030000001 0
endloop
endfacet
facet normal 0 0 -1
outer loop
vertex 209.51534134046443 -125.10172030000001 0
vertex 209.15843884064026 -125.53660725432691 0
vertex 180.02311339753604 -125.53660725432691 0
endloop
endfacet
facet normal 0 0 -1
outer loop
vertex 209.51534134046443 -125.10172030000001 0
vertex 180.02311339753604 -125.53660725432691 0
vertex 155.10845619999998 -125.10172030000001 0
endloop
endfacet
facet normal 0 0 -1
outer loop
vertex 217.73938624373952 -125.05169030021278 0
vertex 217.59113200904875 -125.53660725432691 0
vertex 214.4798443593625 -125.53660725432691 0
endloop
endfacet
facet normal 0 0 -1
outer loop
vertex 217.73938624373952 -125.05169030021278 0
vertex 214.4798443593625 -125.53660725432691 0
vertex 214.0818832998078 -125.05169030021278 0
endloop
endfacet
facet normal 0 0 -1
outer loop
vertex 209.15843884064026 -125.53660725432691 0
vertex 209.06473863993475 -125.71190800000001 0
vertex 190.06608650000052 -125.71190800000001 0
endloop
endfacet
facet normal 0 0 -1
outer loop
vertex 209.15843884064026 -125.53660725432691 0
vertex 190.06608650000052 -125.71190800000001 0
vertex 180.02311339753604 -125.53660725432691 0
endloop
endfacet
facet normal 0 0 -1
outer loop
vertex 209.06473863993475 -125.71190800000001 0
vertex 209.05837769939674 -125.72380848272184 0
vertex 190.25180883450292 -125.72380848272184 0
endloop
endfacet
facet normal 0 0 -1
outer loop
vertex 209.06473863993475 -125.71190800000001 0
vertex 190.25180883450292 -125.72380848272184 0
vertex 190.06608650000052 -125.71190800000001 0
endloop
endfacet
facet normal 0 0 -1
outer loop
vertex 209.05837769939674 -125.72380848272184 0
vertex 209.04281771445994 -125.75291916702794 0
vertex 190.43561933816483 -125.75291916702794 0
endloop
endfacet
facet normal 0 0 -1
outer loop
vertex 209.05837769939674 -125.72380848272184 0
vertex 190.43561933816483 -125.75291916702794 0
vertex 190.25180883450292 -125.72380848272184 0
endloop
endfacet
facet normal 0 0 -1
outer loop
vertex 209.04281771445994 -125.75291916702794 0
vertex 209.01819287570498 -125.79898900000008 0
vertex 190.61592825000028 -125.79898900000008 0
endloop
endfacet
facet normal 0 0 -1
outer loop
vertex 209.04281771445994 -125.75291916702794 0
vertex 190.61592825000028 -125.79898900000008 0
vertex 190.43561933816483 -125.75291916702794 0
endloop
endfacet
facet normal 0 0 -1
outer loop
vertex 209.01819287570498 -125.79898900000008 0
vertex 208.86272709595823 -126.08984501644242 0
vertex 191.5672745950195 -126.08984501644242 0
endloop
endfacet
facet normal 0 0 -1
outer loop
vertex 209.01819287570498 -125.79898900000008 0
vertex 191.5672745950195 -126.08984501644242 0
vertex 190.61592825000028 -125.79898900000008 0
endloop
endfacet
facet normal 0 0 -1
outer loop
vertex 217.59113200904875 -125.53660725432691 0
vertex 217.42198997281224 -126.08984501644242 0
vertex 214.7755561040417 -126.08984501644242 0
endloop
endfacet
facet normal 0 0 -1
outer loop
vertex 217.59113200904875 -125.53660725432691 0
vertex 214.7755561040417 -126.08984501644242 0
vertex 214.4798443593625 -125.53660725432691 0
endloop
endfacet
facet normal 0 0 -1
outer loop
vertex 208.86272709595823 -126.08984501644242 0
vertex 208.68062870271146 -126.69014296954546 0
vertex 193.5307590386026 -126.69014296954546 0
endloop
endfacet
facet normal 0 0 -1
outer loop
vertex 208.86272709595823 -126.08984501644242 0
vertex 193.5307590386026 -126.69014296954546 0
vertex 191.5672745950195 -126.08984501644242 0
endloop
endfacet
facet normal 0 0 -1
outer loop
vertex 217.42198997281224 -126.08984501644242 0
vertex 217.23846016864957 -126.69014296954546 0
vertex 214.9576544972918 -126.69014296954546 0
endloop
endfacet
facet normal 0 0 -1
outer loop
vertex 217.42198997281224 -126.08984501644242 0
vertex 214.9576544972918 -126.69014296954546 0
vertex 214.7755561040417 -126.08984501644242 0
endloop
endfacet
facet normal 0 0 -1
outer loop
vertex 208.68062870271146 -126.69014296954546 0
vertex 208.61914160000026 -127.31443199997899 0
vertex 195.5727146928232 -127.31443199997899 0
endloop
endfacet
facet normal 0 0 -1
outer loop
vertex 208.68062870271146 -126.69014296954546 0
vertex 195.5727146928232 -127.31443199997899 0
vertex 193.5307590386026 -126.69014296954546 0
endloop
endfacet
facet normal 0 0 -1
outer loop
vertex 217.23846016864957 -126.69014296954546 0
vertex 217.0475955440009 -127.31443199997899 0
vertex 215.01914159999967 -127.31443199997899 0
endloop
endfacet
facet normal 0 0 -1
outer loop
vertex 217.23846016864957 -126.69014296954546 0
vertex 215.01914159999967 -127.31443199997899 0
vertex 214.9576544972918 -126.69014296954546 0
endloop
endfacet
facet normal 0 0 -1
outer loop
vertex 208.61914160000026 -127.31443199997899 0
vertex 208.68062870271228 -127.93872103046446 0
vertex 197.61467034721372 -127.93872103046446 0
endloop
endfacet
facet normal 0 0 -1
outer loop
vertex 208.61914160000026 -127.31443199997899 0
vertex 197.61467034721372 -127.93872103046446 0
vertex 195.5727146928232 -127.31443199997899 0
endloop
endfacet
facet normal 0 0 -1
outer loop
vertex 217.0475955440009 -127.31443199997899 0
vertex 216.85673091933634 -127.93872103046446 0
vertex 214.95765449728665 -127.93872103046446 0
endloop
endfacet
facet normal 0 0 -1
outer loop
vertex 217.0475955440009 -127.31443199997899 0
vertex 214.95765449728665 -127.93872103046446 0
vertex 215.01914159999967 -127.31443199997899 0
endloop
endfacet
facet normal 0 0 -1
outer loop
vertex 208.68062870271228 -127.93872103046446 0
vertex 208.8627270959606 -128.53901898356534 0
vertex 199.57815479078974 -128.53901898356534 0
endloop
endfacet
facet normal 0 0 -1
outer loop
vertex 208.68062870271228 -127.93872103046446 0
vertex 199.57815479078974 -128.53901898356534 0
vertex 197.61467034721372 -127.93872103046446 0
endloop
endfacet
facet normal 0 0 -1
outer loop
vertex 216.85673091933634 -127.93872103046446 0
vertex 216.67320111517432 -128.53901898356534 0
vertex 214.77555610403752 -128.53901898356534 0
endloop
endfacet
facet normal 0 0 -1
outer loop
vertex 216.85673091933634 -127.93872103046446 0
vertex 214.77555610403752 -128.53901898356534 0
vertex 214.95765449728665 -127.93872103046446 0
endloop
endfacet
facet normal 0 0 -1
outer loop
vertex 208.8627270959606 -128.53901898356534 0
vertex 209.15843884062295 -129.09225674564928 0
vertex 201.3877124176972 -129.09225674564928 0
endloop
endfacet
facet normal 0 0 -1
outer loop
vertex 208.8627270959606 -128.53901898356534 0
vertex 201.3877124176972 -129.09225674564928 0
vertex 199.57815479078974 -128.53901898356534 0
endloop
endfacet
facet normal 0 0 -1
outer loop
vertex 216.67320111517432 -128.53901898356534 0
vertex 216.50405907894745 -129.09225674564928 0
vertex 214.47984435936752 -129.09225674564928 0
endloop
endfacet
facet normal 0 0 -1
outer loop
vertex 216.67320111517432 -128.53901898356534 0
vertex 214.47984435936752 -129.09225674564928 0
vertex 214.77555610403752 -128.53901898356534 0
endloop
endfacet
facet normal 0 0 -1
outer loop
vertex 209.15843884062295 -129.09225674564928 0
vertex 209.55639990020356 -129.57717369979497 0
vertex 202.97380294319885 -129.57717369979497 0
endloop
endfacet
facet normal 0 0 -1
outer loop
vertex 209.15843884062295 -129.09225674564928 0
vertex 202.97380294319885 -129.57717369979497 0
vertex 201.3877124176972 -129.09225674564928 0
endloop
endfacet
facet normal 0 0 -1
outer loop
vertex 216.50405907894745 -129.09225674564928 0
vertex 216.35580484424705 -129.57717369979497 0
vertex 214.0818832997991 -129.57717369979497 0
endloop
endfacet
facet normal 0 0 -1
outer loop
vertex 216.50405907894745 -129.09225674564928 0
vertex 214.0818832997991 -129.57717369979497 0
vertex 214.47984435936752 -129.09225674564928 0
endloop
endfacet
facet normal 0 0 -1
outer loop
vertex 209.55639990020356 -129.57717369979497 0
vertex 210.04131685433813 -129.97513475936788 0
vertex 204.27547379778716 -129.97513475936788 0
endloop
endfacet
facet normal 0 0 -1
outer loop
vertex 209.55639990020356 -129.57717369979497 0
vertex 204.27547379778716 -129.97513475936788 0
vertex 202.97380294319885 -129.57717369979497 0
endloop
endfacet
facet normal 0 0 -1
outer loop
vertex 216.35580484424705 -129.57717369979497 0
vertex 216.2341357381802 -129.97513475936788 0
vertex 213.59696634566274 -129.97513475936788 0
endloop
endfacet
facet normal 0 0 -1
outer loop
vertex 216.35580484424705 -129.57717369979497 0
vertex 213.59696634566274 -129.97513475936788 0
vertex 214.0818832997991 -129.57717369979497 0
endloop
endfacet
facet normal 0 0 -1
outer loop
vertex 210.04131685433813 -129.97513475936788 0
vertex 210.59455461642577 -130.27084650403458 0
vertex 205.24270250052805 -130.27084650403458 0
endloop
endfacet
facet normal 0 0 -1
outer loop
vertex 210.04131685433813 -129.97513475936788 0
vertex 205.24270250052805 -130.27084650403458 0
vertex 204.27547379778716 -129.97513475936788 0
endloop
endfacet
facet normal 0 0 -1
outer loop
vertex 216.2341357381802 -129.97513475936788 0
vertex 216.14372743625825 -130.27084650403458 0
vertex 213.04372858357146 -130.27084650403458 0
endloop
endfacet
facet normal 0 0 -1
outer loop
vertex 216.2341357381802 -129.97513475936788 0
vertex 213.04372858357146 -130.27084650403458 0
vertex 213.59696634566274 -129.97513475936788 0
endloop
endfacet
facet normal 0 0 -1
outer loop
vertex 210.59455461642577 -130.27084650403458 0
vertex 211.1948525695528 -130.45294489729196 0
vertex 205.83831899482743 -130.45294489729196 0
endloop
endfacet
facet normal 0 0 -1
outer loop
vertex 210.59455461642577 -130.27084650403458 0
vertex 205.83831899482743 -130.45294489729196 0
vertex 205.24270250052805 -130.27084650403458 0
endloop
endfacet
facet normal 0 0 -1
outer loop
vertex 216.14372743625825 -130.27084650403458 0
vertex 216.08805427882015 -130.45294489729196 0
vertex 212.44343063043388 -130.45294489729196 0
endloop
endfacet
facet normal 0 0 -1
outer loop
vertex 216.14372743625825 -130.27084650403458 0
vertex 212.44343063043388 -130.45294489729196 0
vertex 213.04372858357146 -130.27084650403458 0
endloop
endfacet
facet normal 0 0 -1
outer loop
vertex 211.1948525695528 -130.45294489729196 0
vertex 211.8191416000075 -130.51443200000193 0
vertex 206.03943407281156 -130.51443200000193 0
endloop
endfacet
facet normal 0 0 -1
outer loop
vertex 211.1948525695528 -130.45294489729196 0
vertex 206.03943407281156 -130.51443200000193 0
vertex 205.83831899482743 -130.45294489729196 0
endloop
endfacet
facet normal 0 0 -1
outer loop
vertex 216.08805427882015 -130.45294489729196 0
vertex 216.0692557540866 -130.51443200000193 0
vertex 211.8191416000075 -130.51443200000193 0
endloop
endfacet
facet normal 0 0 -1
outer loop
vertex 216.08805427882015 -130.45294489729196 0
vertex 211.8191416000075 -130.51443200000193 0
vertex 212.44343063043388 -130.45294489729196 0
endloop
endfacet
facet normal 0 0 -1
outer loop
vertex 211.8191416000075 -130.51443200000193 0
vertex 216.0692557540866 -130.51443200000193 0
vertex 215.79663514999984 -131.40613235000038 0
endloop
endfacet
facet normal 0 0 -1
outer loop
vertex 211.8191416000075 -130.51443200000193 0
vertex 215.79663514999984 -131.40613235000038 0
vertex 215.6660381509749 -131.7293673138318 0
endloop
endfacet
facet normal 0 0 -1
outer loop
vertex 211.8191416000075 -130.51443200000193 0
vertex 215.6660381509749 -131.7293673138318 0
vertex 215.48129638294185 -132.02501388854807 0
endloop
endfacet
facet normal 0 0 -1
outer loop
vertex 211.8191416000075 -130.51443200000193 0
vertex 215.48129638294185 -132.02501388854807 0
vertex 215.24802305908582 -132.2840891177282 0
endloop
endfacet
facet normal 0 0 -1
outer loop
vertex 211.8191416000075 -130.51443200000193 0
vertex 215.24802305908582 -132.2840891177282 0
vertex 214.97330598045593 -132.49872123253544 0
endloop
endfacet
facet normal 0 0 -1
outer loop
vertex 211.8191416000075 -130.51443200000193 0
vertex 214.97330598045593 -132.49872123253544 0
vertex 214.66549217947698 -132.66238882836456 0
endloop
endfacet
facet normal 0 0 -1
outer loop
vertex 211.8191416000075 -130.51443200000193 0
vertex 214.66549217947698 -132.66238882836456 0
vertex 214.33393430284428 -132.77011901188075 0
endloop
endfacet
facet normal 0 0 -1
outer loop
vertex 211.8191416000075 -130.51443200000193 0
vertex 214.33393430284428 -132.77011901188075 0
vertex 213.98870643972924 -132.8186384979302 0
endloop
endfacet
facet normal 0 0 -1
outer loop
vertex 211.8191416000075 -130.51443200000193 0
vertex 213.98870643972924 -132.8186384979302 0
vertex 213.64029802960027 -132.80647306537864 0
endloop
endfacet
facet normal 0 0 -1
outer loop
vertex 211.8191416000075 -130.51443200000193 0
vertex 213.64029802960027 -132.80647306537864 0
vertex 213.29929029999997 -132.7339947 0
endloop
endfacet
facet normal 0 0 -1
outer loop
vertex 211.8191416000075 -130.51443200000193 0
vertex 213.29929029999997 -132.7339947 0
vertex 206.03943407281156 -130.51443200000193 0
endloop
endfacet
facet normal 0 0 1
outer loop
vertex 214.3339343028442 -132.77011901188075 1.5
vertex 214.66549217947713 -132.6623888283645 1.5
vertex 214.97330598045582 -132.4987212325355 1.5
endloop
endfacet
facet normal 0 0 1
outer loop
vertex 214.3339343028442 -132.77011901188075 1.5
vertex 214.97330598045582 -132.4987212325355 1.5
vertex 215.2480230590858 -132.28408911772823 1.5
endloop
endfacet
facet normal 0 0 1
outer loop
vertex 214.3339343028442 -132.77011901188075 1.5
vertex 215.2480230590858 -132.28408911772823 1.5
vertex 215.4812963829418 -132.02501388854813 1.5
endloop
endfacet
facet normal 0 0 1
outer loop
vertex 214.3339343028442 -132.77011901188075 1.5
vertex 215.4812963829418 -132.02501388854813 1.5
vertex 215.66603815097508 -131.72936731383146 1.5
endloop
endfacet
facet normal 0 0 1
outer loop
vertex 214.3339343028442 -132.77011901188075 1.5
vertex 215.66603815097508 -131.72936731383146 1.5
vertex 215.79663514999984 -131.4061323500004 1.5
endloop
endfacet
facet normal 0 0 1
outer loop
vertex 214.3339343028442 -132.77011901188075 1.5
vertex 215.79663514999984 -131.4061323500004 1.5
vertex 217.51091372719335 -125.79898899999989 1.5
endloop
endfacet
facet normal 0 0 1
outer loop
vertex 214.3339343028442 -132.77011901188075 1.5
vertex 217.51091372719335 -125.79898899999989 1.5
vertex 190.6159282499996 -125.79898899999989 1.5
endloop
endfacet
facet normal 0 0 1
outer loop
vertex 214.3339343028442 -132.77011901188075 1.5
vertex 190.6159282499996 -125.79898899999989 1.5
vertex 213.29929029999985 -132.73399469999998 1.5
endloop
endfacet
facet normal 0 0 1
outer loop
vertex 214.3339343028442 -132.77011901188075 1.5
vertex 213.29929029999985 -132.73399469999998 1.5
vertex 213.6402980296003 -132.80647306537864 1.5
endloop
endfacet
facet normal 0 0 1
outer loop
vertex 214.3339343028442 -132.77011901188075 1.5
vertex 213.6402980296003 -132.80647306537864 1.5
vertex 213.98870643972927 -132.8186384979302 1.5
endloop
endfacet
facet normal 0 0 1
outer loop
vertex 217.51091372719335 -125.79898899999989 1.5
vertex 217.5249987117905 -125.75291916702797 1.5
vertex 190.43561933816497 -125.75291916702797 1.5
endloop
endfacet
facet normal 0 0 1
outer loop
vertex 217.51091372719335 -125.79898899999989 1.5
vertex 190.43561933816497 -125.75291916702797 1.5
vertex 190.6159282499996 -125.79898899999989 1.5
endloop
endfacet
facet normal 0 0 1
outer loop
vertex 217.5249987117905 -125.75291916702797 1.5
vertex 217.53389875578054 -125.72380848272184 1.5
vertex 190.251808834503 -125.72380848272184 1.5
endloop
endfacet
facet normal 0 0 1
outer loop
vertex 217.5249987117905 -125.75291916702797 1.5
vertex 190.251808834503 -125.72380848272184 1.5
vertex 190.43561933816497 -125.75291916702797 1.5
endloop
endfacet
facet normal 0 0 1
outer loop
vertex 217.53389875578054 -125.72380848272184 1.5
vertex 217.53753710445736 -125.711908 1.5
vertex 190.06608650000013 -125.711908 1.5
endloop
endfacet
facet normal 0 0 1
outer loop
vertex 217.53389875578054 -125.72380848272184 1.5
vertex 190.06608650000013 -125.711908 1.5
vertex 190.251808834503 -125.72380848272184 1.5
endloop
endfacet
facet normal 0 0 1
outer loop
vertex 155.1085286 -125.10586939999999 1.5
vertex 155.1084562 -125.1017203 1.5
vertex 133.94341622629213 -125.1017203 1.5
endloop
endfacet
facet normal 0 0 1
outer loop
vertex 155.1085286 -125.10586939999999 1.5
vertex 133.94341622629213 -125.1017203 1.5
vertex 134.19992274046794 -125.25281479455394 1.5
endloop
endfacet
facet normal 0 0 1
outer loop
vertex 155.1085286 -125.10586939999999 1.5
vertex 134.19992274046794 -125.25281479455394 1.5
vertex 134.4919223127743 -125.3678369285341 1.5
endloop
endfacet
facet normal 0 0 1
outer loop
vertex 155.1085286 -125.10586939999999 1.5
vertex 134.4919223127743 -125.3678369285341 1.5
vertex 134.79832034253403 -125.43576401364585 1.5
endloop
endfacet
facet normal 0 0 1
outer loop
vertex 155.1085286 -125.10586939999999 1.5
vertex 134.79832034253403 -125.43576401364585 1.5
vertex 135.1115722500001 -125.45492345 1.5
endloop
endfacet
facet normal 0 0 1
outer loop
vertex 217.53753710445736 -125.711908 1.5
vertex 217.72409051265174 -125.1017203 1.5
vertex 155.1084562 -125.1017203 1.5
endloop
endfacet
facet normal 0 0 1
outer loop
vertex 217.53753710445736 -125.711908 1.5
vertex 155.1084562 -125.1017203 1.5
vertex 190.06608650000013 -125.711908 1.5
endloop
endfacet
facet normal 0 0 1
outer loop
vertex 155.1084562 -125.1017203 1.5
vertex 217.72409051265174 -125.1017203 1.5
vertex 220.03603299999997 -117.5397096 1.5
endloop
endfacet
facet normal 0 0 1
outer loop
vertex 155.1084562 -125.1017203 1.5
vertex 220.03603299999997 -117.5397096 1.5
vertex 220.10851221537865 -117.19870192039942 1.5
endloop
endfacet
facet normal 0 0 1
outer loop
vertex 155.1084562 -125.1017203 1.5
vertex 220.10851221537865 -117.19870192039942 1.5
vertex 220.12067764793022 -116.8502935102709 1.5
endloop
endfacet
facet normal 0 0 1
outer loop
vertex 155.1084562 -125.1017203 1.5
vertex 220.12067764793022 -116.8502935102709 1.5
vertex 220.07215816188076 -116.50506564715572 1.5
endloop
endfacet
facet normal 0 0 1
outer loop
vertex 155.1084562 -125.1017203 1.5
vertex 220.07215816188076 -116.50506564715572 1.5
vertex 219.96442797836463 -116.17350777052316 1.5
endloop
endfacet
facet normal 0 0 1
outer loop
vertex 155.1084562 -125.1017203 1.5
vertex 219.96442797836463 -116.17350777052316 1.5
vertex 219.80076038253546 -115.86569396954414 1.5
endloop
endfacet
facet normal 0 0 1
outer loop
vertex 155.1084562 -125.1017203 1.5
vertex 219.80076038253546 -115.86569396954414 1.5
vertex 219.58612826772807 -115.59097689091404 1.5
endloop
endfacet
facet normal 0 0 1
outer loop
vertex 155.1084562 -125.1017203 1.5
vertex 219.58612826772807 -115.59097689091404 1.5
vertex 219.32705303854817 -115.35770356705827 1.5
endloop
endfacet
facet normal 0 0 1
outer loop
vertex 155.1084562 -125.1017203 1.5
vertex 219.32705303854817 -115.35770356705827 1.5
vertex 219.03140646383162 -115.172961799025 1.5
endloop
endfacet
facet normal 0 0 1
outer loop
vertex 155.1084562 -125.1017203 1.5
vertex 219.03140646383162 -115.172961799025 1.5
vertex 218.70817149999993 -115.04236479999999 1.5
endloop
endfacet
facet normal 0 0 1
outer loop
vertex 155.1084562 -125.1017203 1.5
vertex 218.70817149999993 -115.04236479999999 1.5
vertex 217.73551000000003 -114.74498570000002 1.5
endloop
endfacet
facet normal 0 0 1
outer loop
vertex 155.1084562 -125.1017203 1.5
vertex 217.73551000000003 -114.74498570000002 1.5
vertex 132.92432743962726 -114.74498570000002 1.5
endloop
endfacet
facet normal 0 0 1
outer loop
vertex 155.1084562 -125.1017203 1.5
vertex 132.92432743962726 -114.74498570000002 1.5
vertex 132.93735529999896 -115.49134540000004 1.5
endloop
endfacet
facet normal 0 0 1
outer loop
vertex 155.1084562 -125.1017203 1.5
vertex 132.93735529999896 -115.49134540000004 1.5
vertex 133.07697450000072 -123.49012690000002 1.5000000000000009
endloop
endfacet
facet normal 0 0 1
outer loop
vertex 155.1084562 -125.1017203 1.5
vertex 133.07697450000072 -123.49012690000002 1.5000000000000009
vertex 133.07697591447402 -123.49014159150151 1.5
endloop
endfacet
facet normal 0 0 1
outer loop
vertex 155.1084562 -125.1017203 1.5
vertex 133.07697591447402 -123.49014159150151 1.5
vertex 133.10705082044936 -123.80251602534727 1.5
endloop
endfacet
facet normal 0 0 1
outer loop
vertex 155.1084562 -125.1017203 1.5
vertex 133.10705082044936 -123.80251602534727 1.5
vertex 133.18562817667913 -124.10635716907288 1.5
endloop
endfacet
facet normal 0 0 1
outer loop
vertex 155.1084562 -125.1017203 1.5
vertex 133.18562817667913 -124.10635716907288 1.5
vertex 133.31076947227123 -124.39416526081136 1.5
endloop
endfacet
facet normal 0 0 1
outer loop
vertex 155.1084562 -125.1017203 1.5
vertex 133.31076947227123 -124.39416526081136 1.5
vertex 133.479393295491 -124.65885346941728 1.5
endloop
endfacet
facet normal 0 0 1
outer loop
vertex 155.1084562 -125.1017203 1.5
vertex 133.479393295491 -124.65885346941728 1.5
vertex 133.68734754430827 -124.89390425527301 1.5
endloop
endfacet
facet normal 0 0 1
outer loop
vertex 155.1084562 -125.1017203 1.5
vertex 133.68734754430827 -124.89390425527301 1.5
vertex 133.92951166551546 -125.09352985466454 1.5
endloop
endfacet
facet normal 0 0 1
outer loop
vertex 155.1084562 -125.1017203 1.5
vertex 133.92951166551546 -125.09352985466454 1.5
vertex 133.94341622629213 -125.1017203 1.5
endloop
endfacet
facet normal 0 0 1
outer loop
vertex 217.73551000000003 -114.74498570000002 1.5
vertex 217.4278573260797 -114.62224264294642 1.5
vertex 132.92218493460052 -114.62224264294642 1.5
endloop
endfacet
facet normal 0 0 1
outer loop
vertex 217.73551000000003 -114.74498570000002 1.5
vertex 132.92218493460052 -114.62224264294642 1.5
vertex 132.92432743962726 -114.74498570000002 1.5
endloop
endfacet
facet normal 0 0 1
outer loop
vertex 217.4278573260797 -114.62224264294642 1.5
vertex 217.14468191885877 -114.45040837703027 1.5
vertex 132.91918553253794 -114.45040837703027 1.5
endloop
endfacet
facet normal 0 0 1
outer loop
vertex 217.4278573260797 -114.62224264294642 1.5
vertex 132.91918553253794 -114.45040837703027 1.5
vertex 132.92218493460052 -114.62224264294642 1.5
endloop
endfacet
facet normal 0 0 1
outer loop
vertex 217.14468191885877 -114.45040837703027 1.5
vertex 216.89375094888027 -114.23419326538551 1.5
vertex 132.91541145378613 -114.23419326538551 1.5
endloop
endfacet
facet normal 0 0 1
outer loop
vertex 217.14468191885877 -114.45040837703027 1.5
vertex 132.91541145378613 -114.23419326538551 1.5
vertex 132.91918553253794 -114.45040837703027 1.5
endloop
endfacet
facet normal 0 0 1
outer loop
vertex 216.89375094888027 -114.23419326538551 1.5
vertex 216.6819471594508 -113.97952783588822 1.5
vertex 132.91096621691543 -113.97952783588822 1.5
endloop
endfacet
facet normal 0 0 1
outer loop
vertex 216.89375094888027 -114.23419326538551 1.5
vertex 132.91096621691543 -113.97952783588822 1.5
vertex 132.91541145378613 -114.23419326538551 1.5
endloop
endfacet
facet normal 0 0 1
outer loop
vertex 216.6819471594508 -113.97952783588822 1.5
vertex 216.51508008103178 -113.6933972637052 1.5
vertex 132.90597174957915 -113.6933972637052 1.5
endloop
endfacet
facet normal 0 0 1
outer loop
vertex 216.6819471594508 -113.97952783588822 1.5
vertex 132.90597174957915 -113.6933972637052 1.5
vertex 132.91096621691543 -113.97952783588822 1.5
endloop
endfacet
facet normal 0 0 1
outer loop
vertex 216.51508008103178 -113.6933972637052 1.5
vertex 216.39772668260858 -113.38364977610235 1.5
vertex 132.90056504418055 -113.38364977610235 1.5
endloop
endfacet
facet normal 0 0 1
outer loop
vertex 216.51508008103178 -113.6933972637052 1.5
vertex 132.90056504418055 -113.38364977610235 1.5
vertex 132.90597174957915 -113.6933972637052 1.5
endloop
endfacet
facet normal 0 0 1
outer loop
vertex 216.39772668260858 -113.38364977610235 1.5
vertex 216.3331058307782 -113.0587813847402 1.5
vertex 132.89489440033125 -113.0587813847402 1.5
endloop
endfacet
facet normal 0 0 1
outer loop
vertex 216.39772668260858 -113.38364977610235 1.5
vertex 132.89489440033125 -113.0587813847402 1.5
vertex 132.90056504418055 -113.38364977610235 1.5
endloop
endfacet
facet normal 0 0 1
outer loop
vertex 216.3331058307782 -113.0587813847402 1.5
vertex 216.32298999999998 -112.72770284999962 1.5
vertex 132.88911535716613 -112.72770284999962 1.5
endloop
endfacet
facet normal 0 0 1
outer loop
vertex 216.3331058307782 -113.0587813847402 1.5
vertex 132.88911535716613 -112.72770284999962 1.5
vertex 132.89489440033125 -113.0587813847402 1.5
endloop
endfacet
facet normal 0 0 1
outer loop
vertex 216.32298999999998 -112.72770284999962 1.5
vertex 216.62424936255346 -106.97933949999991 1.5
vertex 194.17198710001193 -106.97933949999991 1.5
endloop
endfacet
facet normal 0 0 1
outer loop
vertex 216.32298999999998 -112.72770284999962 1.5
vertex 194.17198710001193 -106.97933949999991 1.5
vertex 132.78877650567748 -106.97933949999991 1.5
endloop
endfacet
facet normal 0 0 1
outer loop
vertex 216.32298999999998 -112.72770284999962 1.5
vertex 132.78877650567748 -106.97933949999991 1.5
vertex 132.88911535716613 -112.72770284999962 1.5
endloop
endfacet
facet normal 0 0 1
outer loop
vertex 194.17198710001193 -106.97933949999991 1.5
vertex 193.87935161696694 -106.95051742060271 1.5
vertex 132.7882734104192 -106.95051742060271 1.5
endloop
endfacet
facet normal 0 0 1
outer loop
vertex 194.17198710001193 -106.97933949999991 1.5
vertex 132.7882734104192 -106.95051742060271 1.5
vertex 132.78877650567748 -106.97933949999991 1.5
endloop
endfacet
facet normal 0 0 1
outer loop
vertex 216.62424936255346 -106.97933949999991 1.5
vertex 216.62575986575897 -106.95051742060271 1.5
vertex 194.46462258305698 -106.95051742060271 1.5
endloop
endfacet
facet normal 0 0 1
outer loop
vertex 216.62424936255346 -106.97933949999991 1.5
vertex 194.46462258305698 -106.95051742060271 1.5
vertex 194.17198710001193 -106.97933949999991 1.5
endloop
endfacet
facet normal 0 0 1
outer loop
vertex 193.87935161696694 -106.95051742060271 1.5
vertex 193.59796195145967 -106.8651587987697 1.5
vertex 132.7867834583132 -106.8651587987697 1.5
endloop
endfacet
facet normal 0 0 1
outer loop
vertex 193.87935161696694 -106.95051742060271 1.5
vertex 132.7867834583132 -106.8651587987697 1.5
vertex 132.7882734104192 -106.95051742060271 1.5
endloop
endfacet
facet normal 0 0 1
outer loop
vertex 216.62575986575897 -106.95051742060271 1.5
vertex 216.63023332758385 -106.8651587987697 1.5
vertex 194.74601224852768 -106.8651587987697 1.5
endloop
endfacet
facet normal 0 0 1
outer loop
vertex 216.62575986575897 -106.95051742060271 1.5
vertex 194.74601224852768 -106.8651587987697 1.5
vertex 194.46462258305698 -106.95051742060271 1.5
endloop
endfacet
facet normal 0 0 1
outer loop
vertex 193.59796195145967 -106.8651587987697 1.5
vertex 193.33863175047057 -106.72654391845268 1.5
vertex 132.78436390738307 -106.72654391845268 1.5
endloop
endfacet
facet normal 0 0 1
outer loop
vertex 193.59796195145967 -106.8651587987697 1.5
vertex 132.78436390738307 -106.72654391845268 1.5
vertex 132.7867834583132 -106.8651587987697 1.5
endloop
endfacet
facet normal 0 0 1
outer loop
vertex 216.63023332758385 -106.8651587987697 1.5
vertex 216.63749783539976 -106.72654391845268 1.5
vertex 195.00534244954184 -106.72654391845268 1.5
endloop
endfacet
facet normal 0 0 1
outer loop
vertex 216.63023332758385 -106.8651587987697 1.5
vertex 195.00534244954184 -106.72654391845268 1.5
vertex 194.74601224852768 -106.8651587987697 1.5
endloop
endfacet
facet normal 0 0 1
outer loop
vertex 193.33863175047057 -106.72654391845268 1.5
vertex 193.11132692822932 -106.5399996717862 1.5
vertex 132.7811077396145 -106.5399996717862 1.5
endloop
endfacet
facet normal 0 0 1
outer loop
vertex 193.33863175047057 -106.72654391845268 1.5
vertex 132.7811077396145 -106.5399996717862 1.5
vertex 132.78436390738307 -106.72654391845268 1.5
endloop
endfacet
facet normal 0 0 1
outer loop
vertex 216.63749783539976 -106.72654391845268 1.5
vertex 216.64727421824423 -106.5399996717862 1.5
vertex 195.2326472717622 -106.5399996717862 1.5
endloop
endfacet
facet normal 0 0 1
outer loop
vertex 216.63749783539976 -106.72654391845268 1.5
vertex 195.2326472717622 -106.5399996717862 1.5
vertex 195.00534244954184 -106.72654391845268 1.5
endloop
endfacet
facet normal 0 0 1
outer loop
vertex 193.11132692822932 -106.5399996717862 1.5
vertex 192.92478268154383 -106.31269484952176 1.5
vertex 132.77714008770818 -106.31269484952176 1.5
endloop
endfacet
facet normal 0 0 1
outer loop
vertex 193.11132692822932 -106.5399996717862 1.5
vertex 132.77714008770818 -106.31269484952176 1.5
vertex 132.7811077396145 -106.5399996717862 1.5
endloop
endfacet
facet normal 0 0 1
outer loop
vertex 216.64727421824423 -106.5399996717862 1.5
vertex 216.65918677520895 -106.31269484952176 1.5
vertex 195.41919151846483 -106.31269484952176 1.5
endloop
endfacet
facet normal 0 0 1
outer loop
vertex 216.64727421824423 -106.5399996717862 1.5
vertex 195.41919151846483 -106.31269484952176 1.5
vertex 195.2326472717622 -106.5399996717862 1.5
endloop
endfacet
facet normal 0 0 1
outer loop
vertex 192.92478268154383 -106.31269484952176 1.5
vertex 192.78616780122653 -106.05336464853217 1.5
vertex 132.77261342630226 -106.05336464853217 1.5
endloop
endfacet
facet normal 0 0 1
outer loop
vertex 192.92478268154383 -106.31269484952176 1.5
vertex 132.77261342630226 -106.05336464853217 1.5
vertex 132.77714008770818 -106.31269484952176 1.5
endloop
endfacet
facet normal 0 0 1
outer loop
vertex 216.65918677520895 -106.31269484952176 1.5
vertex 216.67277771340895 -106.05336464853217 1.5
vertex 195.55780639877415 -106.05336464853217 1.5
endloop
endfacet
facet normal 0 0 1
outer loop
vertex 216.65918677520895 -106.31269484952176 1.5
vertex 195.55780639877415 -106.05336464853217 1.5
vertex 195.41919151846483 -106.31269484952176 1.5
endloop
endfacet
facet normal 0 0 1
outer loop
vertex 192.78616780122653 -106.05336464853217 1.5
vertex 192.70080917939856 -105.77197498303288 1.5
vertex 132.76770171245644 -105.77197498303288 1.5
endloop
endfacet
facet normal 0 0 1
outer loop
vertex 192.78616780122653 -106.05336464853217 1.5
vertex 132.76770171245644 -105.77197498303288 1.5
vertex 132.77261342630226 -106.05336464853217 1.5
endloop
endfacet
facet normal 0 0 1
outer loop
vertex 216.67277771340895 -106.05336464853217 1.5
vertex 216.68752474070976 -105.77197498303288 1.5
vertex 195.64316502060242 -105.77197498303288 1.5
endloop
endfacet
facet normal 0 0 1
outer loop
vertex 216.67277771340895 -106.05336464853217 1.5
vertex 195.64316502060242 -105.77197498303288 1.5
vertex 195.55780639877415 -106.05336464853217 1.5
endloop
endfacet
facet normal 0 0 1
outer loop
vertex 192.70080917939856 -105.77197498303288 1.5
vertex 192.67198710000028 -105.47933949998352 1.5
vertex 132.7625937005779 -105.47933949998352 1.5
endloop
endfacet
facet normal 0 0 1
outer loop
vertex 192.70080917939856 -105.77197498303288 1.5
vertex 132.7625937005779 -105.47933949998352 1.5
vertex 132.76770171245644 -105.77197498303288 1.5
endloop
endfacet
facet normal 0 0 1
outer loop
vertex 216.68752474070976 -105.77197498303288 1.5
vertex 216.70286113712666 -105.47933949998352 1.5
vertex 195.67198710000005 -105.47933949998352 1.5
endloop
endfacet
facet normal 0 0 1
outer loop
vertex 216.68752474070976 -105.77197498303288 1.5
vertex 195.67198710000005 -105.47933949998352 1.5
vertex 195.64316502060242 -105.77197498303288 1.5
endloop
endfacet
facet normal 0 0 1
outer loop
vertex 192.67198710000028 -105.47933949998352 1.5
vertex 192.7008091793932 -105.1867040169933 1.5
vertex 132.7574856887004 -105.1867040169933 1.5
endloop
endfacet
facet normal 0 0 1
outer loop
vertex 192.67198710000028 -105.47933949998352 1.5
vertex 132.7574856887004 -105.1867040169933 1.5
vertex 132.7625937005779 -105.47933949998352 1.5
endloop
endfacet
facet normal 0 0 1
outer loop
vertex 216.70286113712666 -105.47933949998352 1.5
vertex 216.71819753354046 -105.1867040169933 1.5
vertex 195.64316502060825 -105.1867040169933 1.5
endloop
endfacet
facet normal 0 0 1
outer loop
vertex 216.70286113712666 -105.47933949998352 1.5
vertex 195.64316502060825 -105.1867040169933 1.5
vertex 195.67198710000005 -105.47933949998352 1.5
endloop
endfacet
facet normal 0 0 1
outer loop
vertex 192.7008091793932 -105.1867040169933 1.5
vertex 192.78616780123443 -104.90531435145735 1.5
vertex 132.75257397485393 -104.90531435145735 1.5
endloop
endfacet
facet normal 0 0 1
outer loop
vertex 192.7008091793932 -105.1867040169933 1.5
vertex 132.75257397485393 -104.90531435145735 1.5
vertex 132.7574856887004 -105.1867040169933 1.5
endloop
endfacet
facet normal 0 0 1
outer loop
vertex 216.71819753354046 -105.1867040169933 1.5
vertex 216.7329445608432 -104.90531435145735 1.5
vertex 195.55780639876653 -104.90531435145735 1.5
endloop
endfacet
facet normal 0 0 1
outer loop
vertex 216.71819753354046 -105.1867040169933 1.5
vertex 195.55780639876653 -104.90531435145735 1.5
vertex 195.64316502060825 -105.1867040169933 1.5
endloop
endfacet
facet normal 0 0 1
outer loop
vertex 192.78616780123443 -104.90531435145735 1.5
vertex 192.9247826815474 -104.64598415045415 1.5
vertex 132.74804731344778 -104.64598415045415 1.5
endloop
endfacet
facet normal 0 0 1
outer loop
vertex 192.78616780123443 -104.90531435145735 1.5
vertex 132.74804731344778 -104.64598415045415 1.5
vertex 132.75257397485393 -104.90531435145735 1.5
endloop
endfacet
facet normal 0 0 1
outer loop
vertex 216.7329445608432 -104.90531435145735 1.5
vertex 216.74653549904392 -104.64598415045415 1.5
vertex 195.41919151844195 -104.64598415045415 1.5
endloop
endfacet
facet normal 0 0 1
outer loop
vertex 216.7329445608432 -104.90531435145735 1.5
vertex 195.41919151844195 -104.64598415045415 1.5
vertex 195.55780639876653 -104.90531435145735 1.5
endloop
endfacet
facet normal 0 0 1
outer loop
vertex 192.9247826815474 -104.64598415045415 1.5
vertex 193.11132692822375 -104.41867932822088 1.5
vertex 132.744079661542 -104.41867932822088 1.5
endloop
endfacet
facet normal 0 0 1
outer loop
vertex 192.9247826815474 -104.64598415045415 1.5
vertex 132.744079661542 -104.41867932822088 1.5
vertex 132.74804731344778 -104.64598415045415 1.5
endloop
endfacet
facet normal 0 0 1
outer loop
vertex 216.74653549904392 -104.64598415045415 1.5
vertex 216.758448056007 -104.41867932822088 1.5
vertex 195.23264727178204 -104.41867932822088 1.5
endloop
endfacet
facet normal 0 0 1
outer loop
vertex 216.74653549904392 -104.64598415045415 1.5
vertex 195.23264727178204 -104.41867932822088 1.5
vertex 195.41919151844195 -104.64598415045415 1.5
endloop
endfacet
facet normal 0 0 1
outer loop
vertex 193.11132692822375 -104.41867932822088 1.5
vertex 193.33863175045732 -104.23213508154561 1.5
vertex 132.74082349377326 -104.23213508154561 1.5
endloop
endfacet
facet normal 0 0 1
outer loop
vertex 193.11132692822375 -104.41867932822088 1.5
vertex 132.74082349377326 -104.23213508154561 1.5
vertex 132.744079661542 -104.41867932822088 1.5
endloop
endfacet
facet normal 0 0 1
outer loop
vertex 216.758448056007 -104.41867932822088 1.5
vertex 216.76822443885195 -104.23213508154561 1.5
vertex 195.00534244953008 -104.23213508154561 1.5
endloop
endfacet
facet normal 0 0 1
outer loop
vertex 216.758448056007 -104.41867932822088 1.5
vertex 195.00534244953008 -104.23213508154561 1.5
vertex 195.23264727178204 -104.41867932822088 1.5
endloop
endfacet
facet normal 0 0 1
outer loop
vertex 193.33863175045732 -104.23213508154561 1.5
vertex 193.5979619514612 -104.09352020123559 1.5
vertex 132.73840394284326 -104.09352020123559 1.5
endloop
endfacet
facet normal 0 0 1
outer loop
vertex 193.33863175045732 -104.23213508154561 1.5
vertex 132.73840394284326 -104.09352020123559 1.5
vertex 132.74082349377326 -104.23213508154561 1.5
endloop
endfacet
facet normal 0 0 1
outer loop
vertex 216.76822443885195 -104.23213508154561 1.5
vertex 216.77548894666748 -104.09352020123559 1.5
vertex 194.7460122485541 -104.09352020123559 1.5
endloop
endfacet
facet normal 0 0 1
outer loop
vertex 216.76822443885195 -104.23213508154561 1.5
vertex 194.7460122485541 -104.09352020123559 1.5
vertex 195.00534244953008 -104.23213508154561 1.5
endloop
endfacet
facet normal 0 0 1
outer loop
vertex 193.5979619514612 -104.09352020123559 1.5
vertex 193.8793516169714 -104.00816157939298 1.5
vertex 132.7369139907371 -104.00816157939298 1.5
endloop
endfacet
facet normal 0 0 1
outer loop
vertex 193.5979619514612 -104.09352020123559 1.5
vertex 132.7369139907371 -104.00816157939298 1.5
vertex 132.73840394284326 -104.09352020123559 1.5
endloop
endfacet
facet normal 0 0 1
outer loop
vertex 216.77548894666748 -104.09352020123559 1.5
vertex 216.77996240849288 -104.00816157939298 1.5
vertex 194.46462258301514 -104.00816157939298 1.5
endloop
endfacet
facet normal 0 0 1
outer loop
vertex 216.77548894666748 -104.09352020123559 1.5
vertex 194.46462258301514 -104.00816157939298 1.5
vertex 194.7460122485541 -104.09352020123559 1.5
endloop
endfacet
facet normal 0 0 1
outer loop
vertex 193.8793516169714 -104.00816157939298 1.5
vertex 194.17198710000912 -103.97933949999961 1.5
vertex 132.73641089547888 -103.97933949999961 1.5
endloop
endfacet
facet normal 0 0 1
outer loop
vertex 193.8793516169714 -104.00816157939298 1.5
vertex 132.73641089547888 -103.97933949999961 1.5
vertex 132.7369139907371 -104.00816157939298 1.5
endloop
endfacet
facet normal 0 0 1
outer loop
vertex 216.77996240849288 -104.00816157939298 1.5
vertex 216.7814729116982 -103.97933949999961 1.5
vertex 194.17198710000912 -103.97933949999961 1.5
endloop
endfacet
facet normal 0 0 1
outer loop
vertex 216.77996240849288 -104.00816157939298 1.5
vertex 194.17198710000912 -103.97933949999961 1.5
vertex 194.46462258301514 -104.00816157939298 1.5
endloop
endfacet
facet normal 0 0 1
outer loop
vertex 194.17198710000912 -103.97933949999961 1.5
vertex 216.7814729116982 -103.97933949999961 1.5
vertex 216.7858225038057 -103.89634444999963 1.5
endloop
endfacet
facet normal 0 0 1
outer loop
vertex 194.17198710000912 -103.97933949999961 1.5
vertex 216.7858225038057 -103.89634444999963 1.5
vertex 132.73496219999998 -103.89634444999963 1.5
endloop
endfacet
facet normal 0 0 1
outer loop
vertex 194.17198710000912 -103.97933949999961 1.5
vertex 132.73496219999998 -103.89634444999963 1.5
vertex 132.73641089547888 -103.97933949999961 1.5
endloop
endfacet
facet normal 0 0 1
outer loop
vertex 216.7858225038057 -103.89634444999963 1.5
vertex 216.80184499585505 -103.59061750000022 1.5
vertex 161.0705710000107 -103.59061750000022 1.5
endloop
endfacet
facet normal 0 0 1
outer loop
vertex 216.7858225038057 -103.89634444999963 1.5
vertex 161.0705710000107 -103.59061750000022 1.5
vertex 132.70454656040164 -103.59061750000022 1.5
endloop
endfacet
facet normal 0 0 1
outer loop
vertex 216.7858225038057 -103.89634444999963 1.5
vertex 132.70454656040164 -103.59061750000022 1.5
vertex 132.73496219999998 -103.89634444999963 1.5
endloop
endfacet
facet normal 0 0 1
outer loop
vertex 161.0705710000107 -103.59061750000022 1.5
vertex 160.87604176026196 -103.57145804218337 1.5
vertex 132.70264045705073 -103.57145804218337 1.5
endloop
endfacet
facet normal 0 0 1
outer loop
vertex 161.0705710000107 -103.59061750000022 1.5
vertex 132.70264045705073 -103.57145804218337 1.5
vertex 132.70454656040164 -103.59061750000022 1.5
endloop
endfacet
facet normal 0 0 1
outer loop
vertex 160.87604176026196 -103.57145804218337 1.5
vertex 160.77793551697914 -103.56179542060434 1.5
vertex 132.70004320763027 -103.56179542060434 1.5
endloop
endfacet
facet normal 0 0 1
outer loop
vertex 160.87604176026196 -103.57145804218337 1.5
vertex 132.70004320763027 -103.56179542060434 1.5
vertex 132.70264045705073 -103.57145804218337 1.5
endloop
endfacet
facet normal 0 0 1
outer loop
vertex 216.80184499585505 -103.59061750000022 1.5
vertex 216.8033554990605 -103.56179542060434 1.5
vertex 161.3632064830423 -103.56179542060434 1.5
endloop
endfacet
facet normal 0 0 1
outer loop
vertex 216.80184499585505 -103.59061750000022 1.5
vertex 161.3632064830423 -103.56179542060434 1.5
vertex 161.0705710000107 -103.59061750000022 1.5
endloop
endfacet
facet normal 0 0 1
outer loop
vertex 160.77793551697914 -103.56179542060434 1.5
vertex 160.4965458514494 -103.47643679876452 1.5
vertex 132.67709936891194 -103.47643679876452 1.5
endloop
endfacet
facet normal 0 0 1
outer loop
vertex 160.77793551697914 -103.56179542060434 1.5
vertex 132.67709936891194 -103.47643679876452 1.5
vertex 132.70004320763027 -103.56179542060434 1.5
endloop
endfacet
facet normal 0 0 1
outer loop
vertex 216.8033554990605 -103.56179542060434 1.5
vertex 216.80782896088576 -103.47643679876452 1.5
vertex 161.64459614854815 -103.47643679876452 1.5
endloop
endfacet
facet normal 0 0 1
outer loop
vertex 216.8033554990605 -103.56179542060434 1.5
vertex 161.64459614854815 -103.47643679876452 1.5
vertex 161.3632064830423 -103.56179542060434 1.5
endloop
endfacet
facet normal 0 0 1
outer loop
vertex 160.4965458514494 -103.47643679876452 1.5
vertex 160.23721565047478 -103.33782191845523 1.5
vertex 132.63984059657906 -103.33782191845523 1.5
endloop
endfacet
facet normal 0 0 1
outer loop
vertex 160.4965458514494 -103.47643679876452 1.5
vertex 132.63984059657906 -103.33782191845523 1.5
vertex 132.67709936891194 -103.47643679876452 1.5
endloop
endfacet
facet normal 0 0 1
outer loop
vertex 216.80782896088576 -103.47643679876452 1.5
vertex 216.81509346870124 -103.33782191845523 1.5
vertex 161.90392634953108 -103.33782191845523 1.5
endloop
endfacet
facet normal 0 0 1
outer loop
vertex 216.80782896088576 -103.47643679876452 1.5
vertex 161.90392634953108 -103.33782191845523 1.5
vertex 161.64459614854815 -103.47643679876452 1.5
endloop
endfacet
facet normal 0 0 1
outer loop
vertex 160.23721565047478 -103.33782191845523 1.5
vertex 160.13770950983732 -103.25615933927686 1.5
vertex 132.6178902299306 -103.25615933927686 1.5
endloop
endfacet
facet normal 0 0 1
outer loop
vertex 160.23721565047478 -103.33782191845523 1.5
vertex 132.6178902299306 -103.25615933927686 1.5
vertex 132.63984059657906 -103.33782191845523 1.5
endloop
endfacet
facet normal 0 0 1
outer loop
vertex 160.13770950983732 -103.25615933927686 1.5
vertex 160.0099108282205 -103.15127767177809 1.5
vertex 132.57029438007677 -103.15127767177809 1.5
endloop
endfacet
facet normal 0 0 1
outer loop
vertex 160.13770950983732 -103.25615933927686 1.5
vertex 132.57029438007677 -103.15127767177809 1.5
vertex 132.6178902299306 -103.25615933927686 1.5
endloop
endfacet
facet normal 0 0 1
outer loop
vertex 216.81509346870124 -103.33782191845523 1.5
vertex 216.82486985154628 -103.15127767177809 1.5
vertex 162.1312311717771 -103.15127767177809 1.5
endloop
endfacet
facet normal 0 0 1
outer loop
vertex 216.81509346870124 -103.33782191845523 1.5
vertex 162.1312311717771 -103.15127767177809 1.5
vertex 161.90392634953108 -103.33782191845523 1.5
endloop
endfacet
facet normal 0 0 1
outer loop
vertex 160.0099108282205 -103.15127767177809 1.5
vertex 159.85199011537125 -102.95885072640789 1.5
vertex 132.48297002475246 -102.95885072640789 1.5
endloop
endfacet
facet normal 0 0 1
outer loop
vertex 160.0099108282205 -103.15127767177809 1.5
vertex 132.48297002475246 -102.95885072640789 1.5
vertex 132.57029438007677 -103.15127767177809 1.5
endloop
endfacet
facet normal 0 0 1
outer loop
vertex 159.85199011537125 -102.95885072640789 1.5
vertex 159.82336658154415 -102.92397284952476 1.5
vertex 132.4596455831837 -102.92397284952476 1.5
endloop
endfacet
facet normal 0 0 1
outer loop
vertex 159.85199011537125 -102.95885072640789 1.5
vertex 132.4596455831837 -102.92397284952476 1.5
vertex 132.48297002475246 -102.95885072640789 1.5
endloop
endfacet
facet normal 0 0 1
outer loop
vertex 216.82486985154628 -103.15127767177809 1.5
vertex 216.8367824085104 -102.92397284952476 1.5
vertex 162.3177754184574 -102.92397284952476 1.5
endloop
endfacet
facet normal 0 0 1
outer loop
vertex 216.82486985154628 -103.15127767177809 1.5
vertex 162.3177754184574 -102.92397284952476 1.5
vertex 162.1312311717771 -103.15127767177809 1.5
endloop
endfacet
facet normal 0 0 1
outer loop
vertex 159.82336658154415 -102.92397284952476 1.5
vertex 159.6969452487185 -102.68745517136495 1.5
vertex 132.30147532578215 -102.68745517136495 1.5
endloop
endfacet
facet normal 0 0 1
outer loop
vertex 159.82336658154415 -102.92397284952476 1.5
vertex 132.30147532578215 -102.68745517136495 1.5
vertex 132.4596455831837 -102.92397284952476 1.5
endloop
endfacet
facet normal 0 0 1
outer loop
vertex 159.6969452487185 -102.68745517136495 1.5
vertex 159.68475170123122 -102.66464264854338 1.5
vertex 132.28010073721848 -102.66464264854338 1.5
endloop
endfacet
facet normal 0 0 1
outer loop
vertex 159.6969452487185 -102.68745517136495 1.5
vertex 132.28010073721848 -102.66464264854338 1.5
vertex 132.30147532578215 -102.68745517136495 1.5
endloop
endfacet
facet normal 0 0 1
outer loop
vertex 216.8367824085104 -102.92397284952476 1.5
vertex 216.85037334670997 -102.66464264854338 1.5
vertex 162.45639029876898 -102.66464264854338 1.5
endloop
endfacet
facet normal 0 0 1
outer loop
vertex 216.8367824085104 -102.92397284952476 1.5
vertex 162.45639029876898 -102.66464264854338 1.5
vertex 162.3177754184574 -102.92397284952476 1.5
endloop
endfacet
facet normal 0 0 1
outer loop
vertex 159.68475170123122 -102.66464264854338 1.5
vertex 159.61939943101254 -102.44920508568127 1.5
vertex 132.07824277949254 -102.44920508568127 1.5
endloop
endfacet
facet normal 0 0 1
outer loop
vertex 159.68475170123122 -102.66464264854338 1.5
vertex 132.07824277949254 -102.44920508568127 1.5
vertex 132.28010073721848 -102.66464264854338 1.5
endloop
endfacet
facet normal 0 0 1
outer loop
vertex 159.61939943101254 -102.44920508568127 1.5
vertex 159.59939307939774 -102.38325298303457 1.5
vertex 131.9922929001793 -102.38325298303457 1.5
endloop
endfacet
facet normal 0 0 1
outer loop
vertex 159.61939943101254 -102.44920508568127 1.5
vertex 131.9922929001793 -102.38325298303457 1.5
vertex 132.07824277949254 -102.44920508568127 1.5
endloop
endfacet
facet normal 0 0 1
outer loop
vertex 216.85037334670997 -102.66464264854338 1.5
vertex 216.8651203740113 -102.38325298303457 1.5
vertex 162.5417489206027 -102.38325298303457 1.5
endloop
endfacet
facet normal 0 0 1
outer loop
vertex 216.85037334670997 -102.66464264854338 1.5
vertex 162.5417489206027 -102.38325298303457 1.5
vertex 162.45639029876898 -102.66464264854338 1.5
endloop
endfacet
facet normal 0 0 1
outer loop
vertex 159.59939307939774 -102.38325298303457 1.5
vertex 159.58631308668254 -102.25044958832851 1.5
vertex 131.8192213029246 -102.25044958832851 1.5
endloop
endfacet
facet normal 0 0 1
outer loop
vertex 159.59939307939774 -102.38325298303457 1.5
vertex 131.8192213029246 -102.25044958832851 1.5
vertex 131.9922929001793 -102.38325298303457 1.5
endloop
endfacet
facet normal 0 0 1
outer loop
vertex 159.58631308668254 -102.25044958832851 1.5
vertex 159.57114892867054 -102.0964853082478 1.5
vertex 131.5313135511869 -102.0964853082478 1.5
endloop
endfacet
facet normal 0 0 1
outer loop
vertex 159.58631308668254 -102.25044958832851 1.5
vertex 131.5313135511869 -102.0964853082478 1.5
vertex 131.8192213029246 -102.25044958832851 1.5
endloop
endfacet
facet normal 0 0 1
outer loop
vertex 159.57114892867054 -102.0964853082478 1.5
vertex 159.57057100000026 -102.09061749998668 1.5
vertex 131.51405015626725 -102.09061749998668 1.5
endloop
endfacet
facet normal 0 0 1
outer loop
vertex 159.57114892867054 -102.0964853082478 1.5
vertex 131.51405015626725 -102.09061749998668 1.5
vertex 131.5313135511869 -102.0964853082478 1.5
endloop
endfacet
facet normal 0 0 1
outer loop
vertex 216.8651203740113 -102.38325298303457 1.5
vertex 216.88045677042814 -102.09061749998668 1.5
vertex 162.5705710000001 -102.09061749998668 1.5
endloop
endfacet
facet normal 0 0 1
outer loop
vertex 216.8651203740113 -102.38325298303457 1.5
vertex 162.5705710000001 -102.09061749998668 1.5
vertex 162.5417489206027 -102.38325298303457 1.5
endloop
endfacet
facet normal 0 0 1
outer loop
vertex 159.57057100000026 -102.09061749998668 1.5
vertex 159.5803415703292 -101.99141523465269 1.5
vertex 131.22219196881827 -101.99141523465269 1.5
endloop
endfacet
facet normal 0 0 1
outer loop
vertex 159.57057100000026 -102.09061749998668 1.5
vertex 131.22219196881827 -101.99141523465269 1.5
vertex 131.51405015626725 -102.09061749998668 1.5
endloop
endfacet
facet normal 0 0 1
outer loop
vertex 91.74013986684594 -111.56722217448346 1.5
vertex 92.04967359999978 -111.51542385000005 1.5
vertex 130.25142439999973 -101.99064890000005 1.5
endloop
endfacet
facet normal 0 0 1
outer loop
vertex 91.74013986684594 -111.56722217448346 1.5
vertex 130.25142439999973 -101.99064890000005 1.5
vertex 87.61365461510499 -101.99064890000005 1.5
endloop
endfacet
facet normal 0 0 1
outer loop
vertex 91.74013986684594 -111.56722217448346 1.5
vertex 87.61365461510499 -101.99064890000005 1.5
vertex 89.62523720000002 -110.05866770000007 1.5
endloop
endfacet
facet normal 0 0 1
outer loop
vertex 91.74013986684594 -111.56722217448346 1.5
vertex 89.62523720000002 -110.05866770000007 1.5
vertex 89.72481396928379 -110.35628432717326 1.5
endloop
endfacet
facet normal 0 0 1
outer loop
vertex 91.74013986684594 -111.56722217448346 1.5
vertex 89.72481396928379 -110.35628432717326 1.5
vertex 89.8697266444523 -110.63466269370907 1.5
endloop
endfacet
facet normal 0 0 1
outer loop
vertex 91.74013986684594 -111.56722217448346 1.5
vertex 89.8697266444523 -110.63466269370907 1.5
vertex 90.05640336106151 -110.88694428609271 1.5
endloop
endfacet
facet normal 0 0 1
outer loop
vertex 91.74013986684594 -111.56722217448346 1.5
vertex 90.05640336106151 -110.88694428609271 1.5
vertex 90.28024747572178 -111.1069170360222 1.5
endloop
endfacet
facet normal 0 0 1
outer loop
vertex 91.74013986684594 -111.56722217448346 1.5
vertex 90.28024747572178 -111.1069170360222 1.5
vertex 90.53574715177443 -111.28916443358032 1.5
endloop
endfacet
facet normal 0 0 1
outer loop
vertex 91.74013986684594 -111.56722217448346 1.5
vertex 90.53574715177443 -111.28916443358032 1.5
vertex 90.81661108027419 -111.42919890093444 1.5
endloop
endfacet
facet normal 0 0 1
outer loop
vertex 91.74013986684594 -111.56722217448346 1.5
vertex 90.81661108027419 -111.42919890093444 1.5
vertex 91.1159233943487 -111.52357229243295 1.5
endloop
endfacet
facet normal 0 0 1
outer loop
vertex 91.74013986684594 -111.56722217448346 1.5
vertex 91.1159233943487 -111.52357229243295 1.5
vertex 91.42631396238794 -111.56996080018975 1.5
endloop
endfacet
facet normal 0 0 1
outer loop
vertex 159.5803415703292 -101.99141523465269 1.5
vertex 159.58559863349416 -101.9380393765998 1.5
vertex 130.90009432705662 -101.9380393765998 1.5
endloop
endfacet
facet normal 0 0 1
outer loop
vertex 159.5803415703292 -101.99141523465269 1.5
vertex 130.90009432705662 -101.9380393765998 1.5
vertex 131.22219196881827 -101.99141523465269 1.5
endloop
endfacet
facet normal 0 0 1
outer loop
vertex 130.25142439999973 -101.99064890000005 1.5
vertex 130.57360419573465 -101.93778014563632 1.5
vertex 87.60047295698055 -101.93778014563632 1.5
endloop
endfacet
facet normal 0 0 1
outer loop
vertex 130.25142439999973 -101.99064890000005 1.5
vertex 87.60047295698055 -101.93778014563632 1.5
vertex 87.61365461510499 -101.99064890000005 1.5
endloop
endfacet
facet normal 0 0 1
outer loop
vertex 159.58559863349416 -101.9380393765998 1.5
vertex 159.58562416551553 -101.93778014563632 1.5
vertex 130.57360419573465 -101.93778014563632 1.5
endloop
endfacet
facet normal 0 0 1
outer loop
vertex 159.58559863349416 -101.9380393765998 1.5
vertex 130.57360419573465 -101.93778014563632 1.5
vertex 130.90009432705662 -101.9380393765998 1.5
endloop
endfacet
facet normal 0 0 1
outer loop
vertex 130.57360419573465 -101.93778014563632 1.5
vertex 159.58562416551553 -101.93778014563632 1.5
vertex 159.5993930793933 -101.79798201697791 1.5
endloop
endfacet
facet normal 0 0 1
outer loop
vertex 130.57360419573465 -101.93778014563632 1.5
vertex 159.5993930793933 -101.79798201697791 1.5
vertex 87.56561737620152 -101.79798201697791 1.5
endloop
endfacet
facet normal 0 0 1
outer loop
vertex 130.57360419573465 -101.93778014563632 1.5
vertex 87.56561737620152 -101.79798201697791 1.5
vertex 87.60047295698055 -101.93778014563632 1.5
endloop
endfacet
facet normal 0 0 1
outer loop
vertex 216.88045677042814 -102.09061749998668 1.5
vertex 216.89579316684288 -101.79798201697791 1.5
vertex 162.54174892060644 -101.79798201697791 1.5
endloop
endfacet
facet normal 0 0 1
outer loop
vertex 216.88045677042814 -102.09061749998668 1.5
vertex 162.54174892060644 -101.79798201697791 1.5
vertex 162.5705710000001 -102.09061749998668 1.5
endloop
endfacet
facet normal 0 0 1
outer loop
vertex 159.5993930793933 -101.79798201697791 1.5
vertex 159.68475170123446 -101.51659235146299 1.5
vertex 87.49545906785458 -101.51659235146299 1.5
endloop
endfacet
facet normal 0 0 1
outer loop
vertex 159.5993930793933 -101.79798201697791 1.5
vertex 87.49545906785458 -101.51659235146299 1.5
vertex 87.56561737620152 -101.79798201697791 1.5
endloop
endfacet
facet normal 0 0 1
outer loop
vertex 216.89579316684288 -101.79798201697791 1.5
vertex 216.91054019414452 -101.51659235146299 1.5
vertex 162.4563902987711 -101.51659235146299 1.5
endloop
endfacet
facet normal 0 0 1
outer loop
vertex 216.89579316684288 -101.79798201697791 1.5
vertex 162.4563902987711 -101.51659235146299 1.5
vertex 162.54174892060644 -101.79798201697791 1.5
endloop
endfacet
facet normal 0 0 1
outer loop
vertex 159.68475170123446 -101.51659235146299 1.5
vertex 159.8233665815467 -101.2572621504753 1.5
vertex 87.43080080056792 -101.2572621504753 1.5
endloop
endfacet
facet normal 0 0 1
outer loop
vertex 159.68475170123446 -101.51659235146299 1.5
vertex 87.43080080056792 -101.2572621504753 1.5
vertex 87.49545906785458 -101.51659235146299 1.5
endloop
endfacet
facet normal 0 0 1
outer loop
vertex 216.91054019414452 -101.51659235146299 1.5
vertex 216.9241311323444 -101.2572621504753 1.5
vertex 162.31777541845483 -101.2572621504753 1.5
endloop
endfacet
facet normal 0 0 1
outer loop
vertex 216.91054019414452 -101.51659235146299 1.5
vertex 162.31777541845483 -101.2572621504753 1.5
vertex 162.4563902987711 -101.51659235146299 1.5
endloop
endfacet
facet normal 0 0 1
outer loop
vertex 159.8233665815467 -101.2572621504753 1.5
vertex 160.00991082822145 -101.02995732819744 1.5
vertex 87.37412735529077 -101.02995732819744 1.5
endloop
endfacet
facet normal 0 0 1
outer loop
vertex 159.8233665815467 -101.2572621504753 1.5
vertex 87.37412735529077 -101.02995732819744 1.5
vertex 87.43080080056792 -101.2572621504753 1.5
endloop
endfacet
facet normal 0 0 1
outer loop
vertex 216.9241311323444 -101.2572621504753 1.5
vertex 216.93604368930983 -101.02995732819744 1.5
vertex 162.13123117175834 -101.02995732819744 1.5
endloop
endfacet
facet normal 0 0 1
outer loop
vertex 216.9241311323444 -101.2572621504753 1.5
vertex 162.13123117175834 -101.02995732819744 1.5
vertex 162.31777541845483 -101.2572621504753 1.5
endloop
endfacet
facet normal 0 0 1
outer loop
vertex 160.00991082822145 -101.02995732819744 1.5
vertex 160.2372156504641 -100.84341308155392 1.5
vertex 87.32761666076185 -100.84341308155392 1.5
endloop
endfacet
facet normal 0 0 1
outer loop
vertex 160.00991082822145 -101.02995732819744 1.5
vertex 87.32761666076185 -100.84341308155392 1.5
vertex 87.37412735529077 -101.02995732819744 1.5
endloop
endfacet
facet normal 0 0 1
outer loop
vertex 216.93604368930983 -101.02995732819744 1.5
vertex 216.94582007215308 -100.84341308155392 1.5
vertex 161.90392634954503 -100.84341308155392 1.5
endloop
endfacet
facet normal 0 0 1
outer loop
vertex 216.93604368930983 -101.02995732819744 1.5
vertex 161.90392634954503 -100.84341308155392 1.5
vertex 162.13123117175834 -101.02995732819744 1.5
endloop
endfacet
facet normal 0 0 1
outer loop
vertex 160.2372156504641 -100.84341308155392 1.5
vertex 160.49654585145854 -100.70479820123498 1.5
vertex 87.29305609686519 -100.70479820123498 1.5
endloop
endfacet
facet normal 0 0 1
outer loop
vertex 160.2372156504641 -100.84341308155392 1.5
vertex 87.29305609686519 -100.70479820123498 1.5
vertex 87.32761666076185 -100.84341308155392 1.5
endloop
endfacet
facet normal 0 0 1
outer loop
vertex 216.94582007215308 -100.84341308155392 1.5
vertex 216.9530845799691 -100.70479820123498 1.5
vertex 161.64459614855235 -100.70479820123498 1.5
endloop
endfacet
facet normal 0 0 1
outer loop
vertex 216.94582007215308 -100.84341308155392 1.5
vertex 161.64459614855235 -100.70479820123498 1.5
vertex 161.90392634954503 -100.84341308155392 1.5
endloop
endfacet
facet normal 0 0 1
outer loop
vertex 160.49654585145854 -100.70479820123498 1.5
vertex 160.7779355169697 -100.6194395793933 1.5
vertex 87.27177380669906 -100.6194395793933 1.5
endloop
endfacet
facet normal 0 0 1
outer loop
vertex 160.49654585145854 -100.70479820123498 1.5
vertex 87.27177380669906 -100.6194395793933 1.5
vertex 87.29305609686519 -100.70479820123498 1.5
endloop
endfacet
facet normal 0 0 1
outer loop
vertex 216.9530845799691 -100.70479820123498 1.5
vertex 216.95755804179444 -100.6194395793933 1.5
vertex 161.36320648301648 -100.6194395793933 1.5
endloop
endfacet
facet normal 0 0 1
outer loop
vertex 216.9530845799691 -100.70479820123498 1.5
vertex 161.36320648301648 -100.6194395793933 1.5
vertex 161.64459614855235 -100.70479820123498 1.5
endloop
endfacet
facet normal 0 0 1
outer loop
vertex 160.7779355169697 -100.6194395793933 1.5
vertex 161.07057100001023 -100.59061749999991 1.5
vertex 87.26458765674013 -100.59061749999991 1.5
endloop
endfacet
facet normal 0 0 1
outer loop
vertex 160.7779355169697 -100.6194395793933 1.5
vertex 87.26458765674013 -100.59061749999991 1.5
vertex 87.27177380669906 -100.6194395793933 1.5
endloop
endfacet
facet normal 0 0 1
outer loop
vertex 216.95755804179444 -100.6194395793933 1.5
vertex 216.95906854499978 -100.59061749999991 1.5
vertex 161.07057100001023 -100.59061749999991 1.5
endloop
endfacet
facet normal 0 0 1
outer loop
vertex 216.95755804179444 -100.6194395793933 1.5
vertex 161.07057100001023 -100.59061749999991 1.5
vertex 161.36320648301648 -100.6194395793933 1.5
endloop
endfacet
facet normal 0 0 1
outer loop
vertex 161.07057100001023 -100.59061749999991 1.5
vertex 216.95906854499978 -100.59061749999991 1.5
vertex 217.0928969732333 -98.0370224 1.5
endloop
endfacet
facet normal 0 0 1
outer loop
vertex 161.07057100001023 -100.59061749999991 1.5
vertex 217.0928969732333 -98.0370224 1.5
vertex 118.6773637000016 -98.0370224 1.5
endloop
endfacet
facet normal 0 0 1
outer loop
vertex 161.07057100001023 -100.59061749999991 1.5
vertex 118.6773637000016 -98.0370224 1.5
vertex 86.62790502629893 -98.0370224 1.5
endloop
endfacet
facet normal 0 0 1
outer loop
vertex 161.07057100001023 -100.59061749999991 1.5
vertex 86.62790502629893 -98.0370224 1.5
vertex 87.26458765674013 -100.59061749999991 1.5
endloop
endfacet
facet normal 0 0 1
outer loop
vertex 118.6773637000016 -98.0370224 1.5
vertex 118.38472821697262 -98.00820032060437 1.5
vertex 86.62071887633945 -98.00820032060437 1.5
endloop
endfacet
facet normal 0 0 1
outer loop
vertex 118.6773637000016 -98.0370224 1.5
vertex 86.62071887633945 -98.00820032060437 1.5
vertex 86.62790502629893 -98.0370224 1.5
endloop
endfacet
facet normal 0 0 1
outer loop
vertex 217.0928969732333 -98.0370224 1.5
vertex 217.09440747643873 -98.00820032060437 1.5
vertex 118.96999918303064 -98.00820032060437 1.5
endloop
endfacet
facet normal 0 0 1
outer loop
vertex 217.0928969732333 -98.0370224 1.5
vertex 118.96999918303064 -98.00820032060437 1.5
vertex 118.6773637000016 -98.0370224 1.5
endloop
endfacet
facet normal 0 0 1
outer loop
vertex 118.38472821697262 -98.00820032060437 1.5
vertex 118.10333855146217 -97.9228416987704 1.5
vertex 86.59943658617524 -97.9228416987704 1.5
endloop
endfacet
facet normal 0 0 1
outer loop
vertex 118.38472821697262 -98.00820032060437 1.5
vertex 86.59943658617524 -97.9228416987704 1.5
vertex 86.62071887633945 -98.00820032060437 1.5
endloop
endfacet
facet normal 0 0 1
outer loop
vertex 217.09440747643873 -98.00820032060437 1.5
vertex 217.09888093826368 -97.9228416987704 1.5
vertex 119.25138884853399 -97.9228416987704 1.5
endloop
endfacet
facet normal 0 0 1
outer loop
vertex 217.09440747643873 -98.00820032060437 1.5
vertex 119.25138884853399 -97.9228416987704 1.5
vertex 118.96999918303064 -98.00820032060437 1.5
endloop
endfacet
facet normal 0 0 1
outer loop
vertex 118.10333855146217 -97.9228416987704 1.5
vertex 117.84400835047246 -97.78422681845305 1.5
vertex 86.56487602227898 -97.78422681845305 1.5
endloop
endfacet
facet normal 0 0 1
outer loop
vertex 118.10333855146217 -97.9228416987704 1.5
vertex 86.56487602227898 -97.78422681845305 1.5
vertex 86.59943658617524 -97.9228416987704 1.5
endloop
endfacet
facet normal 0 0 1
outer loop
vertex 217.09888093826368 -97.9228416987704 1.5
vertex 217.1061454460796 -97.78422681845305 1.5
vertex 119.51071904953751 -97.78422681845305 1.5
endloop
endfacet
facet normal 0 0 1
outer loop
vertex 217.09888093826368 -97.9228416987704 1.5
vertex 119.51071904953751 -97.78422681845305 1.5
vertex 119.25138884853399 -97.9228416987704 1.5
endloop
endfacet
facet normal 0 0 1
outer loop
vertex 117.84400835047246 -97.78422681845305 1.5
vertex 117.61670352821976 -97.59768257177717 1.5
vertex 86.51836532774198 -97.59768257177717 1.5
endloop
endfacet
facet normal 0 0 1
outer loop
vertex 117.84400835047246 -97.78422681845305 1.5
vertex 86.51836532774198 -97.59768257177717 1.5
vertex 86.56487602227898 -97.78422681845305 1.5
endloop
endfacet
facet normal 0 0 1
outer loop
vertex 217.1061454460796 -97.78422681845305 1.5
vertex 217.11592182892457 -97.59768257177717 1.5
vertex 119.738023871783 -97.59768257177717 1.5
endloop
endfacet
facet normal 0 0 1
outer loop
vertex 217.1061454460796 -97.78422681845305 1.5
vertex 119.738023871783 -97.59768257177717 1.5
vertex 119.51071904953751 -97.78422681845305 1.5
endloop
endfacet
facet normal 0 0 1
outer loop
vertex 117.61670352821976 -97.59768257177717 1.5
vertex 117.43015928154406 -97.37037774952469 1.5
vertex 86.46169188247116 -97.37037774952469 1.5
endloop
endfacet
facet normal 0 0 1
outer loop
vertex 117.61670352821976 -97.59768257177717 1.5
vertex 86.46169188247116 -97.37037774952469 1.5
vertex 86.51836532774198 -97.59768257177717 1.5
endloop
endfacet
facet normal 0 0 1
outer loop
vertex 217.11592182892457 -97.59768257177717 1.5
vertex 217.12783438588866 -97.37037774952469 1.5
vertex 119.92456811845663 -97.37037774952469 1.5
endloop
endfacet
facet normal 0 0 1
outer loop
vertex 217.11592182892457 -97.59768257177717 1.5
vertex 119.92456811845663 -97.37037774952469 1.5
vertex 119.738023871783 -97.59768257177717 1.5
endloop
endfacet
facet normal 0 0 1
outer loop
vertex 117.43015928154406 -97.37037774952469 1.5
vertex 117.29154440123399 -97.11104754854863 1.5
vertex 86.3970336151874 -97.11104754854863 1.5
endloop
endfacet
facet normal 0 0 1
outer loop
vertex 117.43015928154406 -97.37037774952469 1.5
vertex 86.3970336151874 -97.11104754854863 1.5
vertex 86.46169188247116 -97.37037774952469 1.5
endloop
endfacet
facet normal 0 0 1
outer loop
vertex 217.12783438588866 -97.37037774952469 1.5
vertex 217.14142532408795 -97.11104754854863 1.5
vertex 120.06318299876578 -97.11104754854863 1.5
endloop
endfacet
facet normal 0 0 1
outer loop
vertex 217.12783438588866 -97.37037774952469 1.5
vertex 120.06318299876578 -97.11104754854863 1.5
vertex 119.92456811845663 -97.37037774952469 1.5
endloop
endfacet
facet normal 0 0 1
outer loop
vertex 117.29154440123399 -97.11104754854863 1.5
vertex 117.20618577939439 -96.82965788301962 1.5
vertex 86.32687530683695 -96.82965788301962 1.5
endloop
endfacet
facet normal 0 0 1
outer loop
vertex 117.29154440123399 -97.11104754854863 1.5
vertex 86.32687530683695 -96.82965788301962 1.5
vertex 86.3970336151874 -97.11104754854863 1.5
endloop
endfacet
facet normal 0 0 1
outer loop
vertex 217.14142532408795 -97.11104754854863 1.5
vertex 217.15617235139032 -96.82965788301962 1.5
vertex 120.14854162060291 -96.82965788301962 1.5
endloop
endfacet
facet normal 0 0 1
outer loop
vertex 217.14142532408795 -97.11104754854863 1.5
vertex 120.14854162060291 -96.82965788301962 1.5
vertex 120.06318299876578 -97.11104754854863 1.5
endloop
endfacet
facet normal 0 0 1
outer loop
vertex 117.20618577939439 -96.82965788301962 1.5
vertex 117.17736369999993 -96.5370223999953 1.5
vertex 86.2539131018686 -96.5370223999953 1.5
endloop
endfacet
facet normal 0 0 1
outer loop
vertex 117.20618577939439 -96.82965788301962 1.5
vertex 86.2539131018686 -96.5370223999953 1.5
vertex 86.32687530683695 -96.82965788301962 1.5
endloop
endfacet
facet normal 0 0 1
outer loop
vertex 217.15617235139032 -96.82965788301962 1.5
vertex 217.17150874780592 -96.5370223999953 1.5
vertex 120.17736369999939 -96.5370223999953 1.5
endloop
endfacet
facet normal 0 0 1
outer loop
vertex 217.15617235139032 -96.82965788301962 1.5
vertex 120.17736369999939 -96.5370223999953 1.5
vertex 120.14854162060291 -96.82965788301962 1.5
endloop
endfacet
facet normal 0 0 1
outer loop
vertex 117.17736369999993 -96.5370223999953 1.5
vertex 117.20618577939507 -96.24438691697304 1.5
vertex 86.18095089690078 -96.24438691697304 1.5
endloop
endfacet
facet normal 0 0 1
outer loop
vertex 117.17736369999993 -96.5370223999953 1.5
vertex 86.18095089690078 -96.24438691697304 1.5
vertex 86.2539131018686 -96.5370223999953 1.5
endloop
endfacet
facet normal 0 0 1
outer loop
vertex 217.17150874780592 -96.5370223999953 1.5
vertex 217.1868451442214 -96.24438691697304 1.5
vertex 120.14854162060443 -96.24438691697304 1.5
endloop
endfacet
facet normal 0 0 1
outer loop
vertex 217.17150874780592 -96.5370223999953 1.5
vertex 120.14854162060443 -96.24438691697304 1.5
vertex 120.17736369999939 -96.5370223999953 1.5
endloop
endfacet
facet normal 0 0 1
outer loop
vertex 117.20618577939507 -96.24438691697304 1.5
vertex 117.29154440123423 -95.96299725145815 1.5
vertex 86.11079258855385 -95.96299725145815 1.5
endloop
endfacet
facet normal 0 0 1
outer loop
vertex 117.20618577939507 -96.24438691697304 1.5
vertex 86.11079258855385 -95.96299725145815 1.5
vertex 86.18095089690078 -96.24438691697304 1.5
endloop
endfacet
facet normal 0 0 1
outer loop
vertex 217.1868451442214 -96.24438691697304 1.5
vertex 217.20159217152303 -95.96299725145815 1.5
vertex 120.06318299876911 -95.96299725145815 1.5
endloop
endfacet
facet normal 0 0 1
outer loop
vertex 217.1868451442214 -96.24438691697304 1.5
vertex 120.06318299876911 -95.96299725145815 1.5
vertex 120.14854162060443 -96.24438691697304 1.5
endloop
endfacet
facet normal 0 0 1
outer loop
vertex 117.29154440123423 -95.96299725145815 1.5
vertex 117.43015928154864 -95.70366705046132 1.5
vertex 86.04613432126492 -95.70366705046132 1.5
endloop
endfacet
facet normal 0 0 1
outer loop
vertex 117.29154440123423 -95.96299725145815 1.5
vertex 86.04613432126492 -95.70366705046132 1.5
vertex 86.11079258855385 -95.96299725145815 1.5
endloop
endfacet
facet normal 0 0 1
outer loop
vertex 217.20159217152303 -95.96299725145815 1.5
vertex 217.2151831097234 -95.70366705046132 1.5
vertex 119.92456811844795 -95.70366705046132 1.5
endloop
endfacet
facet normal 0 0 1
outer loop
vertex 217.20159217152303 -95.96299725145815 1.5
vertex 119.92456811844795 -95.70366705046132 1.5
vertex 120.06318299876911 -95.96299725145815 1.5
endloop
endfacet
facet normal 0 0 1
outer loop
vertex 117.43015928154864 -95.70366705046132 1.5
vertex 117.61670352821729 -95.47636222822483 1.5
vertex 85.98946087599808 -95.47636222822483 1.5
endloop
endfacet
facet normal 0 0 1
outer loop
vertex 117.43015928154864 -95.70366705046132 1.5
vertex 85.98946087599808 -95.47636222822483 1.5
vertex 86.04613432126492 -95.70366705046132 1.5
endloop
endfacet
facet normal 0 0 1
outer loop
vertex 217.2151831097234 -95.70366705046132 1.5
vertex 217.22709566668664 -95.47636222822483 1.5
vertex 119.73802387178537 -95.47636222822483 1.5
endloop
endfacet
facet normal 0 0 1
outer loop
vertex 217.2151831097234 -95.70366705046132 1.5
vertex 119.73802387178537 -95.47636222822483 1.5
vertex 119.92456811844795 -95.70366705046132 1.5
endloop
endfacet
facet normal 0 0 1
outer loop
vertex 117.61670352821729 -95.47636222822483 1.5
vertex 117.84400835046932 -95.28981798155107 1.5
vertex 85.94295018146161 -95.28981798155107 1.5
endloop
endfacet
facet normal 0 0 1
outer loop
vertex 117.61670352821729 -95.47636222822483 1.5
vertex 85.94295018146161 -95.28981798155107 1.5
vertex 85.98946087599808 -95.47636222822483 1.5
endloop
endfacet
facet normal 0 0 1
outer loop
vertex 217.22709566668664 -95.47636222822483 1.5
vertex 217.2368720495315 -95.28981798155107 1.5
vertex 119.51071904953524 -95.28981798155107 1.5
endloop
endfacet
facet normal 0 0 1
outer loop
vertex 217.22709566668664 -95.47636222822483 1.5
vertex 119.51071904953524 -95.28981798155107 1.5
vertex 119.73802387178537 -95.47636222822483 1.5
endloop
endfacet
facet normal 0 0 1
outer loop
vertex 117.84400835046932 -95.28981798155107 1.5
vertex 118.10333855145741 -95.15120310123103 1.5
vertex 85.90838961756468 -95.15120310123103 1.5
endloop
endfacet
facet normal 0 0 1
outer loop
vertex 117.84400835046932 -95.28981798155107 1.5
vertex 85.90838961756468 -95.15120310123103 1.5
vertex 85.94295018146161 -95.28981798155107 1.5
endloop
endfacet
facet normal 0 0 1
outer loop
vertex 217.2368720495315 -95.28981798155107 1.5
vertex 217.24413655734756 -95.15120310123103 1.5
vertex 119.25138884854054 -95.15120310123103 1.5
endloop
endfacet
facet normal 0 0 1
outer loop
vertex 217.2368720495315 -95.28981798155107 1.5
vertex 119.25138884854054 -95.15120310123103 1.5
vertex 119.51071904953524 -95.28981798155107 1.5
endloop
endfacet
facet normal 0 0 1
outer loop
vertex 118.10333855145741 -95.15120310123103 1.5
vertex 118.38472821697198 -95.06584447939423 1.5
vertex 85.88710732739976 -95.06584447939423 1.5
endloop
endfacet
facet normal 0 0 1
outer loop
vertex 118.10333855145741 -95.15120310123103 1.5
vertex 85.88710732739976 -95.06584447939423 1.5
vertex 85.90838961756468 -95.15120310123103 1.5
endloop
endfacet
facet normal 0 0 1
outer loop
vertex 217.24413655734756 -95.15120310123103 1.5
vertex 217.24861001917267 -95.06584447939423 1.5
vertex 118.96999918302076 -95.06584447939423 1.5
endloop
endfacet
facet normal 0 0 1
outer loop
vertex 217.24413655734756 -95.15120310123103 1.5
vertex 118.96999918302076 -95.06584447939423 1.5
vertex 119.25138884854054 -95.15120310123103 1.5
endloop
endfacet
facet normal 0 0 1
outer loop
vertex 118.38472821697198 -95.06584447939423 1.5
vertex 118.67736370000387 -95.03702239999978 1.5
vertex 85.87992117744058 -95.03702239999978 1.5
endloop
endfacet
facet normal 0 0 1
outer loop
vertex 118.38472821697198 -95.06584447939423 1.5
vertex 85.87992117744058 -95.03702239999978 1.5
vertex 85.88710732739976 -95.06584447939423 1.5
endloop
endfacet
facet normal 0 0 1
outer loop
vertex 217.24861001917267 -95.06584447939423 1.5
vertex 217.25012052237804 -95.03702239999978 1.5
vertex 118.67736370000387 -95.03702239999978 1.5
endloop
endfacet
facet normal 0 0 1
outer loop
vertex 217.24861001917267 -95.06584447939423 1.5
vertex 118.67736370000387 -95.03702239999978 1.5
vertex 118.96999918302076 -95.06584447939423 1.5
endloop
endfacet
facet normal 0 0 1
outer loop
vertex 118.67736370000387 -95.03702239999978 1.5
vertex 217.25012052237804 -95.03702239999978 1.5
vertex 218.8935566004604 -63.678436100000475 1.5
endloop
endfacet
facet normal 0 0 1
outer loop
vertex 118.67736370000387 -95.03702239999978 1.5
vertex 218.8935566004604 -63.678436100000475 1.5
vertex 172.18442630000163 -63.678436100000475 1.5
endloop
endfacet
facet normal 0 0 1
outer loop
vertex 118.67736370000387 -95.03702239999978 1.5
vertex 172.18442630000163 -63.678436100000475 1.5
vertex 78.06134915229778 -63.678436100000475 1.5
endloop
endfacet
facet normal 0 0 1
outer loop
vertex 118.67736370000387 -95.03702239999978 1.5
vertex 78.06134915229778 -63.678436100000475 1.5
vertex 85.87992117744058 -95.03702239999978 1.5
endloop
endfacet
facet normal 0 0 1
outer loop
vertex 172.18442630000163 -63.678436100000475 1.5
vertex 171.8917908169751 -63.649614020605085 1.5
vertex 78.05416300233836 -63.649614020605085 1.5
endloop
endfacet
facet normal 0 0 1
outer loop
vertex 172.18442630000163 -63.678436100000475 1.5
vertex 78.05416300233836 -63.649614020605085 1.5
vertex 78.06134915229778 -63.678436100000475 1.5
endloop
endfacet
facet normal 0 0 1
outer loop
vertex 218.8935566004604 -63.678436100000475 1.5
vertex 218.89506710366584 -63.649614020605085 1.5
vertex 172.47706178302815 -63.649614020605085 1.5
endloop
endfacet
facet normal 0 0 1
outer loop
vertex 218.8935566004604 -63.678436100000475 1.5
vertex 172.47706178302815 -63.649614020605085 1.5
vertex 172.18442630000163 -63.678436100000475 1.5
endloop
endfacet
facet normal 0 0 1
outer loop
vertex 171.8917908169751 -63.649614020605085 1.5
vertex 171.6104011514464 -63.56425539876559 1.5
vertex 78.03288071217277 -63.56425539876559 1.5
endloop
endfacet
facet normal 0 0 1
outer loop
vertex 171.8917908169751 -63.649614020605085 1.5
vertex 78.03288071217277 -63.56425539876559 1.5
vertex 78.05416300233836 -63.649614020605085 1.5
endloop
endfacet
facet normal 0 0 1
outer loop
vertex 218.89506710366584 -63.649614020605085 1.5
vertex 218.8995405654911 -63.56425539876559 1.5
vertex 172.75845144854873 -63.56425539876559 1.5
endloop
endfacet
facet normal 0 0 1
outer loop
vertex 218.89506710366584 -63.649614020605085 1.5
vertex 172.75845144854873 -63.56425539876559 1.5
vertex 172.47706178302815 -63.649614020605085 1.5
endloop
endfacet
facet normal 0 0 1
outer loop
vertex 171.6104011514464 -63.56425539876559 1.5
vertex 171.35107095047857 -63.42564051845992 1.5
vertex 77.99832014827942 -63.42564051845992 1.5
endloop
endfacet
facet normal 0 0 1
outer loop
vertex 171.6104011514464 -63.56425539876559 1.5
vertex 77.99832014827942 -63.42564051845992 1.5
vertex 78.03288071217277 -63.56425539876559 1.5
endloop
endfacet
facet normal 0 0 1
outer loop
vertex 218.8995405654911 -63.56425539876559 1.5
vertex 218.9068050733064 -63.42564051845992 1.5
vertex 173.01778164951398 -63.42564051845992 1.5
endloop
endfacet
facet normal 0 0 1
outer loop
vertex 218.8995405654911 -63.56425539876559 1.5
vertex 173.01778164951398 -63.42564051845992 1.5
vertex 172.75845144854873 -63.56425539876559 1.5
endloop
endfacet
facet normal 0 0 1
outer loop
vertex 171.35107095047857 -63.42564051845992 1.5
vertex 171.12376612822663 -63.23909627178468 1.5
vertex 77.95180945374258 -63.23909627178468 1.5
endloop
endfacet
facet normal 0 0 1
outer loop
vertex 171.35107095047857 -63.42564051845992 1.5
vertex 77.95180945374258 -63.23909627178468 1.5
vertex 77.99832014827942 -63.42564051845992 1.5
endloop
endfacet
facet normal 0 0 1
outer loop
vertex 218.9068050733064 -63.42564051845992 1.5
vertex 218.91658145615133 -63.23909627178468 1.5
vertex 173.24508647178112 -63.23909627178468 1.5
endloop
endfacet
facet normal 0 0 1
outer loop
vertex 218.9068050733064 -63.42564051845992 1.5
vertex 173.24508647178112 -63.23909627178468 1.5
vertex 173.01778164951398 -63.42564051845992 1.5
endloop
endfacet
facet normal 0 0 1
outer loop
vertex 171.12376612822663 -63.23909627178468 1.5
vertex 170.93722188154726 -63.011791449527685 1.5
vertex 77.89513600847064 -63.011791449527685 1.5
endloop
endfacet
facet normal 0 0 1
outer loop
vertex 171.12376612822663 -63.23909627178468 1.5
vertex 77.89513600847064 -63.011791449527685 1.5
vertex 77.95180945374258 -63.23909627178468 1.5
endloop
endfacet
facet normal 0 0 1
outer loop
vertex 218.91658145615133 -63.23909627178468 1.5
vertex 218.92849401311565 -63.011791449527685 1.5
vertex 173.43163071845558 -63.011791449527685 1.5
endloop
endfacet
facet normal 0 0 1
outer loop
vertex 218.91658145615133 -63.23909627178468 1.5
vertex 173.43163071845558 -63.011791449527685 1.5
vertex 173.24508647178112 -63.23909627178468 1.5
endloop
endfacet
facet normal 0 0 1
outer loop
vertex 170.93722188154726 -63.011791449527685 1.5
vertex 170.7986070012294 -62.752461248537095 1.5
vertex 77.83047774118326 -62.752461248537095 1.5
endloop
endfacet
facet normal 0 0 1
outer loop
vertex 170.93722188154726 -63.011791449527685 1.5
vertex 77.83047774118326 -62.752461248537095 1.5
vertex 77.89513600847064 -63.011791449527685 1.5
endloop
endfacet
facet normal 0 0 1
outer loop
vertex 218.92849401311565 -63.011791449527685 1.5
vertex 218.9420849513157 -62.752461248537095 1.5
vertex 173.5702455987723 -62.752461248537095 1.5
endloop
endfacet
facet normal 0 0 1
outer loop
vertex 218.92849401311565 -63.011791449527685 1.5
vertex 173.5702455987723 -62.752461248537095 1.5
vertex 173.43163071845558 -63.011791449527685 1.5
endloop
endfacet
facet normal 0 0 1
outer loop
vertex 170.7986070012294 -62.752461248537095 1.5
vertex 170.7132483793967 -62.47107158303075 1.5
vertex 77.76031943283847 -62.47107158303075 1.5
endloop
endfacet
facet normal 0 0 1
outer loop
vertex 170.7986070012294 -62.752461248537095 1.5
vertex 77.76031943283847 -62.47107158303075 1.5
vertex 77.83047774118326 -62.752461248537095 1.5
endloop
endfacet
facet normal 0 0 1
outer loop
vertex 218.9420849513157 -62.752461248537095 1.5
vertex 218.9568319786169 -62.47107158303075 1.5
vertex 173.6556042206043 -62.47107158303075 1.5
endloop
endfacet
facet normal 0 0 1
outer loop
vertex 218.9420849513157 -62.752461248537095 1.5
vertex 173.6556042206043 -62.47107158303075 1.5
vertex 173.5702455987723 -62.752461248537095 1.5
endloop
endfacet
facet normal 0 0 1
outer loop
vertex 170.7132483793967 -62.47107158303075 1.5
vertex 170.6844263000003 -62.178436099994485 1.5
vertex 77.68735722786714 -62.178436099994485 1.5
endloop
endfacet
facet normal 0 0 1
outer loop
vertex 170.7132483793967 -62.47107158303075 1.5
vertex 77.68735722786714 -62.178436099994485 1.5
vertex 77.76031943283847 -62.47107158303075 1.5
endloop
endfacet
facet normal 0 0 1
outer loop
vertex 218.9568319786169 -62.47107158303075 1.5
vertex 218.9721683750331 -62.178436099994485 1.5
vertex 173.6844263000002 -62.178436099994485 1.5
endloop
endfacet
facet normal 0 0 1
outer loop
vertex 218.9568319786169 -62.47107158303075 1.5
vertex 173.6844263000002 -62.178436099994485 1.5
vertex 173.6556042206043 -62.47107158303075 1.5
endloop
endfacet
facet normal 0 0 1
outer loop
vertex 170.6844263000003 -62.178436099994485 1.5
vertex 170.71324837939463 -61.885800616981825 1.5
vertex 77.6143950229017 -61.885800616981825 1.5
endloop
endfacet
facet normal 0 0 1
outer loop
vertex 170.6844263000003 -62.178436099994485 1.5
vertex 77.6143950229017 -61.885800616981825 1.5
vertex 77.68735722786714 -62.178436099994485 1.5
endloop
endfacet
facet normal 0 0 1
outer loop
vertex 218.9721683750331 -62.178436099994485 1.5
vertex 218.98750477144807 -61.885800616981825 1.5
vertex 173.6556042206062 -61.885800616981825 1.5
endloop
endfacet
facet normal 0 0 1
outer loop
vertex 218.9721683750331 -62.178436099994485 1.5
vertex 173.6556042206062 -61.885800616981825 1.5
vertex 173.6844263000002 -62.178436099994485 1.5
endloop
endfacet
facet normal 0 0 1
outer loop
vertex 170.71324837939463 -61.885800616981825 1.5
vertex 170.79860700123362 -61.6044109514545 1.5
vertex 77.54423671455167 -61.6044109514545 1.5
endloop
endfacet
facet normal 0 0 1
outer loop
vertex 170.71324837939463 -61.885800616981825 1.5
vertex 77.54423671455167 -61.6044109514545 1.5
vertex 77.6143950229017 -61.885800616981825 1.5
endloop
endfacet
facet normal 0 0 1
outer loop
vertex 218.98750477144807 -61.885800616981825 1.5
vertex 219.00225179875036 -61.6044109514545 1.5
vertex 173.57024559876712 -61.6044109514545 1.5
endloop
endfacet
facet normal 0 0 1
outer loop
vertex 218.98750477144807 -61.885800616981825 1.5
vertex 173.57024559876712 -61.6044109514545 1.5
vertex 173.6556042206062 -61.885800616981825 1.5
endloop
endfacet
facet normal 0 0 1
outer loop
vertex 170.79860700123362 -61.6044109514545 1.5
vertex 170.9372218815467 -61.34508075046291 1.5
vertex 77.47957844726405 -61.34508075046291 1.5
endloop
endfacet
facet normal 0 0 1
outer loop
vertex 170.79860700123362 -61.6044109514545 1.5
vertex 77.47957844726405 -61.34508075046291 1.5
vertex 77.54423671455167 -61.6044109514545 1.5
endloop
endfacet
facet normal 0 0 1
outer loop
vertex 219.00225179875036 -61.6044109514545 1.5
vertex 219.01584273695048 -61.34508075046291 1.5
vertex 173.43163071844876 -61.34508075046291 1.5
endloop
endfacet
facet normal 0 0 1
outer loop
vertex 219.00225179875036 -61.6044109514545 1.5
vertex 173.43163071844876 -61.34508075046291 1.5
vertex 173.57024559876712 -61.6044109514545 1.5
endloop
endfacet
facet normal 0 0 1
outer loop
vertex 170.9372218815467 -61.34508075046291 1.5
vertex 171.1237661282178 -61.11777592823768 1.5
vertex 77.42290500200002 -61.11777592823768 1.5
endloop
endfacet
facet normal 0 0 1
outer loop
vertex 170.9372218815467 -61.34508075046291 1.5
vertex 77.42290500200002 -61.11777592823768 1.5
vertex 77.47957844726405 -61.34508075046291 1.5
endloop
endfacet
facet normal 0 0 1
outer loop
vertex 219.01584273695048 -61.34508075046291 1.5
vertex 219.02775529391312 -61.11777592823768 1.5
vertex 173.24508647179545 -61.11777592823768 1.5
endloop
endfacet
facet normal 0 0 1
outer loop
vertex 219.01584273695048 -61.34508075046291 1.5
vertex 173.24508647179545 -61.11777592823768 1.5
vertex 173.43163071844876 -61.34508075046291 1.5
endloop
endfacet
facet normal 0 0 1
outer loop
vertex 171.1237661282178 -61.11777592823768 1.5
vertex 171.35107095046934 -60.93123168153531 1.5
vertex 77.37639430745642 -60.93123168153531 1.5
endloop
endfacet
facet normal 0 0 1
outer loop
vertex 171.1237661282178 -61.11777592823768 1.5
vertex 77.37639430745642 -60.93123168153531 1.5
vertex 77.42290500200002 -61.11777592823768 1.5
endloop
endfacet
facet normal 0 0 1
outer loop
vertex 219.02775529391312 -61.11777592823768 1.5
vertex 219.0375316767595 -60.93123168153531 1.5
vertex 173.01778164951045 -60.93123168153531 1.5
endloop
endfacet
facet normal 0 0 1
outer loop
vertex 219.02775529391312 -61.11777592823768 1.5
vertex 173.01778164951045 -60.93123168153531 1.5
vertex 173.24508647179545 -61.11777592823768 1.5
endloop
endfacet
facet normal 0 0 1
outer loop
vertex 171.35107095046934 -60.93123168153531 1.5
vertex 171.61040115145573 -60.7926168012351 1.5
vertex 77.34183374356442 -60.7926168012351 1.5
endloop
endfacet
facet normal 0 0 1
outer loop
vertex 171.35107095046934 -60.93123168153531 1.5
vertex 77.34183374356442 -60.7926168012351 1.5
vertex 77.37639430745642 -60.93123168153531 1.5
endloop
endfacet
facet normal 0 0 1
outer loop
vertex 219.0375316767595 -60.93123168153531 1.5
vertex 219.04479618457452 -60.7926168012351 1.5
vertex 172.75845144855282 -60.7926168012351 1.5
endloop
endfacet
facet normal 0 0 1
outer loop
vertex 219.0375316767595 -60.93123168153531 1.5
vertex 172.75845144855282 -60.7926168012351 1.5
vertex 173.01778164951045 -60.93123168153531 1.5
endloop
endfacet
facet normal 0 0 1
outer loop
vertex 171.61040115145573 -60.7926168012351 1.5
vertex 171.8917908169715 -60.707258179395424 1.5
vertex 77.32055145339879 -60.707258179395424 1.5
endloop
endfacet
facet normal 0 0 1
outer loop
vertex 171.61040115145573 -60.7926168012351 1.5
vertex 77.32055145339879 -60.707258179395424 1.5
vertex 77.34183374356442 -60.7926168012351 1.5
endloop
endfacet
facet normal 0 0 1
outer loop
vertex 219.04479618457452 -60.7926168012351 1.5
vertex 219.04926964639975 -60.707258179395424 1.5
vertex 172.47706178302357 -60.707258179395424 1.5
endloop
endfacet
facet normal 0 0 1
outer loop
vertex 219.04479618457452 -60.7926168012351 1.5
vertex 172.47706178302357 -60.707258179395424 1.5
vertex 172.75845144855282 -60.7926168012351 1.5
endloop
endfacet
facet normal 0 0 1
outer loop
vertex 171.8917908169715 -60.707258179395424 1.5
vertex 172.18442630000177 -60.6784361000005 1.5
vertex 77.3133653034395 -60.6784361000005 1.5
endloop
endfacet
facet normal 0 0 1
outer loop
vertex 171.8917908169715 -60.707258179395424 1.5
vertex 77.3133653034395 -60.6784361000005 1.5
vertex 77.32055145339879 -60.707258179395424 1.5
endloop
endfacet
facet normal 0 0 1
outer loop
vertex 219.04926964639975 -60.707258179395424 1.5
vertex 219.05078014960515 -60.6784361000005 1.5
vertex 172.18442630000177 -60.6784361000005 1.5
endloop
endfacet
facet normal 0 0 1
outer loop
vertex 219.04926964639975 -60.707258179395424 1.5
vertex 172.18442630000177 -60.6784361000005 1.5
vertex 172.47706178302357 -60.707258179395424 1.5
endloop
endfacet
facet normal 0 0 1
outer loop
vertex 172.18442630000177 -60.6784361000005 1.5
vertex 219.05078014960515 -60.6784361000005 1.5
vertex 219.0530857281377 -60.6344431 1.5
endloop
endfacet
facet normal 0 0 1
outer loop
vertex 172.18442630000177 -60.6784361000005 1.5
vertex 219.0530857281377 -60.6344431 1.5
vertex 102.69374270000161 -60.6344431 1.5
endloop
endfacet
facet normal 0 0 1
outer loop
vertex 172.18442630000177 -60.6784361000005 1.5
vertex 102.69374270000161 -60.6344431 1.5
vertex 77.30239661895176 -60.6344431 1.5
endloop
endfacet
facet normal 0 0 1
outer loop
vertex 172.18442630000177 -60.6784361000005 1.5
vertex 77.30239661895176 -60.6344431 1.5
vertex 77.3133653034395 -60.6784361000005 1.5
endloop
endfacet
facet normal 0 0 1
outer loop
vertex 102.69374270000161 -60.6344431 1.5
vertex 102.40110721697589 -60.605621020604694 1.5
vertex 77.29521046899237 -60.605621020604694 1.5
endloop
endfacet
facet normal 0 0 1
outer loop
vertex 102.69374270000161 -60.6344431 1.5
vertex 77.29521046899237 -60.605621020604694 1.5
vertex 77.30239661895176 -60.6344431 1.5
endloop
endfacet
facet normal 0 0 1
outer loop
vertex 219.0530857281377 -60.6344431 1.5
vertex 219.0545962313431 -60.605621020604694 1.5
vertex 102.9863781830273 -60.605621020604694 1.5
endloop
endfacet
facet normal 0 0 1
outer loop
vertex 219.0530857281377 -60.6344431 1.5
vertex 102.9863781830273 -60.605621020604694 1.5
vertex 102.69374270000161 -60.6344431 1.5
endloop
endfacet
facet normal 0 0 1
outer loop
vertex 102.40110721697589 -60.605621020604694 1.5
vertex 102.11971755146145 -60.52026239876594 1.5
vertex 77.27392817882696 -60.52026239876594 1.5
endloop
endfacet
facet normal 0 0 1
outer loop
vertex 102.40110721697589 -60.605621020604694 1.5
vertex 77.27392817882696 -60.52026239876594 1.5
vertex 77.29521046899237 -60.605621020604694 1.5
endloop
endfacet
facet normal 0 0 1
outer loop
vertex 219.0545962313431 -60.605621020604694 1.5
vertex 219.0590696931683 -60.52026239876594 1.5
vertex 103.26776784854887 -60.52026239876594 1.5
endloop
endfacet
facet normal 0 0 1
outer loop
vertex 219.0545962313431 -60.605621020604694 1.5
vertex 103.26776784854887 -60.52026239876594 1.5
vertex 102.9863781830273 -60.605621020604694 1.5
endloop
endfacet
facet normal 0 0 1
outer loop
vertex 102.11971755146145 -60.52026239876594 1.5
vertex 101.86038735047195 -60.38164751845227 1.5
vertex 77.23936761493161 -60.38164751845227 1.5
endloop
endfacet
facet normal 0 0 1
outer loop
vertex 102.11971755146145 -60.52026239876594 1.5
vertex 77.23936761493161 -60.38164751845227 1.5
vertex 77.27392817882696 -60.52026239876594 1.5
endloop
endfacet
facet normal 0 0 1
outer loop
vertex 219.0590696931683 -60.52026239876594 1.5
vertex 219.06633420098404 -60.38164751845227 1.5
vertex 103.52709804953291 -60.38164751845227 1.5
endloop
endfacet
facet normal 0 0 1
outer loop
vertex 219.0590696931683 -60.52026239876594 1.5
vertex 103.52709804953291 -60.38164751845227 1.5
vertex 103.26776784854887 -60.52026239876594 1.5
endloop
endfacet
facet normal 0 0 1
outer loop
vertex 101.86038735047195 -60.38164751845227 1.5
vertex 101.63308252820738 -60.19510327176667 1.5
vertex 77.19285692039219 -60.19510327176667 1.5
endloop
endfacet
facet normal 0 0 1
outer loop
vertex 101.86038735047195 -60.38164751845227 1.5
vertex 77.19285692039219 -60.19510327176667 1.5
vertex 77.23936761493161 -60.38164751845227 1.5
endloop
endfacet
facet normal 0 0 1
outer loop
vertex 219.06633420098404 -60.38164751845227 1.5
vertex 219.07611058382952 -60.19510327176667 1.5
vertex 103.75440287179241 -60.19510327176667 1.5
endloop
endfacet
facet normal 0 0 1
outer loop
vertex 219.06633420098404 -60.38164751845227 1.5
vertex 103.75440287179241 -60.19510327176667 1.5
vertex 103.52709804953291 -60.38164751845227 1.5
endloop
endfacet
facet normal 0 0 1
outer loop
vertex 101.63308252820738 -60.19510327176667 1.5
vertex 101.44653828154917 -59.96779844953548 1.5
vertex 77.13618347512667 -59.96779844953548 1.5
endloop
endfacet
facet normal 0 0 1
outer loop
vertex 101.63308252820738 -60.19510327176667 1.5
vertex 77.13618347512667 -59.96779844953548 1.5
vertex 77.19285692039219 -60.19510327176667 1.5
endloop
endfacet
facet normal 0 0 1
outer loop
vertex 219.07611058382952 -60.19510327176667 1.5
vertex 219.08802314079247 -59.96779844953548 1.5
vertex 103.9409471184445 -59.96779844953548 1.5
endloop
endfacet
facet normal 0 0 1
outer loop
vertex 219.07611058382952 -60.19510327176667 1.5
vertex 103.9409471184445 -59.96779844953548 1.5
vertex 103.75440287179241 -60.19510327176667 1.5
endloop
endfacet
facet normal 0 0 1
outer loop
vertex 101.44653828154917 -59.96779844953548 1.5
vertex 101.30792340123249 -59.70846824854704 1.5
vertex 77.07152520783983 -59.70846824854704 1.5
endloop
endfacet
facet normal 0 0 1
outer loop
vertex 101.44653828154917 -59.96779844953548 1.5
vertex 77.07152520783983 -59.70846824854704 1.5
vertex 77.13618347512667 -59.96779844953548 1.5
endloop
endfacet
facet normal 0 0 1
outer loop
vertex 219.08802314079247 -59.96779844953548 1.5
vertex 219.1016140789924 -59.70846824854704 1.5
vertex 104.07956199876827 -59.70846824854704 1.5
endloop
endfacet
facet normal 0 0 1
outer loop
vertex 219.08802314079247 -59.96779844953548 1.5
vertex 104.07956199876827 -59.70846824854704 1.5
vertex 103.9409471184445 -59.96779844953548 1.5
endloop
endfacet
facet normal 0 0 1
outer loop
vertex 101.30792340123249 -59.70846824854704 1.5
vertex 101.22256477939419 -59.42707858302235 1.5
vertex 77.00136689949046 -59.42707858302235 1.5
endloop
endfacet
facet normal 0 0 1
outer loop
vertex 101.30792340123249 -59.70846824854704 1.5
vertex 77.00136689949046 -59.42707858302235 1.5
vertex 77.07152520783983 -59.70846824854704 1.5
endloop
endfacet
facet normal 0 0 1
outer loop
vertex 219.1016140789924 -59.70846824854704 1.5
vertex 219.11636110629456 -59.42707858302235 1.5
vertex 104.16492062060509 -59.42707858302235 1.5
endloop
endfacet
facet normal 0 0 1
outer loop
vertex 219.1016140789924 -59.70846824854704 1.5
vertex 104.16492062060509 -59.42707858302235 1.5
vertex 104.07956199876827 -59.70846824854704 1.5
endloop
endfacet
facet normal 0 0 1
outer loop
vertex 101.22256477939419 -59.42707858302235 1.5
vertex 101.19374269999959 -59.1344431000003 1.5
vertex 76.92840469452268 -59.1344431000003 1.5
endloop
endfacet
facet normal 0 0 1
outer loop
vertex 101.22256477939419 -59.42707858302235 1.5
vertex 76.92840469452268 -59.1344431000003 1.5
vertex 77.00136689949046 -59.42707858302235 1.5
endloop
endfacet
facet normal 0 0 1
outer loop
vertex 219.11636110629456 -59.42707858302235 1.5
vertex 219.13169750271004 -59.1344431000003 1.5
vertex 104.1937427000002 -59.1344431000003 1.5
endloop
endfacet
facet normal 0 0 1
outer loop
vertex 219.11636110629456 -59.42707858302235 1.5
vertex 104.1937427000002 -59.1344431000003 1.5
vertex 104.16492062060509 -59.42707858302235 1.5
endloop
endfacet
facet normal 0 0 1
outer loop
vertex 101.19374269999959 -59.1344431000003 1.5
vertex 101.22256477939503 -58.841807616978485 1.5
vertex 76.85544248955496 -58.841807616978485 1.5
endloop
endfacet
facet normal 0 0 1
outer loop
vertex 101.19374269999959 -59.1344431000003 1.5
vertex 76.85544248955496 -58.841807616978485 1.5
vertex 76.92840469452268 -59.1344431000003 1.5
endloop
endfacet
facet normal 0 0 1
outer loop
vertex 219.13169750271004 -59.1344431000003 1.5
vertex 219.1470338991255 -58.841807616978485 1.5
vertex 104.16492062060527 -58.841807616978485 1.5
endloop
endfacet
facet normal 0 0 1
outer loop
vertex 219.13169750271004 -59.1344431000003 1.5
vertex 104.16492062060527 -58.841807616978485 1.5
vertex 104.1937427000002 -59.1344431000003 1.5
endloop
endfacet
facet normal 0 0 1
outer loop
vertex 101.22256477939503 -58.841807616978485 1.5
vertex 101.30792340123335 -58.56041795145077 1.5
vertex 76.78528418120484 -58.56041795145077 1.5
endloop
endfacet
facet normal 0 0 1
outer loop
vertex 101.22256477939503 -58.841807616978485 1.5
vertex 76.78528418120484 -58.56041795145077 1.5
vertex 76.85544248955496 -58.841807616978485 1.5
endloop
endfacet
facet normal 0 0 1
outer loop
vertex 219.1470338991255 -58.841807616978485 1.5
vertex 219.1617809264278 -58.56041795145077 1.5
vertex 104.07956199876607 -58.56041795145077 1.5
endloop
endfacet
facet normal 0 0 1
outer loop
vertex 219.1470338991255 -58.841807616978485 1.5
vertex 104.07956199876607 -58.56041795145077 1.5
vertex 104.16492062060527 -58.841807616978485 1.5
endloop
endfacet
facet normal 0 0 1
outer loop
vertex 101.30792340123335 -58.56041795145077 1.5
vertex 101.44653828154624 -58.30108775047099 1.5
vertex 76.72062591392016 -58.30108775047099 1.5
endloop
endfacet
facet normal 0 0 1
outer loop
vertex 101.30792340123335 -58.56041795145077 1.5
vertex 76.72062591392016 -58.30108775047099 1.5
vertex 76.78528418120484 -58.56041795145077 1.5
endloop
endfacet
facet normal 0 0 1
outer loop
vertex 219.1617809264278 -58.56041795145077 1.5
vertex 219.1753718646273 -58.30108775047099 1.5
vertex 103.94094711845402 -58.30108775047099 1.5
endloop
endfacet
facet normal 0 0 1
outer loop
vertex 219.1617809264278 -58.56041795145077 1.5
vertex 103.94094711845402 -58.30108775047099 1.5
vertex 104.07956199876607 -58.56041795145077 1.5
endloop
endfacet
facet normal 0 0 1
outer loop
vertex 101.44653828154624 -58.30108775047099 1.5
vertex 101.6330825282212 -58.07378292822327 1.5
vertex 76.66395246865052 -58.07378292822327 1.5
endloop
endfacet
facet normal 0 0 1
outer loop
vertex 101.44653828154624 -58.30108775047099 1.5
vertex 76.66395246865052 -58.07378292822327 1.5
vertex 76.72062591392016 -58.30108775047099 1.5
endloop
endfacet
facet normal 0 0 1
outer loop
vertex 219.1753718646273 -58.30108775047099 1.5
vertex 219.18728442159113 -58.07378292822327 1.5
vertex 103.75440287178223 -58.07378292822327 1.5
endloop
endfacet
facet normal 0 0 1
outer loop
vertex 219.1753718646273 -58.30108775047099 1.5
vertex 103.75440287178223 -58.07378292822327 1.5
vertex 103.94094711845402 -58.30108775047099 1.5
endloop
endfacet
facet normal 0 0 1
outer loop
vertex 101.6330825282212 -58.07378292822327 1.5
vertex 101.86038735046974 -57.88723868153755 1.5
vertex 76.61744177411107 -57.88723868153755 1.5
endloop
endfacet
facet normal 0 0 1
outer loop
vertex 101.6330825282212 -58.07378292822327 1.5
vertex 76.61744177411107 -57.88723868153755 1.5
vertex 76.66395246865052 -58.07378292822327 1.5
endloop
endfacet
facet normal 0 0 1
outer loop
vertex 219.18728442159113 -58.07378292822327 1.5
vertex 219.1970608044366 -57.88723868153755 1.5
vertex 103.52709804951755 -57.88723868153755 1.5
endloop
endfacet
facet normal 0 0 1
outer loop
vertex 219.18728442159113 -58.07378292822327 1.5
vertex 103.52709804951755 -57.88723868153755 1.5
vertex 103.75440287178223 -58.07378292822327 1.5
endloop
endfacet
facet normal 0 0 1
outer loop
vertex 101.86038735046974 -57.88723868153755 1.5
vertex 102.11971755145262 -57.74862380123557 1.5
vertex 76.58288121021863 -57.74862380123557 1.5
endloop
endfacet
facet normal 0 0 1
outer loop
vertex 101.86038735046974 -57.88723868153755 1.5
vertex 76.58288121021863 -57.74862380123557 1.5
vertex 76.61744177411107 -57.88723868153755 1.5
endloop
endfacet
facet normal 0 0 1
outer loop
vertex 219.1970608044366 -57.88723868153755 1.5
vertex 219.2043253122517 -57.74862380123557 1.5
vertex 103.26776784855659 -57.74862380123557 1.5
endloop
endfacet
facet normal 0 0 1
outer loop
vertex 219.1970608044366 -57.88723868153755 1.5
vertex 103.26776784855659 -57.74862380123557 1.5
vertex 103.52709804951755 -57.88723868153755 1.5
endloop
endfacet
facet normal 0 0 1
outer loop
vertex 102.11971755145262 -57.74862380123557 1.5
vertex 102.40110721697397 -57.66326517939487 1.5
vertex 76.56159892005275 -57.66326517939487 1.5
endloop
endfacet
facet normal 0 0 1
outer loop
vertex 102.11971755145262 -57.74862380123557 1.5
vertex 76.56159892005275 -57.66326517939487 1.5
vertex 76.58288121021863 -57.74862380123557 1.5
endloop
endfacet
facet normal 0 0 1
outer loop
vertex 219.2043253122517 -57.74862380123557 1.5
vertex 219.20879877407702 -57.66326517939487 1.5
vertex 102.98637818302396 -57.66326517939487 1.5
endloop
endfacet
facet normal 0 0 1
outer loop
vertex 219.2043253122517 -57.74862380123557 1.5
vertex 102.98637818302396 -57.66326517939487 1.5
vertex 103.26776784855659 -57.74862380123557 1.5
endloop
endfacet
facet normal 0 0 1
outer loop
vertex 102.40110721697397 -57.66326517939487 1.5
vertex 102.69374270000203 -57.63444309999994 1.5
vertex 76.55441277009345 -57.63444309999994 1.5
endloop
endfacet
facet normal 0 0 1
outer loop
vertex 102.40110721697397 -57.66326517939487 1.5
vertex 76.55441277009345 -57.63444309999994 1.5
vertex 76.56159892005275 -57.66326517939487 1.5
endloop
endfacet
facet normal 0 0 1
outer loop
vertex 219.20879877407702 -57.66326517939487 1.5
vertex 219.21030927728242 -57.63444309999994 1.5
vertex 102.69374270000203 -57.63444309999994 1.5
endloop
endfacet
facet normal 0 0 1
outer loop
vertex 219.20879877407702 -57.66326517939487 1.5
vertex 102.69374270000203 -57.63444309999994 1.5
vertex 102.98637818302396 -57.66326517939487 1.5
endloop
endfacet
facet normal 0 0 1
outer loop
vertex 102.69374270000203 -57.63444309999994 1.5
vertex 219.21030927728242 -57.63444309999994 1.5
vertex 219.6112173 -49.98467259999958 1.5
endloop
endfacet
facet normal 0 0 1
outer loop
vertex 102.69374270000203 -57.63444309999994 1.5
vertex 219.6112173 -49.98467259999958 1.5
vertex 219.60299981437765 -49.67094715343348 1.5
endloop
endfacet
facet normal 0 0 1
outer loop
vertex 102.69374270000203 -57.63444309999994 1.5
vertex 219.60299981437765 -49.67094715343348 1.5
vertex 219.54580901175552 -49.362365467981334 1.5
endloop
endfacet
facet normal 0 0 1
outer loop
vertex 102.69374270000203 -57.63444309999994 1.5
vertex 219.54580901175552 -49.362365467981334 1.5
vertex 219.44104947191957 -49.066529561921 1.5
endloop
endfacet
facet normal 0 0 1
outer loop
vertex 102.69374270000203 -57.63444309999994 1.5
vertex 219.44104947191957 -49.066529561921 1.5
vertex 219.29130072685066 -48.790723909601624 1.5
endloop
endfacet
facet normal 0 0 1
outer loop
vertex 102.69374270000203 -57.63444309999994 1.5
vertex 219.29130072685066 -48.790723909601624 1.5
vertex 219.10025009397657 -48.54173977320046 1.5
endloop
endfacet
facet normal 0 0 1
outer loop
vertex 102.69374270000203 -57.63444309999994 1.5
vertex 219.10025009397657 -48.54173977320046 1.5
vertex 218.9321069749121 -48.382176650000076 1.5
endloop
endfacet
facet normal 0 0 1
outer loop
vertex 102.69374270000203 -57.63444309999994 1.5
vertex 218.9321069749121 -48.382176650000076 1.5
vertex 99.31609764999979 -48.382176650000076 1.5
endloop
endfacet
facet normal 0 0 1
outer loop
vertex 102.69374270000203 -57.63444309999994 1.5
vertex 99.31609764999979 -48.382176650000076 1.5
vertex 77.65531969999974 -53.78281970000008 1.5
endloop
endfacet
facet normal 0 0 1
outer loop
vertex 102.69374270000203 -57.63444309999994 1.5
vertex 77.65531969999974 -53.78281970000008 1.5
vertex 77.3576966800077 -53.882397537874155 1.5
endloop
endfacet
facet normal 0 0 1
outer loop
vertex 102.69374270000203 -57.63444309999994 1.5
vertex 77.3576966800077 -53.882397537874155 1.5
vertex 77.07932084940454 -54.02731193940075 1.5
endloop
endfacet
facet normal 0 0 1
outer loop
vertex 102.69374270000203 -57.63444309999994 1.5
vertex 77.07932084940454 -54.02731193940075 1.5
vertex 76.82704189582321 -54.21398978065085 1.5
endloop
endfacet
facet normal 0 0 1
outer loop
vertex 102.69374270000203 -57.63444309999994 1.5
vertex 76.82704189582321 -54.21398978065085 1.5
vertex 76.6070717650983 -54.43783443308332 1.5
endloop
endfacet
facet normal 0 0 1
outer loop
vertex 102.69374270000203 -57.63444309999994 1.5
vertex 76.6070717650983 -54.43783443308332 1.5
vertex 76.42482685252465 -54.69333409780879 1.5
endloop
endfacet
facet normal 0 0 1
outer loop
vertex 102.69374270000203 -57.63444309999994 1.5
vertex 76.42482685252465 -54.69333409780879 1.5
vertex 76.28479463321435 -54.974197524386305 1.5
endloop
endfacet
facet normal 0 0 1
outer loop
vertex 102.69374270000203 -57.63444309999994 1.5
vertex 76.28479463321435 -54.974197524386305 1.5
vertex 76.19042316555301 -55.27350892230714 1.5
endloop
endfacet
facet normal 0 0 1
outer loop
vertex 102.69374270000203 -57.63444309999994 1.5
vertex 76.19042316555301 -55.27350892230714 1.5
vertex 76.14403618854907 -55.583898250728936 1.5
endloop
endfacet
facet normal 0 0 1
outer loop
vertex 102.69374270000203 -57.63444309999994 1.5
vertex 76.14403618854907 -55.583898250728936 1.5
vertex 76.14677590366024 -55.897722693363804 1.5
endloop
endfacet
facet normal 0 0 1
outer loop
vertex 102.69374270000203 -57.63444309999994 1.5
vertex 76.14677590366024 -55.897722693363804 1.5
vertex 76.19857485000004 -56.20725485000013 1.5
endloop
endfacet
facet normal 0 0 1
outer loop
vertex 102.69374270000203 -57.63444309999994 1.5
vertex 76.19857485000004 -56.20725485000013 1.5
vertex 76.55441277009345 -57.63444309999994 1.5
endloop
endfacet
facet normal 0 0 1
outer loop
vertex 218.9321069749121 -48.382176650000076 1.5
vertex 218.87260188202364 -48.3257079790224 1.5
vertex 218.80766284741122 -48.28107625268109 1.5
endloop
endfacet
facet normal 0 0 1
outer loop
vertex 218.9321069749121 -48.382176650000076 1.5
vertex 218.80766284741122 -48.28107625268109 1.5
vertex 99.61728385683175 -48.28107625268109 1.5
endloop
endfacet
facet normal 0 0 1
outer loop
vertex 218.9321069749121 -48.382176650000076 1.5
vertex 99.61728385683175 -48.28107625268109 1.5
vertex 99.31609764999979 -48.382176650000076 1.5
endloop
endfacet
facet normal 0 0 1
outer loop
vertex 218.80766284741122 -48.28107625268109 1.5
vertex 218.61396155512463 -48.14794795595034 1.5
vertex 218.5837944931243 -48.133558869369075 1.5
endloop
endfacet
facet normal 0 0 1
outer loop
vertex 218.80766284741122 -48.28107625268109 1.5
vertex 218.5837944931243 -48.133558869369075 1.5
vertex 99.89866090483741 -48.133558869369075 1.5
endloop
endfacet
facet normal 0 0 1
outer loop
vertex 218.80766284741122 -48.28107625268109 1.5
vertex 99.89866090483741 -48.133558869369075 1.5
vertex 99.61728385683175 -48.28107625268109 1.5
endloop
endfacet
facet normal 0 0 1
outer loop
vertex 218.5837944931243 -48.133558869369075 1.5
vertex 218.3306977074501 -48.01283675322585 1.5
vertex 218.09610692929897 -47.94334689550106 1.5
endloop
endfacet
facet normal 0 0 1
outer loop
vertex 218.5837944931243 -48.133558869369075 1.5
vertex 218.09610692929897 -47.94334689550106 1.5
vertex 100.15312863662481 -47.94334689550106 1.5
endloop
endfacet
facet normal 0 0 1
outer loop
vertex 218.5837944931243 -48.133558869369075 1.5
vertex 100.15312863662481 -47.94334689550106 1.5
vertex 99.89866090483741 -48.133558869369075 1.5
endloop
endfacet
facet normal 0 0 1
outer loop
vertex 218.09610692929897 -47.94334689550106 1.5
vertex 218.02978524701496 -47.92370126278563 1.5
vertex 217.71863365000002 -47.88273629999999 1.5
endloop
endfacet
facet normal 0 0 1
outer loop
vertex 218.09610692929897 -47.94334689550106 1.5
vertex 217.71863365000002 -47.88273629999999 1.5
vertex 214.52260812454577 -47.715240064964746 1.5
endloop
endfacet
facet normal 0 0 1
outer loop
vertex 218.09610692929897 -47.94334689550106 1.5
vertex 214.52260812454577 -47.715240064964746 1.5
vertex 100.3742659138673 -47.715240064964746 1.5
endloop
endfacet
facet normal 0 0 1
outer loop
vertex 218.09610692929897 -47.94334689550106 1.5
vertex 100.3742659138673 -47.715240064964746 1.5
vertex 100.15312863662481 -47.94334689550106 1.5
endloop
endfacet
facet normal 0 0 1
outer loop
vertex 214.52260812454577 -47.715240064964746 1.5
vertex 209.55681295866827 -47.45499433550597 1.5
vertex 100.55649264577653 -47.45499433550597 1.5
endloop
endfacet
facet normal 0 0 1
outer loop
vertex 214.52260812454577 -47.715240064964746 1.5
vertex 100.55649264577653 -47.45499433550597 1.5
vertex 100.3742659138673 -47.715240064964746 1.5
endloop
endfacet
facet normal 0 0 1
outer loop
vertex 209.55681295866827 -47.45499433550597 1.5
vertex 204.10307464768422 -47.16917664516463 1.5
vertex 100.69521059490911 -47.16917664516463 1.5
endloop
endfacet
facet normal 0 0 1
outer loop
vertex 209.55681295866827 -47.45499433550597 1.5
vertex 100.69521059490911 -47.16917664516463 1.5
vertex 100.55649264577653 -47.45499433550597 1.5
endloop
endfacet
facet normal 0 0 1
outer loop
vertex 204.10307464768422 -47.16917664516463 1.5
vertex 198.29901067197667 -46.86499920474931 1.5
vertex 100.78691940727771 -46.86499920474931 1.5
endloop
endfacet
facet normal 0 0 1
outer loop
vertex 204.10307464768422 -47.16917664516463 1.5
vertex 100.78691940727771 -46.86499920474931 1.5
vertex 100.69521059490911 -47.16917664516463 1.5
endloop
endfacet
facet normal 0 0 1
outer loop
vertex 198.29901067197667 -46.86499920474931 1.5
vertex 192.2910784915147 -46.55013750775725 1.5
vertex 100.82930493890095 -46.55013750775725 1.5
endloop
endfacet
facet normal 0 0 1
outer loop
vertex 198.29901067197667 -46.86499920474931 1.5
vertex 100.82930493890095 -46.55013750775725 1.5
vertex 100.78691940727771 -46.86499920474931 1.5
endloop
endfacet
facet normal 0 0 1
outer loop
vertex 192.2910784915147 -46.55013750775725 1.5
vertex 186.23081597414935 -46.23253329999998 1.5
vertex 100.8212953 -46.23253329999998 1.5
endloop
endfacet
facet normal 0 0 1
outer loop
vertex 192.2910784915147 -46.55013750775725 1.5
vertex 100.8212953 -46.23253329999998 1.5
vertex 100.82930493890095 -46.55013750775725 1.5
endloop
endfacet
facet normal 0 0 1
outer loop
vertex 186.23081597414935 -46.23253329999998 1.5
vertex 170.92484879999992 -45.430383299999995 1.5
vertex 100.73698745467915 -45.430383299999995 1.5
endloop
endfacet
facet normal 0 0 1
outer loop
vertex 186.23081597414935 -46.23253329999998 1.5
vertex 100.73698745467915 -45.430383299999995 1.5
vertex 100.8212953 -46.23253329999998 1.5
endloop
endfacet
facet normal 0 0 1
outer loop
vertex 170.92484879999992 -45.430383299999995 1.5
vertex 170.59853180342023 -45.38613203776166 1.5
vertex 100.73233654328847 -45.38613203776166 1.5
endloop
endfacet
facet normal 0 0 1
outer loop
vertex 170.92484879999992 -45.430383299999995 1.5
vertex 100.73233654328847 -45.38613203776166 1.5
vertex 100.73698745467915 -45.430383299999995 1.5
endloop
endfacet
facet normal 0 0 1
outer loop
vertex 170.59853180342023 -45.38613203776166 1.5
vertex 170.28390323930284 -45.288937359350854 1.5
vertex 100.72212115475331 -45.288937359350854 1.5
endloop
endfacet
facet normal 0 0 1
outer loop
vertex 170.59853180342023 -45.38613203776166 1.5
vertex 100.72212115475331 -45.288937359350854 1.5
vertex 100.73233654328847 -45.38613203776166 1.5
endloop
endfacet
facet normal 0 0 1
outer loop
vertex 170.28390323930284 -45.288937359350854 1.5
vertex 169.98948812589882 -45.141432512416735 1.5
vertex 100.70661804957423 -45.141432512416735 1.5
endloop
endfacet
facet normal 0 0 1
outer loop
vertex 170.28390323930284 -45.288937359350854 1.5
vertex 100.70661804957423 -45.141432512416735 1.5
vertex 100.72212115475331 -45.288937359350854 1.5
endloop
endfacet
facet normal 0 0 1
outer loop
vertex 169.98948812589882 -45.141432512416735 1.5
vertex 169.72326790522507 -44.94761627735278 1.5
vertex 100.68624750894412 -44.94761627735278 1.5
endloop
endfacet
facet normal 0 0 1
outer loop
vertex 169.98948812589882 -45.141432512416735 1.5
vertex 100.68624750894412 -44.94761627735278 1.5
vertex 100.70661804957423 -45.141432512416735 1.5
endloop
endfacet
facet normal 0 0 1
outer loop
vertex 169.72326790522507 -44.94761627735278 1.5
vertex 169.49245967028585 -44.71274291242173 1.5
vertex 100.6615617677229 -44.71274291242173 1.5
endloop
endfacet
facet normal 0 0 1
outer loop
vertex 169.72326790522507 -44.94761627735278 1.5
vertex 100.6615617677229 -44.71274291242173 1.5
vertex 100.68624750894412 -44.94761627735278 1.5
endloop
endfacet
facet normal 0 0 1
outer loop
vertex 169.49245967028585 -44.71274291242173 1.5
vertex 169.30332051339866 -44.4431797135204 1.5
vertex 100.63323004363492 -44.4431797135204 1.5
endloop
endfacet
facet normal 0 0 1
outer loop
vertex 169.49245967028585 -44.71274291242173 1.5
vertex 100.63323004363492 -44.4431797135204 1.5
vertex 100.6615617677229 -44.71274291242173 1.5
endloop
endfacet
facet normal 0 0 1
outer loop
vertex 169.30332051339866 -44.4431797135204 1.5
vertex 169.1609778996466 -44.14623440006986 1.5
vertex 100.60202039512137 -44.14623440006986 1.5
endloop
endfacet
facet normal 0 0 1
outer loop
vertex 169.30332051339866 -44.4431797135204 1.5
vertex 100.60202039512137 -44.14623440006986 1.5
vertex 100.63323004363492 -44.4431797135204 1.5
endloop
endfacet
facet normal 0 0 1
outer loop
vertex 169.1609778996466 -44.14623440006986 1.5
vertex 169.06929066394207 -43.82995700650753 1.5
vertex 100.56877889967173 -43.82995700650753 1.5
endloop
endfacet
facet normal 0 0 1
outer loop
vertex 169.1609778996466 -44.14623440006986 1.5
vertex 100.56877889967173 -43.82995700650753 1.5
vertex 100.60202039512137 -44.14623440006986 1.5
endloop
endfacet
facet normal 0 0 1
outer loop
vertex 169.06929066394207 -43.82995700650753 1.5
vertex 169.0307444 -43.50292165000037 1.5
vertex 100.53440671709882 -43.50292165000037 1.5
endloop
endfacet
facet normal 0 0 1
outer loop
vertex 169.06929066394207 -43.82995700650753 1.5
vertex 100.53440671709882 -43.50292165000037 1.5
vertex 100.56877889967173 -43.82995700650753 1.5
endloop
endfacet
facet normal 0 0 1
outer loop
vertex 169.0307444 -43.50292165000037 1.5
vertex 168.8809207292717 -39.21267944999999 1.5
vertex 121.16777380000009 -39.21267944999999 1.5
endloop
endfacet
facet normal 0 0 1
outer loop
vertex 169.0307444 -43.50292165000037 1.5
vertex 121.16777380000009 -39.21267944999999 1.5
vertex 102.30289340000004 -41.195453799999996 1.5
endloop
endfacet
facet normal 0 0 1
outer loop
vertex 169.0307444 -43.50292165000037 1.5
vertex 102.30289340000004 -41.195453799999996 1.5
vertex 101.96067488113984 -41.261973268535435 1.5
endloop
endfacet
facet normal 0 0 1
outer loop
vertex 169.0307444 -43.50292165000037 1.5
vertex 101.96067488113984 -41.261973268535435 1.5
vertex 101.63520837126353 -41.386909230256876 1.5
endloop
endfacet
facet normal 0 0 1
outer loop
vertex 169.0307444 -43.50292165000037 1.5
vertex 101.63520837126353 -41.386909230256876 1.5
vertex 101.336381262266 -41.56646368581474 1.5
endloop
endfacet
facet normal 0 0 1
outer loop
vertex 169.0307444 -43.50292165000037 1.5
vertex 101.336381262266 -41.56646368581474 1.5
vertex 101.0732732248726 -41.79518098783091 1.5
endloop
endfacet
facet normal 0 0 1
outer loop
vertex 169.0307444 -43.50292165000037 1.5
vertex 101.0732732248726 -41.79518098783091 1.5
vertex 100.85387862864607 -42.06611170725782 1.5
endloop
endfacet
facet normal 0 0 1
outer loop
vertex 169.0307444 -43.50292165000037 1.5
vertex 100.85387862864607 -42.06611170725782 1.5
vertex 100.68486363817688 -42.371023787338444 1.5
endloop
endfacet
facet normal 0 0 1
outer loop
vertex 169.0307444 -43.50292165000037 1.5
vertex 100.68486363817688 -42.371023787338444 1.5
vertex 100.57136366593201 -42.70065266939048 1.5
endloop
endfacet
facet normal 0 0 1
outer loop
vertex 169.0307444 -43.50292165000037 1.5
vertex 100.57136366593201 -42.70065266939048 1.5
vertex 100.5168273360298 -43.044982790500086 1.5
endloop
endfacet
facet normal 0 0 1
outer loop
vertex 169.0307444 -43.50292165000037 1.5
vertex 100.5168273360298 -43.044982790500086 1.5
vertex 100.5229117 -43.393551899999935 1.5
endloop
endfacet
facet normal 0 0 1
outer loop
vertex 169.0307444 -43.50292165000037 1.5
vertex 100.5229117 -43.393551899999935 1.5
vertex 100.53440671709882 -43.50292165000037 1.5
endloop
endfacet
facet normal 0 0 1
outer loop
vertex 168.8809207292717 -39.21267944999999 1.5
vertex 168.87867181183145 -39.1482810778369 1.5
vertex 121.5025298842747 -39.1482810778369 1.5
endloop
endfacet
facet normal 0 0 1
outer loop
vertex 168.8809207292717 -39.21267944999999 1.5
vertex 121.5025298842747 -39.1482810778369 1.5
vertex 121.16777380000009 -39.21267944999999 1.5
endloop
endfacet
facet normal 0 0 1
outer loop
vertex 168.87867181183145 -39.1482810778369 1.5
vertex 168.8745359 -39.02984810000015 1.5
vertex 168.8743050070645 -39.02796756181852 1.5
endloop
endfacet
facet normal 0 0 1
outer loop
vertex 168.87867181183145 -39.1482810778369 1.5
vertex 168.8743050070645 -39.02796756181852 1.5
vertex 121.82148669037758 -39.02796756181852 1.5
endloop
endfacet
facet normal 0 0 1
outer loop
vertex 168.87867181183145 -39.1482810778369 1.5
vertex 121.82148669037758 -39.02796756181852 1.5
vertex 121.5025298842747 -39.1482810778369 1.5
endloop
endfacet
facet normal 0 0 1
outer loop
vertex 168.8743050070645 -39.02796756181852 1.5
vertex 168.85309677193845 -38.8552342738627 1.5
vertex 122.11537782247937 -38.8552342738627 1.5
endloop
endfacet
facet normal 0 0 1
outer loop
vertex 168.8743050070645 -39.02796756181852 1.5
vertex 122.11537782247937 -38.8552342738627 1.5
vertex 121.82148669037758 -39.02796756181852 1.5
endloop
endfacet
facet normal 0 0 1
outer loop
vertex 168.85309677193845 -38.8552342738627 1.5
vertex 168.8320511082302 -38.6838250704122 1.5
vertex 168.81715414790796 -38.63509949540602 1.5
endloop
endfacet
facet normal 0 0 1
outer loop
vertex 168.85309677193845 -38.8552342738627 1.5
vertex 168.81715414790796 -38.63509949540602 1.5
vertex 122.37566509763884 -38.63509949540602 1.5
endloop
endfacet
facet normal 0 0 1
outer loop
vertex 168.85309677193845 -38.8552342738627 1.5
vertex 122.37566509763884 -38.63509949540602 1.5
vertex 122.11537782247937 -38.8552342738627 1.5
endloop
endfacet
facet normal 0 0 1
outer loop
vertex 168.81715414790796 -38.63509949540602 1.5
vertex 168.7373150658671 -38.37395862530482 1.5
vertex 122.59478659877244 -38.37395862530482 1.5
endloop
endfacet
facet normal 0 0 1
outer loop
vertex 168.81715414790796 -38.63509949540602 1.5
vertex 122.59478659877244 -38.37395862530482 1.5
vertex 122.37566509763884 -38.63509949540602 1.5
endloop
endfacet
facet normal 0 0 1
outer loop
vertex 168.7373150658671 -38.37395862530482 1.5
vertex 168.7301233635022 -38.35043571691121 1.5
vertex 168.5920226379807 -38.07939837945118 1.5
endloop
endfacet
facet normal 0 0 1
outer loop
vertex 168.7373150658671 -38.37395862530482 1.5
vertex 168.5920226379807 -38.07939837945118 1.5
vertex 122.76637636495536 -38.07939837945118 1.5
endloop
endfacet
facet normal 0 0 1
outer loop
vertex 168.7373150658671 -38.37395862530482 1.5
vertex 122.76637636495536 -38.07939837945118 1.5
vertex 122.59478659877244 -38.37395862530482 1.5
endloop
endfacet
facet normal 0 0 1
outer loop
vertex 168.5920226379807 -38.07939837945118 1.5
vertex 168.57185173239802 -38.03981083548542 1.5
vertex 168.3725452562512 -37.7753226 1.5
endloop
endfacet
facet normal 0 0 1
outer loop
vertex 168.5920226379807 -38.07939837945118 1.5
vertex 168.3725452562512 -37.7753226 1.5
vertex 147.49202830000004 -37.7753226 1.5
endloop
endfacet
facet normal 0 0 1
outer loop
vertex 168.5920226379807 -38.07939837945118 1.5
vertex 147.49202830000004 -37.7753226 1.5
vertex 122.8797286284777 -37.7753226 1.5
endloop
endfacet
facet normal 0 0 1
outer loop
vertex 168.5920226379807 -38.07939837945118 1.5
vertex 122.8797286284777 -37.7753226 1.5
vertex 122.76637636495536 -38.07939837945118 1.5
endloop
endfacet
facet normal 0 0 1
outer loop
vertex 147.49202830000004 -37.7753226 1.5
vertex 147.18787741497323 -37.7599763800103 1.5
vertex 122.88544933657053 -37.7599763800103 1.5
endloop
endfacet
facet normal 0 0 1
outer loop
vertex 147.49202830000004 -37.7753226 1.5
vertex 122.88544933657053 -37.7599763800103 1.5
vertex 122.8797286284777 -37.7753226 1.5
endloop
endfacet
facet normal 0 0 1
outer loop
vertex 147.18787741497323 -37.7599763800103 1.5
vertex 147.15156227499548 -37.75814406534514 1.5
vertex 122.88579444686792 -37.75814406534514 1.5
endloop
endfacet
facet normal 0 0 1
outer loop
vertex 147.18787741497323 -37.7599763800103 1.5
vertex 122.88579444686792 -37.75814406534514 1.5
vertex 122.88544933657053 -37.7599763800103 1.5
endloop
endfacet
facet normal 0 0 1
outer loop
vertex 147.15156227499548 -37.75814406534514 1.5
vertex 146.81896402919082 -37.68339164460125 1.5
vertex 122.8998738136076 -37.68339164460125 1.5
endloop
endfacet
facet normal 0 0 1
outer loop
vertex 147.15156227499548 -37.75814406534514 1.5
vertex 122.8998738136076 -37.68339164460125 1.5
vertex 122.88579444686792 -37.75814406534514 1.5
endloop
endfacet
facet normal 0 0 1
outer loop
vertex 146.81896402919082 -37.68339164460125 1.5
vertex 146.50389218300438 -37.553240773455336 1.5
vertex 122.92438729194205 -37.553240773455336 1.5
endloop
endfacet
facet normal 0 0 1
outer loop
vertex 146.81896402919082 -37.68339164460125 1.5
vertex 122.92438729194205 -37.553240773455336 1.5
vertex 122.8998738136076 -37.68339164460125 1.5
endloop
endfacet
facet normal 0 0 1
outer loop
vertex 146.50389218300438 -37.553240773455336 1.5
vertex 146.30038282606435 -37.424972537699915 1.5
vertex 122.94854618223995 -37.424972537699915 1.5
endloop
endfacet
facet normal 0 0 1
outer loop
vertex 146.50389218300438 -37.553240773455336 1.5
vertex 122.94854618223995 -37.424972537699915 1.5
vertex 122.92438729194205 -37.553240773455336 1.5
endloop
endfacet
facet normal 0 0 1
outer loop
vertex 146.30038282606435 -37.424972537699915 1.5
vertex 146.21550032324348 -37.371472644392576 1.5
vertex 122.9493767155079 -37.371472644392576 1.5
endloop
endfacet
facet normal 0 0 1
outer loop
vertex 146.30038282606435 -37.424972537699915 1.5
vertex 122.9493767155079 -37.371472644392576 1.5
vertex 122.94854618223995 -37.424972537699915 1.5
endloop
endfacet
facet normal 0 0 1
outer loop
vertex 146.21550032324348 -37.371472644392576 1.5
vertex 145.96216691962772 -37.143368054057504 1.5
vertex 122.95291781510885 -37.143368054057504 1.5
endloop
endfacet
facet normal 0 0 1
outer loop
vertex 146.21550032324348 -37.371472644392576 1.5
vertex 122.95291781510885 -37.143368054057504 1.5
vertex 122.9493767155079 -37.371472644392576 1.5
endloop
endfacet
facet normal 0 0 1
outer loop
vertex 168.3725452562512 -37.7753226 1.5
vertex 168.36204520845814 -37.76138858658016 1.5
vertex 168.10707864364647 -37.52362867195736 1.5
endloop
endfacet
facet normal 0 0 1
outer loop
vertex 168.3725452562512 -37.7753226 1.5
vertex 168.10707864364647 -37.52362867195736 1.5
vertex 167.81469905209752 -37.3337552914668 1.5
endloop
endfacet
facet normal 0 0 1
outer loop
vertex 168.3725452562512 -37.7753226 1.5
vertex 167.81469905209752 -37.3337552914668 1.5
vertex 167.4937902214954 -37.197537639839844 1.5
endloop
endfacet
facet normal 0 0 1
outer loop
vertex 168.3725452562512 -37.7753226 1.5
vertex 167.4937902214954 -37.197537639839844 1.5
vertex 167.15410278423502 -37.119114612987296 1.5
endloop
endfacet
facet normal 0 0 1
outer loop
vertex 168.3725452562512 -37.7753226 1.5
vertex 167.15410278423502 -37.119114612987296 1.5
vertex 166.8059579500001 -37.10086905000001 1.5
endloop
endfacet
facet normal 0 0 1
outer loop
vertex 168.3725452562512 -37.7753226 1.5
vertex 166.8059579500001 -37.10086905000001 1.5
vertex 147.49202830000004 -37.7753226 1.5
endloop
endfacet
facet normal 0 0 1
outer loop
vertex 145.96216691962772 -37.143368054057504 1.5
vertex 145.91550568238827 -37.08411890000011 1.5
vertex 122.95383759999999 -37.08411890000011 1.5
endloop
endfacet
facet normal 0 0 1
outer loop
vertex 145.96216691962772 -37.143368054057504 1.5
vertex 122.95383759999999 -37.08411890000011 1.5
vertex 122.95291781510885 -37.143368054057504 1.5
endloop
endfacet
facet normal 0 0 1
outer loop
vertex 145.91550568238827 -37.08411890000011 1.5
vertex 145.75125191030887 -36.8755539835471 1.5
vertex 122.93925301748324 -36.8755539835471 1.5
endloop
endfacet
facet normal 0 0 1
outer loop
vertex 145.91550568238827 -37.08411890000011 1.5
vertex 122.93925301748324 -36.8755539835471 1.5
vertex 122.95383759999999 -37.08411890000011 1.5
endloop
endfacet
facet normal 0 0 1
outer loop
vertex 145.75125191030887 -36.8755539835471 1.5
vertex 145.5888828781544 -36.57581106884099 1.5
vertex 122.91829251584332 -36.57581106884099 1.5
endloop
endfacet
facet normal 0 0 1
outer loop
vertex 145.75125191030887 -36.8755539835471 1.5
vertex 122.91829251584332 -36.57581106884099 1.5
vertex 122.93925301748324 -36.8755539835471 1.5
endloop
endfacet
facet normal 0 0 1
outer loop
vertex 145.5888828781544 -36.57581106884099 1.5
vertex 145.47977702988595 -36.25284755481351 1.5
vertex 122.89570823800626 -36.25284755481351 1.5
endloop
endfacet
facet normal 0 0 1
outer loop
vertex 145.5888828781544 -36.57581106884099 1.5
vertex 122.89570823800626 -36.25284755481351 1.5
vertex 122.91829251584332 -36.57581106884099 1.5
endloop
endfacet
facet normal 0 0 1
outer loop
vertex 145.47977702988595 -36.25284755481351 1.5
vertex 145.42710415000002 -35.91604630000011 1.5
vertex 122.87215631097985 -35.91604630000011 1.5
endloop
endfacet
facet normal 0 0 1
outer loop
vertex 145.47977702988595 -36.25284755481351 1.5
vertex 122.87215631097985 -35.91604630000011 1.5
vertex 122.89570823800626 -36.25284755481351 1.5
endloop
endfacet
facet normal 0 0 1
outer loop
vertex 145.42710415000002 -35.91604630000011 1.5
vertex 145.23982310000008 -33.23785310000066 1.5
vertex 145.1934342420974 -32.927466949159225 1.5
endloop
endfacet
facet normal 0 0 1
outer loop
vertex 145.42710415000002 -35.91604630000011 1.5
vertex 145.1934342420974 -32.927466949159225 1.5
vertex 145.09906235720763 -32.628155349005006 1.5
endloop
endfacet
facet normal 0 0 1
outer loop
vertex 145.42710415000002 -35.91604630000011 1.5
vertex 145.09906235720763 -32.628155349005006 1.5
vertex 144.95902964932668 -32.3472918103104 1.5
endloop
endfacet
facet normal 0 0 1
outer loop
vertex 145.42710415000002 -35.91604630000011 1.5
vertex 144.95902964932668 -32.3472918103104 1.5
vertex 144.77678419586545 -32.09179214037477 1.5
endloop
endfacet
facet normal 0 0 1
outer loop
vertex 145.42710415000002 -35.91604630000011 1.5
vertex 144.77678419586545 -32.09179214037477 1.5
vertex 144.5568134943578 -31.867947602530023 1.5
endloop
endfacet
facet normal 0 0 1
outer loop
vertex 145.42710415000002 -35.91604630000011 1.5
vertex 144.5568134943578 -31.867947602530023 1.5
vertex 144.304533965142 -31.68127000402623 1.5
endloop
endfacet
facet normal 0 0 1
outer loop
vertex 145.42710415000002 -35.91604630000011 1.5
vertex 144.304533965142 -31.68127000402623 1.5
vertex 144.02615758082814 -31.536355976751892 1.5
endloop
endfacet
facet normal 0 0 1
outer loop
vertex 145.42710415000002 -35.91604630000011 1.5
vertex 144.02615758082814 -31.536355976751892 1.5
vertex 143.72853890658888 -31.436773792659565 1.5
endloop
endfacet
facet normal 0 0 1
outer loop
vertex 145.42710415000002 -35.91604630000011 1.5
vertex 143.72853890658888 -31.436773792659565 1.5
vertex 143.41900631765327 -31.38497550087895 1.5
endloop
endfacet
facet normal 0 0 1
outer loop
vertex 145.42710415000002 -35.91604630000011 1.5
vertex 143.41900631765327 -31.38497550087895 1.5
vertex 143.10518155000005 -31.382236550000002 1.5
endloop
endfacet
facet normal 0 0 1
outer loop
vertex 145.42710415000002 -35.91604630000011 1.5
vertex 143.10518155000005 -31.382236550000002 1.5
vertex 124.65024719999997 -32.672732800000006 1.5
endloop
endfacet
facet normal 0 0 1
outer loop
vertex 145.42710415000002 -35.91604630000011 1.5
vertex 124.65024719999997 -32.672732800000006 1.5
vertex 124.33985899915925 -32.719118707902595 1.5
endloop
endfacet
facet normal 0 0 1
outer loop
vertex 145.42710415000002 -35.91604630000011 1.5
vertex 124.33985899915925 -32.719118707902595 1.5
vertex 124.04054739900495 -32.8134905927924 1.5
endloop
endfacet
facet normal 0 0 1
outer loop
vertex 145.42710415000002 -35.91604630000011 1.5
vertex 124.04054739900495 -32.8134905927924 1.5
vertex 123.75968386031035 -32.95352330067335 1.5
endloop
endfacet
facet normal 0 0 1
outer loop
vertex 145.42710415000002 -35.91604630000011 1.5
vertex 123.75968386031035 -32.95352330067335 1.5
vertex 123.50418419037462 -33.135768754134666 1.5
endloop
endfacet
facet normal 0 0 1
outer loop
vertex 145.42710415000002 -35.91604630000011 1.5
vertex 123.50418419037462 -33.135768754134666 1.5
vertex 123.28033965253016 -33.355739455642016 1.5
endloop
endfacet
facet normal 0 0 1
outer loop
vertex 145.42710415000002 -35.91604630000011 1.5
vertex 123.28033965253016 -33.355739455642016 1.5
vertex 123.09366205402621 -33.608018984858006 1.5
endloop
endfacet
facet normal 0 0 1
outer loop
vertex 145.42710415000002 -35.91604630000011 1.5
vertex 123.09366205402621 -33.608018984858006 1.5
vertex 122.94874802675187 -33.88639536917189 1.5
endloop
endfacet
facet normal 0 0 1
outer loop
vertex 145.42710415000002 -35.91604630000011 1.5
vertex 122.94874802675187 -33.88639536917189 1.5
vertex 122.84916584265956 -34.184014043411146 1.5
endloop
endfacet
facet normal 0 0 1
outer loop
vertex 145.42710415000002 -35.91604630000011 1.5
vertex 122.84916584265956 -34.184014043411146 1.5
vertex 122.79736755087895 -34.493546632346685 1.5
endloop
endfacet
facet normal 0 0 1
outer loop
vertex 145.42710415000002 -35.91604630000011 1.5
vertex 122.79736755087895 -34.493546632346685 1.5
vertex 122.79462860000001 -34.80737140000016 1.5
endloop
endfacet
facet normal 0 0 1
outer loop
vertex 145.42710415000002 -35.91604630000011 1.5
vertex 122.79462860000001 -34.80737140000016 1.5
vertex 122.87215631097985 -35.91604630000011 1.5
endloop
endfacet
facet normal 0.24192210406895828 -0.9702956742987409 1.3475279917657762e-14
outer loop
vertex 130.25142439999973 -101.99064890000005 1.5
vertex 92.04967359999978 -111.51542385000005 1.5
vertex 92.04967360000009 -111.51542384999999 0
endloop
endfacet
facet normal 0.24192210406895828 -0.9702956742987409 1.3475279917657762e-14
outer loop
vertex 130.25142439999973 -101.99064890000005 1.5
vertex 92.04967360000009 -111.51542384999999 0
vertex 102.07206753216914 -109.01655809999997 0
endloop
endfacet
facet normal 0.24192210406895828 -0.9702956742987409 1.3475279917657762e-14
outer loop
vertex 130.25142439999973 -101.99064890000005 1.5
vertex 102.07206753216914 -109.01655809999997 0
vertex 102.31867860565592 -108.95507099729002 0
endloop
endfacet
facet normal 0.24192210406895828 -0.9702956742987409 1.3475279917657762e-14
outer loop
vertex 130.25142439999973 -101.99064890000005 1.5
vertex 102.31867860565592 -108.95507099729002 0
vertex 103.049034700851 -108.772972604038 0
endloop
endfacet
facet normal 0.24192210406895828 -0.9702956742987409 1.3475279917657762e-14
outer loop
vertex 130.25142439999973 -101.99064890000005 1.5
vertex 103.049034700851 -108.772972604038 0
vertex 104.23506864264543 -108.47726085936442 0
endloop
endfacet
facet normal 0.24192210406895828 -0.9702956742987409 1.3475279917657762e-14
outer loop
vertex 130.25142439999973 -101.99064890000005 1.5
vertex 104.23506864264543 -108.47726085936442 0
vertex 105.83120181173133 -108.07929979979504 0
endloop
endfacet
facet normal 0.24192210406895828 -0.9702956742987409 1.3475279917657762e-14
outer loop
vertex 130.25142439999973 -101.99064890000005 1.5
vertex 105.83120181173133 -108.07929979979504 0
vertex 107.7760957055545 -107.59438284566698 0
endloop
endfacet
facet normal 0.24192210406895828 -0.9702956742987409 1.3475279917657762e-14
outer loop
vertex 130.25142439999973 -101.99064890000005 1.5
vertex 107.7760957055545 -107.59438284566698 0
vertex 109.9950091425552 -107.04114508356518 0
endloop
endfacet
facet normal 0.24192210406895828 -0.9702956742987409 1.3475279917657762e-14
outer loop
vertex 130.25142439999973 -101.99064890000005 1.5
vertex 109.9950091425552 -107.04114508356518 0
vertex 112.40267052362103 -106.44084713045518 0
endloop
endfacet
facet normal 0.24192210406895828 -0.9702956742987409 1.3475279917657762e-14
outer loop
vertex 130.25142439999973 -101.99064890000005 1.5
vertex 112.40267052362103 -106.44084713045518 0
vertex 114.90655477219897 -105.81655810000177 0
endloop
endfacet
facet normal 0.24192210406895828 -0.9702956742987409 1.3475279917657762e-14
outer loop
vertex 130.25142439999973 -101.99064890000005 1.5
vertex 114.90655477219897 -105.81655810000177 0
vertex 117.41043902077196 -105.1922690695496 0
endloop
endfacet
facet normal 0.24192210406895828 -0.9702956742987409 1.3475279917657762e-14
outer loop
vertex 130.25142439999973 -101.99064890000005 1.5
vertex 117.41043902077196 -105.1922690695496 0
vertex 119.81810040187553 -104.59197111643019 0
endloop
endfacet
facet normal 0.24192210406895828 -0.9702956742987409 1.3475279917657762e-14
outer loop
vertex 130.25142439999973 -101.99064890000005 1.5
vertex 119.81810040187553 -104.59197111643019 0
vertex 122.03701383882367 -104.03873335434149 0
endloop
endfacet
facet normal 0.24192210406895828 -0.9702956742987409 1.3475279917657762e-14
outer loop
vertex 130.25142439999973 -101.99064890000005 1.5
vertex 122.03701383882367 -104.03873335434149 0
vertex 123.98190773271837 -103.5538164001956 0
endloop
endfacet
facet normal 0.24192210406895828 -0.9702956742987409 1.3475279917657762e-14
outer loop
vertex 130.25142439999973 -101.99064890000005 1.5
vertex 123.98190773271837 -103.5538164001956 0
vertex 125.57804090176808 -103.15585534063524 0
endloop
endfacet
facet normal 0.24192210406895828 -0.9702956742987409 1.3475279917657762e-14
outer loop
vertex 130.25142439999973 -101.99064890000005 1.5
vertex 125.57804090176808 -103.15585534063524 0
vertex 126.7640748435702 -102.86014359595974 0
endloop
endfacet
facet normal 0.24192210406895828 -0.9702956742987409 1.3475279917657762e-14
outer loop
vertex 130.25142439999973 -101.99064890000005 1.5
vertex 126.7640748435702 -102.86014359595974 0
vertex 127.4944309387552 -102.67804520271024 0
endloop
endfacet
facet normal 0.24192210406895828 -0.9702956742987409 1.3475279917657762e-14
outer loop
vertex 130.25142439999973 -101.99064890000005 1.5
vertex 127.4944309387552 -102.67804520271024 0
vertex 127.74104201224243 -102.61655810000018 0
endloop
endfacet
facet normal 0.24192210406895828 -0.9702956742987409 1.3475279917657762e-14
outer loop
vertex 130.25142439999973 -101.99064890000005 1.5
vertex 127.74104201224243 -102.61655810000018 0
vertex 130.25142439999973 -101.99064890000005 0
endloop
endfacet
facet normal 0.16193130356053595 -0.9868020333011002 0
outer loop
vertex 130.57360419573465 -101.93778014563632 1.5
vertex 130.25142439999973 -101.99064890000005 1.5
vertex 130.25142439999973 -101.99064890000005 0
endloop
endfacet
facet normal 0.16193130356053595 -0.9868020333011002 0
outer loop
vertex 130.57360419573465 -101.93778014563632 1.5
vertex 130.25142439999973 -101.99064890000005 0
vertex 130.57360419573465 -101.93778014563632 0
endloop
endfacet
facet normal -0.000793993008969096 -0.9999996847875011 0
outer loop
vertex 130.90009432705662 -101.9380393765998 1.5
vertex 130.57360419573465 -101.93778014563632 1.5
vertex 130.57360419573465 -101.93778014563632 0
endloop
endfacet
facet normal -0.000793993008969096 -0.9999996847875011 0
outer loop
vertex 130.90009432705662 -101.9380393765998 1.5
vertex 130.57360419573465 -101.93778014563632 0
vertex 130.90009432705622 -101.9380393765998 0
endloop
endfacet
facet normal -0.16348378130769003 -0.9865460218607845 0
outer loop
vertex 131.22219196881827 -101.99141523465269 1.5
vertex 130.90009432705662 -101.9380393765998 1.5
vertex 130.90009432705622 -101.9380393765998 0
endloop
endfacet
facet normal -0.16348378130769003 -0.9865460218607845 0
outer loop
vertex 131.22219196881827 -101.99141523465269 1.5
vertex 130.90009432705622 -101.9380393765998 0
vertex 131.22219196881835 -101.99141523465272 0
endloop
endfacet
facet normal 0 0 1
outer loop
vertex 131.5313135511869 -102.0964853082478 1.5
vertex 131.51405015626725 -102.09061749998668 1.5
vertex 131.22219196881827 -101.99141523465269 1.5
endloop
endfacet
facet normal 0 0 1
outer loop
vertex 131.5313135511869 -102.0964853082478 1.5
vertex 131.22219196881827 -101.99141523465269 1.5
vertex 131.22219196881835 -101.99141523465272 0
endloop
endfacet
facet normal 0 0 1
outer loop
vertex 131.5313135511869 -102.0964853082478 1.5
vertex 131.22219196881835 -101.99141523465272 0
vertex 131.51405015626693 -102.09061749998658 0
endloop
endfacet
facet normal 0 0 1
outer loop
vertex 131.5313135511869 -102.0964853082478 1.5
vertex 131.51405015626693 -102.09061749998658 0
vertex 131.53131355118697 -102.09648530824782 0
endloop
endfacet
facet normal -0.4715739214712722 -0.8818265342958367 0
outer loop
vertex 131.8192213029246 -102.25044958832851 1.5
vertex 131.5313135511869 -102.0964853082478 1.5
vertex 131.53131355118697 -102.09648530824782 0
endloop
endfacet
facet normal -0.4715739214712722 -0.8818265342958367 0
outer loop
vertex 131.8192213029246 -102.25044958832851 1.5
vertex 131.53131355118697 -102.09648530824782 0
vertex 131.81922130292463 -102.2504495883285 0
endloop
endfacet
facet normal 0 0 -1
outer loop
vertex 132.07824277949254 -102.44920508568127 1.5
vertex 131.9922929001793 -102.38325298303457 1.5
vertex 131.8192213029246 -102.25044958832851 1.5
endloop
endfacet
facet normal 0 0 -1
outer loop
vertex 132.07824277949254 -102.44920508568127 1.5
vertex 131.8192213029246 -102.25044958832851 1.5
vertex 131.81922130292463 -102.2504495883285 0
endloop
endfacet
facet normal 0 0 -1
outer loop
vertex 132.07824277949254 -102.44920508568127 1.5
vertex 131.81922130292463 -102.2504495883285 0
vertex 131.99229290017917 -102.38325298303442 0
endloop
endfacet
facet normal 0 0 -1
outer loop
vertex 132.07824277949254 -102.44920508568127 1.5
vertex 131.99229290017917 -102.38325298303442 0
vertex 132.07824277949246 -102.44920508568117 0
endloop
endfacet
facet normal 0 0 -1
outer loop
vertex 132.30147532578215 -102.68745517136495 1.5
vertex 132.28010073721848 -102.66464264854338 1.5
vertex 132.07824277949254 -102.44920508568127 1.5
endloop
endfacet
facet normal 0 0 -1
outer loop
vertex 132.30147532578215 -102.68745517136495 1.5
vertex 132.07824277949254 -102.44920508568127 1.5
vertex 132.07824277949246 -102.44920508568117 0
endloop
endfacet
facet normal 0 0 -1
outer loop
vertex 132.30147532578215 -102.68745517136495 1.5
vertex 132.07824277949246 -102.44920508568117 0
vertex 132.2801007372183 -102.66464264854321 0
endloop
endfacet
facet normal 0 0 -1
outer loop
vertex 132.30147532578215 -102.68745517136495 1.5
vertex 132.2801007372183 -102.66464264854321 0
vertex 132.30147532578215 -102.68745517136497 0
endloop
endfacet
facet normal 0 0 1
outer loop
vertex 132.48297002475246 -102.95885072640789 1.5
vertex 132.4596455831837 -102.92397284952476 1.5
vertex 132.30147532578215 -102.68745517136495 1.5
endloop
endfacet
facet normal 0 0 1
outer loop
vertex 132.48297002475246 -102.95885072640789 1.5
vertex 132.30147532578215 -102.68745517136495 1.5
vertex 132.30147532578215 -102.68745517136497 0
endloop
endfacet
facet normal 0 0 1
outer loop
vertex 132.48297002475246 -102.95885072640789 1.5
vertex 132.30147532578215 -102.68745517136497 0
vertex 132.4596455831837 -102.9239728495248 0
endloop
endfacet
facet normal 0 0 1
outer loop
vertex 132.48297002475246 -102.95885072640789 1.5
vertex 132.4596455831837 -102.9239728495248 0
vertex 132.4829700247525 -102.95885072640795 0
endloop
endfacet
facet normal 0 0 -1
outer loop
vertex 132.6178902299306 -103.25615933927686 1.5
vertex 132.57029438007677 -103.15127767177809 1.5
vertex 132.48297002475246 -102.95885072640789 1.5
endloop
endfacet
facet normal 0 0 -1
outer loop
vertex 132.6178902299306 -103.25615933927686 1.5
vertex 132.48297002475246 -102.95885072640789 1.5
vertex 132.4829700247525 -102.95885072640795 0
endloop
endfacet
facet normal 0 0 -1
outer loop
vertex 132.6178902299306 -103.25615933927686 1.5
vertex 132.4829700247525 -102.95885072640795 0
vertex 132.57029438007677 -103.15127767177808 0
endloop
endfacet
facet normal 0 0 -1
outer loop
vertex 132.6178902299306 -103.25615933927686 1.5
vertex 132.57029438007677 -103.15127767177808 0
vertex 132.6178902299306 -103.25615933927686 0
endloop
endfacet
facet normal 0 0 1
outer loop
vertex 132.70264045705073 -103.57145804218337 1.5
vertex 132.70004320763027 -103.56179542060434 1.5
vertex 132.67709936891194 -103.47643679876452 1.5
endloop
endfacet
facet normal 0 0 1
outer loop
vertex 132.70264045705073 -103.57145804218337 1.5
vertex 132.67709936891194 -103.47643679876452 1.5
vertex 132.63984059657906 -103.33782191845523 1.5
endloop
endfacet
facet normal 0 0 1
outer loop
vertex 132.70264045705073 -103.57145804218337 1.5
vertex 132.63984059657906 -103.33782191845523 1.5
vertex 132.6178902299306 -103.25615933927686 1.5
endloop
endfacet
facet normal 0 0 1
outer loop
vertex 132.70264045705073 -103.57145804218337 1.5
vertex 132.6178902299306 -103.25615933927686 1.5
vertex 132.6178902299306 -103.25615933927686 0
endloop
endfacet
facet normal 0 0 1
outer loop
vertex 132.70264045705073 -103.57145804218337 1.5
vertex 132.6178902299306 -103.25615933927686 0
vertex 132.63984059657906 -103.33782191845525 0
endloop
endfacet
facet normal 0 0 1
outer loop
vertex 132.70264045705073 -103.57145804218337 1.5
vertex 132.63984059657906 -103.33782191845525 0
vertex 132.67709936891194 -103.47643679876451 0
endloop
endfacet
facet normal 0 0 1
outer loop
vertex 132.70264045705073 -103.57145804218337 1.5
vertex 132.67709936891194 -103.47643679876451 0
vertex 132.70004320763027 -103.56179542060434 0
endloop
endfacet
facet normal 0 0 1
outer loop
vertex 132.70264045705073 -103.57145804218337 1.5
vertex 132.70004320763027 -103.56179542060434 0
vertex 132.70264045705073 -103.57145804218334 0
endloop
endfacet
facet normal 0 0 -1
outer loop
vertex 132.73496219999998 -103.89634444999963 1.5
vertex 132.70454656040164 -103.59061750000022 1.5
vertex 132.70264045705073 -103.57145804218337 1.5
endloop
endfacet
facet normal 0 0 -1
outer loop
vertex 132.73496219999998 -103.89634444999963 1.5
vertex 132.70264045705073 -103.57145804218337 1.5
vertex 132.70264045705073 -103.57145804218334 0
endloop
endfacet
facet normal 0 0 -1
outer loop
vertex 132.73496219999998 -103.89634444999963 1.5
vertex 132.70264045705073 -103.57145804218334 0
vertex 132.70454656040164 -103.59061750000022 0
endloop
endfacet
facet normal 0 0 -1
outer loop
vertex 132.73496219999998 -103.89634444999963 1.5
vertex 132.70454656040164 -103.59061750000022 0
vertex 132.73496219999998 -103.8963444499996 0
endloop
endfacet
facet normal 0 0 1
outer loop
vertex 132.93735529999896 -115.49134540000004 1.5
vertex 132.92432743962726 -114.74498570000002 1.5
vertex 132.92218493460052 -114.62224264294642 1.5
endloop
endfacet
facet normal 0 0 1
outer loop
vertex 132.93735529999896 -115.49134540000004 1.5
vertex 132.92218493460052 -114.62224264294642 1.5
vertex 132.91918553253794 -114.45040837703027 1.5
endloop
endfacet
facet normal 0 0 1
outer loop
vertex 132.93735529999896 -115.49134540000004 1.5
vertex 132.91918553253794 -114.45040837703027 1.5
vertex 132.91541145378613 -114.23419326538551 1.5
endloop
endfacet
facet normal 0 0 1
outer loop
vertex 132.93735529999896 -115.49134540000004 1.5
vertex 132.91541145378613 -114.23419326538551 1.5
vertex 132.91096621691543 -113.97952783588822 1.5
endloop
endfacet
facet normal 0 0 1
outer loop
vertex 132.93735529999896 -115.49134540000004 1.5
vertex 132.91096621691543 -113.97952783588822 1.5
vertex 132.90597174957915 -113.6933972637052 1.5
endloop
endfacet
facet normal 0 0 1
outer loop
vertex 132.93735529999896 -115.49134540000004 1.5
vertex 132.90597174957915 -113.6933972637052 1.5
vertex 132.90056504418055 -113.38364977610235 1.5
endloop
endfacet
facet normal 0 0 1
outer loop
vertex 132.93735529999896 -115.49134540000004 1.5
vertex 132.90056504418055 -113.38364977610235 1.5
vertex 132.89489440033125 -113.0587813847402 1.5
endloop
endfacet
facet normal 0 0 1
outer loop
vertex 132.93735529999896 -115.49134540000004 1.5
vertex 132.89489440033125 -113.0587813847402 1.5
vertex 132.88911535716613 -112.72770284999962 1.5
endloop
endfacet
facet normal 0 0 1
outer loop
vertex 132.93735529999896 -115.49134540000004 1.5
vertex 132.88911535716613 -112.72770284999962 1.5
vertex 132.78877650567748 -106.97933949999991 1.5
endloop
endfacet
facet normal 0 0 1
outer loop
vertex 132.93735529999896 -115.49134540000004 1.5
vertex 132.78877650567748 -106.97933949999991 1.5
vertex 132.7882734104192 -106.95051742060271 1.5
endloop
endfacet
facet normal 0 0 1
outer loop
vertex 132.93735529999896 -115.49134540000004 1.5
vertex 132.7882734104192 -106.95051742060271 1.5
vertex 132.7867834583132 -106.8651587987697 1.5
endloop
endfacet
facet normal 0 0 1
outer loop
vertex 132.93735529999896 -115.49134540000004 1.5
vertex 132.7867834583132 -106.8651587987697 1.5
vertex 132.78436390738307 -106.72654391845268 1.5
endloop
endfacet
facet normal 0 0 1
outer loop
vertex 132.93735529999896 -115.49134540000004 1.5
vertex 132.78436390738307 -106.72654391845268 1.5
vertex 132.7811077396145 -106.5399996717862 1.5
endloop
endfacet
facet normal 0 0 1
outer loop
vertex 132.93735529999896 -115.49134540000004 1.5
vertex 132.7811077396145 -106.5399996717862 1.5
vertex 132.77714008770818 -106.31269484952176 1.5
endloop
endfacet
facet normal 0 0 1
outer loop
vertex 132.93735529999896 -115.49134540000004 1.5
vertex 132.77714008770818 -106.31269484952176 1.5
vertex 132.77261342630226 -106.05336464853217 1.5
endloop
endfacet
facet normal 0 0 1
outer loop
vertex 132.93735529999896 -115.49134540000004 1.5
vertex 132.77261342630226 -106.05336464853217 1.5
vertex 132.76770171245644 -105.77197498303288 1.5
endloop
endfacet
facet normal 0 0 1
outer loop
vertex 132.93735529999896 -115.49134540000004 1.5
vertex 132.76770171245644 -105.77197498303288 1.5
vertex 132.7625937005779 -105.47933949998352 1.5
endloop
endfacet
facet normal 0 0 1
outer loop
vertex 132.93735529999896 -115.49134540000004 1.5
vertex 132.7625937005779 -105.47933949998352 1.5
vertex 132.7574856887004 -105.1867040169933 1.5
endloop
endfacet
facet normal 0 0 1
outer loop
vertex 132.93735529999896 -115.49134540000004 1.5
vertex 132.7574856887004 -105.1867040169933 1.5
vertex 132.75257397485393 -104.90531435145735 1.5
endloop
endfacet
facet normal 0 0 1
outer loop
vertex 132.93735529999896 -115.49134540000004 1.5
vertex 132.75257397485393 -104.90531435145735 1.5
vertex 132.74804731344778 -104.64598415045415 1.5
endloop
endfacet
facet normal 0 0 1
outer loop
vertex 132.93735529999896 -115.49134540000004 1.5
vertex 132.74804731344778 -104.64598415045415 1.5
vertex 132.744079661542 -104.41867932822088 1.5
endloop
endfacet
facet normal 0 0 1
outer loop
vertex 132.93735529999896 -115.49134540000004 1.5
vertex 132.744079661542 -104.41867932822088 1.5
vertex 132.74082349377326 -104.23213508154561 1.5
endloop
endfacet
facet normal 0 0 1
outer loop
vertex 132.93735529999896 -115.49134540000004 1.5
vertex 132.74082349377326 -104.23213508154561 1.5
vertex 132.73840394284326 -104.09352020123559 1.5
endloop
endfacet
facet normal 0 0 1
outer loop
vertex 132.93735529999896 -115.49134540000004 1.5
vertex 132.73840394284326 -104.09352020123559 1.5
vertex 132.7369139907371 -104.00816157939298 1.5
endloop
endfacet
facet normal 0 0 1
outer loop
vertex 132.93735529999896 -115.49134540000004 1.5
vertex 132.7369139907371 -104.00816157939298 1.5
vertex 132.73641089547888 -103.97933949999961 1.5
endloop
endfacet
facet normal 0 0 1
outer loop
vertex 132.93735529999896 -115.49134540000004 1.5
vertex 132.73641089547888 -103.97933949999961 1.5
vertex 132.73496219999998 -103.89634444999963 1.5
endloop
endfacet
facet normal 0 0 1
outer loop
vertex 132.93735529999896 -115.49134540000004 1.5
vertex 132.73496219999998 -103.89634444999963 1.5
vertex 132.73496219999998 -103.8963444499996 0
endloop
endfacet
facet normal 0 0 1
outer loop
vertex 132.93735529999896 -115.49134540000004 1.5
vertex 132.73496219999998 -103.8963444499996 0
vertex 132.73641089547888 -103.97933949999961 0
endloop
endfacet
facet normal 0 0 1
outer loop
vertex 132.93735529999896 -115.49134540000004 1.5
vertex 132.73641089547888 -103.97933949999961 0
vertex 132.7369139907371 -104.00816157939298 0
endloop
endfacet
facet normal 0 0 1
outer loop
vertex 132.93735529999896 -115.49134540000004 1.5
vertex 132.7369139907371 -104.00816157939298 0
vertex 132.73840394284326 -104.09352020123556 0
endloop
endfacet
facet normal 0 0 1
outer loop
vertex 132.93735529999896 -115.49134540000004 1.5
vertex 132.73840394284326 -104.09352020123556 0
vertex 132.74082349377326 -104.2321350815456 0
endloop
endfacet
facet normal 0 0 1
outer loop
vertex 132.93735529999896 -115.49134540000004 1.5
vertex 132.74082349377326 -104.2321350815456 0
vertex 132.744079661542 -104.41867932822092 0
endloop
endfacet
facet normal 0 0 1
outer loop
vertex 132.93735529999896 -115.49134540000004 1.5
vertex 132.744079661542 -104.41867932822092 0
vertex 132.74804731344778 -104.64598415045415 0
endloop
endfacet
facet normal 0 0 1
outer loop
vertex 132.93735529999896 -115.49134540000004 1.5
vertex 132.74804731344778 -104.64598415045415 0
vertex 132.75257397485393 -104.90531435145722 0
endloop
endfacet
facet normal 0 0 1
outer loop
vertex 132.93735529999896 -115.49134540000004 1.5
vertex 132.75257397485393 -104.90531435145722 0
vertex 132.7574856887004 -105.18670401699329 0
endloop
endfacet
facet normal 0 0 1
outer loop
vertex 132.93735529999896 -115.49134540000004 1.5
vertex 132.7574856887004 -105.18670401699329 0
vertex 132.7625937005779 -105.47933949998375 0
endloop
endfacet
facet normal 0 0 1
outer loop
vertex 132.93735529999896 -115.49134540000004 1.5
vertex 132.7625937005779 -105.47933949998375 0
vertex 132.76770171245644 -105.77197498303273 0
endloop
endfacet
facet normal 0 0 1
outer loop
vertex 132.93735529999896 -115.49134540000004 1.5
vertex 132.76770171245644 -105.77197498303273 0
vertex 132.77261342630226 -106.05336464853212 0
endloop
endfacet
facet normal 0 0 1
outer loop
vertex 132.93735529999896 -115.49134540000004 1.5
vertex 132.77261342630226 -106.05336464853212 0
vertex 132.77714008770818 -106.31269484952172 0
endloop
endfacet
facet normal 0 0 1
outer loop
vertex 132.93735529999896 -115.49134540000004 1.5
vertex 132.77714008770818 -106.31269484952172 0
vertex 132.7811077396145 -106.5399996717862 0
endloop
endfacet
facet normal 0 0 1
outer loop
vertex 132.93735529999896 -115.49134540000004 1.5
vertex 132.7811077396145 -106.5399996717862 0
vertex 132.78436390738307 -106.72654391845269 0
endloop
endfacet
facet normal 0 0 1
outer loop
vertex 132.93735529999896 -115.49134540000004 1.5
vertex 132.78436390738307 -106.72654391845269 0
vertex 132.7867834583132 -106.86515879876971 0
endloop
endfacet
facet normal 0 0 1
outer loop
vertex 132.93735529999896 -115.49134540000004 1.5
vertex 132.7867834583132 -106.86515879876971 0
vertex 132.7882734104192 -106.95051742060268 0
endloop
endfacet
facet normal 0 0 1
outer loop
vertex 132.93735529999896 -115.49134540000004 1.5
vertex 132.7882734104192 -106.95051742060268 0
vertex 132.78877650567748 -106.97933949999991 0
endloop
endfacet
facet normal 0 0 1
outer loop
vertex 132.93735529999896 -115.49134540000004 1.5
vertex 132.78877650567748 -106.97933949999991 0
vertex 132.88911535716613 -112.72770284999956 0
endloop
endfacet
facet normal 0 0 1
outer loop
vertex 132.93735529999896 -115.49134540000004 1.5
vertex 132.88911535716613 -112.72770284999956 0
vertex 132.89489440033125 -113.05878138473994 0
endloop
endfacet
facet normal 0 0 1
outer loop
vertex 132.93735529999896 -115.49134540000004 1.5
vertex 132.89489440033125 -113.05878138473994 0
vertex 132.90056504418055 -113.38364977610223 0
endloop
endfacet
facet normal 0 0 1
outer loop
vertex 132.93735529999896 -115.49134540000004 1.5
vertex 132.90056504418055 -113.38364977610223 0
vertex 132.90597174957915 -113.6933972637052 0
endloop
endfacet
facet normal 0 0 1
outer loop
vertex 132.93735529999896 -115.49134540000004 1.5
vertex 132.90597174957915 -113.6933972637052 0
vertex 132.91096621691543 -113.97952783588809 0
endloop
endfacet
facet normal 0 0 1
outer loop
vertex 132.93735529999896 -115.49134540000004 1.5
vertex 132.91096621691543 -113.97952783588809 0
vertex 132.91541145378613 -114.23419326538549 0
endloop
endfacet
facet normal 0 0 1
outer loop
vertex 132.93735529999896 -115.49134540000004 1.5
vertex 132.91541145378613 -114.23419326538549 0
vertex 132.91918553253794 -114.45040837703031 0
endloop
endfacet
facet normal 0 0 1
outer loop
vertex 132.93735529999896 -115.49134540000004 1.5
vertex 132.91918553253794 -114.45040837703031 0
vertex 132.92218493460052 -114.62224264294645 0
endloop
endfacet
facet normal 0 0 1
outer loop
vertex 132.93735529999896 -115.49134540000004 1.5
vertex 132.92218493460052 -114.62224264294645 0
vertex 132.92432743962726 -114.74498570000006 0
endloop
endfacet
facet normal 0 0 1
outer loop
vertex 132.93735529999896 -115.49134540000004 1.5
vertex 132.92432743962726 -114.74498570000006 0
vertex 132.93735529999896 -115.49134540000004 0
endloop
endfacet
facet normal -0.9998476952663843 -0.01745240013578282 0
outer loop
vertex 133.07697450000072 -123.49012690000002 1.5000000000000009
vertex 132.93735529999896 -115.49134540000004 1.5
vertex 132.93735529999896 -115.49134540000004 0
endloop
endfacet
facet normal -0.9998476952663843 -0.01745240013578282 0
outer loop
vertex 133.07697450000072 -123.49012690000002 1.5000000000000009
vertex 132.93735529999896 -115.49134540000004 0
vertex 132.96708587868127 -117.19459560000094 0
endloop
endfacet
facet normal -0.9998476952663843 -0.01745240013578282 0
outer loop
vertex 133.07697450000072 -123.49012690000002 1.5000000000000009
vertex 132.96708587868127 -117.19459560000094 0
vertex 132.96815914856552 -117.25608270270938 0
endloop
endfacet
facet normal -0.9998476952663843 -0.01745240013578282 0
outer loop
vertex 133.07697450000072 -123.49012690000002 1.5000000000000009
vertex 132.96815914856552 -117.25608270270938 0
vertex 132.97133771305852 -117.43818109596609 0
endloop
endfacet
facet normal -0.9998476952663843 -0.01745240013578282 0
outer loop
vertex 133.07697450000072 -123.49012690000002 1.5000000000000009
vertex 132.97133771305852 -117.43818109596609 0
vertex 132.97649942170932 -117.7338928406327 0
endloop
endfacet
facet normal -0.9998476952663843 -0.01745240013578282 0
outer loop
vertex 133.07697450000072 -123.49012690000002 1.5000000000000009
vertex 132.97649942170932 -117.7338928406327 0
vertex 132.9834459129492 -118.13185390020224 0
endloop
endfacet
facet normal -0.9998476952663843 -0.01745240013578282 0
outer loop
vertex 133.07697450000072 -123.49012690000002 1.5000000000000009
vertex 132.9834459129492 -118.13185390020224 0
vertex 132.9919102370155 -118.61677085433654 0
endloop
endfacet
facet normal -0.9998476952663843 -0.01745240013578282 0
outer loop
vertex 133.07697450000072 -123.49012690000002 1.5000000000000009
vertex 132.9919102370155 -118.61677085433654 0
vertex 133.00156711468128 -119.17000861643771 0
endloop
endfacet
facet normal -0.9998476952663843 -0.01745240013578282 0
outer loop
vertex 133.07697450000072 -123.49012690000002 1.5000000000000009
vertex 133.00156711468128 -119.17000861643771 0
vertex 133.01204543755324 -119.7703065695546 0
endloop
endfacet
facet normal -0.9998476952663843 -0.01745240013578282 0
outer loop
vertex 133.07697450000072 -123.49012690000002 1.5000000000000009
vertex 133.01204543755324 -119.7703065695546 0
vertex 133.0229425295595 -120.3945955999841 0
endloop
endfacet
facet normal -0.9998476952663843 -0.01745240013578282 0
outer loop
vertex 133.07697450000072 -123.49012690000002 1.5000000000000009
vertex 133.0229425295595 -120.3945955999841 0
vertex 133.03383962156641 -121.01888463045228 0
endloop
endfacet
facet normal -0.9998476952663843 -0.01745240013578282 0
outer loop
vertex 133.07697450000072 -123.49012690000002 1.5000000000000009
vertex 133.03383962156641 -121.01888463045228 0
vertex 133.0443179444382 -121.61918258355921 0
endloop
endfacet
facet normal -0.9998476952663843 -0.01745240013578282 0
outer loop
vertex 133.07697450000072 -123.49012690000002 1.5000000000000009
vertex 133.0443179444382 -121.61918258355921 0
vertex 133.05397482210404 -122.1724203456629 0
endloop
endfacet
facet normal -0.9998476952663843 -0.01745240013578282 0
outer loop
vertex 133.07697450000072 -123.49012690000002 1.5000000000000009
vertex 133.05397482210404 -122.1724203456629 0
vertex 133.06243914617048 -122.65733729980515 0
endloop
endfacet
facet normal -0.9998476952663843 -0.01745240013578282 0
outer loop
vertex 133.07697450000072 -123.49012690000002 1.5000000000000009
vertex 133.06243914617048 -122.65733729980515 0
vertex 133.06938563741028 -123.05529835937043 0
endloop
endfacet
facet normal -0.9998476952663843 -0.01745240013578282 0
outer loop
vertex 133.07697450000072 -123.49012690000002 1.5000000000000009
vertex 133.06938563741028 -123.05529835937043 0
vertex 133.07454734606108 -123.35101010403943 0
endloop
endfacet
facet normal -0.9998476952663843 -0.01745240013578282 0
outer loop
vertex 133.07697450000072 -123.49012690000002 1.5000000000000009
vertex 133.07454734606108 -123.35101010403943 0
vertex 133.07697450000072 -123.49012690000002 0
endloop
endfacet
facet normal 0.0012126989736057697 0.00011675669855105132 -0.999999257864261
outer loop
vertex 133.10705082044936 -123.80251602534727 1.5
vertex 133.07697591447402 -123.49014159150151 1.5
vertex 133.07697450000072 -123.49012690000002 1.5000000000000009
endloop
endfacet
facet normal 0.0012126989736057697 0.00011675669855105132 -0.999999257864261
outer loop
vertex 133.10705082044936 -123.80251602534727 1.5
vertex 133.07697450000072 -123.49012690000002 1.5000000000000009
vertex 133.07697450000072 -123.49012690000002 0
endloop
endfacet
facet normal 0.0012126989736057697 0.00011675669855105132 -0.999999257864261
outer loop
vertex 133.10705082044936 -123.80251602534727 1.5
vertex 133.07697450000072 -123.49012690000002 0
vertex 133.07697591447402 -123.49014159150121 0
endloop
endfacet
facet normal 0.0012126989736057697 0.00011675669855105132 -0.999999257864261
outer loop
vertex 133.10705082044936 -123.80251602534727 1.5
vertex 133.07697591447402 -123.49014159150121 0
vertex 133.08111269876753 -123.53310849728926 0
endloop
endfacet
facet normal 0.0012126989736057697 0.00011675669855105132 -0.999999257864261
outer loop
vertex 133.10705082044936 -123.80251602534727 1.5
vertex 133.08111269876753 -123.53310849728926 0
vertex 133.0870325777089 -123.59459560000093 0
endloop
endfacet
facet normal 0.0012126989736057697 0.00011675669855105132 -0.999999257864261
outer loop
vertex 133.10705082044936 -123.80251602534727 1.5
vertex 133.0870325777089 -123.59459560000093 0
vertex 133.1070508204494 -123.80251602534742 0
endloop
endfacet
facet normal -0.9681486494117609 -0.2503761023783686 0
outer loop
vertex 133.18562817667913 -124.10635716907288 1.5
vertex 133.10705082044936 -123.80251602534727 1.5
vertex 133.1070508204494 -123.80251602534742 0
endloop
endfacet
facet normal -0.9681486494117609 -0.2503761023783686 0
outer loop
vertex 133.18562817667913 -124.10635716907288 1.5
vertex 133.1070508204494 -123.80251602534742 0
vertex 133.18562817667913 -124.10635716907296 0
endloop
endfacet
facet normal -0.9170615009201113 -0.3987457881033387 2.2669961643908954e-14
outer loop
vertex 133.31076947227123 -124.39416526081136 1.5
vertex 133.18562817667913 -124.10635716907288 1.5
vertex 133.18562817667913 -124.10635716907296 0
endloop
endfacet
facet normal -0.9170615009201113 -0.3987457881033387 2.2669961643908954e-14
outer loop
vertex 133.31076947227123 -124.39416526081136 1.5
vertex 133.18562817667913 -124.10635716907296 0
vertex 133.18913917874295 -124.11443200000141 0
endloop
endfacet
facet normal -0.9170615009201113 -0.3987457881033387 2.2669961643908954e-14
outer loop
vertex 133.31076947227123 -124.39416526081136 1.5
vertex 133.18913917874295 -124.11443200000141 0
vertex 133.21587427034072 -124.17591910271041 0
endloop
endfacet
facet normal -0.9170615009201113 -0.3987457881033387 2.2669961643908954e-14
outer loop
vertex 133.31076947227123 -124.39416526081136 1.5
vertex 133.21587427034072 -124.17591910271041 0
vertex 133.29505213055538 -124.35801749595856 0
endloop
endfacet
facet normal -0.9170615009201113 -0.3987457881033387 2.2669961643908954e-14
outer loop
vertex 133.31076947227123 -124.39416526081136 1.5
vertex 133.29505213055538 -124.35801749595856 0
vertex 133.31076947227112 -124.39416526081116 0
endloop
endfacet
facet normal -0.8433931248916896 -0.5372969727119548 -7.340468724763911e-15
outer loop
vertex 133.479393295491 -124.65885346941728 1.5
vertex 133.31076947227123 -124.39416526081136 1.5
vertex 133.31076947227112 -124.39416526081116 0
endloop
endfacet
facet normal -0.8433931248916896 -0.5372969727119548 -7.340468724763911e-15
outer loop
vertex 133.479393295491 -124.65885346941728 1.5
vertex 133.31076947227112 -124.39416526081116 0
vertex 133.47612882423218 -124.65372924062771 0
endloop
endfacet
facet normal -0.8433931248916896 -0.5372969727119548 -7.340468724763911e-15
outer loop
vertex 133.479393295491 -124.65885346941728 1.5
vertex 133.47612882423218 -124.65372924062771 0
vertex 133.4793932954911 -124.6588534694174 0
endloop
endfacet
facet normal -0.7489574916651435 -0.6626180465989865 0
outer loop
vertex 133.68734754430827 -124.89390425527301 1.5
vertex 133.479393295491 -124.65885346941728 1.5
vertex 133.4793932954911 -124.6588534694174 0
endloop
endfacet
facet normal -0.7489574916651435 -0.6626180465989865 0
outer loop
vertex 133.68734754430827 -124.89390425527301 1.5
vertex 133.4793932954911 -124.6588534694174 0
vertex 133.68734754430824 -124.89390425527299 0
endloop
endfacet
facet normal -0.6360799333138337 -0.7716231712665637 -2.564742084553267e-15
outer loop
vertex 133.92951166551546 -125.09352985466454 1.5
vertex 133.68734754430827 -124.89390425527301 1.5
vertex 133.68734754430824 -124.89390425527299 0
endloop
endfacet
facet normal -0.6360799333138337 -0.7716231712665637 -2.564742084553267e-15
outer loop
vertex 133.92951166551546 -125.09352985466454 1.5
vertex 133.68734754430824 -124.89390425527299 0
vertex 133.87875645693302 -125.05169030021278 0
endloop
endfacet
facet normal -0.6360799333138337 -0.7716231712665637 -2.564742084553267e-15
outer loop
vertex 133.92951166551546 -125.09352985466454 1.5
vertex 133.87875645693302 -125.05169030021278 0
vertex 133.9295116655155 -125.09352985466457 0
endloop
endfacet
facet normal 0 0 -1
outer loop
vertex 134.19992274046794 -125.25281479455394 1.5
vertex 133.94341622629213 -125.1017203 1.5
vertex 133.92951166551546 -125.09352985466454 1.5
endloop
endfacet
facet normal 0 0 -1
outer loop
vertex 134.19992274046794 -125.25281479455394 1.5
vertex 133.92951166551546 -125.09352985466454 1.5
vertex 133.9295116655155 -125.09352985466457 0
endloop
endfacet
facet normal 0 0 -1
outer loop
vertex 134.19992274046794 -125.25281479455394 1.5
vertex 133.9295116655155 -125.09352985466457 0
vertex 133.94341622629213 -125.10172030000001 0
endloop
endfacet
facet normal 0 0 -1
outer loop
vertex 134.19992274046794 -125.25281479455394 1.5
vertex 133.94341622629213 -125.10172030000001 0
vertex 134.19992274046788 -125.25281479455391 0
endloop
endfacet
facet normal -0.36650245026058287 -0.9304170860173352 0
outer loop
vertex 134.4919223127743 -125.3678369285341 1.5
vertex 134.19992274046794 -125.25281479455394 1.5
vertex 134.19992274046788 -125.25281479455391 0
endloop
endfacet
facet normal -0.36650245026058287 -0.9304170860173352 0
outer loop
vertex 134.4919223127743 -125.3678369285341 1.5
vertex 134.19992274046788 -125.25281479455391 0
vertex 134.49192231277425 -125.36783692853409 0
endloop
endfacet
facet normal -0.21644045603269957 -0.9762958204316748 0
outer loop
vertex 134.79832034253403 -125.43576401364585 1.5
vertex 134.4919223127743 -125.3678369285341 1.5
vertex 134.49192231277425 -125.36783692853409 0
endloop
endfacet
facet normal -0.21644045603269957 -0.9762958204316748 0
outer loop
vertex 134.79832034253403 -125.43576401364585 1.5
vertex 134.49192231277425 -125.36783692853409 0
vertex 134.7983203425339 -125.43576401364584 0
endloop
endfacet
facet normal -0.06104894881033833 -0.9981347733894219 0
outer loop
vertex 135.1115722500001 -125.45492345 1.5
vertex 134.79832034253403 -125.43576401364585 1.5
vertex 134.7983203425339 -125.43576401364584 0
endloop
endfacet
facet normal -0.06104894881033833 -0.9981347733894219 0
outer loop
vertex 135.1115722500001 -125.45492345 1.5
vertex 134.7983203425339 -125.43576401364584 0
vertex 135.11157225000017 -125.45492345 0
endloop
endfacet
facet normal 0.017452700274915856 -0.9998476900273932 0
outer loop
vertex 155.1085286 -125.10586939999999 1.5
vertex 135.1115722500001 -125.45492345 1.5
vertex 135.11157225000017 -125.45492345 0
endloop
endfacet
facet normal 0.017452700274915856 -0.9998476900273932 0
outer loop
vertex 155.1085286 -125.10586939999999 1.5
vertex 135.11157225000017 -125.45492345 0
vertex 155.10852859999997 -125.10586939999999 0
endloop
endfacet
facet normal 0.9998477910576198 0.017446911394245035 0
outer loop
vertex 155.1084562 -125.1017203 1.5
vertex 155.1085286 -125.10586939999999 1.5
vertex 155.10852859999997 -125.10586939999999 0
endloop
endfacet
facet normal 0.9998477910576198 0.017446911394245035 0
outer loop
vertex 155.1084562 -125.1017203 1.5
vertex 155.10852859999997 -125.10586939999999 0
vertex 155.10845619999998 -125.10172030000001 0
endloop
endfacet
facet normal -0.017452406247908392 -0.9998476951596967 9.754910875576588e-15
outer loop
vertex 190.06608650000013 -125.711908 1.5
vertex 155.1084562 -125.1017203 1.5
vertex 155.10845619999998 -125.10172030000001 0
endloop
endfacet
facet normal -0.017452406247908392 -0.9998476951596967 9.754910875576588e-15
outer loop
vertex 190.06608650000013 -125.711908 1.5
vertex 155.10845619999998 -125.10172030000001 0
vertex 180.02311339753604 -125.53660725432691 0
endloop
endfacet
facet normal -0.017452406247908392 -0.9998476951596967 9.754910875576588e-15
outer loop
vertex 190.06608650000013 -125.711908 1.5
vertex 180.02311339753604 -125.53660725432691 0
vertex 190.06608650000052 -125.71190800000001 0
endloop
endfacet
facet normal -0.06394560488939761 -0.9979533854921928 0
outer loop
vertex 190.251808834503 -125.72380848272184 1.5
vertex 190.06608650000013 -125.711908 1.5
vertex 190.06608650000052 -125.71190800000001 0
endloop
endfacet
facet normal -0.06394560488939761 -0.9979533854921928 0
outer loop
vertex 190.251808834503 -125.72380848272184 1.5
vertex 190.06608650000052 -125.71190800000001 0
vertex 190.25180883450292 -125.72380848272184 0
endloop
endfacet
facet normal -0.15642377444314107 -0.9876900337600666 0
outer loop
vertex 190.43561933816497 -125.75291916702797 1.5
vertex 190.251808834503 -125.72380848272184 1.5
vertex 190.25180883450292 -125.72380848272184 0
endloop
endfacet
facet normal -0.15642377444314107 -0.9876900337600666 0
outer loop
vertex 190.43561933816497 -125.75291916702797 1.5
vertex 190.25180883450292 -125.72380848272184 0
vertex 190.43561933816483 -125.75291916702794 0
endloop
endfacet
facet normal -0.2475523105423891 -0.9688745293097164 0
outer loop
vertex 190.6159282499996 -125.79898899999989 1.5
vertex 190.43561933816497 -125.75291916702797 1.5
vertex 190.43561933816483 -125.75291916702794 0
endloop
endfacet
facet normal -0.2475523105423891 -0.9688745293097164 0
outer loop
vertex 190.6159282499996 -125.79898899999989 1.5
vertex 190.43561933816483 -125.75291916702794 0
vertex 190.61592825000028 -125.79898900000008 0
endloop
endfacet
facet normal -0.29237193461427 -0.9563046856781101 -1.5177540349440358e-14
outer loop
vertex 213.29929029999985 -132.73399469999998 1.5
vertex 190.6159282499996 -125.79898899999989 1.5
vertex 190.61592825000028 -125.79898900000008 0
endloop
endfacet
facet normal -0.29237193461427 -0.9563046856781101 -1.5177540349440358e-14
outer loop
vertex 213.29929029999985 -132.73399469999998 1.5
vertex 190.61592825000028 -125.79898900000008 0
vertex 191.5672745950195 -126.08984501644242 0
endloop
endfacet
facet normal -0.29237193461427 -0.9563046856781101 -1.5177540349440358e-14
outer loop
vertex 213.29929029999985 -132.73399469999998 1.5
vertex 191.5672745950195 -126.08984501644242 0
vertex 193.5307590386026 -126.69014296954546 0
endloop
endfacet
facet normal -0.29237193461427 -0.9563046856781101 -1.5177540349440358e-14
outer loop
vertex 213.29929029999985 -132.73399469999998 1.5
vertex 193.5307590386026 -126.69014296954546 0
vertex 195.5727146928232 -127.31443199997899 0
endloop
endfacet
facet normal -0.29237193461427 -0.9563046856781101 -1.5177540349440358e-14
outer loop
vertex 213.29929029999985 -132.73399469999998 1.5
vertex 195.5727146928232 -127.31443199997899 0
vertex 197.61467034721372 -127.93872103046446 0
endloop
endfacet
facet normal -0.29237193461427 -0.9563046856781101 -1.5177540349440358e-14
outer loop
vertex 213.29929029999985 -132.73399469999998 1.5
vertex 197.61467034721372 -127.93872103046446 0
vertex 199.57815479078974 -128.53901898356534 0
endloop
endfacet
facet normal -0.29237193461427 -0.9563046856781101 -1.5177540349440358e-14
outer loop
vertex 213.29929029999985 -132.73399469999998 1.5
vertex 199.57815479078974 -128.53901898356534 0
vertex 201.3877124176972 -129.09225674564928 0
endloop
endfacet
facet normal -0.29237193461427 -0.9563046856781101 -1.5177540349440358e-14
outer loop
vertex 213.29929029999985 -132.73399469999998 1.5
vertex 201.3877124176972 -129.09225674564928 0
vertex 202.97380294319885 -129.57717369979497 0
endloop
endfacet
facet normal -0.29237193461427 -0.9563046856781101 -1.5177540349440358e-14
outer loop
vertex 213.29929029999985 -132.73399469999998 1.5
vertex 202.97380294319885 -129.57717369979497 0
vertex 204.27547379778716 -129.97513475936788 0
endloop
endfacet
facet normal -0.29237193461427 -0.9563046856781101 -1.5177540349440358e-14
outer loop
vertex 213.29929029999985 -132.73399469999998 1.5
vertex 204.27547379778716 -129.97513475936788 0
vertex 205.24270250052805 -130.27084650403458 0
endloop
endfacet
facet normal -0.29237193461427 -0.9563046856781101 -1.5177540349440358e-14
outer loop
vertex 213.29929029999985 -132.73399469999998 1.5
vertex 205.24270250052805 -130.27084650403458 0
vertex 205.83831899482743 -130.45294489729196 0
endloop
endfacet
facet normal -0.29237193461427 -0.9563046856781101 -1.5177540349440358e-14
outer loop
vertex 213.29929029999985 -132.73399469999998 1.5
vertex 205.83831899482743 -130.45294489729196 0
vertex 206.03943407281156 -130.51443200000193 0
endloop
endfacet
facet normal -0.29237193461427 -0.9563046856781101 -1.5177540349440358e-14
outer loop
vertex 213.29929029999985 -132.73399469999998 1.5
vertex 206.03943407281156 -130.51443200000193 0
vertex 213.29929029999997 -132.7339947 0
endloop
endfacet
facet normal -0.20789778996766028 -0.9781505553474693 0
outer loop
vertex 213.6402980296003 -132.80647306537864 1.5
vertex 213.29929029999985 -132.73399469999998 1.5
vertex 213.29929029999997 -132.7339947 0
endloop
endfacet
facet normal -0.20789778996766028 -0.9781505553474693 0
outer loop
vertex 213.6402980296003 -132.80647306537864 1.5
vertex 213.29929029999997 -132.7339947 0
vertex 213.64029802960027 -132.80647306537864 0
endloop
endfacet
facet normal -0.03489589480452081 -0.9993909527936462 0
outer loop
vertex 213.98870643972927 -132.8186384979302 1.5
vertex 213.6402980296003 -132.80647306537864 1.5
vertex 213.64029802960027 -132.80647306537864 0
endloop
endfacet
facet normal -0.03489589480452081 -0.9993909527936462 0
outer loop
vertex 213.98870643972927 -132.8186384979302 1.5
vertex 213.64029802960027 -132.80647306537864 0
vertex 213.98870643972924 -132.8186384979302 0
endloop
endfacet
facet normal 0.13917555943652357 -0.9902677232221249 0
outer loop
vertex 214.3339343028442 -132.77011901188075 1.5
vertex 213.98870643972927 -132.8186384979302 1.5
vertex 213.98870643972924 -132.8186384979302 0
endloop
endfacet
facet normal 0.13917555943652357 -0.9902677232221249 0
outer loop
vertex 214.3339343028442 -132.77011901188075 1.5
vertex 213.98870643972924 -132.8186384979302 0
vertex 214.33393430284428 -132.77011901188075 0
endloop
endfacet
facet normal 0.3090182889359029 -0.951056095665827 0
outer loop
vertex 214.66549217947713 -132.6623888283645 1.5
vertex 214.3339343028442 -132.77011901188075 1.5
vertex 214.33393430284428 -132.77011901188075 0
endloop
endfacet
facet normal 0.3090182889359029 -0.951056095665827 0
outer loop
vertex 214.66549217947713 -132.6623888283645 1.5
vertex 214.33393430284428 -132.77011901188075 0
vertex 214.66549217947698 -132.66238882836456 0
endloop
endfacet
facet normal 0.4694717744519567 -0.8829474803140508 0
outer loop
vertex 214.97330598045582 -132.4987212325355 1.5
vertex 214.66549217947713 -132.6623888283645 1.5
vertex 214.66549217947698 -132.66238882836456 0
endloop
endfacet
facet normal 0.4694717744519567 -0.8829474803140508 0
outer loop
vertex 214.97330598045582 -132.4987212325355 1.5
vertex 214.66549217947698 -132.66238882836456 0
vertex 214.97330598045593 -132.49872123253544 0
endloop
endfacet
facet normal 0.6156607805135131 -0.7880112964529709 0
outer loop
vertex 215.2480230590858 -132.28408911772823 1.5
vertex 214.97330598045582 -132.4987212325355 1.5
vertex 214.97330598045593 -132.49872123253544 0
endloop
endfacet
facet normal 0.6156607805135131 -0.7880112964529709 0
outer loop
vertex 215.2480230590858 -132.28408911772823 1.5
vertex 214.97330598045593 -132.49872123253544 0
vertex 215.24802305908582 -132.2840891177282 0
endloop
endfacet
facet normal 0.7431434850838807 -0.6691320950136705 0
outer loop
vertex 215.4812963829418 -132.02501388854813 1.5
vertex 215.2480230590858 -132.28408911772823 1.5
vertex 215.24802305908582 -132.2840891177282 0
endloop
endfacet
facet normal 0.7431434850838807 -0.6691320950136705 0
outer loop
vertex 215.4812963829418 -132.02501388854813 1.5
vertex 215.24802305908582 -132.2840891177282 0
vertex 215.48129638294185 -132.02501388854807 0
endloop
endfacet
facet normal 0.8480464403453696 -0.5299219140756001 0
outer loop
vertex 215.66603815097508 -131.72936731383146 1.5
vertex 215.4812963829418 -132.02501388854813 1.5
vertex 215.48129638294185 -132.02501388854807 0
endloop
endfacet
facet normal 0.8480464403453696 -0.5299219140756001 0
outer loop
vertex 215.66603815097508 -131.72936731383146 1.5
vertex 215.48129638294185 -132.02501388854807 0
vertex 215.6660381509749 -131.7293673138318 0
endloop
endfacet
facet normal 0.9271822639430214 -0.37461053032381986 0
outer loop
vertex 215.79663514999984 -131.4061323500004 1.5
vertex 215.66603815097508 -131.72936731383146 1.5
vertex 215.6660381509749 -131.7293673138318 0
endloop
endfacet
facet normal 0.9271822639430214 -0.37461053032381986 0
outer loop
vertex 215.79663514999984 -131.4061323500004 1.5
vertex 215.6660381509749 -131.7293673138318 0
vertex 215.79663514999984 -131.40613235000038 0
endloop
endfacet
facet normal 0 0 -1
outer loop
vertex 220.03603299999997 -117.5397096 1.5
vertex 217.72409051265174 -125.1017203 1.5
vertex 217.53753710445736 -125.711908 1.5
endloop
endfacet
facet normal 0 0 -1
outer loop
vertex 220.03603299999997 -117.5397096 1.5
vertex 217.53753710445736 -125.711908 1.5
vertex 217.53389875578054 -125.72380848272184 1.5
endloop
endfacet
facet normal 0 0 -1
outer loop
vertex 220.03603299999997 -117.5397096 1.5
vertex 217.53389875578054 -125.72380848272184 1.5
vertex 217.5249987117905 -125.75291916702797 1.5
endloop
endfacet
facet normal 0 0 -1
outer loop
vertex 220.03603299999997 -117.5397096 1.5
vertex 217.5249987117905 -125.75291916702797 1.5
vertex 217.51091372719335 -125.79898899999989 1.5
endloop
endfacet
facet normal 0 0 -1
outer loop
vertex 220.03603299999997 -117.5397096 1.5
vertex 217.51091372719335 -125.79898899999989 1.5
vertex 215.79663514999984 -131.4061323500004 1.5
endloop
endfacet
facet normal 0 0 -1
outer loop
vertex 220.03603299999997 -117.5397096 1.5
vertex 215.79663514999984 -131.4061323500004 1.5
vertex 215.79663514999984 -131.40613235000038 0
endloop
endfacet
facet normal 0 0 -1
outer loop
vertex 220.03603299999997 -117.5397096 1.5
vertex 215.79663514999984 -131.40613235000038 0
vertex 216.0692557540866 -130.51443200000193 0
endloop
endfacet
facet normal 0 0 -1
outer loop
vertex 220.03603299999997 -117.5397096 1.5
vertex 216.0692557540866 -130.51443200000193 0
vertex 216.08805427882015 -130.45294489729196 0
endloop
endfacet
facet normal 0 0 -1
outer loop
vertex 220.03603299999997 -117.5397096 1.5
vertex 216.08805427882015 -130.45294489729196 0
vertex 216.14372743625825 -130.27084650403458 0
endloop
endfacet
facet normal 0 0 -1
outer loop
vertex 220.03603299999997 -117.5397096 1.5
vertex 216.14372743625825 -130.27084650403458 0
vertex 216.2341357381802 -129.97513475936788 0
endloop
endfacet
facet normal 0 0 -1
outer loop
vertex 220.03603299999997 -117.5397096 1.5
vertex 216.2341357381802 -129.97513475936788 0
vertex 216.35580484424705 -129.57717369979497 0
endloop
endfacet
facet normal 0 0 -1
outer loop
vertex 220.03603299999997 -117.5397096 1.5
vertex 216.35580484424705 -129.57717369979497 0
vertex 216.50405907894745 -129.09225674564928 0
endloop
endfacet
facet normal 0 0 -1
outer loop
vertex 220.03603299999997 -117.5397096 1.5
vertex 216.50405907894745 -129.09225674564928 0
vertex 216.67320111517432 -128.53901898356534 0
endloop
endfacet
facet normal 0 0 -1
outer loop
vertex 220.03603299999997 -117.5397096 1.5
vertex 216.67320111517432 -128.53901898356534 0
vertex 216.85673091933634 -127.93872103046446 0
endloop
endfacet
facet normal 0 0 -1
outer loop
vertex 220.03603299999997 -117.5397096 1.5
vertex 216.85673091933634 -127.93872103046446 0
vertex 217.0475955440009 -127.31443199997899 0
endloop
endfacet
facet normal 0 0 -1
outer loop
vertex 220.03603299999997 -117.5397096 1.5
vertex 217.0475955440009 -127.31443199997899 0
vertex 217.23846016864957 -126.69014296954546 0
endloop
endfacet
facet normal 0 0 -1
outer loop
vertex 220.03603299999997 -117.5397096 1.5
vertex 217.23846016864957 -126.69014296954546 0
vertex 217.42198997281224 -126.08984501644242 0
endloop
endfacet
facet normal 0 0 -1
outer loop
vertex 220.03603299999997 -117.5397096 1.5
vertex 217.42198997281224 -126.08984501644242 0
vertex 217.59113200904875 -125.53660725432691 0
endloop
endfacet
facet normal 0 0 -1
outer loop
vertex 220.03603299999997 -117.5397096 1.5
vertex 217.59113200904875 -125.53660725432691 0
vertex 217.73938624373952 -125.05169030021278 0
endloop
endfacet
facet normal 0 0 -1
outer loop
vertex 220.03603299999997 -117.5397096 1.5
vertex 217.73938624373952 -125.05169030021278 0
vertex 217.86105534981007 -124.65372924062771 0
endloop
endfacet
facet normal 0 0 -1
outer loop
vertex 220.03603299999997 -117.5397096 1.5
vertex 217.86105534981007 -124.65372924062771 0
vertex 217.95146365173278 -124.35801749595856 0
endloop
endfacet
facet normal 0 0 -1
outer loop
vertex 220.03603299999997 -117.5397096 1.5
vertex 217.95146365173278 -124.35801749595856 0
vertex 218.00713680916806 -124.17591910271041 0
endloop
endfacet
facet normal 0 0 -1
outer loop
vertex 220.03603299999997 -117.5397096 1.5
vertex 218.00713680916806 -124.17591910271041 0
vertex 218.0259353339013 -124.11443200000141 0
endloop
endfacet
facet normal 0 0 -1
outer loop
vertex 220.03603299999997 -117.5397096 1.5
vertex 218.0259353339013 -124.11443200000141 0
vertex 218.18486553213958 -123.59459560000093 0
endloop
endfacet
facet normal 0 0 -1
outer loop
vertex 220.03603299999997 -117.5397096 1.5
vertex 218.18486553213958 -123.59459560000093 0
vertex 218.20366405687363 -123.53310849728926 0
endloop
endfacet
facet normal 0 0 -1
outer loop
vertex 220.03603299999997 -117.5397096 1.5
vertex 218.20366405687363 -123.53310849728926 0
vertex 218.25933721430943 -123.35101010403943 0
endloop
endfacet
facet normal 0 0 -1
outer loop
vertex 220.03603299999997 -117.5397096 1.5
vertex 218.25933721430943 -123.35101010403943 0
vertex 218.3497455162321 -123.05529835937043 0
endloop
endfacet
facet normal 0 0 -1
outer loop
vertex 220.03603299999997 -117.5397096 1.5
vertex 218.3497455162321 -123.05529835937043 0
vertex 218.47141462229658 -122.65733729980515 0
endloop
endfacet
facet normal 0 0 -1
outer loop
vertex 220.03603299999997 -117.5397096 1.5
vertex 218.47141462229658 -122.65733729980515 0
vertex 218.61966885699596 -122.1724203456629 0
endloop
endfacet
facet normal 0 0 -1
outer loop
vertex 220.03603299999997 -117.5397096 1.5
vertex 218.61966885699596 -122.1724203456629 0
vertex 218.78881089322886 -121.61918258355921 0
endloop
endfacet
facet normal 0 0 -1
outer loop
vertex 220.03603299999997 -117.5397096 1.5
vertex 218.78881089322886 -121.61918258355921 0
vertex 218.97234069739272 -121.01888463045228 0
endloop
endfacet
facet normal 0 0 -1
outer loop
vertex 220.03603299999997 -117.5397096 1.5
vertex 218.97234069739272 -121.01888463045228 0
vertex 219.163205322052 -120.3945955999841 0
endloop
endfacet
facet normal 0 0 -1
outer loop
vertex 220.03603299999997 -117.5397096 1.5
vertex 219.163205322052 -120.3945955999841 0
vertex 219.35406994669944 -119.7703065695546 0
endloop
endfacet
facet normal 0 0 -1
outer loop
vertex 220.03603299999997 -117.5397096 1.5
vertex 219.35406994669944 -119.7703065695546 0
vertex 219.53759975086635 -119.17000861643771 0
endloop
endfacet
facet normal 0 0 -1
outer loop
vertex 220.03603299999997 -117.5397096 1.5
vertex 219.53759975086635 -119.17000861643771 0
vertex 219.70674178709848 -118.61677085433654 0
endloop
endfacet
facet normal 0 0 -1
outer loop
vertex 220.03603299999997 -117.5397096 1.5
vertex 219.70674178709848 -118.61677085433654 0
vertex 219.85499602179542 -118.13185390020224 0
endloop
endfacet
facet normal 0 0 -1
outer loop
vertex 220.03603299999997 -117.5397096 1.5
vertex 219.85499602179542 -118.13185390020224 0
vertex 219.9766651278612 -117.7338928406327 0
endloop
endfacet
facet normal 0 0 -1
outer loop
vertex 220.03603299999997 -117.5397096 1.5
vertex 219.9766651278612 -117.7338928406327 0
vertex 220.03603299999995 -117.53970960000015 0
endloop
endfacet
facet normal 0.9781500533351569 -0.20790015190092997 3.1314992675706025e-15
outer loop
vertex 220.10851221537865 -117.19870192039942 1.5
vertex 220.03603299999997 -117.5397096 1.5
vertex 220.03603299999995 -117.53970960000015 0
endloop
endfacet
facet normal 0.9781500533351569 -0.20790015190092997 3.1314992675706025e-15
outer loop
vertex 220.10851221537865 -117.19870192039942 1.5
vertex 220.03603299999995 -117.53970960000015 0
vertex 220.05761229791952 -117.43818109596609 0
endloop
endfacet
facet normal 0.9781500533351569 -0.20790015190092997 3.1314992675706025e-15
outer loop
vertex 220.10851221537865 -117.19870192039942 1.5
vertex 220.05761229791952 -117.43818109596609 0
vertex 220.09631626106903 -117.25608270270938 0
endloop
endfacet
facet normal 0.9781500533351569 -0.20790015190092997 3.1314992675706025e-15
outer loop
vertex 220.10851221537865 -117.19870192039942 1.5
vertex 220.09631626106903 -117.25608270270938 0
vertex 220.10851221537865 -117.1987019203995 0
endloop
endfacet
facet normal 0.9993909527936455 -0.03489589480453412 1.9837501132968094e-15
outer loop
vertex 220.12067764793022 -116.8502935102709 1.5
vertex 220.10851221537865 -117.19870192039942 1.5
vertex 220.10851221537865 -117.1987019203995 0
endloop
endfacet
facet normal 0.9993909527936455 -0.03489589480453412 1.9837501132968094e-15
outer loop
vertex 220.12067764793022 -116.8502935102709 1.5
vertex 220.10851221537865 -117.1987019203995 0
vertex 220.10865559642914 -117.19459560000094 0
endloop
endfacet
facet normal 0.9993909527936455 -0.03489589480453412 1.9837501132968094e-15
outer loop
vertex 220.12067764793022 -116.8502935102709 1.5
vertex 220.10865559642914 -117.19459560000094 0
vertex 220.12067764793022 -116.85029351027082 0
endloop
endfacet
facet normal 0.9902677232221249 0.13917555943652357 0
outer loop
vertex 220.07215816188076 -116.50506564715572 1.5
vertex 220.12067764793022 -116.8502935102709 1.5
vertex 220.12067764793022 -116.85029351027082 0
endloop
endfacet
facet normal 0.9902677232221249 0.13917555943652357 0
outer loop
vertex 220.07215816188076 -116.50506564715572 1.5
vertex 220.12067764793022 -116.85029351027082 0
vertex 220.0721581618808 -116.50506564715589 0
endloop
endfacet
facet normal 0.951056095665827 0.3090182889359029 0
outer loop
vertex 219.96442797836463 -116.17350777052316 1.5
vertex 220.07215816188076 -116.50506564715572 1.5
vertex 220.0721581618808 -116.50506564715589 0
endloop
endfacet
facet normal 0.951056095665827 0.3090182889359029 0
outer loop
vertex 219.96442797836463 -116.17350777052316 1.5
vertex 220.0721581618808 -116.50506564715589 0
vertex 219.96442797836457 -116.17350777052303 0
endloop
endfacet
facet normal 0.8829474803140626 0.4694717744519345 0
outer loop
vertex 219.80076038253546 -115.86569396954414 1.5
vertex 219.96442797836463 -116.17350777052316 1.5
vertex 219.96442797836457 -116.17350777052303 0
endloop
endfacet
facet normal 0.8829474803140626 0.4694717744519345 0
outer loop
vertex 219.80076038253546 -115.86569396954414 1.5
vertex 219.96442797836457 -116.17350777052303 0
vertex 219.80076038253546 -115.86569396954414 0
endloop
endfacet
facet normal 0.7880112964529516 0.6156607805135377 0
outer loop
vertex 219.58612826772807 -115.59097689091404 1.5
vertex 219.80076038253546 -115.86569396954414 1.5
vertex 219.80076038253546 -115.86569396954414 0
endloop
endfacet
facet normal 0.7880112964529516 0.6156607805135377 0
outer loop
vertex 219.58612826772807 -115.59097689091404 1.5
vertex 219.80076038253546 -115.86569396954414 0
vertex 219.5861282677281 -115.59097689091408 0
endloop
endfacet
facet normal 0.6691320950136777 0.7431434850838745 0
outer loop
vertex 219.32705303854817 -115.35770356705827 1.5
vertex 219.58612826772807 -115.59097689091404 1.5
vertex 219.5861282677281 -115.59097689091408 0
endloop
endfacet
facet normal 0.6691320950136777 0.7431434850838745 0
outer loop
vertex 219.32705303854817 -115.35770356705827 1.5
vertex 219.5861282677281 -115.59097689091408 0
vertex 219.32705303854814 -115.35770356705825 0
endloop
endfacet
facet normal 0.5299219140756772 0.8480464403453212 0
outer loop
vertex 219.03140646383162 -115.172961799025 1.5
vertex 219.32705303854817 -115.35770356705827 1.5
vertex 219.32705303854814 -115.35770356705825 0
endloop
endfacet
facet normal 0.5299219140756772 0.8480464403453212 0
outer loop
vertex 219.03140646383162 -115.172961799025 1.5
vertex 219.32705303854814 -115.35770356705825 0
vertex 219.0314064638316 -115.17296179902499 0
endloop
endfacet
facet normal 0.37461053032379604 0.927182263943031 0
outer loop
vertex 218.70817149999993 -115.04236479999999 1.5
vertex 219.03140646383162 -115.172961799025 1.5
vertex 219.0314064638316 -115.17296179902499 0
endloop
endfacet
facet normal 0.37461053032379604 0.927182263943031 0
outer loop
vertex 218.70817149999993 -115.04236479999999 1.5
vertex 219.0314064638316 -115.17296179902499 0
vertex 218.70817149999996 -115.0423648 0
endloop
endfacet
facet normal 0.29237767209545507 0.9563029315337492 0
outer loop
vertex 217.73551000000003 -114.74498570000002 1.5
vertex 218.70817149999993 -115.04236479999999 1.5
vertex 218.70817149999996 -115.0423648 0
endloop
endfacet
facet normal 0.29237767209545507 0.9563029315337492 0
outer loop
vertex 217.73551000000003 -114.74498570000002 1.5
vertex 218.70817149999996 -115.0423648 0
vertex 217.73551000000015 -114.74498570000006 0
endloop
endfacet
facet normal 0.37056287028127644 0.9288073853974794 0
outer loop
vertex 217.4278573260797 -114.62224264294642 1.5
vertex 217.73551000000003 -114.74498570000002 1.5
vertex 217.73551000000015 -114.74498570000006 0
endloop
endfacet
facet normal 0.37056287028127644 0.9288073853974794 0
outer loop
vertex 217.4278573260797 -114.62224264294642 1.5
vertex 217.73551000000015 -114.74498570000006 0
vertex 217.42785732607976 -114.62224264294645 0
endloop
endfacet
facet normal 0.5187715162054208 0.8549129277148222 0
outer loop
vertex 217.14468191885877 -114.45040837703027 1.5
vertex 217.4278573260797 -114.62224264294642 1.5
vertex 217.42785732607976 -114.62224264294645 0
endloop
endfacet
facet normal 0.5187715162054208 0.8549129277148222 0
outer loop
vertex 217.14468191885877 -114.45040837703027 1.5
vertex 217.42785732607976 -114.62224264294645 0
vertex 217.14468191885885 -114.45040837703031 0
endloop
endfacet
facet normal 0.6527582883213141 0.7575662459665348 0
outer loop
vertex 216.89375094888027 -114.23419326538551 1.5
vertex 217.14468191885877 -114.45040837703027 1.5
vertex 217.14468191885885 -114.45040837703031 0
endloop
endfacet
facet normal 0.6527582883213141 0.7575662459665348 0
outer loop
vertex 216.89375094888027 -114.23419326538551 1.5
vertex 217.14468191885885 -114.45040837703031 0
vertex 216.8937509488803 -114.23419326538549 0
endloop
endfacet
facet normal 0.7688406633043909 0.6394404072700319 0
outer loop
vertex 216.6819471594508 -113.97952783588822 1.5
vertex 216.89375094888027 -114.23419326538551 1.5
vertex 216.8937509488803 -114.23419326538549 0
endloop
endfacet
facet normal 0.7688406633043909 0.6394404072700319 0
outer loop
vertex 216.6819471594508 -113.97952783588822 1.5
vertex 216.8937509488803 -114.23419326538549 0
vertex 216.68194715945071 -113.97952783588809 0
endloop
endfacet
facet normal 0.8638346372452641 0.5037754653566836 0
outer loop
vertex 216.51508008103178 -113.6933972637052 1.5
vertex 216.6819471594508 -113.97952783588822 1.5
vertex 216.68194715945071 -113.97952783588809 0
endloop
endfacet
facet normal 0.8638346372452641 0.5037754653566836 0
outer loop
vertex 216.51508008103178 -113.6933972637052 1.5
vertex 216.68194715945071 -113.97952783588809 0
vertex 216.51508008103178 -113.6933972637052 0
endloop
endfacet
facet normal 0.935134636434617 0.3542925510652134 0
outer loop
vertex 216.39772668260858 -113.38364977610235 1.5
vertex 216.51508008103178 -113.6933972637052 1.5
vertex 216.51508008103178 -113.6933972637052 0
endloop
endfacet
facet normal 0.935134636434617 0.3542925510652134 0
outer loop
vertex 216.39772668260858 -113.38364977610235 1.5
vertex 216.51508008103178 -113.6933972637052 0
vertex 216.39772668260855 -113.38364977610223 0
endloop
endfacet
facet normal 0.9807849852051067 0.19509180607144605 0
outer loop
vertex 216.3331058307782 -113.0587813847402 1.5
vertex 216.39772668260858 -113.38364977610235 1.5
vertex 216.39772668260855 -113.38364977610223 0
endloop
endfacet
facet normal 0.9807849852051067 0.19509180607144605 0
outer loop
vertex 216.3331058307782 -113.0587813847402 1.5
vertex 216.39772668260855 -113.38364977610223 0
vertex 216.33310583077818 -113.05878138473994 0
endloop
endfacet
facet normal 0.9995335478301866 0.03053992079230737 0
outer loop
vertex 216.32298999999998 -112.72770284999962 1.5
vertex 216.3331058307782 -113.0587813847402 1.5
vertex 216.33310583077818 -113.05878138473994 0
endloop
endfacet
facet normal 0.9995335478301866 0.03053992079230737 0
outer loop
vertex 216.32298999999998 -112.72770284999962 1.5
vertex 216.33310583077818 -113.05878138473994 0
vertex 216.32298999999998 -112.72770284999956 0
endloop
endfacet
facet normal 0 0 1
outer loop
vertex 219.6112173 -49.98467259999958 1.5
vertex 219.21030927728242 -57.63444309999994 1.5
vertex 219.20879877407702 -57.66326517939487 1.5
endloop
endfacet
facet normal 0 0 1
outer loop
vertex 219.6112173 -49.98467259999958 1.5
vertex 219.20879877407702 -57.66326517939487 1.5
vertex 219.2043253122517 -57.74862380123557 1.5
endloop
endfacet
facet normal 0 0 1
outer loop
vertex 219.6112173 -49.98467259999958 1.5
vertex 219.2043253122517 -57.74862380123557 1.5
vertex 219.1970608044366 -57.88723868153755 1.5
endloop
endfacet
facet normal 0 0 1
outer loop
vertex 219.6112173 -49.98467259999958 1.5
vertex 219.1970608044366 -57.88723868153755 1.5
vertex 219.18728442159113 -58.07378292822327 1.5
endloop
endfacet
facet normal 0 0 1
outer loop
vertex 219.6112173 -49.98467259999958 1.5
vertex 219.18728442159113 -58.07378292822327 1.5
vertex 219.1753718646273 -58.30108775047099 1.5
endloop
endfacet
facet normal 0 0 1
outer loop
vertex 219.6112173 -49.98467259999958 1.5
vertex 219.1753718646273 -58.30108775047099 1.5
vertex 219.1617809264278 -58.56041795145077 1.5
endloop
endfacet
facet normal 0 0 1
outer loop
vertex 219.6112173 -49.98467259999958 1.5
vertex 219.1617809264278 -58.56041795145077 1.5
vertex 219.1470338991255 -58.841807616978485 1.5
endloop
endfacet
facet normal 0 0 1
outer loop
vertex 219.6112173 -49.98467259999958 1.5
vertex 219.1470338991255 -58.841807616978485 1.5
vertex 219.13169750271004 -59.1344431000003 1.5
endloop
endfacet
facet normal 0 0 1
outer loop
vertex 219.6112173 -49.98467259999958 1.5
vertex 219.13169750271004 -59.1344431000003 1.5
vertex 219.11636110629456 -59.42707858302235 1.5
endloop
endfacet
facet normal 0 0 1
outer loop
vertex 219.6112173 -49.98467259999958 1.5
vertex 219.11636110629456 -59.42707858302235 1.5
vertex 219.1016140789924 -59.70846824854704 1.5
endloop
endfacet
facet normal 0 0 1
outer loop
vertex 219.6112173 -49.98467259999958 1.5
vertex 219.1016140789924 -59.70846824854704 1.5
vertex 219.08802314079247 -59.96779844953548 1.5
endloop
endfacet
facet normal 0 0 1
outer loop
vertex 219.6112173 -49.98467259999958 1.5
vertex 219.08802314079247 -59.96779844953548 1.5
vertex 219.07611058382952 -60.19510327176667 1.5
endloop
endfacet
facet normal 0 0 1
outer loop
vertex 219.6112173 -49.98467259999958 1.5
vertex 219.07611058382952 -60.19510327176667 1.5
vertex 219.06633420098404 -60.38164751845227 1.5
endloop
endfacet
facet normal 0 0 1
outer loop
vertex 219.6112173 -49.98467259999958 1.5
vertex 219.06633420098404 -60.38164751845227 1.5
vertex 219.0590696931683 -60.52026239876594 1.5
endloop
endfacet
facet normal 0 0 1
outer loop
vertex 219.6112173 -49.98467259999958 1.5
vertex 219.0590696931683 -60.52026239876594 1.5
vertex 219.0545962313431 -60.605621020604694 1.5
endloop
endfacet
facet normal 0 0 1
outer loop
vertex 219.6112173 -49.98467259999958 1.5
vertex 219.0545962313431 -60.605621020604694 1.5
vertex 219.0530857281377 -60.6344431 1.5
endloop
endfacet
facet normal 0 0 1
outer loop
vertex 219.6112173 -49.98467259999958 1.5
vertex 219.0530857281377 -60.6344431 1.5
vertex 219.05078014960515 -60.6784361000005 1.5
endloop
endfacet
facet normal 0 0 1
outer loop
vertex 219.6112173 -49.98467259999958 1.5
vertex 219.05078014960515 -60.6784361000005 1.5
vertex 219.04926964639975 -60.707258179395424 1.5
endloop
endfacet
facet normal 0 0 1
outer loop
vertex 219.6112173 -49.98467259999958 1.5
vertex 219.04926964639975 -60.707258179395424 1.5
vertex 219.04479618457452 -60.7926168012351 1.5
endloop
endfacet
facet normal 0 0 1
outer loop
vertex 219.6112173 -49.98467259999958 1.5
vertex 219.04479618457452 -60.7926168012351 1.5
vertex 219.0375316767595 -60.93123168153531 1.5
endloop
endfacet
facet normal 0 0 1
outer loop
vertex 219.6112173 -49.98467259999958 1.5
vertex 219.0375316767595 -60.93123168153531 1.5
vertex 219.02775529391312 -61.11777592823768 1.5
endloop
endfacet
facet normal 0 0 1
outer loop
vertex 219.6112173 -49.98467259999958 1.5
vertex 219.02775529391312 -61.11777592823768 1.5
vertex 219.01584273695048 -61.34508075046291 1.5
endloop
endfacet
facet normal 0 0 1
outer loop
vertex 219.6112173 -49.98467259999958 1.5
vertex 219.01584273695048 -61.34508075046291 1.5
vertex 219.00225179875036 -61.6044109514545 1.5
endloop
endfacet
facet normal 0 0 1
outer loop
vertex 219.6112173 -49.98467259999958 1.5
vertex 219.00225179875036 -61.6044109514545 1.5
vertex 218.98750477144807 -61.885800616981825 1.5
endloop
endfacet
facet normal 0 0 1
outer loop
vertex 219.6112173 -49.98467259999958 1.5
vertex 218.98750477144807 -61.885800616981825 1.5
vertex 218.9721683750331 -62.178436099994485 1.5
endloop
endfacet
facet normal 0 0 1
outer loop
vertex 219.6112173 -49.98467259999958 1.5
vertex 218.9721683750331 -62.178436099994485 1.5
vertex 218.9568319786169 -62.47107158303075 1.5
endloop
endfacet
facet normal 0 0 1
outer loop
vertex 219.6112173 -49.98467259999958 1.5
vertex 218.9568319786169 -62.47107158303075 1.5
vertex 218.9420849513157 -62.752461248537095 1.5
endloop
endfacet
facet normal 0 0 1
outer loop
vertex 219.6112173 -49.98467259999958 1.5
vertex 218.9420849513157 -62.752461248537095 1.5
vertex 218.92849401311565 -63.011791449527685 1.5
endloop
endfacet
facet normal 0 0 1
outer loop
vertex 219.6112173 -49.98467259999958 1.5
vertex 218.92849401311565 -63.011791449527685 1.5
vertex 218.91658145615133 -63.23909627178468 1.5
endloop
endfacet
facet normal 0 0 1
outer loop
vertex 219.6112173 -49.98467259999958 1.5
vertex 218.91658145615133 -63.23909627178468 1.5
vertex 218.9068050733064 -63.42564051845992 1.5
endloop
endfacet
facet normal 0 0 1
outer loop
vertex 219.6112173 -49.98467259999958 1.5
vertex 218.9068050733064 -63.42564051845992 1.5
vertex 218.8995405654911 -63.56425539876559 1.5
endloop
endfacet
facet normal 0 0 1
outer loop
vertex 219.6112173 -49.98467259999958 1.5
vertex 218.8995405654911 -63.56425539876559 1.5
vertex 218.89506710366584 -63.649614020605085 1.5
endloop
endfacet
facet normal 0 0 1
outer loop
vertex 219.6112173 -49.98467259999958 1.5
vertex 218.89506710366584 -63.649614020605085 1.5
vertex 218.8935566004604 -63.678436100000475 1.5
endloop
endfacet
facet normal 0 0 1
outer loop
vertex 219.6112173 -49.98467259999958 1.5
vertex 218.8935566004604 -63.678436100000475 1.5
vertex 217.25012052237804 -95.03702239999978 1.5
endloop
endfacet
facet normal 0 0 1
outer loop
vertex 219.6112173 -49.98467259999958 1.5
vertex 217.25012052237804 -95.03702239999978 1.5
vertex 217.24861001917267 -95.06584447939423 1.5
endloop
endfacet
facet normal 0 0 1
outer loop
vertex 219.6112173 -49.98467259999958 1.5
vertex 217.24861001917267 -95.06584447939423 1.5
vertex 217.24413655734756 -95.15120310123103 1.5
endloop
endfacet
facet normal 0 0 1
outer loop
vertex 219.6112173 -49.98467259999958 1.5
vertex 217.24413655734756 -95.15120310123103 1.5
vertex 217.2368720495315 -95.28981798155107 1.5
endloop
endfacet
facet normal 0 0 1
outer loop
vertex 219.6112173 -49.98467259999958 1.5
vertex 217.2368720495315 -95.28981798155107 1.5
vertex 217.22709566668664 -95.47636222822483 1.5
endloop
endfacet
facet normal 0 0 1
outer loop
vertex 219.6112173 -49.98467259999958 1.5
vertex 217.22709566668664 -95.47636222822483 1.5
vertex 217.2151831097234 -95.70366705046132 1.5
endloop
endfacet
facet normal 0 0 1
outer loop
vertex 219.6112173 -49.98467259999958 1.5
vertex 217.2151831097234 -95.70366705046132 1.5
vertex 217.20159217152303 -95.96299725145815 1.5
endloop
endfacet
facet normal 0 0 1
outer loop
vertex 219.6112173 -49.98467259999958 1.5
vertex 217.20159217152303 -95.96299725145815 1.5
vertex 217.1868451442214 -96.24438691697304 1.5
endloop
endfacet
facet normal 0 0 1
outer loop
vertex 219.6112173 -49.98467259999958 1.5
vertex 217.1868451442214 -96.24438691697304 1.5
vertex 217.17150874780592 -96.5370223999953 1.5
endloop
endfacet
facet normal 0 0 1
outer loop
vertex 219.6112173 -49.98467259999958 1.5
vertex 217.17150874780592 -96.5370223999953 1.5
vertex 217.15617235139032 -96.82965788301962 1.5
endloop
endfacet
facet normal 0 0 1
outer loop
vertex 219.6112173 -49.98467259999958 1.5
vertex 217.15617235139032 -96.82965788301962 1.5
vertex 217.14142532408795 -97.11104754854863 1.5
endloop
endfacet
facet normal 0 0 1
outer loop
vertex 219.6112173 -49.98467259999958 1.5
vertex 217.14142532408795 -97.11104754854863 1.5
vertex 217.12783438588866 -97.37037774952469 1.5
endloop
endfacet
facet normal 0 0 1
outer loop
vertex 219.6112173 -49.98467259999958 1.5
vertex 217.12783438588866 -97.37037774952469 1.5
vertex 217.11592182892457 -97.59768257177717 1.5
endloop
endfacet
facet normal 0 0 1
outer loop
vertex 219.6112173 -49.98467259999958 1.5
vertex 217.11592182892457 -97.59768257177717 1.5
vertex 217.1061454460796 -97.78422681845305 1.5
endloop
endfacet
facet normal 0 0 1
outer loop
vertex 219.6112173 -49.98467259999958 1.5
vertex 217.1061454460796 -97.78422681845305 1.5
vertex 217.09888093826368 -97.9228416987704 1.5
endloop
endfacet
facet normal 0 0 1
outer loop
vertex 219.6112173 -49.98467259999958 1.5
vertex 217.09888093826368 -97.9228416987704 1.5
vertex 217.09440747643873 -98.00820032060437 1.5
endloop
endfacet
facet normal 0 0 1
outer loop
vertex 219.6112173 -49.98467259999958 1.5
vertex 217.09440747643873 -98.00820032060437 1.5
vertex 217.0928969732333 -98.0370224 1.5
endloop
endfacet
facet normal 0 0 1
outer loop
vertex 219.6112173 -49.98467259999958 1.5
vertex 217.0928969732333 -98.0370224 1.5
vertex 216.95906854499978 -100.59061749999991 1.5
endloop
endfacet
facet normal 0 0 1
outer loop
vertex 219.6112173 -49.98467259999958 1.5
vertex 216.95906854499978 -100.59061749999991 1.5
vertex 216.95755804179444 -100.6194395793933 1.5
endloop
endfacet
facet normal 0 0 1
outer loop
vertex 219.6112173 -49.98467259999958 1.5
vertex 216.95755804179444 -100.6194395793933 1.5
vertex 216.9530845799691 -100.70479820123498 1.5
endloop
endfacet
facet normal 0 0 1
outer loop
vertex 219.6112173 -49.98467259999958 1.5
vertex 216.9530845799691 -100.70479820123498 1.5
vertex 216.94582007215308 -100.84341308155392 1.5
endloop
endfacet
facet normal 0 0 1
outer loop
vertex 219.6112173 -49.98467259999958 1.5
vertex 216.94582007215308 -100.84341308155392 1.5
vertex 216.93604368930983 -101.02995732819744 1.5
endloop
endfacet
facet normal 0 0 1
outer loop
vertex 219.6112173 -49.98467259999958 1.5
vertex 216.93604368930983 -101.02995732819744 1.5
vertex 216.9241311323444 -101.2572621504753 1.5
endloop
endfacet
facet normal 0 0 1
outer loop
vertex 219.6112173 -49.98467259999958 1.5
vertex 216.9241311323444 -101.2572621504753 1.5
vertex 216.91054019414452 -101.51659235146299 1.5
endloop
endfacet
facet normal 0 0 1
outer loop
vertex 219.6112173 -49.98467259999958 1.5
vertex 216.91054019414452 -101.51659235146299 1.5
vertex 216.89579316684288 -101.79798201697791 1.5
endloop
endfacet
facet normal 0 0 1
outer loop
vertex 219.6112173 -49.98467259999958 1.5
vertex 216.89579316684288 -101.79798201697791 1.5
vertex 216.88045677042814 -102.09061749998668 1.5
endloop
endfacet
facet normal 0 0 1
outer loop
vertex 219.6112173 -49.98467259999958 1.5
vertex 216.88045677042814 -102.09061749998668 1.5
vertex 216.8651203740113 -102.38325298303457 1.5
endloop
endfacet
facet normal 0 0 1
outer loop
vertex 219.6112173 -49.98467259999958 1.5
vertex 216.8651203740113 -102.38325298303457 1.5
vertex 216.85037334670997 -102.66464264854338 1.5
endloop
endfacet
facet normal 0 0 1
outer loop
vertex 219.6112173 -49.98467259999958 1.5
vertex 216.85037334670997 -102.66464264854338 1.5
vertex 216.8367824085104 -102.92397284952476 1.5
endloop
endfacet
facet normal 0 0 1
outer loop
vertex 219.6112173 -49.98467259999958 1.5
vertex 216.8367824085104 -102.92397284952476 1.5
vertex 216.82486985154628 -103.15127767177809 1.5
endloop
endfacet
facet normal 0 0 1
outer loop
vertex 219.6112173 -49.98467259999958 1.5
vertex 216.82486985154628 -103.15127767177809 1.5
vertex 216.81509346870124 -103.33782191845523 1.5
endloop
endfacet
facet normal 0 0 1
outer loop
vertex 219.6112173 -49.98467259999958 1.5
vertex 216.81509346870124 -103.33782191845523 1.5
vertex 216.80782896088576 -103.47643679876452 1.5
endloop
endfacet
facet normal 0 0 1
outer loop
vertex 219.6112173 -49.98467259999958 1.5
vertex 216.80782896088576 -103.47643679876452 1.5
vertex 216.8033554990605 -103.56179542060434 1.5
endloop
endfacet
facet normal 0 0 1
outer loop
vertex 219.6112173 -49.98467259999958 1.5
vertex 216.8033554990605 -103.56179542060434 1.5
vertex 216.80184499585505 -103.59061750000022 1.5
endloop
endfacet
facet normal 0 0 1
outer loop
vertex 219.6112173 -49.98467259999958 1.5
vertex 216.80184499585505 -103.59061750000022 1.5
vertex 216.7858225038057 -103.89634444999963 1.5
endloop
endfacet
facet normal 0 0 1
outer loop
vertex 219.6112173 -49.98467259999958 1.5
vertex 216.7858225038057 -103.89634444999963 1.5
vertex 216.7814729116982 -103.97933949999961 1.5
endloop
endfacet
facet normal 0 0 1
outer loop
vertex 219.6112173 -49.98467259999958 1.5
vertex 216.7814729116982 -103.97933949999961 1.5
vertex 216.77996240849288 -104.00816157939298 1.5
endloop
endfacet
facet normal 0 0 1
outer loop
vertex 219.6112173 -49.98467259999958 1.5
vertex 216.77996240849288 -104.00816157939298 1.5
vertex 216.77548894666748 -104.09352020123559 1.5
endloop
endfacet
facet normal 0 0 1
outer loop
vertex 219.6112173 -49.98467259999958 1.5
vertex 216.77548894666748 -104.09352020123559 1.5
vertex 216.76822443885195 -104.23213508154561 1.5
endloop
endfacet
facet normal 0 0 1
outer loop
vertex 219.6112173 -49.98467259999958 1.5
vertex 216.76822443885195 -104.23213508154561 1.5
vertex 216.758448056007 -104.41867932822088 1.5
endloop
endfacet
facet normal 0 0 1
outer loop
vertex 219.6112173 -49.98467259999958 1.5
vertex 216.758448056007 -104.41867932822088 1.5
vertex 216.74653549904392 -104.64598415045415 1.5
endloop
endfacet
facet normal 0 0 1
outer loop
vertex 219.6112173 -49.98467259999958 1.5
vertex 216.74653549904392 -104.64598415045415 1.5
vertex 216.7329445608432 -104.90531435145735 1.5
endloop
endfacet
facet normal 0 0 1
outer loop
vertex 219.6112173 -49.98467259999958 1.5
vertex 216.7329445608432 -104.90531435145735 1.5
vertex 216.71819753354046 -105.1867040169933 1.5
endloop
endfacet
facet normal 0 0 1
outer loop
vertex 219.6112173 -49.98467259999958 1.5
vertex 216.71819753354046 -105.1867040169933 1.5
vertex 216.70286113712666 -105.47933949998352 1.5
endloop
endfacet
facet normal 0 0 1
outer loop
vertex 219.6112173 -49.98467259999958 1.5
vertex 216.70286113712666 -105.47933949998352 1.5
vertex 216.68752474070976 -105.77197498303288 1.5
endloop
endfacet
facet normal 0 0 1
outer loop
vertex 219.6112173 -49.98467259999958 1.5
vertex 216.68752474070976 -105.77197498303288 1.5
vertex 216.67277771340895 -106.05336464853217 1.5
endloop
endfacet
facet normal 0 0 1
outer loop
vertex 219.6112173 -49.98467259999958 1.5
vertex 216.67277771340895 -106.05336464853217 1.5
vertex 216.65918677520895 -106.31269484952176 1.5
endloop
endfacet
facet normal 0 0 1
outer loop
vertex 219.6112173 -49.98467259999958 1.5
vertex 216.65918677520895 -106.31269484952176 1.5
vertex 216.64727421824423 -106.5399996717862 1.5
endloop
endfacet
facet normal 0 0 1
outer loop
vertex 219.6112173 -49.98467259999958 1.5
vertex 216.64727421824423 -106.5399996717862 1.5
vertex 216.63749783539976 -106.72654391845268 1.5
endloop
endfacet
facet normal 0 0 1
outer loop
vertex 219.6112173 -49.98467259999958 1.5
vertex 216.63749783539976 -106.72654391845268 1.5
vertex 216.63023332758385 -106.8651587987697 1.5
endloop
endfacet
facet normal 0 0 1
outer loop
vertex 219.6112173 -49.98467259999958 1.5
vertex 216.63023332758385 -106.8651587987697 1.5
vertex 216.62575986575897 -106.95051742060271 1.5
endloop
endfacet
facet normal 0 0 1
outer loop
vertex 219.6112173 -49.98467259999958 1.5
vertex 216.62575986575897 -106.95051742060271 1.5
vertex 216.62424936255346 -106.97933949999991 1.5
endloop
endfacet
facet normal 0 0 1
outer loop
vertex 219.6112173 -49.98467259999958 1.5
vertex 216.62424936255346 -106.97933949999991 1.5
vertex 216.32298999999998 -112.72770284999962 1.5
endloop
endfacet
facet normal 0 0 1
outer loop
vertex 219.6112173 -49.98467259999958 1.5
vertex 216.32298999999998 -112.72770284999962 1.5
vertex 216.32298999999998 -112.72770284999956 0
endloop
endfacet
facet normal 0 0 1
outer loop
vertex 219.6112173 -49.98467259999958 1.5
vertex 216.32298999999998 -112.72770284999956 0
vertex 216.62424936255346 -106.97933949999991 0
endloop
endfacet
facet normal 0 0 1
outer loop
vertex 219.6112173 -49.98467259999958 1.5
vertex 216.62424936255346 -106.97933949999991 0
vertex 216.625759865759 -106.95051742060268 0
endloop
endfacet
facet normal 0 0 1
outer loop
vertex 219.6112173 -49.98467259999958 1.5
vertex 216.625759865759 -106.95051742060268 0
vertex 216.63023332758388 -106.86515879876971 0
endloop
endfacet
facet normal 0 0 1
outer loop
vertex 219.6112173 -49.98467259999958 1.5
vertex 216.63023332758388 -106.86515879876971 0
vertex 216.63749783539978 -106.72654391845269 0
endloop
endfacet
facet normal 0 0 1
outer loop
vertex 219.6112173 -49.98467259999958 1.5
vertex 216.63749783539978 -106.72654391845269 0
vertex 216.64727421824426 -106.5399996717862 0
endloop
endfacet
facet normal 0 0 1
outer loop
vertex 219.6112173 -49.98467259999958 1.5
vertex 216.64727421824426 -106.5399996717862 0
vertex 216.65918677520898 -106.31269484952172 0
endloop
endfacet
facet normal 0 0 1
outer loop
vertex 219.6112173 -49.98467259999958 1.5
vertex 216.65918677520898 -106.31269484952172 0
vertex 216.67277771340898 -106.05336464853212 0
endloop
endfacet
facet normal 0 0 1
outer loop
vertex 219.6112173 -49.98467259999958 1.5
vertex 216.67277771340898 -106.05336464853212 0
vertex 216.68752474070976 -105.77197498303273 0
endloop
endfacet
facet normal 0 0 1
outer loop
vertex 219.6112173 -49.98467259999958 1.5
vertex 216.68752474070976 -105.77197498303273 0
vertex 216.70286113712666 -105.47933949998375 0
endloop
endfacet
facet normal 0 0 1
outer loop
vertex 219.6112173 -49.98467259999958 1.5
vertex 216.70286113712666 -105.47933949998375 0
vertex 216.71819753354046 -105.18670401699329 0
endloop
endfacet
facet normal 0 0 1
outer loop
vertex 219.6112173 -49.98467259999958 1.5
vertex 216.71819753354046 -105.18670401699329 0
vertex 216.7329445608432 -104.90531435145722 0
endloop
endfacet
facet normal 0 0 1
outer loop
vertex 219.6112173 -49.98467259999958 1.5
vertex 216.7329445608432 -104.90531435145722 0
vertex 216.74653549904392 -104.64598415045415 0
endloop
endfacet
facet normal 0 0 1
outer loop
vertex 219.6112173 -49.98467259999958 1.5
vertex 216.74653549904392 -104.64598415045415 0
vertex 216.75844805600698 -104.41867932822092 0
endloop
endfacet
facet normal 0 0 1
outer loop
vertex 219.6112173 -49.98467259999958 1.5
vertex 216.75844805600698 -104.41867932822092 0
vertex 216.76822443885192 -104.2321350815456 0
endloop
endfacet
facet normal 0 0 1
outer loop
vertex 219.6112173 -49.98467259999958 1.5
vertex 216.76822443885192 -104.2321350815456 0
vertex 216.77548894666748 -104.09352020123556 0
endloop
endfacet
facet normal 0 0 1
outer loop
vertex 219.6112173 -49.98467259999958 1.5
vertex 216.77548894666748 -104.09352020123556 0
vertex 216.77996240849288 -104.00816157939298 0
endloop
endfacet
facet normal 0 0 1
outer loop
vertex 219.6112173 -49.98467259999958 1.5
vertex 216.77996240849288 -104.00816157939298 0
vertex 216.7814729116982 -103.97933949999961 0
endloop
endfacet
facet normal 0 0 1
outer loop
vertex 219.6112173 -49.98467259999958 1.5
vertex 216.7814729116982 -103.97933949999961 0
vertex 216.78582250380566 -103.8963444499996 0
endloop
endfacet
facet normal 0 0 1
outer loop
vertex 219.6112173 -49.98467259999958 1.5
vertex 216.78582250380566 -103.8963444499996 0
vertex 216.80184499585502 -103.59061750000022 0
endloop
endfacet
facet normal 0 0 1
outer loop
vertex 219.6112173 -49.98467259999958 1.5
vertex 216.80184499585502 -103.59061750000022 0
vertex 216.80335549906047 -103.56179542060434 0
endloop
endfacet
facet normal 0 0 1
outer loop
vertex 219.6112173 -49.98467259999958 1.5
vertex 216.80335549906047 -103.56179542060434 0
vertex 216.80782896088573 -103.47643679876451 0
endloop
endfacet
facet normal 0 0 1
outer loop
vertex 219.6112173 -49.98467259999958 1.5
vertex 216.80782896088573 -103.47643679876451 0
vertex 216.81509346870124 -103.33782191845525 0
endloop
endfacet
facet normal 0 0 1
outer loop
vertex 219.6112173 -49.98467259999958 1.5
vertex 216.81509346870124 -103.33782191845525 0
vertex 216.82486985154628 -103.15127767177808 0
endloop
endfacet
facet normal 0 0 1
outer loop
vertex 219.6112173 -49.98467259999958 1.5
vertex 216.82486985154628 -103.15127767177808 0
vertex 216.8367824085104 -102.9239728495248 0
endloop
endfacet
facet normal 0 0 1
outer loop
vertex 219.6112173 -49.98467259999958 1.5
vertex 216.8367824085104 -102.9239728495248 0
vertex 216.85037334670997 -102.66464264854321 0
endloop
endfacet
facet normal 0 0 1
outer loop
vertex 219.6112173 -49.98467259999958 1.5
vertex 216.85037334670997 -102.66464264854321 0
vertex 216.8651203740113 -102.38325298303442 0
endloop
endfacet
facet normal 0 0 1
outer loop
vertex 219.6112173 -49.98467259999958 1.5
vertex 216.8651203740113 -102.38325298303442 0
vertex 216.8804567704281 -102.09061749998658 0
endloop
endfacet
facet normal 0 0 1
outer loop
vertex 219.6112173 -49.98467259999958 1.5
vertex 216.8804567704281 -102.09061749998658 0
vertex 216.8957931668429 -101.79798201697805 0
endloop
endfacet
facet normal 0 0 1
outer loop
vertex 219.6112173 -49.98467259999958 1.5
vertex 216.8957931668429 -101.79798201697805 0
vertex 216.91054019414455 -101.51659235146286 0
endloop
endfacet
facet normal 0 0 1
outer loop
vertex 219.6112173 -49.98467259999958 1.5
vertex 216.91054019414455 -101.51659235146286 0
vertex 216.92413113234443 -101.25726215047531 0
endloop
endfacet
facet normal 0 0 1
outer loop
vertex 219.6112173 -49.98467259999958 1.5
vertex 216.92413113234443 -101.25726215047531 0
vertex 216.93604368930986 -101.02995732819751 0
endloop
endfacet
facet normal 0 0 1
outer loop
vertex 219.6112173 -49.98467259999958 1.5
vertex 216.93604368930986 -101.02995732819751 0
vertex 216.94582007215314 -100.84341308155385 0
endloop
endfacet
facet normal 0 0 1
outer loop
vertex 219.6112173 -49.98467259999958 1.5
vertex 216.94582007215314 -100.84341308155385 0
vertex 216.95308457996913 -100.704798201235 0
endloop
endfacet
facet normal 0 0 1
outer loop
vertex 219.6112173 -49.98467259999958 1.5
vertex 216.95308457996913 -100.704798201235 0
vertex 216.95755804179447 -100.61943957939329 0
endloop
endfacet
facet normal 0 0 1
outer loop
vertex 219.6112173 -49.98467259999958 1.5
vertex 216.95755804179447 -100.61943957939329 0
vertex 216.9590685449998 -100.59061749999991 0
endloop
endfacet
facet normal 0 0 1
outer loop
vertex 219.6112173 -49.98467259999958 1.5
vertex 216.9590685449998 -100.59061749999991 0
vertex 217.0928969732333 -98.0370224 0
endloop
endfacet
facet normal 0 0 1
outer loop
vertex 219.6112173 -49.98467259999958 1.5
vertex 217.0928969732333 -98.0370224 0
vertex 217.09440747643876 -98.00820032060433 0
endloop
endfacet
facet normal 0 0 1
outer loop
vertex 219.6112173 -49.98467259999958 1.5
vertex 217.09440747643876 -98.00820032060433 0
vertex 217.0988809382637 -97.92284169877041 0
endloop
endfacet
facet normal 0 0 1
outer loop
vertex 219.6112173 -49.98467259999958 1.5
vertex 217.0988809382637 -97.92284169877041 0
vertex 217.10614544607964 -97.78422681845305 0
endloop
endfacet
facet normal 0 0 1
outer loop
vertex 219.6112173 -49.98467259999958 1.5
vertex 217.10614544607964 -97.78422681845305 0
vertex 217.1159218289246 -97.59768257177721 0
endloop
endfacet
facet normal 0 0 1
outer loop
vertex 219.6112173 -49.98467259999958 1.5
vertex 217.1159218289246 -97.59768257177721 0
vertex 217.1278343858887 -97.37037774952466 0
endloop
endfacet
facet normal 0 0 1
outer loop
vertex 219.6112173 -49.98467259999958 1.5
vertex 217.1278343858887 -97.37037774952466 0
vertex 217.14142532408798 -97.1110475485487 0
endloop
endfacet
facet normal 0 0 1
outer loop
vertex 219.6112173 -49.98467259999958 1.5
vertex 217.14142532408798 -97.1110475485487 0
vertex 217.15617235139035 -96.8296578830195 0
endloop
endfacet
facet normal 0 0 1
outer loop
vertex 219.6112173 -49.98467259999958 1.5
vertex 217.15617235139035 -96.8296578830195 0
vertex 217.17150874780592 -96.5370223999953 0
endloop
endfacet
facet normal 0 0 1
outer loop
vertex 219.6112173 -49.98467259999958 1.5
vertex 217.17150874780592 -96.5370223999953 0
vertex 217.1868451442214 -96.24438691697306 0
endloop
endfacet
facet normal 0 0 1
outer loop
vertex 219.6112173 -49.98467259999958 1.5
vertex 217.1868451442214 -96.24438691697306 0
vertex 217.20159217152303 -95.96299725145815 0
endloop
endfacet
facet normal 0 0 1
outer loop
vertex 219.6112173 -49.98467259999958 1.5
vertex 217.20159217152303 -95.96299725145815 0
vertex 217.21518310972343 -95.70366705046129 0
endloop
endfacet
facet normal 0 0 1
outer loop
vertex 219.6112173 -49.98467259999958 1.5
vertex 217.21518310972343 -95.70366705046129 0
vertex 217.22709566668667 -95.47636222822479 0
endloop
endfacet
facet normal 0 0 1
outer loop
vertex 219.6112173 -49.98467259999958 1.5
vertex 217.22709566668667 -95.47636222822479 0
vertex 217.2368720495315 -95.2898179815511 0
endloop
endfacet
facet normal 0 0 1
outer loop
vertex 219.6112173 -49.98467259999958 1.5
vertex 217.2368720495315 -95.2898179815511 0
vertex 217.2441365573476 -95.15120310123102 0
endloop
endfacet
facet normal 0 0 1
outer loop
vertex 219.6112173 -49.98467259999958 1.5
vertex 217.2441365573476 -95.15120310123102 0
vertex 217.24861001917267 -95.06584447939424 0
endloop
endfacet
facet normal 0 0 1
outer loop
vertex 219.6112173 -49.98467259999958 1.5
vertex 217.24861001917267 -95.06584447939424 0
vertex 217.25012052237804 -95.0370223999998 0
endloop
endfacet
facet normal 0 0 1
outer loop
vertex 219.6112173 -49.98467259999958 1.5
vertex 217.25012052237804 -95.0370223999998 0
vertex 218.89355660046044 -63.67843610000047 0
endloop
endfacet
facet normal 0 0 1
outer loop
vertex 219.6112173 -49.98467259999958 1.5
vertex 218.89355660046044 -63.67843610000047 0
vertex 218.89506710366587 -63.64961402060509 0
endloop
endfacet
facet normal 0 0 1
outer loop
vertex 219.6112173 -49.98467259999958 1.5
vertex 218.89506710366587 -63.64961402060509 0
vertex 218.8995405654911 -63.56425539876561 0
endloop
endfacet
facet normal 0 0 1
outer loop
vertex 219.6112173 -49.98467259999958 1.5
vertex 218.8995405654911 -63.56425539876561 0
vertex 218.9068050733064 -63.42564051845991 0
endloop
endfacet
facet normal 0 0 1
outer loop
vertex 219.6112173 -49.98467259999958 1.5
vertex 218.9068050733064 -63.42564051845991 0
vertex 218.91658145615133 -63.23909627178466 0
endloop
endfacet
facet normal 0 0 1
outer loop
vertex 219.6112173 -49.98467259999958 1.5
vertex 218.91658145615133 -63.23909627178466 0
vertex 218.92849401311565 -63.0117914495278 0
endloop
endfacet
facet normal 0 0 1
outer loop
vertex 219.6112173 -49.98467259999958 1.5
vertex 218.92849401311565 -63.0117914495278 0
vertex 218.9420849513157 -62.752461248536925 0
endloop
endfacet
facet normal 0 0 1
outer loop
vertex 219.6112173 -49.98467259999958 1.5
vertex 218.9420849513157 -62.752461248536925 0
vertex 218.9568319786169 -62.471071583030934 0
endloop
endfacet
facet normal 0 0 1
outer loop
vertex 219.6112173 -49.98467259999958 1.5
vertex 218.9568319786169 -62.471071583030934 0
vertex 218.9721683750331 -62.178436099994514 0
endloop
endfacet
facet normal 0 0 1
outer loop
vertex 219.6112173 -49.98467259999958 1.5
vertex 218.9721683750331 -62.178436099994514 0
vertex 218.98750477144807 -61.88580061698187 0
endloop
endfacet
facet normal 0 0 1
outer loop
vertex 219.6112173 -49.98467259999958 1.5
vertex 218.98750477144807 -61.88580061698187 0
vertex 219.00225179875036 -61.60441095145443 0
endloop
endfacet
facet normal 0 0 1
outer loop
vertex 219.6112173 -49.98467259999958 1.5
vertex 219.00225179875036 -61.60441095145443 0
vertex 219.01584273695048 -61.3450807504628 0
endloop
endfacet
facet normal 0 0 1
outer loop
vertex 219.6112173 -49.98467259999958 1.5
vertex 219.01584273695048 -61.3450807504628 0
vertex 219.02775529391312 -61.11777592823773 0
endloop
endfacet
facet normal 0 0 1
outer loop
vertex 219.6112173 -49.98467259999958 1.5
vertex 219.02775529391312 -61.11777592823773 0
vertex 219.0375316767595 -60.93123168153531 0
endloop
endfacet
facet normal 0 0 1
outer loop
vertex 219.6112173 -49.98467259999958 1.5
vertex 219.0375316767595 -60.93123168153531 0
vertex 219.04479618457452 -60.79261680123508 0
endloop
endfacet
facet normal 0 0 1
outer loop
vertex 219.6112173 -49.98467259999958 1.5
vertex 219.04479618457452 -60.79261680123508 0
vertex 219.04926964639975 -60.707258179395424 0
endloop
endfacet
facet normal 0 0 1
outer loop
vertex 219.6112173 -49.98467259999958 1.5
vertex 219.04926964639975 -60.707258179395424 0
vertex 219.05078014960515 -60.6784361000005 0
endloop
endfacet
facet normal 0 0 1
outer loop
vertex 219.6112173 -49.98467259999958 1.5
vertex 219.05078014960515 -60.6784361000005 0
vertex 219.0530857281377 -60.63444309999999 0
endloop
endfacet
facet normal 0 0 1
outer loop
vertex 219.6112173 -49.98467259999958 1.5
vertex 219.0530857281377 -60.63444309999999 0
vertex 219.0545962313431 -60.60562102060469 0
endloop
endfacet
facet normal 0 0 1
outer loop
vertex 219.6112173 -49.98467259999958 1.5
vertex 219.0545962313431 -60.60562102060469 0
vertex 219.0590696931683 -60.520262398765965 0
endloop
endfacet
facet normal 0 0 1
outer loop
vertex 219.6112173 -49.98467259999958 1.5
vertex 219.0590696931683 -60.520262398765965 0
vertex 219.06633420098404 -60.38164751845226 0
endloop
endfacet
facet normal 0 0 1
outer loop
vertex 219.6112173 -49.98467259999958 1.5
vertex 219.06633420098404 -60.38164751845226 0
vertex 219.07611058382952 -60.19510327176667 0
endloop
endfacet
facet normal 0 0 1
outer loop
vertex 219.6112173 -49.98467259999958 1.5
vertex 219.07611058382952 -60.19510327176667 0
vertex 219.08802314079247 -59.96779844953545 0
endloop
endfacet
facet normal 0 0 1
outer loop
vertex 219.6112173 -49.98467259999958 1.5
vertex 219.08802314079247 -59.96779844953545 0
vertex 219.1016140789924 -59.70846824854707 0
endloop
endfacet
facet normal 0 0 1
outer loop
vertex 219.6112173 -49.98467259999958 1.5
vertex 219.1016140789924 -59.70846824854707 0
vertex 219.11636110629456 -59.42707858302245 0
endloop
endfacet
facet normal 0 0 1
outer loop
vertex 219.6112173 -49.98467259999958 1.5
vertex 219.11636110629456 -59.42707858302245 0
vertex 219.13169750271004 -59.13444310000031 0
endloop
endfacet
facet normal 0 0 1
outer loop
vertex 219.6112173 -49.98467259999958 1.5
vertex 219.13169750271004 -59.13444310000031 0
vertex 219.1470338991255 -58.8418076169785 0
endloop
endfacet
facet normal 0 0 1
outer loop
vertex 219.6112173 -49.98467259999958 1.5
vertex 219.1470338991255 -58.8418076169785 0
vertex 219.1617809264278 -58.560417951450795 0
endloop
endfacet
facet normal 0 0 1
outer loop
vertex 219.6112173 -49.98467259999958 1.5
vertex 219.1617809264278 -58.560417951450795 0
vertex 219.1753718646273 -58.30108775047099 0
endloop
endfacet
facet normal 0 0 1
outer loop
vertex 219.6112173 -49.98467259999958 1.5
vertex 219.1753718646273 -58.30108775047099 0
vertex 219.18728442159113 -58.073782928223224 0
endloop
endfacet
facet normal 0 0 1
outer loop
vertex 219.6112173 -49.98467259999958 1.5
vertex 219.18728442159113 -58.073782928223224 0
vertex 219.1970608044366 -57.88723868153754 0
endloop
endfacet
facet normal 0 0 1
outer loop
vertex 219.6112173 -49.98467259999958 1.5
vertex 219.1970608044366 -57.88723868153754 0
vertex 219.2043253122517 -57.74862380123557 0
endloop
endfacet
facet normal 0 0 1
outer loop
vertex 219.6112173 -49.98467259999958 1.5
vertex 219.2043253122517 -57.74862380123557 0
vertex 219.20879877407702 -57.66326517939488 0
endloop
endfacet
facet normal 0 0 1
outer loop
vertex 219.6112173 -49.98467259999958 1.5
vertex 219.20879877407702 -57.66326517939488 0
vertex 219.21030927728242 -57.63444309999994 0
endloop
endfacet
facet normal 0 0 1
outer loop
vertex 219.6112173 -49.98467259999958 1.5
vertex 219.21030927728242 -57.63444309999994 0
vertex 219.24107071890973 -57.04748061642859 0
endloop
endfacet
facet normal 0 0 1
outer loop
vertex 219.6112173 -49.98467259999958 1.5
vertex 219.24107071890973 -57.04748061642859 0
vertex 219.27006472040193 -56.494242854338815 0
endloop
endfacet
facet normal 0 0 1
outer loop
vertex 219.6112173 -49.98467259999958 1.5
vertex 219.27006472040193 -56.494242854338815 0
vertex 219.29547817525847 -56.009325900203415 0
endloop
endfacet
facet normal 0 0 1
outer loop
vertex 219.6112173 -49.98467259999958 1.5
vertex 219.29547817525847 -56.009325900203415 0
vertex 219.31193078116155 -55.6953918999998 0
endloop
endfacet
facet normal 0 0 1
outer loop
vertex 219.6112173 -49.98467259999958 1.5
vertex 219.31193078116155 -55.6953918999998 0
vertex 219.31515318799978 -55.63390479728953 0
endloop
endfacet
facet normal 0 0 1
outer loop
vertex 219.6112173 -49.98467259999958 1.5
vertex 219.31515318799978 -55.63390479728953 0
vertex 219.3246965732268 -55.45180640403525 0
endloop
endfacet
facet normal 0 0 1
outer loop
vertex 219.6112173 -49.98467259999958 1.5
vertex 219.3246965732268 -55.45180640403525 0
vertex 219.34019418989965 -55.15609465937896 0
endloop
endfacet
facet normal 0 0 1
outer loop
vertex 219.6112173 -49.98467259999958 1.5
vertex 219.34019418989965 -55.15609465937896 0
vertex 219.36105047330295 -54.758133599790476 0
endloop
endfacet
facet normal 0 0 1
outer loop
vertex 219.6112173 -49.98467259999958 1.5
vertex 219.36105047330295 -54.758133599790476 0
vertex 219.3864639281594 -54.273216645656916 0
endloop
endfacet
facet normal 0 0 1
outer loop
vertex 219.6112173 -49.98467259999958 1.5
vertex 219.3864639281594 -54.273216645656916 0
vertex 219.41545792965093 -53.71997888358039 0
endloop
endfacet
facet normal 0 0 1
outer loop
vertex 219.6112173 -49.98467259999958 1.5
vertex 219.41545792965093 -53.71997888358039 0
vertex 219.4469182545627 -53.11968093045108 0
endloop
endfacet
facet normal 0 0 1
outer loop
vertex 219.6112173 -49.98467259999958 1.5
vertex 219.4469182545627 -53.11968093045108 0
vertex 219.47963590024972 -52.495391899990835 0
endloop
endfacet
facet normal 0 0 1
outer loop
vertex 219.6112173 -49.98467259999958 1.5
vertex 219.47963590024972 -52.495391899990835 0
vertex 219.51235354593595 -51.87110286954557 0
endloop
endfacet
facet normal 0 0 1
outer loop
vertex 219.6112173 -49.98467259999958 1.5
vertex 219.51235354593595 -51.87110286954557 0
vertex 219.54381387084632 -51.27080491644289 0
endloop
endfacet
facet normal 0 0 1
outer loop
vertex 219.6112173 -49.98467259999958 1.5
vertex 219.54381387084632 -51.27080491644289 0
vertex 219.57280787233967 -50.71756715433142 0
endloop
endfacet
facet normal 0 0 1
outer loop
vertex 219.6112173 -49.98467259999958 1.5
vertex 219.57280787233967 -50.71756715433142 0
vertex 219.59822132719603 -50.23265020019954 0
endloop
endfacet
facet normal 0 0 1
outer loop
vertex 219.6112173 -49.98467259999958 1.5
vertex 219.59822132719603 -50.23265020019954 0
vertex 219.61121729999996 -49.9846725999998 0
endloop
endfacet
facet normal 0.9996571335304417 0.026184258280509857 -2.278634587052952e-14
outer loop
vertex 219.60299981437765 -49.67094715343348 1.5
vertex 219.6112173 -49.98467259999958 1.5
vertex 219.61121729999996 -49.9846725999998 0
endloop
endfacet
facet normal 0.9996571335304417 0.026184258280509857 -2.278634587052952e-14
outer loop
vertex 219.60299981437765 -49.67094715343348 1.5
vertex 219.61121729999996 -49.9846725999998 0
vertex 219.60728874739326 -49.83468914063803 0
endloop
endfacet
facet normal 0.9996571335304417 0.026184258280509857 -2.278634587052952e-14
outer loop
vertex 219.60299981437765 -49.67094715343348 1.5
vertex 219.60728874739326 -49.83468914063803 0
vertex 219.6029998143776 -49.670947153433296 0
endloop
endfacet
facet normal 0.9832557252883115 0.18223111339109027 -1.482099634332492e-14
outer loop
vertex 219.54580901175552 -49.362365467981334 1.5
vertex 219.60299981437765 -49.67094715343348 1.5
vertex 219.6029998143776 -49.670947153433296 0
endloop
endfacet
facet normal 0.9832557252883115 0.18223111339109027 -1.482099634332492e-14
outer loop
vertex 219.54580901175552 -49.362365467981334 1.5
vertex 219.6029998143776 -49.670947153433296 0
vertex 219.57854127809009 -49.53897739596797 0
endloop
endfacet
facet normal 0.9832557252883115 0.18223111339109027 -1.482099634332492e-14
outer loop
vertex 219.54580901175552 -49.362365467981334 1.5
vertex 219.57854127809009 -49.53897739596797 0
vertex 219.54580901175547 -49.36236546798111 0
endloop
endfacet
facet normal 0.9426429438068432 0.3338027568657404 1.4872586086927062e-14
outer loop
vertex 219.44104947191957 -49.066529561921 1.5
vertex 219.54580901175552 -49.362365467981334 1.5
vertex 219.54580901175547 -49.36236546798111 0
endloop
endfacet
facet normal 0.9426429438068432 0.3338027568657404 1.4872586086927062e-14
outer loop
vertex 219.44104947191957 -49.066529561921 1.5
vertex 219.54580901175547 -49.36236546798111 0
vertex 219.54386617937615 -49.35687900270876 0
endloop
endfacet
facet normal 0.9426429438068432 0.3338027568657404 1.4872586086927062e-14
outer loop
vertex 219.44104947191957 -49.066529561921 1.5
vertex 219.54386617937615 -49.35687900270876 0
vertex 219.5220927554825 -49.29539190000001 0
endloop
endfacet
facet normal 0.9426429438068432 0.3338027568657404 1.4872586086927062e-14
outer loop
vertex 219.44104947191957 -49.066529561921 1.5
vertex 219.5220927554825 -49.29539190000001 0
vertex 219.44104947191963 -49.06652956192111 0
endloop
endfacet
facet normal 0.8788191247078517 0.4771550545134415 0
outer loop
vertex 219.29130072685066 -48.790723909601624 1.5
vertex 219.44104947191957 -49.066529561921 1.5
vertex 219.44104947191963 -49.06652956192111 0
endloop
endfacet
facet normal 0.8788191247078517 0.4771550545134415 0
outer loop
vertex 219.29130072685066 -48.790723909601624 1.5
vertex 219.44104947191963 -49.06652956192111 0
vertex 219.2913007268506 -48.790723909601546 0
endloop
endfacet
facet normal 0.7933558249373647 0.6087581909411597 0
outer loop
vertex 219.10025009397657 -48.54173977320046 1.5
vertex 219.29130072685066 -48.790723909601624 1.5
vertex 219.2913007268506 -48.790723909601546 0
endloop
endfacet
facet normal 0.7933558249373647 0.6087581909411597 0
outer loop
vertex 219.10025009397657 -48.54173977320046 1.5
vertex 219.2913007268506 -48.790723909601546 0
vertex 219.10025009397657 -48.54173977320045 0
endloop
endfacet
facet normal 0 0 1
outer loop
vertex 218.87260188202364 -48.3257079790224 1.5
vertex 218.9321069749121 -48.382176650000076 1.5
vertex 219.10025009397657 -48.54173977320046 1.5
endloop
endfacet
facet normal 0 0 1
outer loop
vertex 218.87260188202364 -48.3257079790224 1.5
vertex 219.10025009397657 -48.54173977320046 1.5
vertex 219.10025009397657 -48.54173977320045 0
endloop
endfacet
facet normal 0 0 1
outer loop
vertex 218.87260188202364 -48.3257079790224 1.5
vertex 219.10025009397657 -48.54173977320045 0
vertex 218.93210697491205 -48.38217665000001 0
endloop
endfacet
facet normal 0 0 1
outer loop
vertex 218.87260188202364 -48.3257079790224 1.5
vertex 218.93210697491205 -48.38217665000001 0
vertex 218.8726018820236 -48.32570797902234 0
endloop
endfacet
facet normal 0 0 -1
outer loop
vertex 218.61396155512463 -48.14794795595034 1.5
vertex 218.80766284741122 -48.28107625268109 1.5
vertex 218.87260188202364 -48.3257079790224 1.5
endloop
endfacet
facet normal 0 0 -1
outer loop
vertex 218.61396155512463 -48.14794795595034 1.5
vertex 218.87260188202364 -48.3257079790224 1.5
vertex 218.8726018820236 -48.32570797902234 0
endloop
endfacet
facet normal 0 0 -1
outer loop
vertex 218.61396155512463 -48.14794795595034 1.5
vertex 218.8726018820236 -48.32570797902234 0
vertex 218.80766284741125 -48.2810762526811 0
endloop
endfacet
facet normal 0 0 -1
outer loop
vertex 218.61396155512463 -48.14794795595034 1.5
vertex 218.80766284741125 -48.2810762526811 0
vertex 218.61396155512477 -48.14794795595042 0
endloop
endfacet
facet normal 0 0 -1
outer loop
vertex 218.3306977074501 -48.01283675322585 1.5
vertex 218.5837944931243 -48.133558869369075 1.5
vertex 218.61396155512463 -48.14794795595034 1.5
endloop
endfacet
facet normal 0 0 -1
outer loop
vertex 218.3306977074501 -48.01283675322585 1.5
vertex 218.61396155512463 -48.14794795595034 1.5
vertex 218.61396155512477 -48.14794795595042 0
endloop
endfacet
facet normal 0 0 -1
outer loop
vertex 218.3306977074501 -48.01283675322585 1.5
vertex 218.61396155512477 -48.14794795595042 0
vertex 218.58379449312417 -48.13355886936903 0
endloop
endfacet
facet normal 0 0 -1
outer loop
vertex 218.3306977074501 -48.01283675322585 1.5
vertex 218.58379449312417 -48.13355886936903 0
vertex 218.33069770745007 -48.012836753225834 0
endloop
endfacet
facet normal 0 0 -1
outer loop
vertex 218.02978524701496 -47.92370126278563 1.5
vertex 218.09610692929897 -47.94334689550106 1.5
vertex 218.3306977074501 -48.01283675322585 1.5
endloop
endfacet
facet normal 0 0 -1
outer loop
vertex 218.02978524701496 -47.92370126278563 1.5
vertex 218.3306977074501 -48.01283675322585 1.5
vertex 218.33069770745007 -48.012836753225834 0
endloop
endfacet
facet normal 0 0 -1
outer loop
vertex 218.02978524701496 -47.92370126278563 1.5
vertex 218.33069770745007 -48.012836753225834 0
vertex 218.09610692929914 -47.94334689550111 0
endloop
endfacet
facet normal 0 0 -1
outer loop
vertex 218.02978524701496 -47.92370126278563 1.5
vertex 218.09610692929914 -47.94334689550111 0
vertex 218.02978524701498 -47.923701262785634 0
endloop
endfacet
facet normal 0.13052956832545703 0.9914444168952539 0
outer loop
vertex 217.71863365000002 -47.88273629999999 1.5
vertex 218.02978524701496 -47.92370126278563 1.5
vertex 218.02978524701498 -47.923701262785634 0
endloop
endfacet
facet normal 0.13052956832545703 0.9914444168952539 0
outer loop
vertex 217.71863365000002 -47.88273629999999 1.5
vertex 218.02978524701498 -47.923701262785634 0
vertex 217.71863364999996 -47.88273629999999 0
endloop
endfacet
facet normal 0 0 -1
outer loop
vertex 170.92484879999992 -45.430383299999995 1.5
vertex 186.23081597414935 -46.23253329999998 1.5
vertex 192.2910784915147 -46.55013750775725 1.5
endloop
endfacet
facet normal 0 0 -1
outer loop
vertex 170.92484879999992 -45.430383299999995 1.5
vertex 192.2910784915147 -46.55013750775725 1.5
vertex 198.29901067197667 -46.86499920474931 1.5
endloop
endfacet
facet normal 0 0 -1
outer loop
vertex 170.92484879999992 -45.430383299999995 1.5
vertex 198.29901067197667 -46.86499920474931 1.5
vertex 204.10307464768422 -47.16917664516463 1.5
endloop
endfacet
facet normal 0 0 -1
outer loop
vertex 170.92484879999992 -45.430383299999995 1.5
vertex 204.10307464768422 -47.16917664516463 1.5
vertex 209.55681295866827 -47.45499433550597 1.5
endloop
endfacet
facet normal 0 0 -1
outer loop
vertex 170.92484879999992 -45.430383299999995 1.5
vertex 209.55681295866827 -47.45499433550597 1.5
vertex 214.52260812454577 -47.715240064964746 1.5
endloop
endfacet
facet normal 0 0 -1
outer loop
vertex 170.92484879999992 -45.430383299999995 1.5
vertex 214.52260812454577 -47.715240064964746 1.5
vertex 217.71863365000002 -47.88273629999999 1.5
endloop
endfacet
facet normal 0 0 -1
outer loop
vertex 170.92484879999992 -45.430383299999995 1.5
vertex 217.71863365000002 -47.88273629999999 1.5
vertex 217.71863364999996 -47.88273629999999 0
endloop
endfacet
facet normal 0 0 -1
outer loop
vertex 170.92484879999992 -45.430383299999995 1.5
vertex 217.71863364999996 -47.88273629999999 0
vertex 214.52260812454463 -47.71524006496469 0
endloop
endfacet
facet normal 0 0 -1
outer loop
vertex 170.92484879999992 -45.430383299999995 1.5
vertex 214.52260812454463 -47.71524006496469 0
vertex 209.5568129586685 -47.45499433550599 0
endloop
endfacet
facet normal 0 0 -1
outer loop
vertex 170.92484879999992 -45.430383299999995 1.5
vertex 209.5568129586685 -47.45499433550599 0
vertex 204.1030746476838 -47.16917664516461 0
endloop
endfacet
facet normal 0 0 -1
outer loop
vertex 170.92484879999992 -45.430383299999995 1.5
vertex 204.1030746476838 -47.16917664516461 0
vertex 198.29901067197773 -46.86499920474937 0
endloop
endfacet
facet normal 0 0 -1
outer loop
vertex 170.92484879999992 -45.430383299999995 1.5
vertex 198.29901067197773 -46.86499920474937 0
vertex 192.291078491514 -46.55013750775721 0
endloop
endfacet
facet normal 0 0 -1
outer loop
vertex 170.92484879999992 -45.430383299999995 1.5
vertex 192.291078491514 -46.55013750775721 0
vertex 186.230815974148 -46.23253329999991 0
endloop
endfacet
facet normal 0 0 -1
outer loop
vertex 170.92484879999992 -45.430383299999995 1.5
vertex 186.230815974148 -46.23253329999991 0
vertex 170.9248488 -45.430383299999995 0
endloop
endfacet
facet normal 0.1343782538496683 0.9909301110029476 0
outer loop
vertex 170.59853180342023 -45.38613203776166 1.5
vertex 170.92484879999992 -45.430383299999995 1.5
vertex 170.9248488 -45.430383299999995 0
endloop
endfacet
facet normal 0.1343782538496683 0.9909301110029476 0
outer loop
vertex 170.59853180342023 -45.38613203776166 1.5
vertex 170.9248488 -45.430383299999995 0
vertex 170.5985318034202 -45.386132037761655 0
endloop
endfacet
facet normal 0.2951561658180282 0.9554490241659158 0
outer loop
vertex 170.28390323930284 -45.288937359350854 1.5
vertex 170.59853180342023 -45.38613203776166 1.5
vertex 170.5985318034202 -45.386132037761655 0
endloop
endfacet
facet normal 0.2951561658180282 0.9554490241659158 0
outer loop
vertex 170.28390323930284 -45.288937359350854 1.5
vertex 170.5985318034202 -45.386132037761655 0
vertex 170.28390323930296 -45.288937359350896 0
endloop
endfacet
facet normal 0.4479356871440439 0.8940657806799192 8.541063295069227e-15
outer loop
vertex 169.98948812589882 -45.141432512416735 1.5
vertex 170.28390323930284 -45.288937359350854 1.5
vertex 170.28390323930296 -45.288937359350896 0
endloop
endfacet
facet normal 0.4479356871440439 0.8940657806799192 8.541063295069227e-15
outer loop
vertex 169.98948812589882 -45.141432512416735 1.5
vertex 170.28390323930296 -45.288937359350896 0
vertex 170.08157672527966 -45.18756980000021 0
endloop
endfacet
facet normal 0.4479356871440439 0.8940657806799192 8.541063295069227e-15
outer loop
vertex 169.98948812589882 -45.141432512416735 1.5
vertex 170.08157672527966 -45.18756980000021 0
vertex 169.98948812589876 -45.141432512416685 0
endloop
endfacet
facet normal 0.5885719028049877 0.8084448745761927 4.509344272557493e-15
outer loop
vertex 169.72326790522507 -44.94761627735278 1.5
vertex 169.98948812589882 -45.141432512416735 1.5
vertex 169.98948812589876 -45.141432512416685 0
endloop
endfacet
facet normal 0.5885719028049877 0.8084448745761927 4.509344272557493e-15
outer loop
vertex 169.72326790522507 -44.94761627735278 1.5
vertex 169.98948812589876 -45.141432512416685 0
vertex 169.96840407600686 -45.126082697291416 0
endloop
endfacet
facet normal 0.5885719028049877 0.8084448745761927 4.509344272557493e-15
outer loop
vertex 169.72326790522507 -44.94761627735278 1.5
vertex 169.96840407600686 -45.126082697291416 0
vertex 169.72326790522504 -44.94761627735275 0
endloop
endfacet
facet normal 0.7132522374617287 0.7009074445002262 -2.388126250265785e-16
outer loop
vertex 169.49245967028585 -44.71274291242173 1.5
vertex 169.72326790522507 -44.94761627735278 1.5
vertex 169.72326790522504 -44.94761627735275 0
endloop
endfacet
facet normal 0.7132522374617287 0.7009074445002262 -2.388126250265785e-16
outer loop
vertex 169.49245967028585 -44.71274291242173 1.5
vertex 169.72326790522504 -44.94761627735275 0
vertex 169.71969879320437 -44.94398430403805 0
endloop
endfacet
facet normal 0.7132522374617287 0.7009074445002262 -2.388126250265785e-16
outer loop
vertex 169.49245967028585 -44.71274291242173 1.5
vertex 169.71969879320437 -44.94398430403805 0
vertex 169.4924596702858 -44.712742912421646 0
endloop
endfacet
facet normal 0.8185966714874083 0.5743687747690817 1.6154971692964992e-15
outer loop
vertex 169.30332051339866 -44.4431797135204 1.5
vertex 169.49245967028585 -44.71274291242173 1.5
vertex 169.4924596702858 -44.712742912421646 0
endloop
endfacet
facet normal 0.8185966714874083 0.5743687747690817 1.6154971692964992e-15
outer loop
vertex 169.30332051339866 -44.4431797135204 1.5
vertex 169.4924596702858 -44.712742912421646 0
vertex 169.44722401395705 -44.64827255934902 0
endloop
endfacet
facet normal 0.8185966714874083 0.5743687747690817 1.6154971692964992e-15
outer loop
vertex 169.30332051339866 -44.4431797135204 1.5
vertex 169.44722401395705 -44.64827255934902 0
vertex 169.30332051339866 -44.44317971352042 0
endloop
endfacet
facet normal 0.9017493715574816 0.4322592635163382 -6.1388892433241675e-15
outer loop
vertex 169.1609778996466 -44.14623440006986 1.5
vertex 169.30332051339866 -44.4431797135204 1.5
vertex 169.30332051339866 -44.44317971352042 0
endloop
endfacet
facet normal 0.9017493715574816 0.4322592635163382 -6.1388892433241675e-15
outer loop
vertex 169.1609778996466 -44.14623440006986 1.5
vertex 169.30332051339866 -44.44317971352042 0
vertex 169.2108679155427 -44.250311499807005 0
endloop
endfacet
facet normal 0.9017493715574816 0.4322592635163382 -6.1388892433241675e-15
outer loop
vertex 169.1609778996466 -44.14623440006986 1.5
vertex 169.2108679155427 -44.250311499807005 0
vertex 169.16097789964664 -44.14623440006993 0
endloop
endfacet
facet normal 0.9604561108203826 0.2784314263652452 0
outer loop
vertex 169.06929066394207 -43.82995700650753 1.5
vertex 169.1609778996466 -44.14623440006986 1.5
vertex 169.16097789964664 -44.14623440006993 0
endloop
endfacet
facet normal 0.9604561108203826 0.2784314263652452 0
outer loop
vertex 169.06929066394207 -43.82995700650753 1.5
vertex 169.16097789964664 -44.14623440006993 0
vertex 169.06929066394207 -43.82995700650746 0
endloop
endfacet
facet normal 0.9931253798252011 0.11705545671625026 4.990481472984953e-15
outer loop
vertex 169.0307444 -43.50292165000037 1.5
vertex 169.06929066394207 -43.82995700650753 1.5
vertex 169.06929066394207 -43.82995700650746 0
endloop
endfacet
facet normal 0.9931253798252011 0.11705545671625026 4.990481472984953e-15
outer loop
vertex 169.0307444 -43.50292165000037 1.5
vertex 169.06929066394207 -43.82995700650746 0
vertex 169.06168096178962 -43.76539454566608 0
endloop
endfacet
facet normal 0.9931253798252011 0.11705545671625026 4.990481472984953e-15
outer loop
vertex 169.0307444 -43.50292165000037 1.5
vertex 169.06168096178962 -43.76539454566608 0
vertex 169.03074439999997 -43.50292165000009 0
endloop
endfacet
facet normal 0 0 1
outer loop
vertex 168.8745359 -39.02984810000015 1.5
vertex 168.87867181183145 -39.1482810778369 1.5
vertex 168.8809207292717 -39.21267944999999 1.5
endloop
endfacet
facet normal 0 0 1
outer loop
vertex 168.8745359 -39.02984810000015 1.5
vertex 168.8809207292717 -39.21267944999999 1.5
vertex 169.0307444 -43.50292165000037 1.5
endloop
endfacet
facet normal 0 0 1
outer loop
vertex 168.8745359 -39.02984810000015 1.5
vertex 169.0307444 -43.50292165000037 1.5
vertex 169.03074439999997 -43.50292165000009 0
endloop
endfacet
facet normal 0 0 1
outer loop
vertex 168.8745359 -39.02984810000015 1.5
vertex 169.03074439999997 -43.50292165000009 0
vertex 169.02059032067837 -43.21215678356803 0
endloop
endfacet
facet normal 0 0 1
outer loop
vertex 168.8745359 -39.02984810000015 1.5
vertex 169.02059032067837 -43.21215678356803 0
vertex 168.99962673897974 -42.61185883045139 0
endloop
endfacet
facet normal 0 0 1
outer loop
vertex 168.8745359 -39.02984810000015 1.5
vertex 168.99962673897974 -42.61185883045139 0
vertex 168.9778253418142 -41.98756979999365 0
endloop
endfacet
facet normal 0 0 1
outer loop
vertex 168.8745359 -39.02984810000015 1.5
vertex 168.9778253418142 -41.98756979999365 0
vertex 168.9560239446491 -41.363280769548645 0
endloop
endfacet
facet normal 0 0 1
outer loop
vertex 168.8745359 -39.02984810000015 1.5
vertex 168.9560239446491 -41.363280769548645 0
vertex 168.93506036295048 -40.76298281643193 0
endloop
endfacet
facet normal 0 0 1
outer loop
vertex 168.8745359 -39.02984810000015 1.5
vertex 168.93506036295048 -40.76298281643193 0
vertex 168.91574021540734 -40.209745054355395 0
endloop
endfacet
facet normal 0 0 1
outer loop
vertex 168.8745359 -39.02984810000015 1.5
vertex 168.91574021540734 -40.209745054355395 0
vertex 168.89880596445303 -39.724828100202735 0
endloop
endfacet
facet normal 0 0 1
outer loop
vertex 168.8745359 -39.02984810000015 1.5
vertex 168.89880596445303 -39.724828100202735 0
vertex 168.88490838385667 -39.326867040627434 0
endloop
endfacet
facet normal 0 0 1
outer loop
vertex 168.8745359 -39.02984810000015 1.5
vertex 168.88490838385667 -39.326867040627434 0
vertex 168.8745815498466 -39.03115529596794 0
endloop
endfacet
facet normal 0 0 1
outer loop
vertex 168.8745359 -39.02984810000015 1.5
vertex 168.8745815498466 -39.03115529596794 0
vertex 168.8745359 -39.02984810000021 0
endloop
endfacet
facet normal 0 0 1
outer loop
vertex 168.8320511082302 -38.6838250704122 1.5
vertex 168.85309677193845 -38.8552342738627 1.5
vertex 168.8743050070645 -39.02796756181852 1.5
endloop
endfacet
facet normal 0 0 1
outer loop
vertex 168.8320511082302 -38.6838250704122 1.5
vertex 168.8743050070645 -39.02796756181852 1.5
vertex 168.8745359 -39.02984810000015 1.5
endloop
endfacet
facet normal 0 0 1
outer loop
vertex 168.8320511082302 -38.6838250704122 1.5
vertex 168.8745359 -39.02984810000015 1.5
vertex 168.8745359 -39.02984810000021 0
endloop
endfacet
facet normal 0 0 1
outer loop
vertex 168.8320511082302 -38.6838250704122 1.5
vertex 168.8745359 -39.02984810000021 0
vertex 168.852338312805 -38.849056902708234 0
endloop
endfacet
facet normal 0 0 1
outer loop
vertex 168.8320511082302 -38.6838250704122 1.5
vertex 168.852338312805 -38.849056902708234 0
vertex 168.84478891137294 -38.78756979999997 0
endloop
endfacet
facet normal 0 0 1
outer loop
vertex 168.8320511082302 -38.6838250704122 1.5
vertex 168.84478891137294 -38.78756979999997 0
vertex 168.8320511082302 -38.68382507041228 0
endloop
endfacet
facet normal 0 0 -1
outer loop
vertex 168.7301233635022 -38.35043571691121 1.5
vertex 168.7373150658671 -38.37395862530482 1.5
vertex 168.81715414790796 -38.63509949540602 1.5
endloop
endfacet
facet normal 0 0 -1
outer loop
vertex 168.7301233635022 -38.35043571691121 1.5
vertex 168.81715414790796 -38.63509949540602 1.5
vertex 168.8320511082302 -38.6838250704122 1.5
endloop
endfacet
facet normal 0 0 -1
outer loop
vertex 168.7301233635022 -38.35043571691121 1.5
vertex 168.8320511082302 -38.6838250704122 1.5
vertex 168.8320511082302 -38.68382507041228 0
endloop
endfacet
facet normal 0 0 -1
outer loop
vertex 168.7301233635022 -38.35043571691121 1.5
vertex 168.8320511082302 -38.68382507041228 0
vertex 168.81715414790796 -38.63509949540601 0
endloop
endfacet
facet normal 0 0 -1
outer loop
vertex 168.7301233635022 -38.35043571691121 1.5
vertex 168.81715414790796 -38.63509949540601 0
vertex 168.73731506586708 -38.373958625304795 0
endloop
endfacet
facet normal 0 0 -1
outer loop
vertex 168.7301233635022 -38.35043571691121 1.5
vertex 168.73731506586708 -38.373958625304795 0
vertex 168.73012336350217 -38.35043571691118 0
endloop
endfacet
facet normal 0 0 -1
outer loop
vertex 168.57185173239802 -38.03981083548542 1.5
vertex 168.5920226379807 -38.07939837945118 1.5
vertex 168.7301233635022 -38.35043571691121 1.5
endloop
endfacet
facet normal 0 0 -1
outer loop
vertex 168.57185173239802 -38.03981083548542 1.5
vertex 168.7301233635022 -38.35043571691121 1.5
vertex 168.73012336350217 -38.35043571691118 0
endloop
endfacet
facet normal 0 0 -1
outer loop
vertex 168.57185173239802 -38.03981083548542 1.5
vertex 168.73012336350217 -38.35043571691118 0
vertex 168.59202263798065 -38.07939837945116 0
endloop
endfacet
facet normal 0 0 -1
outer loop
vertex 168.57185173239802 -38.03981083548542 1.5
vertex 168.59202263798065 -38.07939837945116 0
vertex 168.571851732398 -38.03981083548543 0
endloop
endfacet
facet normal 0 0 -1
outer loop
vertex 168.36204520845814 -37.76138858658016 1.5
vertex 168.3725452562512 -37.7753226 1.5
vertex 168.57185173239802 -38.03981083548542 1.5
endloop
endfacet
facet normal 0 0 -1
outer loop
vertex 168.36204520845814 -37.76138858658016 1.5
vertex 168.57185173239802 -38.03981083548542 1.5
vertex 168.571851732398 -38.03981083548543 0
endloop
endfacet
facet normal 0 0 -1
outer loop
vertex 168.36204520845814 -37.76138858658016 1.5
vertex 168.571851732398 -38.03981083548543 0
vertex 168.37254525625116 -37.77532260000001 0
endloop
endfacet
facet normal 0 0 -1
outer loop
vertex 168.36204520845814 -37.76138858658016 1.5
vertex 168.37254525625116 -37.77532260000001 0
vertex 168.362045208458 -37.76138858658001 0
endloop
endfacet
facet normal 0.6819979710891163 0.7313540643425243 0
outer loop
vertex 168.10707864364647 -37.52362867195736 1.5
vertex 168.36204520845814 -37.76138858658016 1.5
vertex 168.362045208458 -37.76138858658001 0
endloop
endfacet
facet normal 0.6819979710891163 0.7313540643425243 0
outer loop
vertex 168.10707864364647 -37.52362867195736 1.5
vertex 168.362045208458 -37.76138858658001 0
vertex 168.10707864364656 -37.52362867195743 0
endloop
endfacet
facet normal 0.5446387397297632 0.8386707597058426 0
outer loop
vertex 167.81469905209752 -37.3337552914668 1.5
vertex 168.10707864364647 -37.52362867195736 1.5
vertex 168.10707864364656 -37.52362867195743 0
endloop
endfacet
facet normal 0.5446387397297632 0.8386707597058426 0
outer loop
vertex 167.81469905209752 -37.3337552914668 1.5
vertex 168.10707864364656 -37.52362867195743 0
vertex 167.81469905209747 -37.33375529146678 0
endloop
endfacet
facet normal 0.39073096986737677 0.9205049207834249 0
outer loop
vertex 167.4937902214954 -37.197537639839844 1.5
vertex 167.81469905209752 -37.3337552914668 1.5
vertex 167.81469905209747 -37.33375529146678 0
endloop
endfacet
facet normal 0.39073096986737677 0.9205049207834249 0
outer loop
vertex 167.4937902214954 -37.197537639839844 1.5
vertex 167.81469905209747 -37.33375529146678 0
vertex 167.49379022149543 -37.19753763983986 0
endloop
endfacet
facet normal 0.22495106159914124 0.9743700631102227 0
outer loop
vertex 167.15410278423502 -37.119114612987296 1.5
vertex 167.4937902214954 -37.197537639839844 1.5
vertex 167.49379022149543 -37.19753763983986 0
endloop
endfacet
facet normal 0.22495106159914124 0.9743700631102227 0
outer loop
vertex 167.15410278423502 -37.119114612987296 1.5
vertex 167.49379022149543 -37.19753763983986 0
vertex 167.15410278423496 -37.11911461298729 0
endloop
endfacet
facet normal 0.05233614319915603 0.9986295249565964 0
outer loop
vertex 166.8059579500001 -37.10086905000001 1.5
vertex 167.15410278423502 -37.119114612987296 1.5
vertex 167.15410278423496 -37.11911461298729 0
endloop
endfacet
facet normal 0.05233614319915603 0.9986295249565964 0
outer loop
vertex 166.8059579500001 -37.10086905000001 1.5
vertex 167.15410278423496 -37.11911461298729 0
vertex 166.80595795000016 -37.10086905 0
endloop
endfacet
facet normal -0.034899303657098805 0.9993908337603712 0
outer loop
vertex 147.49202830000004 -37.7753226 1.5
vertex 166.8059579500001 -37.10086905000001 1.5
vertex 166.80595795000016 -37.10086905 0
endloop
endfacet
facet normal -0.034899303657098805 0.9993908337603712 0
outer loop
vertex 147.49202830000004 -37.7753226 1.5
vertex 166.80595795000016 -37.10086905 0
vertex 147.4920283000001 -37.77532260000001 0
endloop
endfacet
facet normal 0 0 1
outer loop
vertex 147.15156227499548 -37.75814406534514 1.5
vertex 147.18787741497323 -37.7599763800103 1.5
vertex 147.49202830000004 -37.7753226 1.5
endloop
endfacet
facet normal 0 0 1
outer loop
vertex 147.15156227499548 -37.75814406534514 1.5
vertex 147.49202830000004 -37.7753226 1.5
vertex 147.4920283000001 -37.77532260000001 0
endloop
endfacet
facet normal 0 0 1
outer loop
vertex 147.15156227499548 -37.75814406534514 1.5
vertex 147.4920283000001 -37.77532260000001 0
vertex 147.18787741497147 -37.759976380010215 0
endloop
endfacet
facet normal 0 0 1
outer loop
vertex 147.15156227499548 -37.75814406534514 1.5
vertex 147.18787741497147 -37.759976380010215 0
vertex 147.15156227499546 -37.75814406534514 0
endloop
endfacet
facet normal 0.21928272129558302 0.9756613593564132 0
outer loop
vertex 146.81896402919082 -37.68339164460125 1.5
vertex 147.15156227499548 -37.75814406534514 1.5
vertex 147.15156227499546 -37.75814406534514 0
endloop
endfacet
facet normal 0.21928272129558302 0.9756613593564132 0
outer loop
vertex 146.81896402919082 -37.68339164460125 1.5
vertex 147.15156227499546 -37.75814406534514 0
vertex 146.81896402919082 -37.683391644601244 0
endloop
endfacet
facet normal 0.381791478053195 0.9242484878461834 0
outer loop
vertex 146.50389218300438 -37.553240773455336 1.5
vertex 146.81896402919082 -37.68339164460125 1.5
vertex 146.81896402919082 -37.683391644601244 0
endloop
endfacet
facet normal 0.381791478053195 0.9242484878461834 0
outer loop
vertex 146.50389218300438 -37.553240773455336 1.5
vertex 146.81896402919082 -37.683391644601244 0
vertex 146.50389218300438 -37.553240773455336 0
endloop
endfacet
facet normal 0 0 -1
outer loop
vertex 146.21550032324348 -37.371472644392576 1.5
vertex 146.30038282606435 -37.424972537699915 1.5
vertex 146.50389218300438 -37.553240773455336 1.5
endloop
endfacet
facet normal 0 0 -1
outer loop
vertex 146.21550032324348 -37.371472644392576 1.5
vertex 146.50389218300438 -37.553240773455336 1.5
vertex 146.50389218300438 -37.553240773455336 0
endloop
endfacet
facet normal 0 0 -1
outer loop
vertex 146.21550032324348 -37.371472644392576 1.5
vertex 146.50389218300438 -37.553240773455336 0
vertex 146.30038282606444 -37.42497253769998 0
endloop
endfacet
facet normal 0 0 -1
outer loop
vertex 146.21550032324348 -37.371472644392576 1.5
vertex 146.30038282606444 -37.42497253769998 0
vertex 146.21550032324342 -37.37147264439255 0
endloop
endfacet
facet normal 0.6691341204860064 0.743141661328053 0
outer loop
vertex 145.96216691962772 -37.143368054057504 1.5
vertex 146.21550032324348 -37.371472644392576 1.5
vertex 146.21550032324342 -37.37147264439255 0
endloop
endfacet
facet normal 0.6691341204860064 0.743141661328053 0
outer loop
vertex 145.96216691962772 -37.143368054057504 1.5
vertex 146.21550032324342 -37.37147264439255 0
vertex 145.9621669196278 -37.143368054057596 0
endloop
endfacet
facet normal 0 0 -1
outer loop
vertex 145.75125191030887 -36.8755539835471 1.5
vertex 145.91550568238827 -37.08411890000011 1.5
vertex 145.96216691962772 -37.143368054057504 1.5
endloop
endfacet
facet normal 0 0 -1
outer loop
vertex 145.75125191030887 -36.8755539835471 1.5
vertex 145.96216691962772 -37.143368054057504 1.5
vertex 145.9621669196278 -37.143368054057596 0
endloop
endfacet
facet normal 0 0 -1
outer loop
vertex 145.75125191030887 -36.8755539835471 1.5
vertex 145.9621669196278 -37.143368054057596 0
vertex 145.91550568238821 -37.08411890000001 0
endloop
endfacet
facet normal 0 0 -1
outer loop
vertex 145.75125191030887 -36.8755539835471 1.5
vertex 145.91550568238821 -37.08411890000001 0
vertex 145.75125191030884 -36.87555398354705 0
endloop
endfacet
facet normal 0.8792817860847191 0.4763019427418561 0
outer loop
vertex 145.5888828781544 -36.57581106884099 1.5
vertex 145.75125191030887 -36.8755539835471 1.5
vertex 145.75125191030884 -36.87555398354705 0
endloop
endfacet
facet normal 0.8792817860847191 0.4763019427418561 0
outer loop
vertex 145.5888828781544 -36.57581106884099 1.5
vertex 145.75125191030884 -36.87555398354705 0
vertex 145.58888287815432 -36.57581106884084 0
endloop
endfacet
facet normal 0.9473983254371003 0.32005689019138156 0
outer loop
vertex 145.47977702988595 -36.25284755481351 1.5
vertex 145.5888828781544 -36.57581106884099 1.5
vertex 145.58888287815432 -36.57581106884084 0
endloop
endfacet
facet normal 0.9473983254371003 0.32005689019138156 0
outer loop
vertex 145.47977702988595 -36.25284755481351 1.5
vertex 145.58888287815432 -36.57581106884084 0
vertex 145.47977702988595 -36.25284755481354 0
endloop
endfacet
facet normal 0.987990689215047 0.15451342344397306 0
outer loop
vertex 145.42710415000002 -35.91604630000011 1.5
vertex 145.47977702988595 -36.25284755481351 1.5
vertex 145.47977702988595 -36.25284755481354 0
endloop
endfacet
facet normal 0.987990689215047 0.15451342344397306 0
outer loop
vertex 145.42710415000002 -35.91604630000011 1.5
vertex 145.47977702988595 -36.25284755481354 0
vertex 145.42710415000005 -35.91604630000033 0
endloop
endfacet
facet normal 0.9975639585626364 0.06975778506262029 0
outer loop
vertex 145.23982310000008 -33.23785310000066 1.5
vertex 145.42710415000002 -35.91604630000011 1.5
vertex 145.42710415000005 -35.91604630000033 0
endloop
endfacet
facet normal 0.9975639585626364 0.06975778506262029 0
outer loop
vertex 145.23982310000008 -33.23785310000066 1.5
vertex 145.42710415000005 -35.91604630000033 0
vertex 145.2398231 -33.23785310000006 0
endloop
endfacet
facet normal 0.9890152406369626 0.14781357781953366 0
outer loop
vertex 145.1934342420974 -32.927466949159225 1.5
vertex 145.23982310000008 -33.23785310000066 1.5
vertex 145.2398231 -33.23785310000006 0
endloop
endfacet
facet normal 0.9890152406369626 0.14781357781953366 0
outer loop
vertex 145.1934342420974 -32.927466949159225 1.5
vertex 145.2398231 -33.23785310000006 0
vertex 145.19343424209737 -32.9274669491591 0
endloop
endfacet
facet normal 0.9537175905400405 0.30070377033635604 0
outer loop
vertex 145.09906235720763 -32.628155349005006 1.5
vertex 145.1934342420974 -32.927466949159225 1.5
vertex 145.19343424209737 -32.9274669491591 0
endloop
endfacet
facet normal 0.9537175905400405 0.30070377033635604 0
outer loop
vertex 145.09906235720763 -32.628155349005006 1.5
vertex 145.19343424209737 -32.9274669491591 0
vertex 145.09906235720769 -32.6281553490051 0
endloop
endfacet
facet normal 0.8949352355750444 0.4461960601868197 0
outer loop
vertex 144.95902964932668 -32.3472918103104 1.5
vertex 145.09906235720763 -32.628155349005006 1.5
vertex 145.09906235720769 -32.6281553490051 0
endloop
endfacet
facet normal 0.8949352355750444 0.4461960601868197 0
outer loop
vertex 144.95902964932668 -32.3472918103104 1.5
vertex 145.09906235720769 -32.6281553490051 0
vertex 144.95902964932668 -32.34729181031042 0
endloop
endfacet
facet normal 0.8141165576918717 0.5807014986134764 0
outer loop
vertex 144.77678419586545 -32.09179214037477 1.5
vertex 144.95902964932668 -32.3472918103104 1.5
vertex 144.95902964932668 -32.34729181031042 0
endloop
endfacet
facet normal 0.8141165576918717 0.5807014986134764 0
outer loop
vertex 144.77678419586545 -32.09179214037477 1.5
vertex 144.95902964932668 -32.34729181031042 0
vertex 144.7767841958654 -32.09179214037473 0
endloop
endfacet
facet normal 0.7132515852331608 0.7009081082156087 0
outer loop
vertex 144.5568134943578 -31.867947602530023 1.5
vertex 144.77678419586545 -32.09179214037477 1.5
vertex 144.7767841958654 -32.09179214037473 0
endloop
endfacet
facet normal 0.7132515852331608 0.7009081082156087 0
outer loop
vertex 144.5568134943578 -31.867947602530023 1.5
vertex 144.7767841958654 -32.09179214037473 0
vertex 144.55681349435784 -31.867947602530037 0
endloop
endfacet
facet normal 0.5948239539033354 0.8038559969688618 0
outer loop
vertex 144.304533965142 -31.68127000402623 1.5
vertex 144.5568134943578 -31.867947602530023 1.5
vertex 144.55681349435784 -31.867947602530037 0
endloop
endfacet
facet normal 0.5948239539033354 0.8038559969688618 0
outer loop
vertex 144.304533965142 -31.68127000402623 1.5
vertex 144.55681349435784 -31.867947602530037 0
vertex 144.304533965142 -31.68127000402623 0
endloop
endfacet
facet normal 0.46174975128367624 0.8870102407466687 0
outer loop
vertex 144.02615758082814 -31.536355976751892 1.5
vertex 144.304533965142 -31.68127000402623 1.5
vertex 144.304533965142 -31.68127000402623 0
endloop
endfacet
facet normal 0.46174975128367624 0.8870102407466687 0
outer loop
vertex 144.02615758082814 -31.536355976751892 1.5
vertex 144.304533965142 -31.68127000402623 0
vertex 144.0261575808281 -31.536355976751878 0
endloop
endfacet
facet normal 0.31730571292362686 0.9483233016993882 0
outer loop
vertex 143.72853890658888 -31.436773792659565 1.5
vertex 144.02615758082814 -31.536355976751892 1.5
vertex 144.0261575808281 -31.536355976751878 0
endloop
endfacet
facet normal 0.31730571292362686 0.9483233016993882 0
outer loop
vertex 143.72853890658888 -31.436773792659565 1.5
vertex 144.0261575808281 -31.536355976751878 0
vertex 143.72853890658888 -31.436773792659565 0
endloop
endfacet
facet normal 0.16504853806409692 0.9862854455394262 0
outer loop
vertex 143.41900631765327 -31.38497550087895 1.5
vertex 143.72853890658888 -31.436773792659565 1.5
vertex 143.72853890658888 -31.436773792659565 0
endloop
endfacet
facet normal 0.16504853806409692 0.9862854455394262 0
outer loop
vertex 143.41900631765327 -31.38497550087895 1.5
vertex 143.72853890658888 -31.436773792659565 0
vertex 143.41900631765327 -31.38497550087895 0
endloop
endfacet
facet normal 0.008727311709698427 0.9999619162899764 0
outer loop
vertex 143.10518155000005 -31.382236550000002 1.5
vertex 143.41900631765327 -31.38497550087895 1.5
vertex 143.41900631765327 -31.38497550087895 0
endloop
endfacet
facet normal 0.008727311709698427 0.9999619162899764 0
outer loop
vertex 143.10518155000005 -31.382236550000002 1.5
vertex 143.41900631765327 -31.38497550087895 0
vertex 143.10518155000003 -31.382236550000002 0
endloop
endfacet
facet normal -0.06975655584417238 0.9975640445188264 0
outer loop
vertex 124.65024719999997 -32.672732800000006 1.5
vertex 143.10518155000005 -31.382236550000002 1.5
vertex 143.10518155000003 -31.382236550000002 0
endloop
endfacet
facet normal -0.06975655584417238 0.9975640445188264 0
outer loop
vertex 124.65024719999997 -32.672732800000006 1.5
vertex 143.10518155000003 -31.382236550000002 0
vertex 124.65024719999985 -32.67273280000001 0
endloop
endfacet
facet normal -0.14780342842168176 0.9890167574651083 0
outer loop
vertex 124.33985899915925 -32.719118707902595 1.5
vertex 124.65024719999997 -32.672732800000006 1.5
vertex 124.65024719999985 -32.67273280000001 0
endloop
endfacet
facet normal -0.14780342842168176 0.9890167574651083 0
outer loop
vertex 124.33985899915925 -32.719118707902595 1.5
vertex 124.65024719999985 -32.67273280000001 0
vertex 124.33985899915923 -32.71911870790259 0
endloop
endfacet
facet normal -0.30070377033641177 0.9537175905400228 0
outer loop
vertex 124.04054739900495 -32.8134905927924 1.5
vertex 124.33985899915925 -32.719118707902595 1.5
vertex 124.33985899915923 -32.71911870790259 0
endloop
endfacet
facet normal -0.30070377033641177 0.9537175905400228 0
outer loop
vertex 124.04054739900495 -32.8134905927924 1.5
vertex 124.33985899915923 -32.71911870790259 0
vertex 124.04054739900499 -32.81349059279237 0
endloop
endfacet
facet normal -0.4461960601868083 0.8949352355750501 0
outer loop
vertex 123.75968386031035 -32.95352330067335 1.5
vertex 124.04054739900495 -32.8134905927924 1.5
vertex 124.04054739900499 -32.81349059279237 0
endloop
endfacet
facet normal -0.4461960601868083 0.8949352355750501 0
outer loop
vertex 123.75968386031035 -32.95352330067335 1.5
vertex 124.04054739900499 -32.81349059279237 0
vertex 123.75968386031036 -32.95352330067334 0
endloop
endfacet
facet normal -0.580701498613467 0.8141165576918784 0
outer loop
vertex 123.50418419037462 -33.135768754134666 1.5
vertex 123.75968386031035 -32.95352330067335 1.5
vertex 123.75968386031036 -32.95352330067334 0
endloop
endfacet
facet normal -0.580701498613467 0.8141165576918784 0
outer loop
vertex 123.50418419037462 -33.135768754134666 1.5
vertex 123.75968386031036 -32.95352330067334 0
vertex 123.50418419037462 -33.135768754134666 0
endloop
endfacet
facet normal -0.7009081082156301 0.7132515852331396 0
outer loop
vertex 123.28033965253016 -33.355739455642016 1.5
vertex 123.50418419037462 -33.135768754134666 1.5
vertex 123.50418419037462 -33.135768754134666 0
endloop
endfacet
facet normal -0.7009081082156301 0.7132515852331396 0
outer loop
vertex 123.28033965253016 -33.355739455642016 1.5
vertex 123.50418419037462 -33.135768754134666 0
vertex 123.28033965253015 -33.35573945564203 0
endloop
endfacet
facet normal -0.8038559969688229 0.5948239539033879 0
outer loop
vertex 123.09366205402621 -33.608018984858006 1.5
vertex 123.28033965253016 -33.355739455642016 1.5
vertex 123.28033965253015 -33.35573945564203 0
endloop
endfacet
facet normal -0.8038559969688229 0.5948239539033879 0
outer loop
vertex 123.09366205402621 -33.608018984858006 1.5
vertex 123.28033965253015 -33.35573945564203 0
vertex 123.09366205402624 -33.60801898485796 0
endloop
endfacet
facet normal -0.8870102407466907 0.461749751283634 0
outer loop
vertex 122.94874802675187 -33.88639536917189 1.5
vertex 123.09366205402621 -33.608018984858006 1.5
vertex 123.09366205402624 -33.60801898485796 0
endloop
endfacet
facet normal -0.8870102407466907 0.461749751283634 0
outer loop
vertex 122.94874802675187 -33.88639536917189 1.5
vertex 123.09366205402624 -33.60801898485796 0
vertex 122.94874802675186 -33.886395369171936 0
endloop
endfacet
facet normal -0.9483233016993975 0.31730571292359894 0
outer loop
vertex 122.84916584265956 -34.184014043411146 1.5
vertex 122.94874802675187 -33.88639536917189 1.5
vertex 122.94874802675186 -33.886395369171936 0
endloop
endfacet
facet normal -0.9483233016993975 0.31730571292359894 0
outer loop
vertex 122.84916584265956 -34.184014043411146 1.5
vertex 122.94874802675186 -33.886395369171936 0
vertex 122.84916584265956 -34.18401404341115 0
endloop
endfacet
facet normal -0.9862854455394188 0.16504853806414127 0
outer loop
vertex 122.79736755087895 -34.493546632346685 1.5
vertex 122.84916584265956 -34.184014043411146 1.5
vertex 122.84916584265956 -34.18401404341115 0
endloop
endfacet
facet normal -0.9862854455394188 0.16504853806414127 0
outer loop
vertex 122.79736755087895 -34.493546632346685 1.5
vertex 122.84916584265956 -34.18401404341115 0
vertex 122.79736755087895 -34.49354663234673 0
endloop
endfacet
facet normal -0.9999619162899768 0.0087273117096629 0
outer loop
vertex 122.79462860000001 -34.80737140000016 1.5
vertex 122.79736755087895 -34.493546632346685 1.5
vertex 122.79736755087895 -34.49354663234673 0
endloop
endfacet
facet normal -0.9999619162899768 0.0087273117096629 0
outer loop
vertex 122.79462860000001 -34.80737140000016 1.5
vertex 122.79736755087895 -34.49354663234673 0
vertex 122.79462860000001 -34.80737140000006 0
endloop
endfacet
facet normal 0 0 1
outer loop
vertex 122.95383759999999 -37.08411890000011 1.5
vertex 122.93925301748324 -36.8755539835471 1.5
vertex 122.91829251584332 -36.57581106884099 1.5
endloop
endfacet
facet normal 0 0 1
outer loop
vertex 122.95383759999999 -37.08411890000011 1.5
vertex 122.91829251584332 -36.57581106884099 1.5
vertex 122.89570823800626 -36.25284755481351 1.5
endloop
endfacet
facet normal 0 0 1
outer loop
vertex 122.95383759999999 -37.08411890000011 1.5
vertex 122.89570823800626 -36.25284755481351 1.5
vertex 122.87215631097985 -35.91604630000011 1.5
endloop
endfacet
facet normal 0 0 1
outer loop
vertex 122.95383759999999 -37.08411890000011 1.5
vertex 122.87215631097985 -35.91604630000011 1.5
vertex 122.79462860000001 -34.80737140000016 1.5
endloop
endfacet
facet normal 0 0 1
outer loop
vertex 122.95383759999999 -37.08411890000011 1.5
vertex 122.79462860000001 -34.80737140000016 1.5
vertex 122.79462860000001 -34.80737140000006 0
endloop
endfacet
facet normal 0 0 1
outer loop
vertex 122.95383759999999 -37.08411890000011 1.5
vertex 122.79462860000001 -34.80737140000006 0
vertex 122.87215631097988 -35.91604630000033 0
endloop
endfacet
facet normal 0 0 1
outer loop
vertex 122.95383759999999 -37.08411890000011 1.5
vertex 122.87215631097988 -35.91604630000033 0
vertex 122.89570823800629 -36.25284755481354 0
endloop
endfacet
facet normal 0 0 1
outer loop
vertex 122.95383759999999 -37.08411890000011 1.5
vertex 122.89570823800629 -36.25284755481354 0
vertex 122.91829251584332 -36.57581106884084 0
endloop
endfacet
facet normal 0 0 1
outer loop
vertex 122.95383759999999 -37.08411890000011 1.5
vertex 122.91829251584332 -36.57581106884084 0
vertex 122.93925301748325 -36.87555398354705 0
endloop
endfacet
facet normal 0 0 1
outer loop
vertex 122.95383759999999 -37.08411890000011 1.5
vertex 122.93925301748325 -36.87555398354705 0
vertex 122.9538376 -37.08411890000001 0
endloop
endfacet
facet normal 0 0 1
outer loop
vertex 122.94854618223995 -37.424972537699915 1.5
vertex 122.9493767155079 -37.371472644392576 1.5
vertex 122.95291781510885 -37.143368054057504 1.5
endloop
endfacet
facet normal 0 0 1
outer loop
vertex 122.94854618223995 -37.424972537699915 1.5
vertex 122.95291781510885 -37.143368054057504 1.5
vertex 122.95383759999999 -37.08411890000011 1.5
endloop
endfacet
facet normal 0 0 1
outer loop
vertex 122.94854618223995 -37.424972537699915 1.5
vertex 122.95383759999999 -37.08411890000011 1.5
vertex 122.9538376 -37.08411890000001 0
endloop
endfacet
facet normal 0 0 1
outer loop
vertex 122.94854618223995 -37.424972537699915 1.5
vertex 122.9538376 -37.08411890000001 0
vertex 122.95291781510886 -37.143368054057596 0
endloop
endfacet
facet normal 0 0 1
outer loop
vertex 122.94854618223995 -37.424972537699915 1.5
vertex 122.95291781510886 -37.143368054057596 0
vertex 122.9493767155079 -37.37147264439255 0
endloop
endfacet
facet normal 0 0 1
outer loop
vertex 122.94854618223995 -37.424972537699915 1.5
vertex 122.9493767155079 -37.37147264439255 0
vertex 122.94854618223997 -37.42497253769998 0
endloop
endfacet
facet normal 0 0 1
outer loop
vertex 122.88544933657053 -37.7599763800103 1.5
vertex 122.88579444686792 -37.75814406534514 1.5
vertex 122.8998738136076 -37.68339164460125 1.5
endloop
endfacet
facet normal 0 0 1
outer loop
vertex 122.88544933657053 -37.7599763800103 1.5
vertex 122.8998738136076 -37.68339164460125 1.5
vertex 122.92438729194205 -37.553240773455336 1.5
endloop
endfacet
facet normal 0 0 1
outer loop
vertex 122.88544933657053 -37.7599763800103 1.5
vertex 122.92438729194205 -37.553240773455336 1.5
vertex 122.94854618223995 -37.424972537699915 1.5
endloop
endfacet
facet normal 0 0 1
outer loop
vertex 122.88544933657053 -37.7599763800103 1.5
vertex 122.94854618223995 -37.424972537699915 1.5
vertex 122.94854618223997 -37.42497253769998 0
endloop
endfacet
facet normal 0 0 1
outer loop
vertex 122.88544933657053 -37.7599763800103 1.5
vertex 122.94854618223997 -37.42497253769998 0
vertex 122.92438729194208 -37.553240773455336 0
endloop
endfacet
facet normal 0 0 1
outer loop
vertex 122.88544933657053 -37.7599763800103 1.5
vertex 122.92438729194208 -37.553240773455336 0
vertex 122.89987381360763 -37.683391644601244 0
endloop
endfacet
facet normal 0 0 1
outer loop
vertex 122.88544933657053 -37.7599763800103 1.5
vertex 122.89987381360763 -37.683391644601244 0
vertex 122.88579444686793 -37.75814406534514 0
endloop
endfacet
facet normal 0 0 1
outer loop
vertex 122.88544933657053 -37.7599763800103 1.5
vertex 122.88579444686793 -37.75814406534514 0
vertex 122.88544933657056 -37.759976380010215 0
endloop
endfacet
facet normal 0 0 1
outer loop
vertex 122.76637636495536 -38.07939837945118 1.5
vertex 122.8797286284777 -37.7753226 1.5
vertex 122.88544933657053 -37.7599763800103 1.5
endloop
endfacet
facet normal 0 0 1
outer loop
vertex 122.76637636495536 -38.07939837945118 1.5
vertex 122.88544933657053 -37.7599763800103 1.5
vertex 122.88544933657056 -37.759976380010215 0
endloop
endfacet
facet normal 0 0 1
outer loop
vertex 122.76637636495536 -38.07939837945118 1.5
vertex 122.88544933657056 -37.759976380010215 0
vertex 122.87972862847768 -37.77532260000001 0
endloop
endfacet
facet normal 0 0 1
outer loop
vertex 122.76637636495536 -38.07939837945118 1.5
vertex 122.87972862847768 -37.77532260000001 0
vertex 122.76637636495536 -38.07939837945116 0
endloop
endfacet
facet normal -0.8640813885353466 0.5033521172964582 0
outer loop
vertex 122.59478659877244 -38.37395862530482 1.5
vertex 122.76637636495536 -38.07939837945118 1.5
vertex 122.76637636495536 -38.07939837945116 0
endloop
endfacet
facet normal -0.8640813885353466 0.5033521172964582 0
outer loop
vertex 122.59478659877244 -38.37395862530482 1.5
vertex 122.76637636495536 -38.07939837945116 0
vertex 122.59478659877244 -38.373958625304795 0
endloop
endfacet
facet normal -0.7660469082861574 0.642784671803256 0
outer loop
vertex 122.37566509763884 -38.63509949540602 1.5
vertex 122.59478659877244 -38.37395862530482 1.5
vertex 122.59478659877244 -38.373958625304795 0
endloop
endfacet
facet normal -0.7660469082861574 0.642784671803256 0
outer loop
vertex 122.37566509763884 -38.63509949540602 1.5
vertex 122.59478659877244 -38.373958625304795 0
vertex 122.37566509763883 -38.63509949540601 0
endloop
endfacet
facet normal -0.6457570826724692 0.7635429196701007 9.729682332526054e-15
outer loop
vertex 122.11537782247937 -38.8552342738627 1.5
vertex 122.37566509763884 -38.63509949540602 1.5
vertex 122.37566509763883 -38.63509949540601 0
endloop
endfacet
facet normal -0.6457570826724692 0.7635429196701007 9.729682332526054e-15
outer loop
vertex 122.11537782247937 -38.8552342738627 1.5
vertex 122.37566509763883 -38.63509949540601 0
vertex 122.19538426966731 -38.78756979999997 0
endloop
endfacet
facet normal -0.6457570826724692 0.7635429196701007 9.729682332526054e-15
outer loop
vertex 122.11537782247937 -38.8552342738627 1.5
vertex 122.19538426966731 -38.78756979999997 0
vertex 122.12268194369418 -38.849056902708234 0
endloop
endfacet
facet normal -0.6457570826724692 0.7635429196701007 9.729682332526054e-15
outer loop
vertex 122.11537782247937 -38.8552342738627 1.5
vertex 122.12268194369418 -38.849056902708234 0
vertex 122.11537782247937 -38.855234273862685 0
endloop
endfacet
facet normal -0.5067065953539468 0.8621185685419447 0
outer loop
vertex 121.82148669037758 -39.02796756181852 1.5
vertex 122.11537782247937 -38.8552342738627 1.5
vertex 122.11537782247937 -38.855234273862685 0
endloop
endfacet
facet normal -0.5067065953539468 0.8621185685419447 0
outer loop
vertex 121.82148669037758 -39.02796756181852 1.5
vertex 122.11537782247937 -38.855234273862685 0
vertex 121.82148669037761 -39.027967561818485 0
endloop
endfacet
facet normal -0.3529351684218373 0.9356477792903959 1.548335779834699e-14
outer loop
vertex 121.5025298842747 -39.1482810778369 1.5
vertex 121.82148669037758 -39.02796756181852 1.5
vertex 121.82148669037761 -39.027967561818485 0
endloop
endfacet
facet normal -0.3529351684218373 0.9356477792903959 1.548335779834699e-14
outer loop
vertex 121.5025298842747 -39.1482810778369 1.5
vertex 121.82148669037761 -39.027967561818485 0
vertex 121.81303585678332 -39.03115529596794 0
endloop
endfacet
facet normal -0.3529351684218373 0.9356477792903959 1.548335779834699e-14
outer loop
vertex 121.5025298842747 -39.1482810778369 1.5
vertex 121.81303585678332 -39.03115529596794 0
vertex 121.5025298842746 -39.14828107783691 0
endloop
endfacet
facet normal -0.18891019959882985 0.9819943668308542 0
outer loop
vertex 121.16777380000009 -39.21267944999999 1.5
vertex 121.5025298842747 -39.1482810778369 1.5
vertex 121.5025298842746 -39.14828107783691 0
endloop
endfacet
facet normal -0.18891019959882985 0.9819943668308542 0
outer loop
vertex 121.16777380000009 -39.21267944999999 1.5
vertex 121.5025298842746 -39.14828107783691 0
vertex 121.16777380000005 -39.212679449999996 0
endloop
endfacet
facet normal -0.10452822978442926 0.9945219199083214 -1.7480638361977314e-15
outer loop
vertex 102.30289340000004 -41.195453799999996 1.5
vertex 121.16777380000009 -39.21267944999999 1.5
vertex 121.16777380000005 -39.212679449999996 0
endloop
endfacet
facet normal -0.10452822978442926 0.9945219199083214 -1.7480638361977314e-15
outer loop
vertex 102.30289340000004 -41.195453799999996 1.5
vertex 121.16777380000005 -39.212679449999996 0
vertex 120.08134899308706 -39.326867040627434 0
endloop
endfacet
facet normal -0.10452822978442926 0.9945219199083214 -1.7480638361977314e-15
outer loop
vertex 102.30289340000004 -41.195453799999996 1.5
vertex 120.08134899308706 -39.326867040627434 0
vertex 116.2949938827613 -39.724828100202735 0
endloop
endfacet
facet normal -0.10452822978442926 0.9945219199083214 -1.7480638361977314e-15
outer loop
vertex 102.30289340000004 -41.195453799999996 1.5
vertex 116.2949938827613 -39.724828100202735 0
vertex 111.68130683157358 -40.209745054355395 0
endloop
endfacet
facet normal -0.10452822978442926 0.9945219199083214 -1.7480638361977314e-15
outer loop
vertex 102.30289340000004 -41.195453799999996 1.5
vertex 111.68130683157358 -40.209745054355395 0
vertex 106.4175892459908 -40.76298281643193 0
endloop
endfacet
facet normal -0.10452822978442926 0.9945219199083214 -1.7480638361977314e-15
outer loop
vertex 102.30289340000004 -41.195453799999996 1.5
vertex 106.4175892459908 -40.76298281643193 0
vertex 102.30289340000002 -41.1954538 0
endloop
endfacet
facet normal -0.1908060297435271 0.9816277599036777 0
outer loop
vertex 101.96067488113984 -41.261973268535435 1.5
vertex 102.30289340000004 -41.195453799999996 1.5
vertex 102.30289340000002 -41.1954538 0
endloop
endfacet
facet normal -0.1908060297435271 0.9816277599036777 0
outer loop
vertex 101.96067488113984 -41.261973268535435 1.5
vertex 102.30289340000002 -41.1954538 0
vertex 101.96067488113987 -41.26197326853543 0
endloop
endfacet
facet normal -0.35837063452443124 0.9335793958258487 -2.361913246338611e-15
outer loop
vertex 101.63520837126353 -41.386909230256876 1.5
vertex 101.96067488113984 -41.261973268535435 1.5
vertex 101.96067488113987 -41.26197326853543 0
endloop
endfacet
facet normal -0.35837063452443124 0.9335793958258487 -2.361913246338611e-15
outer loop
vertex 101.63520837126353 -41.386909230256876 1.5
vertex 101.96067488113987 -41.26197326853543 0
vertex 101.69676208673903 -41.363280769548645 0
endloop
endfacet
facet normal -0.35837063452443124 0.9335793958258487 -2.361913246338611e-15
outer loop
vertex 101.63520837126353 -41.386909230256876 1.5
vertex 101.69676208673903 -41.363280769548645 0
vertex 101.6352083712635 -41.38690923025689 0
endloop
endfacet
facet normal -0.5150402116676522 0.8571660168049945 0
outer loop
vertex 101.336381262266 -41.56646368581474 1.5
vertex 101.63520837126353 -41.386909230256876 1.5
vertex 101.6352083712635 -41.38690923025689 0
endloop
endfacet
facet normal -0.5150402116676522 0.8571660168049945 0
outer loop
vertex 101.336381262266 -41.56646368581474 1.5
vertex 101.6352083712635 -41.38690923025689 0
vertex 101.33638126226595 -41.56646368581477 0
endloop
endfacet
facet normal -0.6560606211438361 0.7547081961820502 0
outer loop
vertex 101.0732732248726 -41.79518098783091 1.5
vertex 101.336381262266 -41.56646368581474 1.5
vertex 101.33638126226595 -41.56646368581477 0
endloop
endfacet
facet normal -0.6560606211438361 0.7547081961820502 0
outer loop
vertex 101.0732732248726 -41.79518098783091 1.5
vertex 101.33638126226595 -41.56646368581477 0
vertex 101.0732732248725 -41.79518098783103 0
endloop
endfacet
facet normal -0.7771470479377354 0.6293190493554626 8.624964101789267e-16
outer loop
vertex 100.85387862864607 -42.06611170725782 1.5
vertex 101.0732732248726 -41.79518098783091 1.5
vertex 101.0732732248725 -41.79518098783103 0
endloop
endfacet
facet normal -0.7771470479377354 0.6293190493554626 8.624964101789267e-16
outer loop
vertex 100.85387862864607 -42.06611170725782 1.5
vertex 101.0732732248725 -41.79518098783103 0
vertex 100.91748038656976 -41.98756979999365 0
endloop
endfacet
facet normal -0.7771470479377354 0.6293190493554626 8.624964101789267e-16
outer loop
vertex 100.85387862864607 -42.06611170725782 1.5
vertex 100.91748038656976 -41.98756979999365 0
vertex 100.85387862864607 -42.06611170725781 0
endloop
endfacet
facet normal -0.8746203583581587 0.48480844541472895 0
outer loop
vertex 100.68486363817688 -42.371023787338444 1.5
vertex 100.85387862864607 -42.06611170725782 1.5
vertex 100.85387862864607 -42.06611170725781 0
endloop
endfacet
facet normal -0.8746203583581587 0.48480844541472895 0
outer loop
vertex 100.68486363817688 -42.371023787338444 1.5
vertex 100.85387862864607 -42.06611170725781 0
vertex 100.68486363817689 -42.37102378733841 0
endloop
endfacet
facet normal -0.9455188881635554 0.32556724670327936 -1.2473025008747583e-15
outer loop
vertex 100.57136366593201 -42.70065266939048 1.5
vertex 100.68486363817688 -42.371023787338444 1.5
vertex 100.68486363817689 -42.37102378733841 0
endloop
endfacet
facet normal -0.9455188881635554 0.32556724670327936 -1.2473025008747583e-15
outer loop
vertex 100.57136366593201 -42.70065266939048 1.5
vertex 100.68486363817689 -42.37102378733841 0
vertex 100.60193774121439 -42.61185883045139 0
endloop
endfacet
facet normal -0.9455188881635554 0.32556724670327936 -1.2473025008747583e-15
outer loop
vertex 100.57136366593201 -42.70065266939048 1.5
vertex 100.60193774121439 -42.61185883045139 0
vertex 100.57136366593203 -42.70065266939047 0
endloop
endfacet
facet normal -0.987688430837353 0.1564338952722436 0
outer loop
vertex 100.5168273360298 -43.044982790500086 1.5
vertex 100.57136366593201 -42.70065266939048 1.5
vertex 100.57136366593203 -42.70065266939047 0
endloop
endfacet
facet normal -0.987688430837353 0.1564338952722436 0
outer loop
vertex 100.5168273360298 -43.044982790500086 1.5
vertex 100.57136366593203 -42.70065266939047 0
vertex 100.5168273360298 -43.04498279050017 0
endloop
endfacet
facet normal -0.9998476917761672 -0.01745260008911324 9.918708717063406e-16
outer loop
vertex 100.5229117 -43.393551899999935 1.5
vertex 100.5168273360298 -43.044982790500086 1.5
vertex 100.5168273360298 -43.04498279050017 0
endloop
endfacet
facet normal -0.9998476917761672 -0.01745260008911324 9.918708717063406e-16
outer loop
vertex 100.5229117 -43.393551899999935 1.5
vertex 100.5168273360298 -43.04498279050017 0
vertex 100.51974540132146 -43.21215678356803 0
endloop
endfacet
facet normal -0.9998476917761672 -0.01745260008911324 9.918708717063406e-16
outer loop
vertex 100.5229117 -43.393551899999935 1.5
vertex 100.51974540132146 -43.21215678356803 0
vertex 100.5229117 -43.39355189999992 0
endloop
endfacet
facet normal 0 0 -1
outer loop
vertex 100.8212953 -46.23253329999998 1.5
vertex 100.73698745467915 -45.430383299999995 1.5
vertex 100.73233654328847 -45.38613203776166 1.5
endloop
endfacet
facet normal 0 0 -1
outer loop
vertex 100.8212953 -46.23253329999998 1.5
vertex 100.73233654328847 -45.38613203776166 1.5
vertex 100.72212115475331 -45.288937359350854 1.5
endloop
endfacet
facet normal 0 0 -1
outer loop
vertex 100.8212953 -46.23253329999998 1.5
vertex 100.72212115475331 -45.288937359350854 1.5
vertex 100.70661804957423 -45.141432512416735 1.5
endloop
endfacet
facet normal 0 0 -1
outer loop
vertex 100.8212953 -46.23253329999998 1.5
vertex 100.70661804957423 -45.141432512416735 1.5
vertex 100.68624750894412 -44.94761627735278 1.5
endloop
endfacet
facet normal 0 0 -1
outer loop
vertex 100.8212953 -46.23253329999998 1.5
vertex 100.68624750894412 -44.94761627735278 1.5
vertex 100.6615617677229 -44.71274291242173 1.5
endloop
endfacet
facet normal 0 0 -1
outer loop
vertex 100.8212953 -46.23253329999998 1.5
vertex 100.6615617677229 -44.71274291242173 1.5
vertex 100.63323004363492 -44.4431797135204 1.5
endloop
endfacet
facet normal 0 0 -1
outer loop
vertex 100.8212953 -46.23253329999998 1.5
vertex 100.63323004363492 -44.4431797135204 1.5
vertex 100.60202039512137 -44.14623440006986 1.5
endloop
endfacet
facet normal 0 0 -1
outer loop
vertex 100.8212953 -46.23253329999998 1.5
vertex 100.60202039512137 -44.14623440006986 1.5
vertex 100.56877889967173 -43.82995700650753 1.5
endloop
endfacet
facet normal 0 0 -1
outer loop
vertex 100.8212953 -46.23253329999998 1.5
vertex 100.56877889967173 -43.82995700650753 1.5
vertex 100.53440671709882 -43.50292165000037 1.5
endloop
endfacet
facet normal 0 0 -1
outer loop
vertex 100.8212953 -46.23253329999998 1.5
vertex 100.53440671709882 -43.50292165000037 1.5
vertex 100.5229117 -43.393551899999935 1.5
endloop
endfacet
facet normal 0 0 -1
outer loop
vertex 100.8212953 -46.23253329999998 1.5
vertex 100.5229117 -43.393551899999935 1.5
vertex 100.5229117 -43.39355189999992 0
endloop
endfacet
facet normal 0 0 -1
outer loop
vertex 100.8212953 -46.23253329999998 1.5
vertex 100.5229117 -43.39355189999992 0
vertex 100.56199323369634 -43.76539454566608 0
endloop
endfacet
facet normal 0 0 -1
outer loop
vertex 100.8212953 -46.23253329999998 1.5
vertex 100.56199323369634 -43.76539454566608 0
vertex 100.61295914227101 -44.250311499807005 0
endloop
endfacet
facet normal 0 0 -1
outer loop
vertex 100.8212953 -46.23253329999998 1.5
vertex 100.61295914227101 -44.250311499807005 0
vertex 100.65478578248991 -44.64827255934902 0
endloop
endfacet
facet normal 0 0 -1
outer loop
vertex 100.8212953 -46.23253329999998 1.5
vertex 100.65478578248991 -44.64827255934902 0
vertex 100.68586578003502 -44.94398430403805 0
endloop
endfacet
facet normal 0 0 -1
outer loop
vertex 100.8212953 -46.23253329999998 1.5
vertex 100.68586578003502 -44.94398430403805 0
vertex 100.70500474802303 -45.126082697291416 0
endloop
endfacet
facet normal 0 0 -1
outer loop
vertex 100.8212953 -46.23253329999998 1.5
vertex 100.70500474802303 -45.126082697291416 0
vertex 100.71146718664973 -45.18756980000021 0
endloop
endfacet
facet normal 0 0 -1
outer loop
vertex 100.8212953 -46.23253329999998 1.5
vertex 100.71146718664973 -45.18756980000021 0
vertex 100.72212115475331 -45.288937359350896 0
endloop
endfacet
facet normal 0 0 -1
outer loop
vertex 100.8212953 -46.23253329999998 1.5
vertex 100.72212115475331 -45.288937359350896 0
vertex 100.73233654328845 -45.386132037761655 0
endloop
endfacet
facet normal 0 0 -1
outer loop
vertex 100.8212953 -46.23253329999998 1.5
vertex 100.73233654328845 -45.386132037761655 0
vertex 100.73698745467915 -45.430383299999995 0
endloop
endfacet
facet normal 0 0 -1
outer loop
vertex 100.8212953 -46.23253329999998 1.5
vertex 100.73698745467915 -45.430383299999995 0
vertex 100.8212953 -46.23253329999991 0
endloop
endfacet
facet normal -0.9996821543388146 -0.02521091621711946 0
outer loop
vertex 100.82930493890095 -46.55013750775725 1.5
vertex 100.8212953 -46.23253329999998 1.5
vertex 100.8212953 -46.23253329999991 0
endloop
endfacet
facet normal -0.9996821543388146 -0.02521091621711946 0
outer loop
vertex 100.82930493890095 -46.55013750775725 1.5
vertex 100.8212953 -46.23253329999991 0
vertex 100.82930493890095 -46.55013750775721 0
endloop
endfacet
facet normal -0.9910605354457838 0.13341294945362836 0
outer loop
vertex 100.78691940727771 -46.86499920474931 1.5
vertex 100.82930493890095 -46.55013750775725 1.5
vertex 100.82930493890095 -46.55013750775721 0
endloop
endfacet
facet normal -0.9910605354457838 0.13341294945362836 0
outer loop
vertex 100.78691940727771 -46.86499920474931 1.5
vertex 100.82930493890095 -46.55013750775721 0
vertex 100.7869194072777 -46.86499920474937 0
endloop
endfacet
facet normal -0.9574307063973682 0.28866319898358495 0
outer loop
vertex 100.69521059490911 -47.16917664516463 1.5
vertex 100.78691940727771 -46.86499920474931 1.5
vertex 100.7869194072777 -46.86499920474937 0
endloop
endfacet
facet normal -0.9574307063973682 0.28866319898358495 0
outer loop
vertex 100.69521059490911 -47.16917664516463 1.5
vertex 100.7869194072777 -46.86499920474937 0
vertex 100.69521059490913 -47.16917664516461 0
endloop
endfacet
facet normal -0.8996414487241824 0.43662943526227604 0
outer loop
vertex 100.55649264577653 -47.45499433550597 1.5
vertex 100.69521059490911 -47.16917664516463 1.5
vertex 100.69521059490913 -47.16917664516461 0
endloop
endfacet
facet normal -0.8996414487241824 0.43662943526227604 0
outer loop
vertex 100.55649264577653 -47.45499433550597 1.5
vertex 100.69521059490913 -47.16917664516461 0
vertex 100.5564926457765 -47.45499433550599 0
endloop
endfacet
facet normal -0.8191509937495322 0.5735779366739571 0
outer loop
vertex 100.3742659138673 -47.715240064964746 1.5
vertex 100.55649264577653 -47.45499433550597 1.5
vertex 100.5564926457765 -47.45499433550599 0
endloop
endfacet
facet normal -0.8191509937495322 0.5735779366739571 0
outer loop
vertex 100.3742659138673 -47.715240064964746 1.5
vertex 100.5564926457765 -47.45499433550599 0
vertex 100.37426591386733 -47.71524006496469 0
endloop
endfacet
facet normal -0.7179904058512394 0.6960529987763666 0
outer loop
vertex 100.15312863662481 -47.94334689550106 1.5
vertex 100.3742659138673 -47.715240064964746 1.5
vertex 100.37426591386733 -47.71524006496469 0
endloop
endfacet
facet normal -0.7179904058512394 0.6960529987763666 0
outer loop
vertex 100.15312863662481 -47.94334689550106 1.5
vertex 100.37426591386733 -47.71524006496469 0
vertex 100.15312863662474 -47.94334689550111 0
endloop
endfacet
facet normal -0.5987123313843741 0.8009641341834772 0
outer loop
vertex 99.89866090483741 -48.133558869369075 1.5
vertex 100.15312863662481 -47.94334689550106 1.5
vertex 100.15312863662474 -47.94334689550111 0
endloop
endfacet
facet normal -0.5987123313843741 0.8009641341834772 0
outer loop
vertex 99.89866090483741 -48.133558869369075 1.5
vertex 100.15312863662474 -47.94334689550111 0
vertex 99.89866090483747 -48.13355886936903 0
endloop
endfacet
facet normal -0.46432658621071626 0.8856640567042915 0
outer loop
vertex 99.61728385683175 -48.28107625268109 1.5
vertex 99.89866090483741 -48.133558869369075 1.5
vertex 99.89866090483747 -48.13355886936903 0
endloop
endfacet
facet normal -0.46432658621071626 0.8856640567042915 0
outer loop
vertex 99.61728385683175 -48.28107625268109 1.5
vertex 99.89866090483747 -48.13355886936903 0
vertex 99.61728385683172 -48.2810762526811 0
endloop
endfacet
facet normal -0.3182242071926991 0.9480154819181901 0
outer loop
vertex 99.31609764999979 -48.382176650000076 1.5
vertex 99.61728385683175 -48.28107625268109 1.5
vertex 99.61728385683172 -48.2810762526811 0
endloop
endfacet
facet normal -0.3182242071926991 0.9480154819181901 0
outer loop
vertex 99.31609764999979 -48.382176650000076 1.5
vertex 99.61728385683172 -48.2810762526811 0
vertex 99.31609764999999 -48.38217665000001 0
endloop
endfacet
facet normal -0.24192208722266317 0.9702956784989976 9.336447684223228e-15
outer loop
vertex 77.65531969999974 -53.78281970000008 1.5
vertex 99.31609764999979 -48.382176650000076 1.5
vertex 99.31609764999999 -48.38217665000001 0
endloop
endfacet
facet normal -0.24192208722266317 0.9702956784989976 9.336447684223228e-15
outer loop
vertex 77.65531969999974 -53.78281970000008 1.5
vertex 99.31609764999999 -48.38217665000001 0
vertex 95.65339441861279 -49.29539190000001 0
endloop
endfacet
facet normal -0.24192208722266317 0.9702956784989976 9.336447684223228e-15
outer loop
vertex 77.65531969999974 -53.78281970000008 1.5
vertex 95.65339441861279 -49.29539190000001 0
vertex 95.40678332689049 -49.35687900270876 0
endloop
endfacet
facet normal -0.24192208722266317 0.9702956784989976 9.336447684223228e-15
outer loop
vertex 77.65531969999974 -53.78281970000008 1.5
vertex 95.40678332689049 -49.35687900270876 0
vertex 94.67642717764646 -49.53897739596797 0
endloop
endfacet
facet normal -0.24192208722266317 0.9702956784989976 9.336447684223228e-15
outer loop
vertex 77.65531969999974 -53.78281970000008 1.5
vertex 94.67642717764646 -49.53897739596797 0
vertex 93.49039314814227 -49.83468914063803 0
endloop
endfacet
facet normal -0.24192208722266317 0.9702956784989976 9.336447684223228e-15
outer loop
vertex 77.65531969999974 -53.78281970000008 1.5
vertex 93.49039314814227 -49.83468914063803 0
vertex 91.89425986103147 -50.23265020019954 0
endloop
endfacet
facet normal -0.24192208722266317 0.9702956784989976 9.336447684223228e-15
outer loop
vertex 77.65531969999974 -53.78281970000008 1.5
vertex 91.89425986103147 -50.23265020019954 0
vertex 89.94936582334071 -50.71756715433142 0
endloop
endfacet
facet normal -0.24192208722266317 0.9702956784989976 9.336447684223228e-15
outer loop
vertex 77.65531969999974 -53.78281970000008 1.5
vertex 89.94936582334071 -50.71756715433142 0
vertex 87.7304522221814 -51.27080491644289 0
endloop
endfacet
facet normal -0.24192208722266317 0.9702956784989976 9.336447684223228e-15
outer loop
vertex 77.65531969999974 -53.78281970000008 1.5
vertex 87.7304522221814 -51.27080491644289 0
vertex 85.32279066306454 -51.87110286954557 0
endloop
endfacet
facet normal -0.24192208722266317 0.9702956784989976 9.336447684223228e-15
outer loop
vertex 77.65531969999974 -53.78281970000008 1.5
vertex 85.32279066306454 -51.87110286954557 0
vertex 82.81890622932183 -52.495391899990835 0
endloop
endfacet
facet normal -0.24192208722266317 0.9702956784989976 9.336447684223228e-15
outer loop
vertex 77.65531969999974 -53.78281970000008 1.5
vertex 82.81890622932183 -52.495391899990835 0
vertex 80.31502179551906 -53.11968093045108 0
endloop
endfacet
facet normal -0.24192208722266317 0.9702956784989976 9.336447684223228e-15
outer loop
vertex 77.65531969999974 -53.78281970000008 1.5
vertex 80.31502179551906 -53.11968093045108 0
vertex 77.90736023629539 -53.71997888358039 0
endloop
endfacet
facet normal -0.24192208722266317 0.9702956784989976 9.336447684223228e-15
outer loop
vertex 77.65531969999974 -53.78281970000008 1.5
vertex 77.90736023629539 -53.71997888358039 0
vertex 77.65531969999982 -53.78281970000005 0
endloop
endfacet
facet normal -0.3172890919508691 0.9483288628577078 0
outer loop
vertex 77.3576966800077 -53.882397537874155 1.5
vertex 77.65531969999974 -53.78281970000008 1.5
vertex 77.65531969999982 -53.78281970000005 0
endloop
endfacet
facet normal -0.3172890919508691 0.9483288628577078 0
outer loop
vertex 77.3576966800077 -53.882397537874155 1.5
vertex 77.65531969999982 -53.78281970000005 0
vertex 77.35769668000773 -53.88239753787414 0
endloop
endfacet
facet normal -0.46175141216065135 0.8870093761441556 0
outer loop
vertex 77.07932084940454 -54.02731193940075 1.5
vertex 77.3576966800077 -53.882397537874155 1.5
vertex 77.35769668000773 -53.88239753787414 0
endloop
endfacet
facet normal -0.46175141216065135 0.8870093761441556 0
outer loop
vertex 77.07932084940454 -54.02731193940075 1.5
vertex 77.35769668000773 -53.88239753787414 0
vertex 77.07932084940451 -54.02731193940076 0
endloop
endfacet
facet normal -0.5948253307349203 0.8038549781621637 0
outer loop
vertex 76.82704189582321 -54.21398978065085 1.5
vertex 77.07932084940454 -54.02731193940075 1.5
vertex 77.07932084940451 -54.02731193940076 0
endloop
endfacet
facet normal -0.5948253307349203 0.8038549781621637 0
outer loop
vertex 76.82704189582321 -54.21398978065085 1.5
vertex 77.07932084940451 -54.02731193940076 0
vertex 76.82704189582331 -54.21398978065078 0
endloop
endfacet
facet normal -0.7132526738301355 0.7009070004459667 -1.4106121186605194e-14
outer loop
vertex 76.6070717650983 -54.43783443308332 1.5
vertex 76.82704189582321 -54.21398978065085 1.5
vertex 76.82704189582331 -54.21398978065078 0
endloop
endfacet
facet normal -0.7132526738301355 0.7009070004459667 -1.4106121186605194e-14
outer loop
vertex 76.6070717650983 -54.43783443308332 1.5
vertex 76.82704189582331 -54.21398978065078 0
vertex 76.7688401871997 -54.273216645656916 0
endloop
endfacet
facet normal -0.7132526738301355 0.7009070004459667 -1.4106121186605194e-14
outer loop
vertex 76.6070717650983 -54.43783443308332 1.5
vertex 76.7688401871997 -54.273216645656916 0
vertex 76.60707176509827 -54.43783443308338 0
endloop
endfacet
facet normal -0.814117366878234 0.580700364170069 0
outer loop
vertex 76.42482685252465 -54.69333409780879 1.5
vertex 76.6070717650983 -54.43783443308332 1.5
vertex 76.60707176509827 -54.43783443308338 0
endloop
endfacet
facet normal -0.814117366878234 0.580700364170069 0
outer loop
vertex 76.42482685252465 -54.69333409780879 1.5
vertex 76.60707176509827 -54.43783443308338 0
vertex 76.4248268525246 -54.693334097808865 0
endloop
endfacet
facet normal -0.8949357860932625 0.4461949560109731 2.1962508430546382e-15
outer loop
vertex 76.28479463321435 -54.974197524386305 1.5
vertex 76.42482685252465 -54.69333409780879 1.5
vertex 76.4248268525246 -54.693334097808865 0
endloop
endfacet
facet normal -0.8949357860932625 0.4461949560109731 2.1962508430546382e-15
outer loop
vertex 76.28479463321435 -54.974197524386305 1.5
vertex 76.4248268525246 -54.693334097808865 0
vertex 76.39251927092432 -54.758133599790476 0
endloop
endfacet
facet normal -0.8949357860932625 0.4461949560109731 2.1962508430546382e-15
outer loop
vertex 76.28479463321435 -54.974197524386305 1.5
vertex 76.39251927092432 -54.758133599790476 0
vertex 76.28479463321439 -54.97419752438622 0
endloop
endfacet
facet normal -0.9537179135388886 0.30070274590536933 -1.0015788240639573e-14
outer loop
vertex 76.19042316555301 -55.27350892230714 1.5
vertex 76.28479463321435 -54.974197524386305 1.5
vertex 76.28479463321439 -54.97419752438622 0
endloop
endfacet
facet normal -0.9537179135388886 0.30070274590536933 -1.0015788240639573e-14
outer loop
vertex 76.19042316555301 -55.27350892230714 1.5
vertex 76.28479463321439 -54.97419752438622 0
vertex 76.2539366614166 -55.07206759999998 0
endloop
endfacet
facet normal -0.9537179135388886 0.30070274590536933 -1.0015788240639573e-14
outer loop
vertex 76.19042316555301 -55.27350892230714 1.5
vertex 76.2539366614166 -55.07206759999998 0
vertex 76.23455006884026 -55.13355470270956 0
endloop
endfacet
facet normal -0.9537179135388886 0.30070274590536933 -1.0015788240639573e-14
outer loop
vertex 76.19042316555301 -55.27350892230714 1.5
vertex 76.23455006884026 -55.13355470270956 0
vertex 76.19042316555301 -55.27350892230721 0
endloop
endfacet
facet normal -0.989016337980348 0.14780623534865467 -7.0014708084003735e-15
outer loop
vertex 76.14403618854907 -55.583898250728936 1.5
vertex 76.19042316555301 -55.27350892230714 1.5
vertex 76.19042316555301 -55.27350892230721 0
endloop
endfacet
facet normal -0.989016337980348 0.14780623534865467 -7.0014708084003735e-15
outer loop
vertex 76.14403618854907 -55.583898250728936 1.5
vertex 76.19042316555301 -55.27350892230721 0
vertex 76.18412481494823 -55.31565309596648 0
endloop
endfacet
facet normal -0.989016337980348 0.14780623534865467 -7.0014708084003735e-15
outer loop
vertex 76.14403618854907 -55.583898250728936 1.5
vertex 76.18412481494823 -55.31565309596648 0
vertex 76.14403618854905 -55.58389825072908 0
endloop
endfacet
facet normal -0.9999618949567866 -0.008729755691466223 1.0300453303765135e-14
outer loop
vertex 76.14677590366024 -55.897722693363804 1.5
vertex 76.14403618854907 -55.583898250728936 1.5
vertex 76.14403618854905 -55.58389825072908 0
endloop
endfacet
facet normal -0.9999618949567866 -0.008729755691466223 1.0300453303765135e-14
outer loop
vertex 76.14677590366024 -55.897722693363804 1.5
vertex 76.14403618854905 -55.58389825072908 0
vertex 76.14427597430556 -55.61136484062462 0
endloop
endfacet
facet normal -0.9999618949567866 -0.008729755691466223 1.0300453303765135e-14
outer loop
vertex 76.14677590366024 -55.897722693363804 1.5
vertex 76.14427597430556 -55.61136484062462 0
vertex 76.14677590366023 -55.897722693363654 0
endloop
endfacet
facet normal -0.9862850684975033 -0.16505079114889246 -7.0751705011149634e-15
outer loop
vertex 76.19857485000004 -56.20725485000013 1.5
vertex 76.14677590366024 -55.897722693363804 1.5
vertex 76.14677590366023 -55.897722693363654 0
endloop
endfacet
facet normal -0.9862850684975033 -0.16505079114889246 -7.0751705011149634e-15
outer loop
vertex 76.19857485000004 -56.20725485000013 1.5
vertex 76.14677590366023 -55.897722693363654 0
vertex 76.16545224599979 -56.009325900203415 0
endloop
endfacet
facet normal -0.9862850684975033 -0.16505079114889246 -7.0751705011149634e-15
outer loop
vertex 76.19857485000004 -56.20725485000013 1.5
vertex 76.16545224599979 -56.009325900203415 0
vertex 76.19857485000006 -56.207254850000204 0
endloop
endfacet
facet normal 0 0 -1
outer loop
vertex 89.62523720000002 -110.05866770000007 1.5
vertex 87.61365461510499 -101.99064890000005 1.5
vertex 87.60047295698055 -101.93778014563632 1.5
endloop
endfacet
facet normal 0 0 -1
outer loop
vertex 89.62523720000002 -110.05866770000007 1.5
vertex 87.60047295698055 -101.93778014563632 1.5
vertex 87.56561737620152 -101.79798201697791 1.5
endloop
endfacet
facet normal 0 0 -1
outer loop
vertex 89.62523720000002 -110.05866770000007 1.5
vertex 87.56561737620152 -101.79798201697791 1.5
vertex 87.49545906785458 -101.51659235146299 1.5
endloop
endfacet
facet normal 0 0 -1
outer loop
vertex 89.62523720000002 -110.05866770000007 1.5
vertex 87.49545906785458 -101.51659235146299 1.5
vertex 87.43080080056792 -101.2572621504753 1.5
endloop
endfacet
facet normal 0 0 -1
outer loop
vertex 89.62523720000002 -110.05866770000007 1.5
vertex 87.43080080056792 -101.2572621504753 1.5
vertex 87.37412735529077 -101.02995732819744 1.5
endloop
endfacet
facet normal 0 0 -1
outer loop
vertex 89.62523720000002 -110.05866770000007 1.5
vertex 87.37412735529077 -101.02995732819744 1.5
vertex 87.32761666076185 -100.84341308155392 1.5
endloop
endfacet
facet normal 0 0 -1
outer loop
vertex 89.62523720000002 -110.05866770000007 1.5
vertex 87.32761666076185 -100.84341308155392 1.5
vertex 87.29305609686519 -100.70479820123498 1.5
endloop
endfacet
facet normal 0 0 -1
outer loop
vertex 89.62523720000002 -110.05866770000007 1.5
vertex 87.29305609686519 -100.70479820123498 1.5
vertex 87.27177380669906 -100.6194395793933 1.5
endloop
endfacet
facet normal 0 0 -1
outer loop
vertex 89.62523720000002 -110.05866770000007 1.5
vertex 87.27177380669906 -100.6194395793933 1.5
vertex 87.26458765674013 -100.59061749999991 1.5
endloop
endfacet
facet normal 0 0 -1
outer loop
vertex 89.62523720000002 -110.05866770000007 1.5
vertex 87.26458765674013 -100.59061749999991 1.5
vertex 86.62790502629893 -98.0370224 1.5
endloop
endfacet
facet normal 0 0 -1
outer loop
vertex 89.62523720000002 -110.05866770000007 1.5
vertex 86.62790502629893 -98.0370224 1.5
vertex 86.62071887633945 -98.00820032060437 1.5
endloop
endfacet
facet normal 0 0 -1
outer loop
vertex 89.62523720000002 -110.05866770000007 1.5
vertex 86.62071887633945 -98.00820032060437 1.5
vertex 86.59943658617524 -97.9228416987704 1.5
endloop
endfacet
facet normal 0 0 -1
outer loop
vertex 89.62523720000002 -110.05866770000007 1.5
vertex 86.59943658617524 -97.9228416987704 1.5
vertex 86.56487602227898 -97.78422681845305 1.5
endloop
endfacet
facet normal 0 0 -1
outer loop
vertex 89.62523720000002 -110.05866770000007 1.5
vertex 86.56487602227898 -97.78422681845305 1.5
vertex 86.51836532774198 -97.59768257177717 1.5
endloop
endfacet
facet normal 0 0 -1
outer loop
vertex 89.62523720000002 -110.05866770000007 1.5
vertex 86.51836532774198 -97.59768257177717 1.5
vertex 86.46169188247116 -97.37037774952469 1.5
endloop
endfacet
facet normal 0 0 -1
outer loop
vertex 89.62523720000002 -110.05866770000007 1.5
vertex 86.46169188247116 -97.37037774952469 1.5
vertex 86.3970336151874 -97.11104754854863 1.5
endloop
endfacet
facet normal 0 0 -1
outer loop
vertex 89.62523720000002 -110.05866770000007 1.5
vertex 86.3970336151874 -97.11104754854863 1.5
vertex 86.32687530683695 -96.82965788301962 1.5
endloop
endfacet
facet normal 0 0 -1
outer loop
vertex 89.62523720000002 -110.05866770000007 1.5
vertex 86.32687530683695 -96.82965788301962 1.5
vertex 86.2539131018686 -96.5370223999953 1.5
endloop
endfacet
facet normal 0 0 -1
outer loop
vertex 89.62523720000002 -110.05866770000007 1.5
vertex 86.2539131018686 -96.5370223999953 1.5
vertex 86.18095089690078 -96.24438691697304 1.5
endloop
endfacet
facet normal 0 0 -1
outer loop
vertex 89.62523720000002 -110.05866770000007 1.5
vertex 86.18095089690078 -96.24438691697304 1.5
vertex 86.11079258855385 -95.96299725145815 1.5
endloop
endfacet
facet normal 0 0 -1
outer loop
vertex 89.62523720000002 -110.05866770000007 1.5
vertex 86.11079258855385 -95.96299725145815 1.5
vertex 86.04613432126492 -95.70366705046132 1.5
endloop
endfacet
facet normal 0 0 -1
outer loop
vertex 89.62523720000002 -110.05866770000007 1.5
vertex 86.04613432126492 -95.70366705046132 1.5
vertex 85.98946087599808 -95.47636222822483 1.5
endloop
endfacet
facet normal 0 0 -1
outer loop
vertex 89.62523720000002 -110.05866770000007 1.5
vertex 85.98946087599808 -95.47636222822483 1.5
vertex 85.94295018146161 -95.28981798155107 1.5
endloop
endfacet
facet normal 0 0 -1
outer loop
vertex 89.62523720000002 -110.05866770000007 1.5
vertex 85.94295018146161 -95.28981798155107 1.5
vertex 85.90838961756468 -95.15120310123103 1.5
endloop
endfacet
facet normal 0 0 -1
outer loop
vertex 89.62523720000002 -110.05866770000007 1.5
vertex 85.90838961756468 -95.15120310123103 1.5
vertex 85.88710732739976 -95.06584447939423 1.5
endloop
endfacet
facet normal 0 0 -1
outer loop
vertex 89.62523720000002 -110.05866770000007 1.5
vertex 85.88710732739976 -95.06584447939423 1.5
vertex 85.87992117744058 -95.03702239999978 1.5
endloop
endfacet
facet normal 0 0 -1
outer loop
vertex 89.62523720000002 -110.05866770000007 1.5
vertex 85.87992117744058 -95.03702239999978 1.5
vertex 78.06134915229778 -63.678436100000475 1.5
endloop
endfacet
facet normal 0 0 -1
outer loop
vertex 89.62523720000002 -110.05866770000007 1.5
vertex 78.06134915229778 -63.678436100000475 1.5
vertex 78.05416300233836 -63.649614020605085 1.5
endloop
endfacet
facet normal 0 0 -1
outer loop
vertex 89.62523720000002 -110.05866770000007 1.5
vertex 78.05416300233836 -63.649614020605085 1.5
vertex 78.03288071217277 -63.56425539876559 1.5
endloop
endfacet
facet normal 0 0 -1
outer loop
vertex 89.62523720000002 -110.05866770000007 1.5
vertex 78.03288071217277 -63.56425539876559 1.5
vertex 77.99832014827942 -63.42564051845992 1.5
endloop
endfacet
facet normal 0 0 -1
outer loop
vertex 89.62523720000002 -110.05866770000007 1.5
vertex 77.99832014827942 -63.42564051845992 1.5
vertex 77.95180945374258 -63.23909627178468 1.5
endloop
endfacet
facet normal 0 0 -1
outer loop
vertex 89.62523720000002 -110.05866770000007 1.5
vertex 77.95180945374258 -63.23909627178468 1.5
vertex 77.89513600847064 -63.011791449527685 1.5
endloop
endfacet
facet normal 0 0 -1
outer loop
vertex 89.62523720000002 -110.05866770000007 1.5
vertex 77.89513600847064 -63.011791449527685 1.5
vertex 77.83047774118326 -62.752461248537095 1.5
endloop
endfacet
facet normal 0 0 -1
outer loop
vertex 89.62523720000002 -110.05866770000007 1.5
vertex 77.83047774118326 -62.752461248537095 1.5
vertex 77.76031943283847 -62.47107158303075 1.5
endloop
endfacet
facet normal 0 0 -1
outer loop
vertex 89.62523720000002 -110.05866770000007 1.5
vertex 77.76031943283847 -62.47107158303075 1.5
vertex 77.68735722786714 -62.178436099994485 1.5
endloop
endfacet
facet normal 0 0 -1
outer loop
vertex 89.62523720000002 -110.05866770000007 1.5
vertex 77.68735722786714 -62.178436099994485 1.5
vertex 77.6143950229017 -61.885800616981825 1.5
endloop
endfacet
facet normal 0 0 -1
outer loop
vertex 89.62523720000002 -110.05866770000007 1.5
vertex 77.6143950229017 -61.885800616981825 1.5
vertex 77.54423671455167 -61.6044109514545 1.5
endloop
endfacet
facet normal 0 0 -1
outer loop
vertex 89.62523720000002 -110.05866770000007 1.5
vertex 77.54423671455167 -61.6044109514545 1.5
vertex 77.47957844726405 -61.34508075046291 1.5
endloop
endfacet
facet normal 0 0 -1
outer loop
vertex 89.62523720000002 -110.05866770000007 1.5
vertex 77.47957844726405 -61.34508075046291 1.5
vertex 77.42290500200002 -61.11777592823768 1.5
endloop
endfacet
facet normal 0 0 -1
outer loop
vertex 89.62523720000002 -110.05866770000007 1.5
vertex 77.42290500200002 -61.11777592823768 1.5
vertex 77.37639430745642 -60.93123168153531 1.5
endloop
endfacet
facet normal 0 0 -1
outer loop
vertex 89.62523720000002 -110.05866770000007 1.5
vertex 77.37639430745642 -60.93123168153531 1.5
vertex 77.34183374356442 -60.7926168012351 1.5
endloop
endfacet
facet normal 0 0 -1
outer loop
vertex 89.62523720000002 -110.05866770000007 1.5
vertex 77.34183374356442 -60.7926168012351 1.5
vertex 77.32055145339879 -60.707258179395424 1.5
endloop
endfacet
facet normal 0 0 -1
outer loop
vertex 89.62523720000002 -110.05866770000007 1.5
vertex 77.32055145339879 -60.707258179395424 1.5
vertex 77.3133653034395 -60.6784361000005 1.5
endloop
endfacet
facet normal 0 0 -1
outer loop
vertex 89.62523720000002 -110.05866770000007 1.5
vertex 77.3133653034395 -60.6784361000005 1.5
vertex 77.30239661895176 -60.6344431 1.5
endloop
endfacet
facet normal 0 0 -1
outer loop
vertex 89.62523720000002 -110.05866770000007 1.5
vertex 77.30239661895176 -60.6344431 1.5
vertex 77.29521046899237 -60.605621020604694 1.5
endloop
endfacet
facet normal 0 0 -1
outer loop
vertex 89.62523720000002 -110.05866770000007 1.5
vertex 77.29521046899237 -60.605621020604694 1.5
vertex 77.27392817882696 -60.52026239876594 1.5
endloop
endfacet
facet normal 0 0 -1
outer loop
vertex 89.62523720000002 -110.05866770000007 1.5
vertex 77.27392817882696 -60.52026239876594 1.5
vertex 77.23936761493161 -60.38164751845227 1.5
endloop
endfacet
facet normal 0 0 -1
outer loop
vertex 89.62523720000002 -110.05866770000007 1.5
vertex 77.23936761493161 -60.38164751845227 1.5
vertex 77.19285692039219 -60.19510327176667 1.5
endloop
endfacet
facet normal 0 0 -1
outer loop
vertex 89.62523720000002 -110.05866770000007 1.5
vertex 77.19285692039219 -60.19510327176667 1.5
vertex 77.13618347512667 -59.96779844953548 1.5
endloop
endfacet
facet normal 0 0 -1
outer loop
vertex 89.62523720000002 -110.05866770000007 1.5
vertex 77.13618347512667 -59.96779844953548 1.5
vertex 77.07152520783983 -59.70846824854704 1.5
endloop
endfacet
facet normal 0 0 -1
outer loop
vertex 89.62523720000002 -110.05866770000007 1.5
vertex 77.07152520783983 -59.70846824854704 1.5
vertex 77.00136689949046 -59.42707858302235 1.5
endloop
endfacet
facet normal 0 0 -1
outer loop
vertex 89.62523720000002 -110.05866770000007 1.5
vertex 77.00136689949046 -59.42707858302235 1.5
vertex 76.92840469452268 -59.1344431000003 1.5
endloop
endfacet
facet normal 0 0 -1
outer loop
vertex 89.62523720000002 -110.05866770000007 1.5
vertex 76.92840469452268 -59.1344431000003 1.5
vertex 76.85544248955496 -58.841807616978485 1.5
endloop
endfacet
facet normal 0 0 -1
outer loop
vertex 89.62523720000002 -110.05866770000007 1.5
vertex 76.85544248955496 -58.841807616978485 1.5
vertex 76.78528418120484 -58.56041795145077 1.5
endloop
endfacet
facet normal 0 0 -1
outer loop
vertex 89.62523720000002 -110.05866770000007 1.5
vertex 76.78528418120484 -58.56041795145077 1.5
vertex 76.72062591392016 -58.30108775047099 1.5
endloop
endfacet
facet normal 0 0 -1
outer loop
vertex 89.62523720000002 -110.05866770000007 1.5
vertex 76.72062591392016 -58.30108775047099 1.5
vertex 76.66395246865052 -58.07378292822327 1.5
endloop
endfacet
facet normal 0 0 -1
outer loop
vertex 89.62523720000002 -110.05866770000007 1.5
vertex 76.66395246865052 -58.07378292822327 1.5
vertex 76.61744177411107 -57.88723868153755 1.5
endloop
endfacet
facet normal 0 0 -1
outer loop
vertex 89.62523720000002 -110.05866770000007 1.5
vertex 76.61744177411107 -57.88723868153755 1.5
vertex 76.58288121021863 -57.74862380123557 1.5
endloop
endfacet
facet normal 0 0 -1
outer loop
vertex 89.62523720000002 -110.05866770000007 1.5
vertex 76.58288121021863 -57.74862380123557 1.5
vertex 76.56159892005275 -57.66326517939487 1.5
endloop
endfacet
facet normal 0 0 -1
outer loop
vertex 89.62523720000002 -110.05866770000007 1.5
vertex 76.56159892005275 -57.66326517939487 1.5
vertex 76.55441277009345 -57.63444309999994 1.5
endloop
endfacet
facet normal 0 0 -1
outer loop
vertex 89.62523720000002 -110.05866770000007 1.5
vertex 76.55441277009345 -57.63444309999994 1.5
vertex 76.19857485000004 -56.20725485000013 1.5
endloop
endfacet
facet normal 0 0 -1
outer loop
vertex 89.62523720000002 -110.05866770000007 1.5
vertex 76.19857485000004 -56.20725485000013 1.5
vertex 76.19857485000006 -56.207254850000204 0
endloop
endfacet
facet normal 0 0 -1
outer loop
vertex 89.62523720000002 -110.05866770000007 1.5
vertex 76.19857485000006 -56.207254850000204 0
vertex 76.27012898068718 -56.494242854338815 0
endloop
endfacet
facet normal 0 0 -1
outer loop
vertex 89.62523720000002 -110.05866770000007 1.5
vertex 76.27012898068718 -56.494242854338815 0
vertex 76.40806661756106 -57.04748061642859 0
endloop
endfacet
facet normal 0 0 -1
outer loop
vertex 89.62523720000002 -110.05866770000007 1.5
vertex 76.40806661756106 -57.04748061642859 0
vertex 76.557737675373 -57.64777856954778 0
endloop
endfacet
facet normal 0 0 -1
outer loop
vertex 89.62523720000002 -110.05866770000007 1.5
vertex 76.557737675373 -57.64777856954778 0
vertex 76.7133903793063 -58.27206760000296 0
endloop
endfacet
facet normal 0 0 -1
outer loop
vertex 89.62523720000002 -110.05866770000007 1.5
vertex 76.7133903793063 -58.27206760000296 0
vertex 76.86904308323706 -58.896356630447954 0
endloop
endfacet
facet normal 0 0 -1
outer loop
vertex 89.62523720000002 -110.05866770000007 1.5
vertex 76.86904308323706 -58.896356630447954 0
vertex 77.01871414104993 -59.49665458357085 0
endloop
endfacet
facet normal 0 0 -1
outer loop
vertex 89.62523720000002 -110.05866770000007 1.5
vertex 77.01871414104993 -59.49665458357085 0
vertex 77.15665177792465 -60.049892345664 0
endloop
endfacet
facet normal 0 0 -1
outer loop
vertex 89.62523720000002 -110.05866770000007 1.5
vertex 77.15665177792465 -60.049892345664 0
vertex 77.2775551278352 -60.53480929980049 0
endloop
endfacet
facet normal 0 0 -1
outer loop
vertex 89.62523720000002 -110.05866770000007 1.5
vertex 77.2775551278352 -60.53480929980049 0
vertex 77.37677794284403 -60.93277035936189 0
endloop
endfacet
facet normal 0 0 -1
outer loop
vertex 89.62523720000002 -110.05866770000007 1.5
vertex 77.37677794284403 -60.93277035936189 0
vertex 77.45050714582234 -61.228482104037305 0
endloop
endfacet
facet normal 0 0 -1
outer loop
vertex 89.62523720000002 -110.05866770000007 1.5
vertex 77.45050714582234 -61.228482104037305 0
vertex 77.4959093648411 -61.41058049729028 0
endloop
endfacet
facet normal 0 0 -1
outer loop
vertex 89.62523720000002 -110.05866770000007 1.5
vertex 77.4959093648411 -61.41058049729028 0
vertex 77.5112398180877 -61.472067599999804 0
endloop
endfacet
facet normal 0 0 -1
outer loop
vertex 89.62523720000002 -110.05866770000007 1.5
vertex 77.5112398180877 -61.472067599999804 0
vertex 77.54423671455164 -61.60441095145443 0
endloop
endfacet
facet normal 0 0 -1
outer loop
vertex 89.62523720000002 -110.05866770000007 1.5
vertex 77.54423671455164 -61.60441095145443 0
vertex 77.6143950229017 -61.88580061698187 0
endloop
endfacet
facet normal 0 0 -1
outer loop
vertex 89.62523720000002 -110.05866770000007 1.5
vertex 77.6143950229017 -61.88580061698187 0
vertex 77.68735722786715 -62.178436099994514 0
endloop
endfacet
facet normal 0 0 -1
outer loop
vertex 89.62523720000002 -110.05866770000007 1.5
vertex 77.68735722786715 -62.178436099994514 0
vertex 77.76031943283851 -62.471071583030934 0
endloop
endfacet
facet normal 0 0 -1
outer loop
vertex 89.62523720000002 -110.05866770000007 1.5
vertex 77.76031943283851 -62.471071583030934 0
vertex 77.83047774118322 -62.752461248536925 0
endloop
endfacet
facet normal 0 0 -1
outer loop
vertex 89.62523720000002 -110.05866770000007 1.5
vertex 77.83047774118322 -62.752461248536925 0
vertex 77.89513600847066 -63.0117914495278 0
endloop
endfacet
facet normal 0 0 -1
outer loop
vertex 89.62523720000002 -110.05866770000007 1.5
vertex 77.89513600847066 -63.0117914495278 0
vertex 77.95180945374257 -63.23909627178466 0
endloop
endfacet
facet normal 0 0 -1
outer loop
vertex 89.62523720000002 -110.05866770000007 1.5
vertex 77.95180945374257 -63.23909627178466 0
vertex 77.99832014827942 -63.42564051845991 0
endloop
endfacet
facet normal 0 0 -1
outer loop
vertex 89.62523720000002 -110.05866770000007 1.5
vertex 77.99832014827942 -63.42564051845991 0
vertex 78.03288071217278 -63.56425539876561 0
endloop
endfacet
facet normal 0 0 -1
outer loop
vertex 89.62523720000002 -110.05866770000007 1.5
vertex 78.03288071217278 -63.56425539876561 0
vertex 78.05416300233836 -63.64961402060509 0
endloop
endfacet
facet normal 0 0 -1
outer loop
vertex 89.62523720000002 -110.05866770000007 1.5
vertex 78.05416300233836 -63.64961402060509 0
vertex 78.06134915229778 -63.67843610000047 0
endloop
endfacet
facet normal 0 0 -1
outer loop
vertex 89.62523720000002 -110.05866770000007 1.5
vertex 78.06134915229778 -63.67843610000047 0
vertex 85.87992117744058 -95.0370223999998 0
endloop
endfacet
facet normal 0 0 -1
outer loop
vertex 89.62523720000002 -110.05866770000007 1.5
vertex 85.87992117744058 -95.0370223999998 0
vertex 85.88710732739978 -95.06584447939424 0
endloop
endfacet
facet normal 0 0 -1
outer loop
vertex 89.62523720000002 -110.05866770000007 1.5
vertex 85.88710732739978 -95.06584447939424 0
vertex 85.90838961756467 -95.15120310123102 0
endloop
endfacet
facet normal 0 0 -1
outer loop
vertex 89.62523720000002 -110.05866770000007 1.5
vertex 85.90838961756467 -95.15120310123102 0
vertex 85.94295018146163 -95.2898179815511 0
endloop
endfacet
facet normal 0 0 -1
outer loop
vertex 89.62523720000002 -110.05866770000007 1.5
vertex 85.94295018146163 -95.2898179815511 0
vertex 85.98946087599808 -95.47636222822479 0
endloop
endfacet
facet normal 0 0 -1
outer loop
vertex 89.62523720000002 -110.05866770000007 1.5
vertex 85.98946087599808 -95.47636222822479 0
vertex 86.04613432126492 -95.70366705046129 0
endloop
endfacet
facet normal 0 0 -1
outer loop
vertex 89.62523720000002 -110.05866770000007 1.5
vertex 86.04613432126492 -95.70366705046129 0
vertex 86.11079258855385 -95.96299725145815 0
endloop
endfacet
facet normal 0 0 -1
outer loop
vertex 89.62523720000002 -110.05866770000007 1.5
vertex 86.11079258855385 -95.96299725145815 0
vertex 86.18095089690078 -96.24438691697306 0
endloop
endfacet
facet normal 0 0 -1
outer loop
vertex 89.62523720000002 -110.05866770000007 1.5
vertex 86.18095089690078 -96.24438691697306 0
vertex 86.2539131018686 -96.5370223999953 0
endloop
endfacet
facet normal 0 0 -1
outer loop
vertex 89.62523720000002 -110.05866770000007 1.5
vertex 86.2539131018686 -96.5370223999953 0
vertex 86.32687530683693 -96.8296578830195 0
endloop
endfacet
facet normal 0 0 -1
outer loop
vertex 89.62523720000002 -110.05866770000007 1.5
vertex 86.32687530683693 -96.8296578830195 0
vertex 86.39703361518741 -97.1110475485487 0
endloop
endfacet
facet normal 0 0 -1
outer loop
vertex 89.62523720000002 -110.05866770000007 1.5
vertex 86.39703361518741 -97.1110475485487 0
vertex 86.46169188247114 -97.37037774952466 0
endloop
endfacet
facet normal 0 0 -1
outer loop
vertex 89.62523720000002 -110.05866770000007 1.5
vertex 86.46169188247114 -97.37037774952466 0
vertex 86.51836532774199 -97.59768257177721 0
endloop
endfacet
facet normal 0 0 -1
outer loop
vertex 89.62523720000002 -110.05866770000007 1.5
vertex 86.51836532774199 -97.59768257177721 0
vertex 86.56487602227897 -97.78422681845305 0
endloop
endfacet
facet normal 0 0 -1
outer loop
vertex 89.62523720000002 -110.05866770000007 1.5
vertex 86.56487602227897 -97.78422681845305 0
vertex 86.59943658617524 -97.92284169877041 0
endloop
endfacet
facet normal 0 0 -1
outer loop
vertex 89.62523720000002 -110.05866770000007 1.5
vertex 86.59943658617524 -97.92284169877041 0
vertex 86.62071887633944 -98.00820032060433 0
endloop
endfacet
facet normal 0 0 -1
outer loop
vertex 89.62523720000002 -110.05866770000007 1.5
vertex 86.62071887633944 -98.00820032060433 0
vertex 86.62790502629892 -98.0370224 0
endloop
endfacet
facet normal 0 0 -1
outer loop
vertex 89.62523720000002 -110.05866770000007 1.5
vertex 86.62790502629892 -98.0370224 0
vertex 87.26458765674013 -100.59061749999991 0
endloop
endfacet
facet normal 0 0 -1
outer loop
vertex 89.62523720000002 -110.05866770000007 1.5
vertex 87.26458765674013 -100.59061749999991 0
vertex 87.27177380669904 -100.61943957939329 0
endloop
endfacet
facet normal 0 0 -1
outer loop
vertex 89.62523720000002 -110.05866770000007 1.5
vertex 87.27177380669904 -100.61943957939329 0
vertex 87.29305609686517 -100.704798201235 0
endloop
endfacet
facet normal 0 0 -1
outer loop
vertex 89.62523720000002 -110.05866770000007 1.5
vertex 87.29305609686517 -100.704798201235 0
vertex 87.32761666076182 -100.84341308155385 0
endloop
endfacet
facet normal 0 0 -1
outer loop
vertex 89.62523720000002 -110.05866770000007 1.5
vertex 87.32761666076182 -100.84341308155385 0
vertex 87.37412735529078 -101.02995732819751 0
endloop
endfacet
facet normal 0 0 -1
outer loop
vertex 89.62523720000002 -110.05866770000007 1.5
vertex 87.37412735529078 -101.02995732819751 0
vertex 87.43080080056792 -101.25726215047531 0
endloop
endfacet
facet normal 0 0 -1
outer loop
vertex 89.62523720000002 -110.05866770000007 1.5
vertex 87.43080080056792 -101.25726215047531 0
vertex 87.49545906785454 -101.51659235146286 0
endloop
endfacet
facet normal 0 0 -1
outer loop
vertex 89.62523720000002 -110.05866770000007 1.5
vertex 87.49545906785454 -101.51659235146286 0
vertex 87.56561737620154 -101.79798201697805 0
endloop
endfacet
facet normal 0 0 -1
outer loop
vertex 89.62523720000002 -110.05866770000007 1.5
vertex 87.56561737620154 -101.79798201697805 0
vertex 87.60047295698054 -101.93778014563632 0
endloop
endfacet
facet normal 0 0 -1
outer loop
vertex 89.62523720000002 -110.05866770000007 1.5
vertex 87.60047295698054 -101.93778014563632 0
vertex 87.61365461510498 -101.99064890000005 0
endloop
endfacet
facet normal 0 0 -1
outer loop
vertex 89.62523720000002 -110.05866770000007 1.5
vertex 87.61365461510498 -101.99064890000005 0
vertex 87.76971127258895 -102.61655810000018 0
endloop
endfacet
facet normal 0 0 -1
outer loop
vertex 89.62523720000002 -110.05866770000007 1.5
vertex 87.76971127258895 -102.61655810000018 0
vertex 87.78504172583568 -102.67804520271024 0
endloop
endfacet
facet normal 0 0 -1
outer loop
vertex 89.62523720000002 -110.05866770000007 1.5
vertex 87.78504172583568 -102.67804520271024 0
vertex 87.83044394485357 -102.86014359595974 0
endloop
endfacet
facet normal 0 0 -1
outer loop
vertex 89.62523720000002 -110.05866770000007 1.5
vertex 87.83044394485357 -102.86014359595974 0
vertex 87.9041731478319 -103.15585534063524 0
endloop
endfacet
facet normal 0 0 -1
outer loop
vertex 89.62523720000002 -110.05866770000007 1.5
vertex 87.9041731478319 -103.15585534063524 0
vertex 88.00339596284046 -103.5538164001956 0
endloop
endfacet
facet normal 0 0 -1
outer loop
vertex 89.62523720000002 -110.05866770000007 1.5
vertex 88.00339596284046 -103.5538164001956 0
vertex 88.12429931275335 -104.03873335434149 0
endloop
endfacet
facet normal 0 0 -1
outer loop
vertex 89.62523720000002 -110.05866770000007 1.5
vertex 88.12429931275335 -104.03873335434149 0
vertex 88.26223694962697 -104.59197111643019 0
endloop
endfacet
facet normal 0 0 -1
outer loop
vertex 89.62523720000002 -110.05866770000007 1.5
vertex 88.26223694962697 -104.59197111643019 0
vertex 88.41190800743897 -105.1922690695496 0
endloop
endfacet
facet normal 0 0 -1
outer loop
vertex 89.62523720000002 -110.05866770000007 1.5
vertex 88.41190800743897 -105.1922690695496 0
vertex 88.56756071137151 -105.81655810000177 0
endloop
endfacet
facet normal 0 0 -1
outer loop
vertex 89.62523720000002 -110.05866770000007 1.5
vertex 88.56756071137151 -105.81655810000177 0
vertex 88.72321341530436 -106.44084713045518 0
endloop
endfacet
facet normal 0 0 -1
outer loop
vertex 89.62523720000002 -110.05866770000007 1.5
vertex 88.72321341530436 -106.44084713045518 0
vertex 88.87288447311403 -107.04114508356518 0
endloop
endfacet
facet normal 0 0 -1
outer loop
vertex 89.62523720000002 -110.05866770000007 1.5
vertex 88.87288447311403 -107.04114508356518 0
vertex 89.01082210999091 -107.59438284566698 0
endloop
endfacet
facet normal 0 0 -1
outer loop
vertex 89.62523720000002 -110.05866770000007 1.5
vertex 89.01082210999091 -107.59438284566698 0
vertex 89.13172545989936 -108.07929979979504 0
endloop
endfacet
facet normal 0 0 -1
outer loop
vertex 89.62523720000002 -110.05866770000007 1.5
vertex 89.13172545989936 -108.07929979979504 0
vertex 89.23094827491016 -108.47726085936442 0
endloop
endfacet
facet normal 0 0 -1
outer loop
vertex 89.62523720000002 -110.05866770000007 1.5
vertex 89.23094827491016 -108.47726085936442 0
vertex 89.30467747788802 -108.772972604038 0
endloop
endfacet
facet normal 0 0 -1
outer loop
vertex 89.62523720000002 -110.05866770000007 1.5
vertex 89.30467747788802 -108.772972604038 0
vertex 89.35007969690653 -108.95507099729002 0
endloop
endfacet
facet normal 0 0 -1
outer loop
vertex 89.62523720000002 -110.05866770000007 1.5
vertex 89.35007969690653 -108.95507099729002 0
vertex 89.36541015015325 -109.01655809999997 0
endloop
endfacet
facet normal 0 0 -1
outer loop
vertex 89.62523720000002 -110.05866770000007 1.5
vertex 89.36541015015325 -109.01655809999997 0
vertex 89.62523719999997 -110.05866769999994 0
endloop
endfacet
facet normal -0.9483278366786092 -0.31729215902771535 0
outer loop
vertex 89.72481396928379 -110.35628432717326 1.5
vertex 89.62523720000002 -110.05866770000007 1.5
vertex 89.62523719999997 -110.05866769999994 0
endloop
endfacet
facet normal -0.9483278366786092 -0.31729215902771535 0
outer loop
vertex 89.72481396928379 -110.35628432717326 1.5
vertex 89.62523719999997 -110.05866769999994 0
vertex 89.72481396928383 -110.35628432717337 0
endloop
endfacet
facet normal -0.8870133519709624 -0.46174377464697625 0
outer loop
vertex 89.8697266444523 -110.63466269370907 1.5
vertex 89.72481396928379 -110.35628432717326 1.5
vertex 89.72481396928383 -110.35628432717337 0
endloop
endfacet
facet normal -0.8870133519709624 -0.46174377464697625 0
outer loop
vertex 89.8697266444523 -110.63466269370907 1.5
vertex 89.72481396928383 -110.35628432717337 0
vertex 89.86972664445229 -110.63466269370906 0
endloop
endfacet
facet normal -0.8038596665593135 -0.5948189947195275 0
outer loop
vertex 90.05640336106151 -110.88694428609271 1.5
vertex 89.8697266444523 -110.63466269370907 1.5
vertex 89.86972664445229 -110.63466269370906 0
endloop
endfacet
facet normal -0.8038596665593135 -0.5948189947195275 0
outer loop
vertex 90.05640336106151 -110.88694428609271 1.5
vertex 89.86972664445229 -110.63466269370906 0
vertex 90.05640336106148 -110.88694428609267 0
endloop
endfacet
facet normal -0.7009121027807672 -0.7132476597756514 0
outer loop
vertex 90.28024747572178 -111.1069170360222 1.5
vertex 90.05640336106151 -110.88694428609271 1.5
vertex 90.05640336106148 -110.88694428609267 0
endloop
endfacet
facet normal -0.7009121027807672 -0.7132476597756514 0
outer loop
vertex 90.28024747572178 -111.1069170360222 1.5
vertex 90.05640336106148 -110.88694428609267 0
vertex 90.28024747572178 -111.1069170360222 0
endloop
endfacet
facet normal -0.580705595077755 -0.814113635707811 0
outer loop
vertex 90.53574715177443 -111.28916443358032 1.5
vertex 90.28024747572178 -111.1069170360222 1.5
vertex 90.28024747572178 -111.1069170360222 0
endloop
endfacet
facet normal -0.580705595077755 -0.814113635707811 0
outer loop
vertex 90.53574715177443 -111.28916443358032 1.5
vertex 90.28024747572178 -111.1069170360222 0
vertex 90.53574715177439 -111.2891644335803 0
endloop
endfacet
facet normal -0.446200054354342 -0.8949332441552177 0
outer loop
vertex 90.81661108027419 -111.42919890093444 1.5
vertex 90.53574715177443 -111.28916443358032 1.5
vertex 90.53574715177439 -111.2891644335803 0
endloop
endfacet
facet normal -0.446200054354342 -0.8949332441552177 0
outer loop
vertex 90.81661108027419 -111.42919890093444 1.5
vertex 90.53574715177439 -111.2891644335803 0
vertex 90.81661108027421 -111.42919890093447 0
endloop
endfacet
facet normal -0.3007074844632741 -0.9537164194810582 0
outer loop
vertex 91.1159233943487 -111.52357229243295 1.5
vertex 90.81661108027419 -111.42919890093444 1.5
vertex 90.81661108027421 -111.42919890093447 0
endloop
endfacet
facet normal -0.3007074844632741 -0.9537164194810582 0
outer loop
vertex 91.1159233943487 -111.52357229243295 1.5
vertex 90.81661108027421 -111.42919890093447 0
vertex 91.11592339434874 -111.52357229243296 0
endloop
endfacet
facet normal -0.14781042891495116 -0.9890157112523432 0
outer loop
vertex 91.42631396238794 -111.56996080018975 1.5
vertex 91.1159233943487 -111.52357229243295 1.5
vertex 91.11592339434874 -111.52357229243296 0
endloop
endfacet
facet normal -0.14781042891495116 -0.9890157112523432 0
outer loop
vertex 91.42631396238794 -111.56996080018975 1.5
vertex 91.11592339434874 -111.52357229243296 0
vertex 91.42631396238801 -111.56996080018976 0
endloop
endfacet
facet normal 0.008726244060397903 -0.9999619256074695 0
outer loop
vertex 91.74013986684594 -111.56722217448346 1.5
vertex 91.42631396238794 -111.56996080018975 1.5
vertex 91.42631396238801 -111.56996080018976 0
endloop
endfacet
facet normal 0.008726244060397903 -0.9999619256074695 0
outer loop
vertex 91.74013986684594 -111.56722217448346 1.5
vertex 91.42631396238801 -111.56996080018976 0
vertex 91.7401398668459 -111.56722217448348 0
endloop
endfacet
facet normal 0.16504804593233738 -0.9862855278943907 0
outer loop
vertex 92.04967359999978 -111.51542385000005 1.5
vertex 91.74013986684594 -111.56722217448346 1.5
vertex 91.7401398668459 -111.56722217448348 0
endloop
endfacet
facet normal 0.16504804593233738 -0.9862855278943907 0
outer loop
vertex 92.04967359999978 -111.51542385000005 1.5
vertex 91.7401398668459 -111.56722217448348 0
vertex 92.04967360000009 -111.51542384999999 0
endloop
endfacet
facet normal -0.9951847266721969 0.09801714032956006 0
outer loop
vertex 104.16492062060509 -59.42707858302235 1.5
vertex 104.1937427000002 -59.1344431000003 1.5
vertex 104.19374270000019 -59.13444310000031 0
endloop
endfacet
facet normal -0.9951847266721969 0.09801714032956006 0
outer loop
vertex 104.16492062060509 -59.42707858302235 1.5
vertex 104.19374270000019 -59.13444310000031 0
vertex 104.16492062060524 -59.42707858302245 0
endloop
endfacet
facet normal -0.9951847266721984 -0.09801714032954582 0
outer loop
vertex 104.1937427000002 -59.1344431000003 1.5
vertex 104.16492062060527 -58.841807616978485 1.5
vertex 104.16492062060527 -58.8418076169785 0
endloop
endfacet
facet normal -0.9951847266721984 -0.09801714032954582 0
outer loop
vertex 104.1937427000002 -59.1344431000003 1.5
vertex 104.16492062060527 -58.8418076169785 0
vertex 104.19374270000019 -59.13444310000031 0
endloop
endfacet
facet normal -0.9569403357322133 -0.2902846772544479 0
outer loop
vertex 104.16492062060527 -58.841807616978485 1.5
vertex 104.07956199876607 -58.56041795145077 1.5
vertex 104.07956199876607 -58.560417951450795 0
endloop
endfacet
facet normal -0.9569403357322133 -0.2902846772544479 0
outer loop
vertex 104.16492062060527 -58.841807616978485 1.5
vertex 104.07956199876607 -58.560417951450795 0
vertex 104.16492062060527 -58.8418076169785 0
endloop
endfacet
facet normal -0.8819212643483644 -0.47139673682598043 0
outer loop
vertex 104.07956199876607 -58.56041795145077 1.5
vertex 103.94094711845402 -58.30108775047099 1.5
vertex 103.940947118454 -58.30108775047099 0
endloop
endfacet
facet normal -0.8819212643483644 -0.47139673682598043 0
outer loop
vertex 104.07956199876607 -58.56041795145077 1.5
vertex 103.940947118454 -58.30108775047099 0
vertex 104.07956199876607 -58.560417951450795 0
endloop
endfacet
facet normal -0.7730104533627269 -0.6343932841636578 0
outer loop
vertex 103.94094711845402 -58.30108775047099 1.5
vertex 103.75440287178223 -58.07378292822327 1.5
vertex 103.75440287178218 -58.073782928223224 0
endloop
endfacet
facet normal -0.7730104533627269 -0.6343932841636578 0
outer loop
vertex 103.94094711845402 -58.30108775047099 1.5
vertex 103.75440287178218 -58.073782928223224 0
vertex 103.940947118454 -58.30108775047099 0
endloop
endfacet
facet normal -0.634393284163652 -0.7730104533627318 0
outer loop
vertex 103.75440287178223 -58.07378292822327 1.5
vertex 103.52709804951755 -57.88723868153755 1.5
vertex 103.52709804951752 -57.88723868153754 0
endloop
endfacet
facet normal -0.634393284163652 -0.7730104533627318 0
outer loop
vertex 103.75440287178223 -58.07378292822327 1.5
vertex 103.52709804951752 -57.88723868153754 0
vertex 103.75440287178218 -58.073782928223224 0
endloop
endfacet
facet normal -0.4713967368259915 -0.8819212643483584 0
outer loop
vertex 103.52709804951755 -57.88723868153755 1.5
vertex 103.26776784855659 -57.74862380123557 1.5
vertex 103.26776784855659 -57.74862380123557 0
endloop
endfacet
facet normal -0.4713967368259915 -0.8819212643483584 0
outer loop
vertex 103.52709804951755 -57.88723868153755 1.5
vertex 103.26776784855659 -57.74862380123557 0
vertex 103.52709804951752 -57.88723868153754 0
endloop
endfacet
facet normal -0.2902846772544479 -0.9569403357322133 0
outer loop
vertex 103.26776784855659 -57.74862380123557 1.5
vertex 102.98637818302396 -57.66326517939487 1.5
vertex 102.98637818302399 -57.66326517939488 0
endloop
endfacet
facet normal -0.2902846772544479 -0.9569403357322133 0
outer loop
vertex 103.26776784855659 -57.74862380123557 1.5
vertex 102.98637818302399 -57.66326517939488 0
vertex 103.26776784855659 -57.74862380123557 0
endloop
endfacet
facet normal -0.09801714032955289 -0.9951847266721976 0
outer loop
vertex 102.98637818302396 -57.66326517939487 1.5
vertex 102.69374270000203 -57.63444309999994 1.5
vertex 102.69374270000202 -57.63444309999994 0
endloop
endfacet
facet normal -0.09801714032955289 -0.9951847266721976 0
outer loop
vertex 102.98637818302396 -57.66326517939487 1.5
vertex 102.69374270000202 -57.63444309999994 0
vertex 102.98637818302399 -57.66326517939488 0
endloop
endfacet
facet normal 0.09801714032751341 -0.9951847266723984 4.012291885885449e-13
outer loop
vertex 102.69374270000203 -57.63444309999994 1.5
vertex 102.40110721697397 -57.66326517939487 1.5
vertex 102.40110721698004 -57.66326517939488 0
endloop
endfacet
facet normal 0.09801714032751341 -0.9951847266723984 4.012291885885449e-13
outer loop
vertex 102.69374270000203 -57.63444309999994 1.5
vertex 102.40110721698004 -57.66326517939488 0
vertex 102.55834540548402 -57.64777856954778 0
endloop
endfacet
facet normal 0.09801714032751341 -0.9951847266723984 4.012291885885449e-13
outer loop
vertex 102.69374270000203 -57.63444309999994 1.5
vertex 102.55834540548402 -57.64777856954778 0
vertex 102.69374270000202 -57.63444309999994 0
endloop
endfacet
facet normal 0.2902846772544619 -0.956940335732209 0
outer loop
vertex 102.40110721697397 -57.66326517939487 1.5
vertex 102.11971755145262 -57.74862380123557 1.5
vertex 102.11971755144289 -57.74862380123557 0
endloop
endfacet
facet normal 0.2902846772544619 -0.956940335732209 0
outer loop
vertex 102.40110721697397 -57.66326517939487 1.5
vertex 102.11971755144289 -57.74862380123557 0
vertex 102.40110721698004 -57.66326517939488 0
endloop
endfacet
facet normal 0.47139673682600836 -0.8819212643483493 0
outer loop
vertex 102.11971755145262 -57.74862380123557 1.5
vertex 101.86038735046974 -57.88723868153755 1.5
vertex 101.86038735048646 -57.88723868153754 0
endloop
endfacet
facet normal 0.47139673682600836 -0.8819212643483493 0
outer loop
vertex 102.11971755145262 -57.74862380123557 1.5
vertex 101.86038735048646 -57.88723868153754 0
vertex 102.11971755144289 -57.74862380123557 0
endloop
endfacet
facet normal 0.6343932841636518 -0.7730104533627319 0
outer loop
vertex 101.86038735046974 -57.88723868153755 1.5
vertex 101.6330825282212 -58.07378292822327 1.5
vertex 101.63308252820846 -58.073782928223224 0
endloop
endfacet
facet normal 0.6343932841636518 -0.7730104533627319 0
outer loop
vertex 101.86038735046974 -57.88723868153755 1.5
vertex 101.63308252820846 -58.073782928223224 0
vertex 101.86038735048646 -57.88723868153754 0
endloop
endfacet
facet normal 0.7730104533574509 -0.6343932841700866 9.227429691656642e-13
outer loop
vertex 101.6330825282212 -58.07378292822327 1.5
vertex 101.44653828154624 -58.30108775047099 1.5
vertex 101.44653828154803 -58.30108775047099 0
endloop
endfacet
facet normal 0.7730104533574509 -0.6343932841700866 9.227429691656642e-13
outer loop
vertex 101.6330825282212 -58.07378292822327 1.5
vertex 101.44653828154803 -58.30108775047099 0
vertex 101.47035450354234 -58.27206760000296 0
endloop
endfacet
facet normal 0.7730104533574509 -0.6343932841700866 9.227429691656642e-13
outer loop
vertex 101.6330825282212 -58.07378292822327 1.5
vertex 101.47035450354234 -58.27206760000296 0
vertex 101.63308252820846 -58.073782928223224 0
endloop
endfacet
facet normal 0.8819212643483567 -0.47139673682599437 0
outer loop
vertex 101.44653828154624 -58.30108775047099 1.5
vertex 101.30792340123335 -58.56041795145077 1.5
vertex 101.30792340123409 -58.560417951450795 0
endloop
endfacet
facet normal 0.8819212643483567 -0.47139673682599437 0
outer loop
vertex 101.44653828154624 -58.30108775047099 1.5
vertex 101.30792340123409 -58.560417951450795 0
vertex 101.44653828154803 -58.30108775047099 0
endloop
endfacet
facet normal 0.9569403357322133 -0.2902846772544479 0
outer loop
vertex 101.30792340123335 -58.56041795145077 1.5
vertex 101.22256477939503 -58.841807616978485 1.5
vertex 101.22256477939432 -58.8418076169785 0
endloop
endfacet
facet normal 0.9569403357322133 -0.2902846772544479 0
outer loop
vertex 101.30792340123335 -58.56041795145077 1.5
vertex 101.22256477939432 -58.8418076169785 0
vertex 101.30792340123409 -58.560417951450795 0
endloop
endfacet
facet normal 0.9951847266720244 -0.09801714033131072 3.0263074755591593e-13
outer loop
vertex 101.22256477939503 -58.841807616978485 1.5
vertex 101.19374269999959 -59.1344431000003 1.5
vertex 101.19374270000004 -59.13444310000031 0
endloop
endfacet
facet normal 0.9951847266720244 -0.09801714033131072 3.0263074755591593e-13
outer loop
vertex 101.22256477939503 -58.841807616978485 1.5
vertex 101.19374270000004 -59.13444310000031 0
vertex 101.21719217050608 -58.896356630447954 0
endloop
endfacet
facet normal 0.9951847266720244 -0.09801714033131072 3.0263074755591593e-13
outer loop
vertex 101.22256477939503 -58.841807616978485 1.5
vertex 101.21719217050608 -58.896356630447954 0
vertex 101.22256477939432 -58.8418076169785 0
endloop
endfacet
facet normal 0.9951847266721956 0.09801714032957415 0
outer loop
vertex 101.19374269999959 -59.1344431000003 1.5
vertex 101.22256477939419 -59.42707858302235 1.5
vertex 101.22256477939456 -59.42707858302245 0
endloop
endfacet
facet normal 0.9951847266721956 0.09801714032957415 0
outer loop
vertex 101.19374269999959 -59.1344431000003 1.5
vertex 101.22256477939456 -59.42707858302245 0
vertex 101.19374270000004 -59.13444310000031 0
endloop
endfacet
facet normal 0.9569403357322078 0.29028467725446583 -5.506095630465073e-15
outer loop
vertex 101.22256477939419 -59.42707858302235 1.5
vertex 101.30792340123249 -59.70846824854704 1.5
vertex 101.30792340123249 -59.70846824854707 0
endloop
endfacet
facet normal 0.9569403357322078 0.29028467725446583 -5.506095630465073e-15
outer loop
vertex 101.22256477939419 -59.42707858302235 1.5
vertex 101.30792340123249 -59.70846824854707 0
vertex 101.24367042841949 -59.49665458357085 0
endloop
endfacet
facet normal 0.9569403357322078 0.29028467725446583 -5.506095630465073e-15
outer loop
vertex 101.22256477939419 -59.42707858302235 1.5
vertex 101.24367042841949 -59.49665458357085 0
vertex 101.22256477939456 -59.42707858302245 0
endloop
endfacet
facet normal 0.8819212643483568 0.4713967368259944 0
outer loop
vertex 101.30792340123249 -59.70846824854704 1.5
vertex 101.44653828154917 -59.96779844953548 1.5
vertex 101.44653828154914 -59.96779844953545 0
endloop
endfacet
facet normal 0.8819212643483568 0.4713967368259944 0
outer loop
vertex 101.30792340123249 -59.70846824854704 1.5
vertex 101.44653828154914 -59.96779844953545 0
vertex 101.30792340123249 -59.70846824854707 0
endloop
endfacet
facet normal 0.7730104533627392 0.6343932841636427 0
outer loop
vertex 101.44653828154917 -59.96779844953548 1.5
vertex 101.63308252820738 -60.19510327176667 1.5
vertex 101.63308252820738 -60.19510327176667 0
endloop
endfacet
facet normal 0.7730104533627392 0.6343932841636427 0
outer loop
vertex 101.44653828154917 -59.96779844953548 1.5
vertex 101.63308252820738 -60.19510327176667 0
vertex 101.51391100095833 -60.049892345664 0
endloop
endfacet
facet normal 0.7730104533627392 0.6343932841636427 0
outer loop
vertex 101.44653828154917 -59.96779844953548 1.5
vertex 101.51391100095833 -60.049892345664 0
vertex 101.44653828154914 -59.96779844953545 0
endloop
endfacet
facet normal 0.6343932841636207 0.7730104533627574 0
outer loop
vertex 101.63308252820738 -60.19510327176667 1.5
vertex 101.86038735047195 -60.38164751845227 1.5
vertex 101.86038735047195 -60.38164751845226 0
endloop
endfacet
facet normal 0.6343932841636207 0.7730104533627574 0
outer loop
vertex 101.63308252820738 -60.19510327176667 1.5
vertex 101.86038735047195 -60.38164751845226 0
vertex 101.63308252820738 -60.19510327176667 0
endloop
endfacet
facet normal 0.4713967368259916 0.8819212643483583 0
outer loop
vertex 101.86038735047195 -60.38164751845227 1.5
vertex 102.11971755146145 -60.52026239876594 1.5
vertex 102.11971755145484 -60.520262398765965 0
endloop
endfacet
facet normal 0.4713967368259916 0.8819212643483583 0
outer loop
vertex 101.86038735047195 -60.38164751845227 1.5
vertex 102.11971755145484 -60.520262398765965 0
vertex 101.86038735047195 -60.38164751845226 0
endloop
endfacet
facet normal 0.29028467726559004 0.9569403357288333 -9.674996608135614e-16
outer loop
vertex 102.11971755146145 -60.52026239876594 1.5
vertex 102.40110721697589 -60.605621020604694 1.5
vertex 102.40110721697586 -60.60562102060469 0
endloop
endfacet
facet normal 0.29028467726559004 0.9569403357288333 -9.674996608135614e-16
outer loop
vertex 102.11971755146145 -60.52026239876594 1.5
vertex 102.40110721697586 -60.60562102060469 0
vertex 102.16767225747397 -60.53480929980049 0
endloop
endfacet
facet normal 0.29028467726559004 0.9569403357288333 -9.674996608135614e-16
outer loop
vertex 102.11971755146145 -60.52026239876594 1.5
vertex 102.16767225747397 -60.53480929980049 0
vertex 102.11971755145484 -60.520262398765965 0
endloop
endfacet
facet normal 0.09801714032955997 0.9951847266721969 0
outer loop
vertex 102.40110721697589 -60.605621020604694 1.5
vertex 102.69374270000161 -60.6344431 1.5
vertex 102.6937427000016 -60.63444309999999 0
endloop
endfacet
facet normal 0.09801714032955997 0.9951847266721969 0
outer loop
vertex 102.40110721697589 -60.605621020604694 1.5
vertex 102.6937427000016 -60.63444309999999 0
vertex 102.40110721697586 -60.60562102060469 0
endloop
endfacet
facet normal -0.09801714032955997 0.9951847266721969 0
outer loop
vertex 102.69374270000161 -60.6344431 1.5
vertex 102.9863781830273 -60.605621020604694 1.5
vertex 102.98637818302224 -60.60562102060469 0
endloop
endfacet
facet normal -0.09801714032955997 0.9951847266721969 0
outer loop
vertex 102.69374270000161 -60.6344431 1.5
vertex 102.98637818302224 -60.60562102060469 0
vertex 102.6937427000016 -60.63444309999999 0
endloop
endfacet
facet normal -0.2902846772544619 0.956940335732209 0
outer loop
vertex 102.9863781830273 -60.605621020604694 1.5
vertex 103.26776784854887 -60.52026239876594 1.5
vertex 103.26776784855001 -60.520262398765965 0
endloop
endfacet
facet normal -0.2902846772544619 0.956940335732209 0
outer loop
vertex 102.9863781830273 -60.605621020604694 1.5
vertex 103.26776784855001 -60.520262398765965 0
vertex 102.98637818302224 -60.60562102060469 0
endloop
endfacet
facet normal -0.4713967368259944 0.8819212643483568 0
outer loop
vertex 103.26776784854887 -60.52026239876594 1.5
vertex 103.52709804953291 -60.38164751845227 1.5
vertex 103.5270980495263 -60.38164751845226 0
endloop
endfacet
facet normal -0.4713967368259944 0.8819212643483568 0
outer loop
vertex 103.26776784854887 -60.52026239876594 1.5
vertex 103.5270980495263 -60.38164751845226 0
vertex 103.26776784855001 -60.520262398765965 0
endloop
endfacet
facet normal -0.6343932841636448 0.7730104533627375 0
outer loop
vertex 103.52709804953291 -60.38164751845227 1.5
vertex 103.75440287179241 -60.19510327176667 1.5
vertex 103.75440287178192 -60.19510327176667 0
endloop
endfacet
facet normal -0.6343932841636448 0.7730104533627375 0
outer loop
vertex 103.52709804953291 -60.38164751845227 1.5
vertex 103.75440287178192 -60.19510327176667 0
vertex 103.5270980495263 -60.38164751845226 0
endloop
endfacet
facet normal -0.7730104533627319 0.6343932841636518 0
outer loop
vertex 103.75440287179241 -60.19510327176667 1.5
vertex 103.9409471184445 -59.96779844953548 1.5
vertex 103.94094711845351 -59.96779844953545 0
endloop
endfacet
facet normal -0.7730104533627319 0.6343932841636518 0
outer loop
vertex 103.75440287179241 -60.19510327176667 1.5
vertex 103.94094711845351 -59.96779844953545 0
vertex 103.75440287178192 -60.19510327176667 0
endloop
endfacet
facet normal -0.8819212643483568 0.4713967368259944 0
outer loop
vertex 103.9409471184445 -59.96779844953548 1.5
vertex 104.07956199876827 -59.70846824854704 1.5
vertex 104.07956199876729 -59.70846824854707 0
endloop
endfacet
facet normal -0.8819212643483568 0.4713967368259944 0
outer loop
vertex 103.9409471184445 -59.96779844953548 1.5
vertex 104.07956199876729 -59.70846824854707 0
vertex 103.94094711845351 -59.96779844953545 0
endloop
endfacet
facet normal -0.9569403357322133 0.2902846772544479 0
outer loop
vertex 104.07956199876827 -59.70846824854704 1.5
vertex 104.16492062060509 -59.42707858302235 1.5
vertex 104.16492062060524 -59.42707858302245 0
endloop
endfacet
facet normal -0.9569403357322133 0.2902846772544479 0
outer loop
vertex 104.07956199876827 -59.70846824854704 1.5
vertex 104.16492062060524 -59.42707858302245 0
vertex 104.07956199876729 -59.70846824854707 0
endloop
endfacet
facet normal -0.9951847266721956 0.09801714032957415 0
outer loop
vertex 120.14854162060291 -96.82965788301962 1.5
vertex 120.17736369999939 -96.5370223999953 1.5
vertex 120.17736369999939 -96.5370223999953 0
endloop
endfacet
facet normal -0.9951847266721956 0.09801714032957415 0
outer loop
vertex 120.14854162060291 -96.82965788301962 1.5
vertex 120.17736369999939 -96.5370223999953 0
vertex 120.14854162060422 -96.8296578830195 0
endloop
endfacet
facet normal -0.9951847266721969 -0.09801714032956006 0
outer loop
vertex 120.17736369999939 -96.5370223999953 1.5
vertex 120.14854162060443 -96.24438691697304 1.5
vertex 120.14854162060443 -96.24438691697306 0
endloop
endfacet
facet normal -0.9951847266721969 -0.09801714032956006 0
outer loop
vertex 120.17736369999939 -96.5370223999953 1.5
vertex 120.14854162060443 -96.24438691697306 0
vertex 120.17736369999939 -96.5370223999953 0
endloop
endfacet
facet normal -0.956940335732209 -0.2902846772544619 0
outer loop
vertex 120.14854162060443 -96.24438691697304 1.5
vertex 120.06318299876911 -95.96299725145815 1.5
vertex 120.06318299876911 -95.96299725145815 0
endloop
endfacet
facet normal -0.956940335732209 -0.2902846772544619 0
outer loop
vertex 120.14854162060443 -96.24438691697304 1.5
vertex 120.06318299876911 -95.96299725145815 0
vertex 120.14854162060443 -96.24438691697306 0
endloop
endfacet
facet normal -0.881921264348353 -0.4713967368260014 0
outer loop
vertex 120.06318299876911 -95.96299725145815 1.5
vertex 119.92456811844795 -95.70366705046132 1.5
vertex 119.92456811844792 -95.70366705046129 0
endloop
endfacet
facet normal -0.881921264348353 -0.4713967368260014 0
outer loop
vertex 120.06318299876911 -95.96299725145815 1.5
vertex 119.92456811844792 -95.70366705046129 0
vertex 120.06318299876911 -95.96299725145815 0
endloop
endfacet
facet normal -0.7730104533627188 -0.6343932841636676 0
outer loop
vertex 119.92456811844795 -95.70366705046132 1.5
vertex 119.73802387178537 -95.47636222822483 1.5
vertex 119.73802387178534 -95.47636222822479 0
endloop
endfacet
facet normal -0.7730104533627188 -0.6343932841636676 0
outer loop
vertex 119.92456811844795 -95.70366705046132 1.5
vertex 119.73802387178534 -95.47636222822479 0
vertex 119.92456811844792 -95.70366705046129 0
endloop
endfacet
facet normal -0.6343932841636517 -0.7730104533627319 0
outer loop
vertex 119.73802387178537 -95.47636222822483 1.5
vertex 119.51071904953524 -95.28981798155107 1.5
vertex 119.5107190495353 -95.2898179815511 0
endloop
endfacet
facet normal -0.6343932841636517 -0.7730104533627319 0
outer loop
vertex 119.73802387178537 -95.47636222822483 1.5
vertex 119.5107190495353 -95.2898179815511 0
vertex 119.73802387178534 -95.47636222822479 0
endloop
endfacet
facet normal -0.47139673682601535 -0.8819212643483455 0
outer loop
vertex 119.51071904953524 -95.28981798155107 1.5
vertex 119.25138884854054 -95.15120310123103 1.5
vertex 119.2513888485405 -95.15120310123102 0
endloop
endfacet
facet normal -0.47139673682601535 -0.8819212643483455 0
outer loop
vertex 119.51071904953524 -95.28981798155107 1.5
vertex 119.2513888485405 -95.15120310123102 0
vertex 119.5107190495353 -95.2898179815511 0
endloop
endfacet
facet normal -0.2902846772544689 -0.9569403357322068 0
outer loop
vertex 119.25138884854054 -95.15120310123103 1.5
vertex 118.96999918302076 -95.06584447939423 1.5
vertex 118.9699991830208 -95.06584447939424 0
endloop
endfacet
facet normal -0.2902846772544689 -0.9569403357322068 0
outer loop
vertex 119.25138884854054 -95.15120310123103 1.5
vertex 118.9699991830208 -95.06584447939424 0
vertex 119.2513888485405 -95.15120310123102 0
endloop
endfacet
facet normal -0.09801714032957423 -0.9951847266721956 0
outer loop
vertex 118.96999918302076 -95.06584447939423 1.5
vertex 118.67736370000387 -95.03702239999978 1.5
vertex 118.6773637000038 -95.0370223999998 0
endloop
endfacet
facet normal -0.09801714032957423 -0.9951847266721956 0
outer loop
vertex 118.96999918302076 -95.06584447939423 1.5
vertex 118.6773637000038 -95.0370223999998 0
vertex 118.9699991830208 -95.06584447939424 0
endloop
endfacet
facet normal 0.09801714032956006 -0.9951847266721969 0
outer loop
vertex 118.67736370000387 -95.03702239999978 1.5
vertex 118.38472821697198 -95.06584447939423 1.5
vertex 118.3847282169868 -95.06584447939424 0
endloop
endfacet
facet normal 0.09801714032956006 -0.9951847266721969 0
outer loop
vertex 118.67736370000387 -95.03702239999978 1.5
vertex 118.3847282169868 -95.06584447939424 0
vertex 118.6773637000038 -95.0370223999998 0
endloop
endfacet
facet normal 0.2902846772544479 -0.9569403357322133 0
outer loop
vertex 118.38472821697198 -95.06584447939423 1.5
vertex 118.10333855145741 -95.15120310123103 1.5
vertex 118.10333855145231 -95.15120310123102 0
endloop
endfacet
facet normal 0.2902846772544479 -0.9569403357322133 0
outer loop
vertex 118.38472821697198 -95.06584447939423 1.5
vertex 118.10333855145231 -95.15120310123102 0
vertex 118.3847282169868 -95.06584447939424 0
endloop
endfacet
facet normal 0.4713967368260084 -0.8819212643483493 0
outer loop
vertex 118.10333855145741 -95.15120310123103 1.5
vertex 117.84400835046932 -95.28981798155107 1.5
vertex 117.8440083504626 -95.2898179815511 0
endloop
endfacet
facet normal 0.4713967368260084 -0.8819212643483493 0
outer loop
vertex 118.10333855145741 -95.15120310123103 1.5
vertex 117.8440083504626 -95.2898179815511 0
vertex 118.10333855145231 -95.15120310123102 0
endloop
endfacet
facet normal 0.6343932841636674 -0.7730104533627191 0
outer loop
vertex 117.84400835046932 -95.28981798155107 1.5
vertex 117.61670352821729 -95.47636222822483 1.5
vertex 117.61670352821935 -95.47636222822479 0
endloop
endfacet
facet normal 0.6343932841636674 -0.7730104533627191 0
outer loop
vertex 117.84400835046932 -95.28981798155107 1.5
vertex 117.61670352821935 -95.47636222822479 0
vertex 117.8440083504626 -95.2898179815511 0
endloop
endfacet
facet normal 0.7730104533627121 -0.6343932841636758 0
outer loop
vertex 117.61670352821729 -95.47636222822483 1.5
vertex 117.43015928154864 -95.70366705046132 1.5
vertex 117.43015928155457 -95.70366705046129 0
endloop
endfacet
facet normal 0.7730104533627121 -0.6343932841636758 0
outer loop
vertex 117.61670352821729 -95.47636222822483 1.5
vertex 117.43015928155457 -95.70366705046129 0
vertex 117.61670352821935 -95.47636222822479 0
endloop
endfacet
facet normal 0.8819212643483552 -0.47139673682599736 0
outer loop
vertex 117.43015928154864 -95.70366705046132 1.5
vertex 117.29154440123423 -95.96299725145815 1.5
vertex 117.29154440122755 -95.96299725145815 0
endloop
endfacet
facet normal 0.8819212643483552 -0.47139673682599736 0
outer loop
vertex 117.43015928154864 -95.70366705046132 1.5
vertex 117.29154440122755 -95.96299725145815 0
vertex 117.43015928155457 -95.70366705046129 0
endloop
endfacet
facet normal 0.9569403357322133 -0.2902846772544479 0
outer loop
vertex 117.29154440123423 -95.96299725145815 1.5
vertex 117.20618577939507 -96.24438691697304 1.5
vertex 117.20618577939888 -96.24438691697306 0
endloop
endfacet
facet normal 0.9569403357322133 -0.2902846772544479 0
outer loop
vertex 117.29154440123423 -95.96299725145815 1.5
vertex 117.20618577939888 -96.24438691697306 0
vertex 117.29154440122755 -95.96299725145815 0
endloop
endfacet
facet normal 0.9951847266721969 -0.09801714032956006 0
outer loop
vertex 117.20618577939507 -96.24438691697304 1.5
vertex 117.17736369999993 -96.5370223999953 1.5
vertex 117.17736370000013 -96.5370223999953 0
endloop
endfacet
facet normal 0.9951847266721969 -0.09801714032956006 0
outer loop
vertex 117.20618577939507 -96.24438691697304 1.5
vertex 117.17736370000013 -96.5370223999953 0
vertex 117.20618577939888 -96.24438691697306 0
endloop
endfacet
facet normal 0.9951847266721984 0.09801714032954582 0
outer loop
vertex 117.17736369999993 -96.5370223999953 1.5
vertex 117.20618577939439 -96.82965788301962 1.5
vertex 117.20618577939506 -96.8296578830195 0
endloop
endfacet
facet normal 0.9951847266721984 0.09801714032954582 0
outer loop
vertex 117.17736369999993 -96.5370223999953 1.5
vertex 117.20618577939506 -96.8296578830195 0
vertex 117.17736370000013 -96.5370223999953 0
endloop
endfacet
facet normal 0.9569403357322048 0.29028467725447593 0
outer loop
vertex 117.20618577939439 -96.82965788301962 1.5
vertex 117.29154440123399 -97.11104754854863 1.5
vertex 117.29154440123405 -97.1110475485487 0
endloop
endfacet
facet normal 0.9569403357322048 0.29028467725447593 0
outer loop
vertex 117.20618577939439 -96.82965788301962 1.5
vertex 117.29154440123405 -97.1110475485487 0
vertex 117.20618577939506 -96.8296578830195 0
endloop
endfacet
facet normal 0.8819212643483493 0.47139673682600836 0
outer loop
vertex 117.29154440123399 -97.11104754854863 1.5
vertex 117.43015928154406 -97.37037774952469 1.5
vertex 117.43015928154405 -97.37037774952466 0
endloop
endfacet
facet normal 0.8819212643483493 0.47139673682600836 0
outer loop
vertex 117.29154440123399 -97.11104754854863 1.5
vertex 117.43015928154405 -97.37037774952466 0
vertex 117.29154440123405 -97.1110475485487 0
endloop
endfacet
facet normal 0.7730104533627188 0.6343932841636676 0
outer loop
vertex 117.43015928154406 -97.37037774952469 1.5
vertex 117.61670352821976 -97.59768257177717 1.5
vertex 117.6167035282198 -97.59768257177721 0
endloop
endfacet
facet normal 0.7730104533627188 0.6343932841636676 0
outer loop
vertex 117.43015928154406 -97.37037774952469 1.5
vertex 117.6167035282198 -97.59768257177721 0
vertex 117.43015928154405 -97.37037774952466 0
endloop
endfacet
facet normal 0.6343932841636518 0.7730104533627318 0
outer loop
vertex 117.61670352821976 -97.59768257177717 1.5
vertex 117.84400835047246 -97.78422681845305 1.5
vertex 117.84400835047246 -97.78422681845305 0
endloop
endfacet
facet normal 0.6343932841636518 0.7730104533627318 0
outer loop
vertex 117.61670352821976 -97.59768257177717 1.5
vertex 117.84400835047246 -97.78422681845305 0
vertex 117.6167035282198 -97.59768257177721 0
endloop
endfacet
facet normal 0.4713967368259909 0.8819212643483587 0
outer loop
vertex 117.84400835047246 -97.78422681845305 1.5
vertex 118.10333855146217 -97.9228416987704 1.5
vertex 118.10333855146219 -97.92284169877041 0
endloop
endfacet
facet normal 0.4713967368259909 0.8819212643483587 0
outer loop
vertex 117.84400835047246 -97.78422681845305 1.5
vertex 118.10333855146219 -97.92284169877041 0
vertex 117.84400835047246 -97.78422681845305 0
endloop
endfacet
facet normal 0.29028467725446194 0.956940335732209 0
outer loop
vertex 118.10333855146217 -97.9228416987704 1.5
vertex 118.38472821697262 -98.00820032060437 1.5
vertex 118.38472821697246 -98.00820032060433 0
endloop
endfacet
facet normal 0.29028467725446194 0.956940335732209 0
outer loop
vertex 118.10333855146217 -97.9228416987704 1.5
vertex 118.38472821697246 -98.00820032060433 0
vertex 118.10333855146219 -97.92284169877041 0
endloop
endfacet
facet normal 0.09801714032956006 0.9951847266721969 0
outer loop
vertex 118.38472821697262 -98.00820032060437 1.5
vertex 118.6773637000016 -98.0370224 1.5
vertex 118.67736370000182 -98.0370224 0
endloop
endfacet
facet normal 0.09801714032956006 0.9951847266721969 0
outer loop
vertex 118.38472821697262 -98.00820032060437 1.5
vertex 118.67736370000182 -98.0370224 0
vertex 118.38472821697246 -98.00820032060433 0
endloop
endfacet
facet normal -0.09801714032956006 0.9951847266721969 0
outer loop
vertex 118.6773637000016 -98.0370224 1.5
vertex 118.96999918303064 -98.00820032060437 1.5
vertex 118.96999918302282 -98.00820032060433 0
endloop
endfacet
facet normal -0.09801714032956006 0.9951847266721969 0
outer loop
vertex 118.6773637000016 -98.0370224 1.5
vertex 118.96999918302282 -98.00820032060433 0
vertex 118.67736370000182 -98.0370224 0
endloop
endfacet
facet normal -0.29028467725446094 0.9569403357322095 0
outer loop
vertex 118.96999918303064 -98.00820032060437 1.5
vertex 119.25138884853399 -97.9228416987704 1.5
vertex 119.25138884855045 -97.92284169877041 0
endloop
endfacet
facet normal -0.29028467725446094 0.9569403357322095 0
outer loop
vertex 118.96999918303064 -98.00820032060437 1.5
vertex 119.25138884855045 -97.92284169877041 0
vertex 118.96999918302282 -98.00820032060433 0
endloop
endfacet
facet normal -0.4713967368260084 0.8819212643483493 0
outer loop
vertex 119.25138884853399 -97.9228416987704 1.5
vertex 119.51071904953751 -97.78422681845305 1.5
vertex 119.51071904952975 -97.78422681845305 0
endloop
endfacet
facet normal -0.4713967368260084 0.8819212643483493 0
outer loop
vertex 119.25138884853399 -97.9228416987704 1.5
vertex 119.51071904952975 -97.78422681845305 0
vertex 119.25138884855045 -97.92284169877041 0
endloop
endfacet
facet normal -0.6343932841636758 0.7730104533627122 0
outer loop
vertex 119.51071904953751 -97.78422681845305 1.5
vertex 119.738023871783 -97.59768257177717 1.5
vertex 119.73802387177956 -97.59768257177721 0
endloop
endfacet
facet normal -0.6343932841636758 0.7730104533627122 0
outer loop
vertex 119.51071904953751 -97.78422681845305 1.5
vertex 119.73802387177956 -97.59768257177721 0
vertex 119.51071904952975 -97.78422681845305 0
endloop
endfacet
facet normal -0.7730104533627319 0.6343932841636518 0
outer loop
vertex 119.738023871783 -97.59768257177717 1.5
vertex 119.92456811845663 -97.37037774952469 1.5
vertex 119.924568118454 -97.37037774952466 0
endloop
endfacet
facet normal -0.7730104533627319 0.6343932841636518 0
outer loop
vertex 119.738023871783 -97.59768257177717 1.5
vertex 119.924568118454 -97.37037774952466 0
vertex 119.73802387177956 -97.59768257177721 0
endloop
endfacet
facet normal -0.8819212643483552 0.47139673682599736 0
outer loop
vertex 119.92456811845663 -97.37037774952469 1.5
vertex 120.06318299876578 -97.11104754854863 1.5
vertex 120.06318299876808 -97.1110475485487 0
endloop
endfacet
facet normal -0.8819212643483552 0.47139673682599736 0
outer loop
vertex 119.92456811845663 -97.37037774952469 1.5
vertex 120.06318299876808 -97.1110475485487 0
vertex 119.924568118454 -97.37037774952466 0
endloop
endfacet
facet normal -0.9569403357322133 0.2902846772544479 0
outer loop
vertex 120.06318299876578 -97.11104754854863 1.5
vertex 120.14854162060291 -96.82965788301962 1.5
vertex 120.14854162060422 -96.8296578830195 0
endloop
endfacet
facet normal -0.9569403357322133 0.2902846772544479 0
outer loop
vertex 120.06318299876578 -97.11104754854863 1.5
vertex 120.14854162060422 -96.8296578830195 0
vertex 120.06318299876808 -97.1110475485487 0
endloop
endfacet
facet normal -0.9951847266721956 0.09801714032957415 0
outer loop
vertex 173.6556042206043 -62.47107158303075 1.5
vertex 173.6844263000002 -62.178436099994485 1.5
vertex 173.6844263000002 -62.178436099994514 0
endloop
endfacet
facet normal -0.9951847266721956 0.09801714032957415 0
outer loop
vertex 173.6556042206043 -62.47107158303075 1.5
vertex 173.6844263000002 -62.178436099994514 0
vertex 173.65560422060386 -62.471071583030934 0
endloop
endfacet
facet normal -0.9951847266721956 -0.09801714032957415 0
outer loop
vertex 173.6844263000002 -62.178436099994485 1.5
vertex 173.6556042206062 -61.885800616981825 1.5
vertex 173.6556042206062 -61.88580061698187 0
endloop
endfacet
facet normal -0.9951847266721956 -0.09801714032957415 0
outer loop
vertex 173.6844263000002 -62.178436099994485 1.5
vertex 173.6556042206062 -61.88580061698187 0
vertex 173.6844263000002 -62.178436099994514 0
endloop
endfacet
facet normal -0.9569403357322133 -0.2902846772544479 0
outer loop
vertex 173.6556042206062 -61.885800616981825 1.5
vertex 173.57024559876712 -61.6044109514545 1.5
vertex 173.57024559876706 -61.60441095145443 0
endloop
endfacet
facet normal -0.9569403357322133 -0.2902846772544479 0
outer loop
vertex 173.6556042206062 -61.885800616981825 1.5
vertex 173.57024559876706 -61.60441095145443 0
vertex 173.6556042206062 -61.88580061698187 0
endloop
endfacet
facet normal -0.881921264348342 -0.47139673682602246 0
outer loop
vertex 173.57024559876712 -61.6044109514545 1.5
vertex 173.43163071844876 -61.34508075046291 1.5
vertex 173.43163071844867 -61.3450807504628 0
endloop
endfacet
facet normal -0.881921264348342 -0.47139673682602246 0
outer loop
vertex 173.57024559876712 -61.6044109514545 1.5
vertex 173.43163071844867 -61.3450807504628 0
vertex 173.57024559876706 -61.60441095145443 0
endloop
endfacet
facet normal -0.7730104533627671 -0.6343932841636089 0
outer loop
vertex 173.43163071844876 -61.34508075046291 1.5
vertex 173.24508647179545 -61.11777592823768 1.5
vertex 173.2450864717955 -61.11777592823773 0
endloop
endfacet
facet normal -0.7730104533627671 -0.6343932841636089 0
outer loop
vertex 173.43163071844876 -61.34508075046291 1.5
vertex 173.2450864717955 -61.11777592823773 0
vertex 173.43163071844867 -61.3450807504628 0
endloop
endfacet
facet normal -0.6343932841636484 -0.7730104533627347 0
outer loop
vertex 173.24508647179545 -61.11777592823768 1.5
vertex 173.01778164951045 -60.93123168153531 1.5
vertex 173.01778164951045 -60.93123168153531 0
endloop
endfacet
facet normal -0.6343932841636484 -0.7730104533627347 0
outer loop
vertex 173.24508647179545 -61.11777592823768 1.5
vertex 173.01778164951045 -60.93123168153531 0
vertex 173.2450864717955 -61.11777592823773 0
endloop
endfacet
facet normal -0.4713967368259979 -0.8819212643483549 0
outer loop
vertex 173.01778164951045 -60.93123168153531 1.5
vertex 172.75845144855282 -60.7926168012351 1.5
vertex 172.7584514485528 -60.79261680123508 0
endloop
endfacet
facet normal -0.4713967368259979 -0.8819212643483549 0
outer loop
vertex 173.01778164951045 -60.93123168153531 1.5
vertex 172.7584514485528 -60.79261680123508 0
vertex 173.01778164951045 -60.93123168153531 0
endloop
endfacet
facet normal -0.29028467725444784 -0.9569403357322133 0
outer loop
vertex 172.75845144855282 -60.7926168012351 1.5
vertex 172.47706178302357 -60.707258179395424 1.5
vertex 172.47706178302363 -60.707258179395424 0
endloop
endfacet
facet normal -0.29028467725444784 -0.9569403357322133 0
outer loop
vertex 172.75845144855282 -60.7926168012351 1.5
vertex 172.47706178302363 -60.707258179395424 0
vertex 172.7584514485528 -60.79261680123508 0
endloop
endfacet
facet normal -0.09801714032957423 -0.9951847266721956 0
outer loop
vertex 172.47706178302357 -60.707258179395424 1.5
vertex 172.18442630000177 -60.6784361000005 1.5
vertex 172.18442630000183 -60.6784361000005 0
endloop
endfacet
facet normal -0.09801714032957423 -0.9951847266721956 0
outer loop
vertex 172.47706178302357 -60.707258179395424 1.5
vertex 172.18442630000183 -60.6784361000005 0
vertex 172.47706178302363 -60.707258179395424 0
endloop
endfacet
facet normal 0.09801714032955998 -0.9951847266721969 0
outer loop
vertex 172.18442630000177 -60.6784361000005 1.5
vertex 171.8917908169715 -60.707258179395424 1.5
vertex 171.89179081698 -60.707258179395424 0
endloop
endfacet
facet normal 0.09801714032955998 -0.9951847266721969 0
outer loop
vertex 172.18442630000177 -60.6784361000005 1.5
vertex 171.89179081698 -60.707258179395424 0
vertex 172.18442630000183 -60.6784361000005 0
endloop
endfacet
facet normal 0.29028467725444695 -0.9569403357322136 0
outer loop
vertex 171.8917908169715 -60.707258179395424 1.5
vertex 171.61040115145573 -60.7926168012351 1.5
vertex 171.61040115144235 -60.79261680123508 0
endloop
endfacet
facet normal 0.29028467725444695 -0.9569403357322136 0
outer loop
vertex 171.8917908169715 -60.707258179395424 1.5
vertex 171.61040115144235 -60.79261680123508 0
vertex 171.89179081698 -60.707258179395424 0
endloop
endfacet
facet normal 0.4713967368259944 -0.8819212643483568 0
outer loop
vertex 171.61040115145573 -60.7926168012351 1.5
vertex 171.35107095046934 -60.93123168153531 1.5
vertex 171.35107095049804 -60.93123168153531 0
endloop
endfacet
facet normal 0.4713967368259944 -0.8819212643483568 0
outer loop
vertex 171.61040115145573 -60.7926168012351 1.5
vertex 171.35107095049804 -60.93123168153531 0
vertex 171.61040115144235 -60.79261680123508 0
endloop
endfacet
facet normal 0.634393284219429 -0.7730104533169566 -1.4134367726385006e-11
outer loop
vertex 171.35107095046934 -60.93123168153531 1.5
vertex 171.1237661282178 -61.11777592823768 1.5
vertex 171.12376612818431 -61.11777592823773 0
endloop
endfacet
facet normal 0.634393284219429 -0.7730104533169566 -1.4134367726385006e-11
outer loop
vertex 171.35107095046934 -60.93123168153531 1.5
vertex 171.12376612818431 -61.11777592823773 0
vertex 171.34919606614136 -60.93277035936189 0
endloop
endfacet
facet normal 0.634393284219429 -0.7730104533169566 -1.4134367726385006e-11
outer loop
vertex 171.35107095046934 -60.93123168153531 1.5
vertex 171.34919606614136 -60.93277035936189 0
vertex 171.35107095049804 -60.93123168153531 0
endloop
endfacet
facet normal 0.7730104533330941 -0.6343932841997653 9.120847412566624e-12
outer loop
vertex 171.1237661282178 -61.11777592823768 1.5
vertex 170.9372218815467 -61.34508075046291 1.5
vertex 170.93722188156448 -61.3450807504628 0
endloop
endfacet
facet normal 0.7730104533330941 -0.6343932841997653 9.120847412566624e-12
outer loop
vertex 171.1237661282178 -61.11777592823768 1.5
vertex 170.93722188156448 -61.3450807504628 0
vertex 171.0329119177081 -61.228482104037305 0
endloop
endfacet
facet normal 0.7730104533330941 -0.6343932841997653 9.120847412566624e-12
outer loop
vertex 171.1237661282178 -61.11777592823768 1.5
vertex 171.0329119177081 -61.228482104037305 0
vertex 171.12376612818431 -61.11777592823773 0
endloop
endfacet
facet normal 0.8819212643558314 -0.4713967368120104 -3.0614049021640594e-12
outer loop
vertex 170.9372218815467 -61.34508075046291 1.5
vertex 170.79860700123362 -61.6044109514545 1.5
vertex 170.79860700122845 -61.60441095145443 0
endloop
endfacet
facet normal 0.8819212643558314 -0.4713967368120104 -3.0614049021640594e-12
outer loop
vertex 170.9372218815467 -61.34508075046291 1.5
vertex 170.79860700122845 -61.60441095145443 0
vertex 170.86934599635902 -61.472067599999804 0
endloop
endfacet
facet normal 0.8819212643558314 -0.4713967368120104 -3.0614049021640594e-12
outer loop
vertex 170.9372218815467 -61.34508075046291 1.5
vertex 170.86934599635902 -61.472067599999804 0
vertex 170.90221153747876 -61.41058049729028 0
endloop
endfacet
facet normal 0.8819212643558314 -0.4713967368120104 -3.0614049021640594e-12
outer loop
vertex 170.9372218815467 -61.34508075046291 1.5
vertex 170.90221153747876 -61.41058049729028 0
vertex 170.93722188156448 -61.3450807504628 0
endloop
endfacet
facet normal 0.9569403357322133 -0.2902846772544479 0
outer loop
vertex 170.79860700123362 -61.6044109514545 1.5
vertex 170.71324837939463 -61.885800616981825 1.5
vertex 170.71324837939443 -61.88580061698187 0
endloop
endfacet
facet normal 0.9569403357322133 -0.2902846772544479 0
outer loop
vertex 170.79860700123362 -61.6044109514545 1.5
vertex 170.71324837939443 -61.88580061698187 0
vertex 170.79860700122845 -61.60441095145443 0
endloop
endfacet
facet normal 0.9951847266721956 -0.09801714032957415 0
outer loop
vertex 170.71324837939463 -61.885800616981825 1.5
vertex 170.6844263000003 -62.178436099994485 1.5
vertex 170.6844263000006 -62.178436099994514 0
endloop
endfacet
facet normal 0.9951847266721956 -0.09801714032957415 0
outer loop
vertex 170.71324837939463 -61.885800616981825 1.5
vertex 170.6844263000006 -62.178436099994514 0
vertex 170.71324837939443 -61.88580061698187 0
endloop
endfacet
facet normal 0.9951847266721956 0.09801714032957415 0
outer loop
vertex 170.6844263000003 -62.178436099994485 1.5
vertex 170.7132483793967 -62.47107158303075 1.5
vertex 170.71324837939667 -62.471071583030934 0
endloop
endfacet
facet normal 0.9951847266721956 0.09801714032957415 0
outer loop
vertex 170.6844263000003 -62.178436099994485 1.5
vertex 170.71324837939667 -62.471071583030934 0
vertex 170.6844263000006 -62.178436099994514 0
endloop
endfacet
facet normal 0.9569403357322133 0.2902846772544479 0
outer loop
vertex 170.7132483793967 -62.47107158303075 1.5
vertex 170.7986070012294 -62.752461248537095 1.5
vertex 170.79860700122936 -62.752461248536925 0
endloop
endfacet
facet normal 0.9569403357322133 0.2902846772544479 0
outer loop
vertex 170.7132483793967 -62.47107158303075 1.5
vertex 170.79860700122936 -62.752461248536925 0
vertex 170.71324837939667 -62.471071583030934 0
endloop
endfacet
facet normal 0.8819212643483268 0.47139673682605043 0
outer loop
vertex 170.7986070012294 -62.752461248537095 1.5
vertex 170.93722188154726 -63.011791449527685 1.5
vertex 170.93722188154734 -63.0117914495278 0
endloop
endfacet
facet normal 0.8819212643483268 0.47139673682605043 0
outer loop
vertex 170.7986070012294 -62.752461248537095 1.5
vertex 170.93722188154734 -63.0117914495278 0
vertex 170.79860700122936 -62.752461248536925 0
endloop
endfacet
facet normal 0.7730104533627572 0.6343932841636208 0
outer loop
vertex 170.93722188154726 -63.011791449527685 1.5
vertex 171.12376612822663 -63.23909627178468 1.5
vertex 171.1237661282266 -63.23909627178466 0
endloop
endfacet
facet normal 0.7730104533627572 0.6343932841636208 0
outer loop
vertex 170.93722188154726 -63.011791449527685 1.5
vertex 171.1237661282266 -63.23909627178466 0
vertex 170.93722188154734 -63.0117914495278 0
endloop
endfacet
facet normal 0.6343932841636208 0.7730104533627572 0
outer loop
vertex 171.12376612822663 -63.23909627178468 1.5
vertex 171.35107095047857 -63.42564051845992 1.5
vertex 171.35107095047857 -63.42564051845991 0
endloop
endfacet
facet normal 0.6343932841636208 0.7730104533627572 0
outer loop
vertex 171.12376612822663 -63.23909627178468 1.5
vertex 171.35107095047857 -63.42564051845991 0
vertex 171.1237661282266 -63.23909627178466 0
endloop
endfacet
facet normal 0.47139673682600836 0.8819212643483493 0
outer loop
vertex 171.35107095047857 -63.42564051845992 1.5
vertex 171.6104011514464 -63.56425539876559 1.5
vertex 171.61040115144647 -63.56425539876561 0
endloop
endfacet
facet normal 0.47139673682600836 0.8819212643483493 0
outer loop
vertex 171.35107095047857 -63.42564051845992 1.5
vertex 171.61040115144647 -63.56425539876561 0
vertex 171.35107095047857 -63.42564051845991 0
endloop
endfacet
facet normal 0.2902846772544479 0.9569403357322133 0
outer loop
vertex 171.6104011514464 -63.56425539876559 1.5
vertex 171.8917908169751 -63.649614020605085 1.5
vertex 171.8917908169751 -63.64961402060509 0
endloop
endfacet
facet normal 0.2902846772544479 0.9569403357322133 0
outer loop
vertex 171.6104011514464 -63.56425539876559 1.5
vertex 171.8917908169751 -63.64961402060509 0
vertex 171.61040115144647 -63.56425539876561 0
endloop
endfacet
facet normal 0.09801714032957423 0.9951847266721956 0
outer loop
vertex 171.8917908169751 -63.649614020605085 1.5
vertex 172.18442630000163 -63.678436100000475 1.5
vertex 172.1844263000015 -63.67843610000047 0
endloop
endfacet
facet normal 0.09801714032957423 0.9951847266721956 0
outer loop
vertex 171.8917908169751 -63.649614020605085 1.5
vertex 172.1844263000015 -63.67843610000047 0
vertex 171.8917908169751 -63.64961402060509 0
endloop
endfacet
facet normal -0.09801714032955998 0.9951847266721969 0
outer loop
vertex 172.18442630000163 -63.678436100000475 1.5
vertex 172.47706178302815 -63.649614020605085 1.5
vertex 172.47706178301937 -63.64961402060509 0
endloop
endfacet
facet normal -0.09801714032955998 0.9951847266721969 0
outer loop
vertex 172.18442630000163 -63.678436100000475 1.5
vertex 172.47706178301937 -63.64961402060509 0
vertex 172.1844263000015 -63.67843610000047 0
endloop
endfacet
facet normal -0.2902846772544479 0.9569403357322133 0
outer loop
vertex 172.47706178302815 -63.649614020605085 1.5
vertex 172.75845144854873 -63.56425539876559 1.5
vertex 172.75845144854515 -63.56425539876561 0
endloop
endfacet
facet normal -0.2902846772544479 0.9569403357322133 0
outer loop
vertex 172.47706178302815 -63.649614020605085 1.5
vertex 172.75845144854515 -63.56425539876561 0
vertex 172.47706178301937 -63.64961402060509 0
endloop
endfacet
facet normal -0.47139673682600847 0.8819212643483494 0
outer loop
vertex 172.75845144854873 -63.56425539876559 1.5
vertex 173.01778164951398 -63.42564051845992 1.5
vertex 173.01778164953353 -63.42564051845991 0
endloop
endfacet
facet normal -0.47139673682600847 0.8819212643483494 0
outer loop
vertex 172.75845144854873 -63.56425539876559 1.5
vertex 173.01778164953353 -63.42564051845991 0
vertex 172.75845144854515 -63.56425539876561 0
endloop
endfacet
facet normal -0.6343932841636208 0.7730104533627572 0
outer loop
vertex 173.01778164951398 -63.42564051845992 1.5
vertex 173.24508647178112 -63.23909627178468 1.5
vertex 173.2450864717771 -63.23909627178466 0
endloop
endfacet
facet normal -0.6343932841636208 0.7730104533627572 0
outer loop
vertex 173.01778164951398 -63.42564051845992 1.5
vertex 173.2450864717771 -63.23909627178466 0
vertex 173.01778164953353 -63.42564051845991 0
endloop
endfacet
facet normal -0.7730104533627769 0.634393284163597 0
outer loop
vertex 173.24508647178112 -63.23909627178468 1.5
vertex 173.43163071845558 -63.011791449527685 1.5
vertex 173.43163071845444 -63.0117914495278 0
endloop
endfacet
facet normal -0.7730104533627769 0.634393284163597 0
outer loop
vertex 173.24508647178112 -63.23909627178468 1.5
vertex 173.43163071845444 -63.0117914495278 0
vertex 173.2450864717771 -63.23909627178466 0
endloop
endfacet
facet normal -0.8819212643483402 0.47139673682602534 0
outer loop
vertex 173.43163071845558 -63.011791449527685 1.5
vertex 173.5702455987723 -62.752461248537095 1.5
vertex 173.57024559876757 -62.752461248536925 0
endloop
endfacet
facet normal -0.8819212643483402 0.47139673682602534 0
outer loop
vertex 173.43163071845558 -63.011791449527685 1.5
vertex 173.57024559876757 -62.752461248536925 0
vertex 173.43163071845444 -63.0117914495278 0
endloop
endfacet
facet normal -0.9569403357322133 0.2902846772544479 0
outer loop
vertex 173.5702455987723 -62.752461248537095 1.5
vertex 173.6556042206043 -62.47107158303075 1.5
vertex 173.65560422060386 -62.471071583030934 0
endloop
endfacet
facet normal -0.9569403357322133 0.2902846772544479 0
outer loop
vertex 173.5702455987723 -62.752461248537095 1.5
vertex 173.65560422060386 -62.471071583030934 0
vertex 173.57024559876757 -62.752461248536925 0
endloop
endfacet
facet normal -0.9951847266721957 0.09801714032957415 0
outer loop
vertex 162.5417489206027 -102.38325298303457 1.5
vertex 162.5705710000001 -102.09061749998668 1.5
vertex 162.5705710000001 -102.09061749998658 0
endloop
endfacet
facet normal -0.9951847266721957 0.09801714032957415 0
outer loop
vertex 162.5417489206027 -102.38325298303457 1.5
vertex 162.5705710000001 -102.09061749998658 0
vertex 162.5417489206026 -102.38325298303442 0
endloop
endfacet
facet normal -0.9951847266721956 -0.09801714032957415 0
outer loop
vertex 162.5705710000001 -102.09061749998668 1.5
vertex 162.54174892060644 -101.79798201697791 1.5
vertex 162.54174892060647 -101.79798201697805 0
endloop
endfacet
facet normal -0.9951847266721956 -0.09801714032957415 0
outer loop
vertex 162.5705710000001 -102.09061749998668 1.5
vertex 162.54174892060647 -101.79798201697805 0
vertex 162.5705710000001 -102.09061749998658 0
endloop
endfacet
facet normal -0.9569403357322048 -0.29028467725447593 0
outer loop
vertex 162.54174892060644 -101.79798201697791 1.5
vertex 162.4563902987711 -101.51659235146299 1.5
vertex 162.45639029877105 -101.51659235146286 0
endloop
endfacet
facet normal -0.9569403357322048 -0.29028467725447593 0
outer loop
vertex 162.54174892060644 -101.79798201697791 1.5
vertex 162.45639029877105 -101.51659235146286 0
vertex 162.54174892060647 -101.79798201697805 0
endloop
endfacet
facet normal -0.8819212643483417 -0.4713967368260224 0
outer loop
vertex 162.4563902987711 -101.51659235146299 1.5
vertex 162.31777541845483 -101.2572621504753 1.5
vertex 162.31777541845486 -101.25726215047531 0
endloop
endfacet
facet normal -0.8819212643483417 -0.4713967368260224 0
outer loop
vertex 162.4563902987711 -101.51659235146299 1.5
vertex 162.31777541845486 -101.25726215047531 0
vertex 162.45639029877105 -101.51659235146286 0
endloop
endfacet
facet normal -0.7730104533627797 -0.6343932841635934 0
outer loop
vertex 162.31777541845483 -101.2572621504753 1.5
vertex 162.13123117175834 -101.02995732819744 1.5
vertex 162.1312311717584 -101.02995732819751 0
endloop
endfacet
facet normal -0.7730104533627797 -0.6343932841635934 0
outer loop
vertex 162.31777541845483 -101.2572621504753 1.5
vertex 162.1312311717584 -101.02995732819751 0
vertex 162.31777541845486 -101.25726215047531 0
endloop
endfacet
facet normal -0.6343932841636208 -0.7730104533627572 0
outer loop
vertex 162.13123117175834 -101.02995732819744 1.5
vertex 161.90392634954503 -100.84341308155392 1.5
vertex 161.90392634954492 -100.84341308155385 0
endloop
endfacet
facet normal -0.6343932841636208 -0.7730104533627572 0
outer loop
vertex 162.13123117175834 -101.02995732819744 1.5
vertex 161.90392634954492 -100.84341308155385 0
vertex 162.1312311717584 -101.02995732819751 0
endloop
endfacet
facet normal -0.47139673682600314 -0.881921264348352 0
outer loop
vertex 161.90392634954503 -100.84341308155392 1.5
vertex 161.64459614855235 -100.70479820123498 1.5
vertex 161.6445961485524 -100.704798201235 0
endloop
endfacet
facet normal -0.47139673682600314 -0.881921264348352 0
outer loop
vertex 161.90392634954503 -100.84341308155392 1.5
vertex 161.6445961485524 -100.704798201235 0
vertex 161.90392634954492 -100.84341308155385 0
endloop
endfacet
facet normal -0.2902846772544479 -0.9569403357322133 0
outer loop
vertex 161.64459614855235 -100.70479820123498 1.5
vertex 161.36320648301648 -100.6194395793933 1.5
vertex 161.36320648301646 -100.61943957939329 0
endloop
endfacet
facet normal -0.2902846772544479 -0.9569403357322133 0
outer loop
vertex 161.64459614855235 -100.70479820123498 1.5
vertex 161.36320648301646 -100.61943957939329 0
vertex 161.6445961485524 -100.704798201235 0
endloop
endfacet
facet normal -0.09801714032955997 -0.9951847266721969 0
outer loop
vertex 161.36320648301648 -100.6194395793933 1.5
vertex 161.07057100001023 -100.59061749999991 1.5
vertex 161.0705710000103 -100.59061749999991 0
endloop
endfacet
facet normal -0.09801714032955997 -0.9951847266721969 0
outer loop
vertex 161.36320648301648 -100.6194395793933 1.5
vertex 161.0705710000103 -100.59061749999991 0
vertex 161.36320648301646 -100.61943957939329 0
endloop
endfacet
facet normal 0.09801714032956006 -0.9951847266721969 0
outer loop
vertex 161.07057100001023 -100.59061749999991 1.5
vertex 160.7779355169697 -100.6194395793933 1.5
vertex 160.77793551700412 -100.61943957939329 0
endloop
endfacet
facet normal 0.09801714032956006 -0.9951847266721969 0
outer loop
vertex 161.07057100001023 -100.59061749999991 1.5
vertex 160.77793551700412 -100.61943957939329 0
vertex 161.0705710000103 -100.59061749999991 0
endloop
endfacet
facet normal 0.2902846772544479 -0.9569403357322133 0
outer loop
vertex 160.7779355169697 -100.6194395793933 1.5
vertex 160.49654585145854 -100.70479820123498 1.5
vertex 160.4965458514353 -100.704798201235 0
endloop
endfacet
facet normal 0.2902846772544479 -0.9569403357322133 0
outer loop
vertex 160.7779355169697 -100.6194395793933 1.5
vertex 160.4965458514353 -100.704798201235 0
vertex 160.77793551700412 -100.61943957939329 0
endloop
endfacet
facet normal 0.4713967368259914 -0.8819212643483584 0
outer loop
vertex 160.49654585145854 -100.70479820123498 1.5
vertex 160.2372156504641 -100.84341308155392 1.5
vertex 160.23721565046503 -100.84341308155385 0
endloop
endfacet
facet normal 0.4713967368259914 -0.8819212643483584 0
outer loop
vertex 160.49654585145854 -100.70479820123498 1.5
vertex 160.23721565046503 -100.84341308155385 0
vertex 160.4965458514353 -100.704798201235 0
endloop
endfacet
facet normal 0.6343932841636518 -0.7730104533627319 0
outer loop
vertex 160.2372156504641 -100.84341308155392 1.5
vertex 160.00991082822145 -101.02995732819744 1.5
vertex 160.00991082824987 -101.02995732819751 0
endloop
endfacet
facet normal 0.6343932841636518 -0.7730104533627319 0
outer loop
vertex 160.2372156504641 -100.84341308155392 1.5
vertex 160.00991082824987 -101.02995732819751 0
vertex 160.23721565046503 -100.84341308155385 0
endloop
endfacet
facet normal 0.7730104533627572 -0.6343932841636208 0
outer loop
vertex 160.00991082822145 -101.02995732819744 1.5
vertex 159.8233665815467 -101.2572621504753 1.5
vertex 159.82336658152923 -101.25726215047531 0
endloop
endfacet
facet normal 0.7730104533627572 -0.6343932841636208 0
outer loop
vertex 160.00991082822145 -101.02995732819744 1.5
vertex 159.82336658152923 -101.25726215047531 0
vertex 160.00991082824987 -101.02995732819751 0
endloop
endfacet
facet normal 0.8819212643483284 -0.47139673682604744 0
outer loop
vertex 159.8233665815467 -101.2572621504753 1.5
vertex 159.68475170123446 -101.51659235146299 1.5
vertex 159.6847517012294 -101.51659235146286 0
endloop
endfacet
facet normal 0.8819212643483284 -0.47139673682604744 0
outer loop
vertex 159.8233665815467 -101.2572621504753 1.5
vertex 159.6847517012294 -101.51659235146286 0
vertex 159.82336658152923 -101.25726215047531 0
endloop
endfacet
facet normal 0.9569403357322133 -0.2902846772544479 0
outer loop
vertex 159.68475170123446 -101.51659235146299 1.5
vertex 159.5993930793933 -101.79798201697791 1.5
vertex 159.59939307939652 -101.79798201697805 0
endloop
endfacet
facet normal 0.9569403357322133 -0.2902846772544479 0
outer loop
vertex 159.68475170123446 -101.51659235146299 1.5
vertex 159.59939307939652 -101.79798201697805 0
vertex 159.6847517012294 -101.51659235146286 0
endloop
endfacet
facet normal 0 0 1
outer loop
vertex 159.5993930793933 -101.79798201697791 1.5
vertex 159.58562416551553 -101.93778014563632 1.5
vertex 159.58559863349416 -101.9380393765998 1.5
endloop
endfacet
facet normal 0 0 1
outer loop
vertex 159.5993930793933 -101.79798201697791 1.5
vertex 159.58559863349416 -101.9380393765998 1.5
vertex 159.5803415703292 -101.99141523465269 1.5
endloop
endfacet
facet normal 0 0 1
outer loop
vertex 159.5993930793933 -101.79798201697791 1.5
vertex 159.5803415703292 -101.99141523465269 1.5
vertex 159.57057100000026 -102.09061749998668 1.5
endloop
endfacet
facet normal 0 0 1
outer loop
vertex 159.5993930793933 -101.79798201697791 1.5
vertex 159.57057100000026 -102.09061749998668 1.5
vertex 159.57057100000026 -102.09061749998658 0
endloop
endfacet
facet normal 0 0 1
outer loop
vertex 159.5993930793933 -101.79798201697791 1.5
vertex 159.57057100000026 -102.09061749998658 0
vertex 159.5803415703292 -101.99141523465272 0
endloop
endfacet
facet normal 0 0 1
outer loop
vertex 159.5993930793933 -101.79798201697791 1.5
vertex 159.5803415703292 -101.99141523465272 0
vertex 159.58559863349416 -101.9380393765998 0
endloop
endfacet
facet normal 0 0 1
outer loop
vertex 159.5993930793933 -101.79798201697791 1.5
vertex 159.58559863349416 -101.9380393765998 0
vertex 159.58562416551553 -101.93778014563632 0
endloop
endfacet
facet normal 0 0 1
outer loop
vertex 159.5993930793933 -101.79798201697791 1.5
vertex 159.58562416551553 -101.93778014563632 0
vertex 159.59939307939652 -101.79798201697805 0
endloop
endfacet
facet normal 0 0 -1
outer loop
vertex 159.57057100000026 -102.09061749998668 1.5
vertex 159.57114892867054 -102.0964853082478 1.5
vertex 159.58631308668254 -102.25044958832851 1.5
endloop
endfacet
facet normal 0 0 -1
outer loop
vertex 159.57057100000026 -102.09061749998668 1.5
vertex 159.58631308668254 -102.25044958832851 1.5
vertex 159.59939307939774 -102.38325298303457 1.5
endloop
endfacet
facet normal 0 0 -1
outer loop
vertex 159.57057100000026 -102.09061749998668 1.5
vertex 159.59939307939774 -102.38325298303457 1.5
vertex 159.59939307939771 -102.38325298303442 0
endloop
endfacet
facet normal 0 0 -1
outer loop
vertex 159.57057100000026 -102.09061749998668 1.5
vertex 159.59939307939771 -102.38325298303442 0
vertex 159.58631308668254 -102.2504495883285 0
endloop
endfacet
facet normal 0 0 -1
outer loop
vertex 159.57057100000026 -102.09061749998668 1.5
vertex 159.58631308668254 -102.2504495883285 0
vertex 159.5711489286705 -102.09648530824782 0
endloop
endfacet
facet normal 0 0 -1
outer loop
vertex 159.57057100000026 -102.09061749998668 1.5
vertex 159.5711489286705 -102.09648530824782 0
vertex 159.57057100000026 -102.09061749998658 0
endloop
endfacet
facet normal 0 0 1
outer loop
vertex 159.59939307939774 -102.38325298303457 1.5
vertex 159.61939943101254 -102.44920508568127 1.5
vertex 159.68475170123122 -102.66464264854338 1.5
endloop
endfacet
facet normal 0 0 1
outer loop
vertex 159.59939307939774 -102.38325298303457 1.5
vertex 159.68475170123122 -102.66464264854338 1.5
vertex 159.68475170123116 -102.66464264854321 0
endloop
endfacet
facet normal 0 0 1
outer loop
vertex 159.59939307939774 -102.38325298303457 1.5
vertex 159.68475170123116 -102.66464264854321 0
vertex 159.6193994310125 -102.44920508568117 0
endloop
endfacet
facet normal 0 0 1
outer loop
vertex 159.59939307939774 -102.38325298303457 1.5
vertex 159.6193994310125 -102.44920508568117 0
vertex 159.59939307939771 -102.38325298303442 0
endloop
endfacet
facet normal 0 0 -1
outer loop
vertex 159.68475170123122 -102.66464264854338 1.5
vertex 159.6969452487185 -102.68745517136495 1.5
vertex 159.82336658154415 -102.92397284952476 1.5
endloop
endfacet
facet normal 0 0 -1
outer loop
vertex 159.68475170123122 -102.66464264854338 1.5
vertex 159.82336658154415 -102.92397284952476 1.5
vertex 159.82336658154418 -102.9239728495248 0
endloop
endfacet
facet normal 0 0 -1
outer loop
vertex 159.68475170123122 -102.66464264854338 1.5
vertex 159.82336658154418 -102.9239728495248 0
vertex 159.6969452487185 -102.68745517136497 0
endloop
endfacet
facet normal 0 0 -1
outer loop
vertex 159.68475170123122 -102.66464264854338 1.5
vertex 159.6969452487185 -102.68745517136497 0
vertex 159.68475170123116 -102.66464264854321 0
endloop
endfacet
facet normal 0 0 1
outer loop
vertex 159.82336658154415 -102.92397284952476 1.5
vertex 159.85199011537125 -102.95885072640789 1.5
vertex 160.0099108282205 -103.15127767177809 1.5
endloop
endfacet
facet normal 0 0 1
outer loop
vertex 159.82336658154415 -102.92397284952476 1.5
vertex 160.0099108282205 -103.15127767177809 1.5
vertex 160.00991082822048 -103.15127767177808 0
endloop
endfacet
facet normal 0 0 1
outer loop
vertex 159.82336658154415 -102.92397284952476 1.5
vertex 160.00991082822048 -103.15127767177808 0
vertex 159.8519901153713 -102.95885072640795 0
endloop
endfacet
facet normal 0 0 1
outer loop
vertex 159.82336658154415 -102.92397284952476 1.5
vertex 159.8519901153713 -102.95885072640795 0
vertex 159.82336658154418 -102.9239728495248 0
endloop
endfacet
facet normal 0 0 1
outer loop
vertex 160.0099108282205 -103.15127767177809 1.5
vertex 160.13770950983732 -103.25615933927686 1.5
vertex 160.23721565047478 -103.33782191845523 1.5
endloop
endfacet
facet normal 0 0 1
outer loop
vertex 160.0099108282205 -103.15127767177809 1.5
vertex 160.23721565047478 -103.33782191845523 1.5
vertex 160.2372156504748 -103.33782191845525 0
endloop
endfacet
facet normal 0 0 1
outer loop
vertex 160.0099108282205 -103.15127767177809 1.5
vertex 160.2372156504748 -103.33782191845525 0
vertex 160.13770950983732 -103.25615933927686 0
endloop
endfacet
facet normal 0 0 1
outer loop
vertex 160.0099108282205 -103.15127767177809 1.5
vertex 160.13770950983732 -103.25615933927686 0
vertex 160.00991082822048 -103.15127767177808 0
endloop
endfacet
facet normal 0.4713967368260137 0.8819212643483465 0
outer loop
vertex 160.23721565047478 -103.33782191845523 1.5
vertex 160.4965458514494 -103.47643679876452 1.5
vertex 160.49654585144935 -103.47643679876451 0
endloop
endfacet
facet normal 0.4713967368260137 0.8819212643483465 0
outer loop
vertex 160.23721565047478 -103.33782191845523 1.5
vertex 160.49654585144935 -103.47643679876451 0
vertex 160.2372156504748 -103.33782191845525 0
endloop
endfacet
facet normal 0.29028467725443347 0.9569403357322178 0
outer loop
vertex 160.4965458514494 -103.47643679876452 1.5
vertex 160.77793551697914 -103.56179542060434 1.5
vertex 160.77793551697914 -103.56179542060434 0
endloop
endfacet
facet normal 0.29028467725443347 0.9569403357322178 0
outer loop
vertex 160.4965458514494 -103.47643679876452 1.5
vertex 160.77793551697914 -103.56179542060434 0
vertex 160.49654585144935 -103.47643679876451 0
endloop
endfacet
facet normal 0 0 1
outer loop
vertex 160.77793551697914 -103.56179542060434 1.5
vertex 160.87604176026196 -103.57145804218337 1.5
vertex 161.0705710000107 -103.59061750000022 1.5
endloop
endfacet
facet normal 0 0 1
outer loop
vertex 160.77793551697914 -103.56179542060434 1.5
vertex 161.0705710000107 -103.59061750000022 1.5
vertex 161.0705710000107 -103.59061750000022 0
endloop
endfacet
facet normal 0 0 1
outer loop
vertex 160.77793551697914 -103.56179542060434 1.5
vertex 161.0705710000107 -103.59061750000022 0
vertex 160.87604176026167 -103.57145804218334 0
endloop
endfacet
facet normal 0 0 1
outer loop
vertex 160.77793551697914 -103.56179542060434 1.5
vertex 160.87604176026167 -103.57145804218334 0
vertex 160.77793551697914 -103.56179542060434 0
endloop
endfacet
facet normal -0.09801714032956006 0.9951847266721969 0
outer loop
vertex 161.0705710000107 -103.59061750000022 1.5
vertex 161.3632064830423 -103.56179542060434 1.5
vertex 161.36320648301623 -103.56179542060434 0
endloop
endfacet
facet normal -0.09801714032956006 0.9951847266721969 0
outer loop
vertex 161.0705710000107 -103.59061750000022 1.5
vertex 161.36320648301623 -103.56179542060434 0
vertex 161.0705710000107 -103.59061750000022 0
endloop
endfacet
facet normal -0.2902846772544479 0.9569403357322133 0
outer loop
vertex 161.3632064830423 -103.56179542060434 1.5
vertex 161.64459614854815 -103.47643679876452 1.5
vertex 161.64459614855696 -103.47643679876451 0
endloop
endfacet
facet normal -0.2902846772544479 0.9569403357322133 0
outer loop
vertex 161.3632064830423 -103.56179542060434 1.5
vertex 161.64459614855696 -103.47643679876451 0
vertex 161.36320648301623 -103.56179542060434 0
endloop
endfacet
facet normal -0.47139673682599736 0.8819212643483552 0
outer loop
vertex 161.64459614854815 -103.47643679876452 1.5
vertex 161.90392634953108 -103.33782191845523 1.5
vertex 161.90392634952036 -103.33782191845525 0
endloop
endfacet
facet normal -0.47139673682599736 0.8819212643483552 0
outer loop
vertex 161.64459614854815 -103.47643679876452 1.5
vertex 161.90392634952036 -103.33782191845525 0
vertex 161.64459614855696 -103.47643679876451 0
endloop
endfacet
facet normal -0.6343932841636518 0.7730104533627319 0
outer loop
vertex 161.90392634953108 -103.33782191845523 1.5
vertex 162.1312311717771 -103.15127767177809 1.5
vertex 162.1312311717812 -103.15127767177808 0
endloop
endfacet
facet normal -0.6343932841636518 0.7730104533627319 0
outer loop
vertex 161.90392634953108 -103.33782191845523 1.5
vertex 162.1312311717812 -103.15127767177808 0
vertex 161.90392634952036 -103.33782191845525 0
endloop
endfacet
facet normal -0.7730104533627769 0.634393284163597 0
outer loop
vertex 162.1312311717771 -103.15127767177809 1.5
vertex 162.3177754184574 -102.92397284952476 1.5
vertex 162.31777541845503 -102.9239728495248 0
endloop
endfacet
facet normal -0.7730104533627769 0.634393284163597 0
outer loop
vertex 162.1312311717771 -103.15127767177809 1.5
vertex 162.31777541845503 -102.9239728495248 0
vertex 162.1312311717812 -103.15127767177808 0
endloop
endfacet
facet normal -0.8819212643483403 0.4713967368260254 0
outer loop
vertex 162.3177754184574 -102.92397284952476 1.5
vertex 162.45639029876898 -102.66464264854338 1.5
vertex 162.45639029876804 -102.66464264854321 0
endloop
endfacet
facet normal -0.8819212643483403 0.4713967368260254 0
outer loop
vertex 162.3177754184574 -102.92397284952476 1.5
vertex 162.45639029876804 -102.66464264854321 0
vertex 162.31777541845503 -102.9239728495248 0
endloop
endfacet
facet normal -0.9569403357322133 0.2902846772544479 0
outer loop
vertex 162.45639029876898 -102.66464264854338 1.5
vertex 162.5417489206027 -102.38325298303457 1.5
vertex 162.5417489206026 -102.38325298303442 0
endloop
endfacet
facet normal -0.9569403357322133 0.2902846772544479 0
outer loop
vertex 162.45639029876898 -102.66464264854338 1.5
vertex 162.5417489206026 -102.38325298303442 0
vertex 162.45639029876804 -102.66464264854321 0
endloop
endfacet
facet normal -0.9951847266721927 0.09801714032960263 0
outer loop
vertex 195.64316502060242 -105.77197498303288 1.5
vertex 195.67198710000005 -105.47933949998352 1.5
vertex 195.67198710000005 -105.47933949998375 0
endloop
endfacet
facet normal -0.9951847266721927 0.09801714032960263 0
outer loop
vertex 195.64316502060242 -105.77197498303288 1.5
vertex 195.67198710000005 -105.47933949998375 0
vertex 195.64316502060242 -105.77197498303273 0
endloop
endfacet
facet normal -0.9951847266721956 -0.09801714032957415 0
outer loop
vertex 195.67198710000005 -105.47933949998352 1.5
vertex 195.64316502060825 -105.1867040169933 1.5
vertex 195.64316502060822 -105.18670401699329 0
endloop
endfacet
facet normal -0.9951847266721956 -0.09801714032957415 0
outer loop
vertex 195.67198710000005 -105.47933949998352 1.5
vertex 195.64316502060822 -105.18670401699329 0
vertex 195.67198710000005 -105.47933949998375 0
endloop
endfacet
facet normal -0.9569403357322133 -0.2902846772544479 0
outer loop
vertex 195.64316502060825 -105.1867040169933 1.5
vertex 195.55780639876653 -104.90531435145735 1.5
vertex 195.55780639876647 -104.90531435145722 0
endloop
endfacet
facet normal -0.9569403357322133 -0.2902846772544479 0
outer loop
vertex 195.64316502060825 -105.1867040169933 1.5
vertex 195.55780639876647 -104.90531435145722 0
vertex 195.64316502060822 -105.18670401699329 0
endloop
endfacet
facet normal -0.8819212643483417 -0.4713967368260224 0
outer loop
vertex 195.55780639876653 -104.90531435145735 1.5
vertex 195.41919151844195 -104.64598415045415 1.5
vertex 195.41919151844198 -104.64598415045415 0
endloop
endfacet
facet normal -0.8819212643483417 -0.4713967368260224 0
outer loop
vertex 195.55780639876653 -104.90531435145735 1.5
vertex 195.41919151844198 -104.64598415045415 0
vertex 195.55780639876647 -104.90531435145722 0
endloop
endfacet
facet normal -0.7730104533627671 -0.6343932841636089 0
outer loop
vertex 195.41919151844195 -104.64598415045415 1.5
vertex 195.23264727178204 -104.41867932822088 1.5
vertex 195.2326472717821 -104.41867932822092 0
endloop
endfacet
facet normal -0.7730104533627671 -0.6343932841636089 0
outer loop
vertex 195.41919151844195 -104.64598415045415 1.5
vertex 195.2326472717821 -104.41867932822092 0
vertex 195.41919151844198 -104.64598415045415 0
endloop
endfacet
facet normal -0.6343932841636286 -0.773010453362751 0
outer loop
vertex 195.23264727178204 -104.41867932822088 1.5
vertex 195.00534244953008 -104.23213508154561 1.5
vertex 195.00534244953005 -104.2321350815456 0
endloop
endfacet
facet normal -0.6343932841636286 -0.773010453362751 0
outer loop
vertex 195.23264727178204 -104.41867932822088 1.5
vertex 195.00534244953005 -104.2321350815456 0
vertex 195.2326472717821 -104.41867932822092 0
endloop
endfacet
facet normal -0.4713967368260025 -0.8819212643483525 0
outer loop
vertex 195.00534244953008 -104.23213508154561 1.5
vertex 194.7460122485541 -104.09352020123559 1.5
vertex 194.74601224855405 -104.09352020123556 0
endloop
endfacet
facet normal -0.4713967368260025 -0.8819212643483525 0
outer loop
vertex 195.00534244953008 -104.23213508154561 1.5
vertex 194.74601224855405 -104.09352020123556 0
vertex 195.00534244953005 -104.2321350815456 0
endloop
endfacet
facet normal -0.2902846772544479 -0.9569403357322133 0
outer loop
vertex 194.7460122485541 -104.09352020123559 1.5
vertex 194.46462258301514 -104.00816157939298 1.5
vertex 194.46462258301517 -104.00816157939298 0
endloop
endfacet
facet normal -0.2902846772544479 -0.9569403357322133 0
outer loop
vertex 194.7460122485541 -104.09352020123559 1.5
vertex 194.46462258301517 -104.00816157939298 0
vertex 194.74601224855405 -104.09352020123556 0
endloop
endfacet
facet normal -0.09801714032955997 -0.9951847266721969 0
outer loop
vertex 194.46462258301514 -104.00816157939298 1.5
vertex 194.17198710000912 -103.97933949999961 1.5
vertex 194.17198710000918 -103.97933949999961 0
endloop
endfacet
facet normal -0.09801714032955997 -0.9951847266721969 0
outer loop
vertex 194.46462258301514 -104.00816157939298 1.5
vertex 194.17198710000918 -103.97933949999961 0
vertex 194.46462258301517 -104.00816157939298 0
endloop
endfacet
facet normal 0.09801714032957415 -0.9951847266721956 0
outer loop
vertex 194.17198710000912 -103.97933949999961 1.5
vertex 193.8793516169714 -104.00816157939298 1.5
vertex 193.8793516170032 -104.00816157939298 0
endloop
endfacet
facet normal 0.09801714032957415 -0.9951847266721956 0
outer loop
vertex 194.17198710000912 -103.97933949999961 1.5
vertex 193.8793516170032 -104.00816157939298 0
vertex 194.17198710000918 -103.97933949999961 0
endloop
endfacet
facet normal 0.2902846772544479 -0.9569403357322133 0
outer loop
vertex 193.8793516169714 -104.00816157939298 1.5
vertex 193.5979619514612 -104.09352020123559 1.5
vertex 193.59796195143466 -104.09352020123556 0
endloop
endfacet
facet normal 0.2902846772544479 -0.9569403357322133 0
outer loop
vertex 193.8793516169714 -104.00816157939298 1.5
vertex 193.59796195143466 -104.09352020123556 0
vertex 193.8793516170032 -104.00816157939298 0
endloop
endfacet
facet normal 0.4713967368259914 -0.8819212643483584 0
outer loop
vertex 193.5979619514612 -104.09352020123559 1.5
vertex 193.33863175045732 -104.23213508154561 1.5
vertex 193.3386317504821 -104.2321350815456 0
endloop
endfacet
facet normal 0.4713967368259914 -0.8819212643483584 0
outer loop
vertex 193.5979619514612 -104.09352020123559 1.5
vertex 193.3386317504821 -104.2321350815456 0
vertex 193.59796195143466 -104.09352020123556 0
endloop
endfacet
facet normal 0.6343932841636518 -0.7730104533627319 0
outer loop
vertex 193.33863175045732 -104.23213508154561 1.5
vertex 193.11132692822375 -104.41867932822088 1.5
vertex 193.11132692821087 -104.41867932822092 0
endloop
endfacet
facet normal 0.6343932841636518 -0.7730104533627319 0
outer loop
vertex 193.33863175045732 -104.23213508154561 1.5
vertex 193.11132692821087 -104.41867932822092 0
vertex 193.3386317504821 -104.2321350815456 0
endloop
endfacet
facet normal 0.7730104533627825 -0.63439328416359 0
outer loop
vertex 193.11132692822375 -104.41867932822088 1.5
vertex 192.9247826815474 -104.64598415045415 1.5
vertex 192.9247826815591 -104.64598415045415 0
endloop
endfacet
facet normal 0.7730104533627825 -0.63439328416359 0
outer loop
vertex 193.11132692822375 -104.41867932822088 1.5
vertex 192.9247826815591 -104.64598415045415 0
vertex 193.11132692821087 -104.41867932822092 0
endloop
endfacet
facet normal 0.8819212643483252 -0.4713967368260534 0
outer loop
vertex 192.9247826815474 -104.64598415045415 1.5
vertex 192.78616780123443 -104.90531435145735 1.5
vertex 192.7861678012305 -104.90531435145722 0
endloop
endfacet
facet normal 0.8819212643483252 -0.4713967368260534 0
outer loop
vertex 192.9247826815474 -104.64598415045415 1.5
vertex 192.7861678012305 -104.90531435145722 0
vertex 192.9247826815591 -104.64598415045415 0
endloop
endfacet
facet normal 0.9569403357322133 -0.2902846772544479 0
outer loop
vertex 192.78616780123443 -104.90531435145735 1.5
vertex 192.7008091793932 -105.1867040169933 1.5
vertex 192.70080917939237 -105.18670401699329 0
endloop
endfacet
facet normal 0.9569403357322133 -0.2902846772544479 0
outer loop
vertex 192.78616780123443 -104.90531435145735 1.5
vertex 192.70080917939237 -105.18670401699329 0
vertex 192.7861678012305 -104.90531435145722 0
endloop
endfacet
facet normal 0.9951847266721957 -0.09801714032957415 0
outer loop
vertex 192.7008091793932 -105.1867040169933 1.5
vertex 192.67198710000028 -105.47933949998352 1.5
vertex 192.6719871000012 -105.47933949998375 0
endloop
endfacet
facet normal 0.9951847266721957 -0.09801714032957415 0
outer loop
vertex 192.7008091793932 -105.1867040169933 1.5
vertex 192.6719871000012 -105.47933949998375 0
vertex 192.70080917939237 -105.18670401699329 0
endloop
endfacet
facet normal 0.9951847266721956 0.09801714032957415 0
outer loop
vertex 192.67198710000028 -105.47933949998352 1.5
vertex 192.70080917939856 -105.77197498303288 1.5
vertex 192.70080917939782 -105.77197498303273 0
endloop
endfacet
facet normal 0.9951847266721956 0.09801714032957415 0
outer loop
vertex 192.67198710000028 -105.47933949998352 1.5
vertex 192.70080917939782 -105.77197498303273 0
vertex 192.6719871000012 -105.47933949998375 0
endloop
endfacet
facet normal 0.9569403357322133 0.2902846772544479 0
outer loop
vertex 192.70080917939856 -105.77197498303288 1.5
vertex 192.78616780122653 -106.05336464853217 1.5
vertex 192.7861678012286 -106.05336464853212 0
endloop
endfacet
facet normal 0.9569403357322133 0.2902846772544479 0
outer loop
vertex 192.70080917939856 -105.77197498303288 1.5
vertex 192.7861678012286 -106.05336464853212 0
vertex 192.70080917939782 -105.77197498303273 0
endloop
endfacet
facet normal 0.881921264348327 0.4713967368260505 0
outer loop
vertex 192.78616780122653 -106.05336464853217 1.5
vertex 192.92478268154383 -106.31269484952176 1.5
vertex 192.9247826815438 -106.31269484952172 0
endloop
endfacet
facet normal 0.881921264348327 0.4713967368260505 0
outer loop
vertex 192.78616780122653 -106.05336464853217 1.5
vertex 192.9247826815438 -106.31269484952172 0
vertex 192.7861678012286 -106.05336464853212 0
endloop
endfacet
facet normal 0.7730104533627572 0.6343932841636208 0
outer loop
vertex 192.92478268154383 -106.31269484952176 1.5
vertex 193.11132692822932 -106.5399996717862 1.5
vertex 193.11132692822935 -106.5399996717862 0
endloop
endfacet
facet normal 0.7730104533627572 0.6343932841636208 0
outer loop
vertex 192.92478268154383 -106.31269484952176 1.5
vertex 193.11132692822935 -106.5399996717862 0
vertex 192.9247826815438 -106.31269484952172 0
endloop
endfacet
facet normal 0.6343932841636286 0.773010453362751 0
outer loop
vertex 193.11132692822932 -106.5399996717862 1.5
vertex 193.33863175047057 -106.72654391845268 1.5
vertex 193.33863175047063 -106.72654391845269 0
endloop
endfacet
facet normal 0.6343932841636286 0.773010453362751 0
outer loop
vertex 193.11132692822932 -106.5399996717862 1.5
vertex 193.33863175047063 -106.72654391845269 0
vertex 193.11132692822935 -106.5399996717862 0
endloop
endfacet
facet normal 0.47139673682600236 0.8819212643483525 0
outer loop
vertex 193.33863175047057 -106.72654391845268 1.5
vertex 193.59796195145967 -106.8651587987697 1.5
vertex 193.5979619514597 -106.86515879876971 0
endloop
endfacet
facet normal 0.47139673682600236 0.8819212643483525 0
outer loop
vertex 193.33863175047057 -106.72654391845268 1.5
vertex 193.5979619514597 -106.86515879876971 0
vertex 193.33863175047063 -106.72654391845269 0
endloop
endfacet
facet normal 0.2902846772544479 0.9569403357322133 0
outer loop
vertex 193.59796195145967 -106.8651587987697 1.5
vertex 193.87935161696694 -106.95051742060271 1.5
vertex 193.87935161696683 -106.95051742060268 0
endloop
endfacet
facet normal 0.2902846772544479 0.9569403357322133 0
outer loop
vertex 193.59796195145967 -106.8651587987697 1.5
vertex 193.87935161696683 -106.95051742060268 0
vertex 193.5979619514597 -106.86515879876971 0
endloop
endfacet
facet normal 0.09801714032956006 0.9951847266721969 0
outer loop
vertex 193.87935161696694 -106.95051742060271 1.5
vertex 194.17198710001193 -106.97933949999991 1.5
vertex 194.1719871000121 -106.97933949999991 0
endloop
endfacet
facet normal 0.09801714032956006 0.9951847266721969 0
outer loop
vertex 193.87935161696694 -106.95051742060271 1.5
vertex 194.1719871000121 -106.97933949999991 0
vertex 193.87935161696683 -106.95051742060268 0
endloop
endfacet
facet normal -0.09801714032956006 0.9951847266721969 0
outer loop
vertex 194.17198710001193 -106.97933949999991 1.5
vertex 194.46462258305698 -106.95051742060271 1.5
vertex 194.46462258301702 -106.95051742060268 0
endloop
endfacet
facet normal -0.09801714032956006 0.9951847266721969 0
outer loop
vertex 194.17198710001193 -106.97933949999991 1.5
vertex 194.46462258301702 -106.95051742060268 0
vertex 194.1719871000121 -106.97933949999991 0
endloop
endfacet
facet normal -0.2902846772544479 0.9569403357322133 0
outer loop
vertex 194.46462258305698 -106.95051742060271 1.5
vertex 194.74601224852768 -106.8651587987697 1.5
vertex 194.74601224855618 -106.86515879876971 0
endloop
endfacet
facet normal -0.2902846772544479 0.9569403357322133 0
outer loop
vertex 194.46462258305698 -106.95051742060271 1.5
vertex 194.74601224855618 -106.86515879876971 0
vertex 194.46462258301702 -106.95051742060268 0
endloop
endfacet
facet normal -0.4713967368259914 0.8819212643483584 0
outer loop
vertex 194.74601224852768 -106.8651587987697 1.5
vertex 195.00534244954184 -106.72654391845268 1.5
vertex 195.00534244951638 -106.72654391845269 0
endloop
endfacet
facet normal -0.4713967368259914 0.8819212643483584 0
outer loop
vertex 194.74601224852768 -106.8651587987697 1.5
vertex 195.00534244951638 -106.72654391845269 0
vertex 194.74601224855618 -106.86515879876971 0
endloop
endfacet
facet normal -0.6343932841636518 0.7730104533627319 0
outer loop
vertex 195.00534244954184 -106.72654391845268 1.5
vertex 195.2326472717622 -106.5399996717862 1.5
vertex 195.2326472717843 -106.5399996717862 0
endloop
endfacet
facet normal -0.6343932841636518 0.7730104533627319 0
outer loop
vertex 195.00534244954184 -106.72654391845268 1.5
vertex 195.2326472717843 -106.5399996717862 0
vertex 195.00534244951638 -106.72654391845269 0
endloop
endfacet
facet normal -0.7730104533627825 0.63439328416359 0
outer loop
vertex 195.2326472717622 -106.5399996717862 1.5
vertex 195.41919151846483 -106.31269484952176 1.5
vertex 195.4191915184544 -106.31269484952172 0
endloop
endfacet
facet normal -0.7730104533627825 0.63439328416359 0
outer loop
vertex 195.2326472717622 -106.5399996717862 1.5
vertex 195.4191915184544 -106.31269484952172 0
vertex 195.2326472717843 -106.5399996717862 0
endloop
endfacet
facet normal -0.8819212643483252 0.4713967368260534 0
outer loop
vertex 195.41919151846483 -106.31269484952176 1.5
vertex 195.55780639877415 -106.05336464853217 1.5
vertex 195.55780639876735 -106.05336464853212 0
endloop
endfacet
facet normal -0.8819212643483252 0.4713967368260534 0
outer loop
vertex 195.41919151846483 -106.31269484952176 1.5
vertex 195.55780639876735 -106.05336464853212 0
vertex 195.4191915184544 -106.31269484952172 0
endloop
endfacet
facet normal -0.9569403357322048 0.29028467725447593 0
outer loop
vertex 195.55780639877415 -106.05336464853217 1.5
vertex 195.64316502060242 -105.77197498303288 1.5
vertex 195.64316502060242 -105.77197498303273 0
endloop
endfacet
facet normal -0.9569403357322048 0.29028467725447593 0
outer loop
vertex 195.55780639877415 -106.05336464853217 1.5
vertex 195.64316502060242 -105.77197498303273 0
vertex 195.55780639876735 -106.05336464853212 0
endloop
endfacet
facet normal 0 0 -1
outer loop
vertex 163.59845363045164 -38.84905690270966 0.5
vertex 164.19875158356828 -39.03115529596388 0.5
vertex 164.75198934566276 -39.326867040631875 0.5
endloop
endfacet
facet normal 0 0 -1
outer loop
vertex 163.59845363045164 -38.84905690270966 0.5
vertex 164.75198934566276 -39.326867040631875 0.5
vertex 165.23690629979703 -39.72482810020312 0.5
endloop
endfacet
facet normal 0 0 -1
outer loop
vertex 163.59845363045164 -38.84905690270966 0.5
vertex 165.23690629979703 -39.72482810020312 0.5
vertex 165.63486735936817 -40.20974505433726 0.5
endloop
endfacet
facet normal 0 0 -1
outer loop
vertex 163.59845363045164 -38.84905690270966 0.5
vertex 165.63486735936817 -40.20974505433726 0.5
vertex 165.93057910403613 -40.76298281643173 0.5
endloop
endfacet
facet normal 0 0 -1
outer loop
vertex 163.59845363045164 -38.84905690270966 0.5
vertex 165.93057910403613 -40.76298281643173 0.5
vertex 166.11267749729032 -41.363280769548346 0.5
endloop
endfacet
facet normal 0 0 -1
outer loop
vertex 163.59845363045164 -38.84905690270966 0.5
vertex 166.11267749729032 -41.363280769548346 0.5
vertex 166.17416459999998 -41.98756979999994 0.5
endloop
endfacet
facet normal 0 0 -1
outer loop
vertex 163.59845363045164 -38.84905690270966 0.5
vertex 166.17416459999998 -41.98756979999994 0.5
vertex 166.11267749729032 -42.61185883045172 0.5
endloop
endfacet
facet normal 0 0 -1
outer loop
vertex 163.59845363045164 -38.84905690270966 0.5
vertex 166.11267749729032 -42.61185883045172 0.5
vertex 165.93057910403624 -43.212156783568 0.5
endloop
endfacet
facet normal 0 0 -1
outer loop
vertex 163.59845363045164 -38.84905690270966 0.5
vertex 165.93057910403624 -43.212156783568 0.5
vertex 165.63486735936806 -43.76539454566284 0.5
endloop
endfacet
facet normal 0 0 -1
outer loop
vertex 163.59845363045164 -38.84905690270966 0.5
vertex 165.63486735936806 -43.76539454566284 0.5
vertex 165.236906299797 -44.2503114997969 0.5
endloop
endfacet
facet normal 0 0 -1
outer loop
vertex 163.59845363045164 -38.84905690270966 0.5
vertex 165.236906299797 -44.2503114997969 0.5
vertex 164.75198934566265 -44.648272559368195 0.5
endloop
endfacet
facet normal 0 0 -1
outer loop
vertex 163.59845363045164 -38.84905690270966 0.5
vertex 164.75198934566265 -44.648272559368195 0.5
vertex 164.1987515835683 -44.943984304036114 0.5
endloop
endfacet
facet normal 0 0 -1
outer loop
vertex 163.59845363045164 -38.84905690270966 0.5
vertex 164.1987515835683 -44.943984304036114 0.5
vertex 163.59845363045162 -45.12608269729034 0.5
endloop
endfacet
facet normal 0 0 -1
outer loop
vertex 163.59845363045164 -38.84905690270966 0.5
vertex 163.59845363045162 -45.12608269729034 0.5
vertex 162.97416459999997 -45.187569800000006 0.5
endloop
endfacet
facet normal 0 0 -1
outer loop
vertex 163.59845363045164 -38.84905690270966 0.5
vertex 162.97416459999997 -45.187569800000006 0.5
vertex 162.34987556954835 -45.12608269729034 0.5
endloop
endfacet
facet normal 0 0 -1
outer loop
vertex 163.59845363045164 -38.84905690270966 0.5
vertex 162.34987556954835 -45.12608269729034 0.5
vertex 161.7495776164318 -44.943984304036114 0.5
endloop
endfacet
facet normal 0 0 -1
outer loop
vertex 163.59845363045164 -38.84905690270966 0.5
vertex 161.7495776164318 -44.943984304036114 0.5
vertex 161.19633985433723 -44.648272559368195 0.5
endloop
endfacet
facet normal 0 0 -1
outer loop
vertex 163.59845363045164 -38.84905690270966 0.5
vertex 161.19633985433723 -44.648272559368195 0.5
vertex 160.7114229002031 -44.2503114997969 0.5
endloop
endfacet
facet normal 0 0 -1
outer loop
vertex 163.59845363045164 -38.84905690270966 0.5
vertex 160.7114229002031 -44.2503114997969 0.5
vertex 160.31346184063193 -43.76539454566284 0.5
endloop
endfacet
facet normal 0 0 -1
outer loop
vertex 163.59845363045164 -38.84905690270966 0.5
vertex 160.31346184063193 -43.76539454566284 0.5
vertex 160.01775009596386 -43.212156783568 0.5
endloop
endfacet
facet normal 0 0 -1
outer loop
vertex 163.59845363045164 -38.84905690270966 0.5
vertex 160.01775009596386 -43.212156783568 0.5
vertex 159.83565170270964 -42.61185883045172 0.5
endloop
endfacet
facet normal 0 0 -1
outer loop
vertex 163.59845363045164 -38.84905690270966 0.5
vertex 159.83565170270964 -42.61185883045172 0.5
vertex 159.77416459999998 -41.98756979999994 0.5
endloop
endfacet
facet normal 0 0 -1
outer loop
vertex 163.59845363045164 -38.84905690270966 0.5
vertex 159.77416459999998 -41.98756979999994 0.5
vertex 159.8356517027096 -41.363280769548346 0.5
endloop
endfacet
facet normal 0 0 -1
outer loop
vertex 163.59845363045164 -38.84905690270966 0.5
vertex 159.8356517027096 -41.363280769548346 0.5
vertex 160.01775009596383 -40.76298281643173 0.5
endloop
endfacet
facet normal 0 0 -1
outer loop
vertex 163.59845363045164 -38.84905690270966 0.5
vertex 160.01775009596383 -40.76298281643173 0.5
vertex 160.313461840632 -40.20974505433726 0.5
endloop
endfacet
facet normal 0 0 -1
outer loop
vertex 163.59845363045164 -38.84905690270966 0.5
vertex 160.313461840632 -40.20974505433726 0.5
vertex 160.71142290020305 -39.72482810020312 0.5
endloop
endfacet
facet normal 0 0 -1
outer loop
vertex 163.59845363045164 -38.84905690270966 0.5
vertex 160.71142290020305 -39.72482810020312 0.5
vertex 161.19633985433734 -39.326867040631875 0.5
endloop
endfacet
facet normal 0 0 -1
outer loop
vertex 163.59845363045164 -38.84905690270966 0.5
vertex 161.19633985433734 -39.326867040631875 0.5
vertex 161.7495776164316 -39.03115529596388 0.5
endloop
endfacet
facet normal 0 0 -1
outer loop
vertex 163.59845363045164 -38.84905690270966 0.5
vertex 161.7495776164316 -39.03115529596388 0.5
vertex 162.34987556954837 -38.84905690270966 0.5
endloop
endfacet
facet normal 0 0 -1
outer loop
vertex 163.59845363045164 -38.84905690270966 0.5
vertex 162.34987556954837 -38.84905690270966 0.5
vertex 162.97416460000002 -38.7875698 0.5
endloop
endfacet
facet normal 0 0 -1
outer loop
vertex 215.59774953045158 -49.35687900270966 0.5
vertex 216.19804748356825 -49.53897739596388 0.5
vertex 216.75128524566279 -49.834689140631895 0.5
endloop
endfacet
facet normal 0 0 -1
outer loop
vertex 215.59774953045158 -49.35687900270966 0.5
vertex 216.75128524566279 -49.834689140631895 0.5
vertex 217.23620219979688 -50.23265020020299 0.5
endloop
endfacet
facet normal 0 0 -1
outer loop
vertex 215.59774953045158 -49.35687900270966 0.5
vertex 217.23620219979688 -50.23265020020299 0.5
vertex 217.6341632593681 -50.71756715433725 0.5
endloop
endfacet
facet normal 0 0 -1
outer loop
vertex 215.59774953045158 -49.35687900270966 0.5
vertex 217.6341632593681 -50.71756715433725 0.5
vertex 217.92987500403612 -51.270804916431814 0.5
endloop
endfacet
facet normal 0 0 -1
outer loop
vertex 215.59774953045158 -49.35687900270966 0.5
vertex 217.92987500403612 -51.270804916431814 0.5
vertex 218.1119733972903 -51.87110286954838 0.5
endloop
endfacet
facet normal 0 0 -1
outer loop
vertex 215.59774953045158 -49.35687900270966 0.5
vertex 218.1119733972903 -51.87110286954838 0.5
vertex 218.17346049999998 -52.49539190000008 0.5
endloop
endfacet
facet normal 0 0 -1
outer loop
vertex 215.59774953045158 -49.35687900270966 0.5
vertex 218.17346049999998 -52.49539190000008 0.5
vertex 218.1119733972903 -53.119680930451615 0.5
endloop
endfacet
facet normal 0 0 -1
outer loop
vertex 215.59774953045158 -49.35687900270966 0.5
vertex 218.1119733972903 -53.119680930451615 0.5
vertex 217.92987500403606 -53.71997888356832 0.5
endloop
endfacet
facet normal 0 0 -1
outer loop
vertex 215.59774953045158 -49.35687900270966 0.5
vertex 217.92987500403606 -53.71997888356832 0.5
vertex 217.63416325936817 -54.27321664566271 0.5
endloop
endfacet
facet normal 0 0 -1
outer loop
vertex 215.59774953045158 -49.35687900270966 0.5
vertex 217.63416325936817 -54.27321664566271 0.5
vertex 217.236202199797 -54.758133599796885 0.5
endloop
endfacet
facet normal 0 0 -1
outer loop
vertex 215.59774953045158 -49.35687900270966 0.5
vertex 217.236202199797 -54.758133599796885 0.5
vertex 216.7512852456626 -55.1560946593682 0.5
endloop
endfacet
facet normal 0 0 -1
outer loop
vertex 215.59774953045158 -49.35687900270966 0.5
vertex 216.7512852456626 -55.1560946593682 0.5
vertex 216.1980474835683 -55.451806404036105 0.5
endloop
endfacet
facet normal 0 0 -1
outer loop
vertex 215.59774953045158 -49.35687900270966 0.5
vertex 216.1980474835683 -55.451806404036105 0.5
vertex 215.59774953045158 -55.63390479729035 0.5
endloop
endfacet
facet normal 0 0 -1
outer loop
vertex 215.59774953045158 -49.35687900270966 0.5
vertex 215.59774953045158 -55.63390479729035 0.5
vertex 214.97346050000002 -55.69539190000001 0.5
endloop
endfacet
facet normal 0 0 -1
outer loop
vertex 215.59774953045158 -49.35687900270966 0.5
vertex 214.97346050000002 -55.69539190000001 0.5
vertex 214.34917146954837 -55.63390479729035 0.5
endloop
endfacet
facet normal 0 0 -1
outer loop
vertex 215.59774953045158 -49.35687900270966 0.5
vertex 214.34917146954837 -55.63390479729035 0.5
vertex 213.74887351643164 -55.451806404036105 0.5
endloop
endfacet
facet normal 0 0 -1
outer loop
vertex 215.59774953045158 -49.35687900270966 0.5
vertex 213.74887351643164 -55.451806404036105 0.5
vertex 213.19563575433742 -55.1560946593682 0.5
endloop
endfacet
facet normal 0 0 -1
outer loop
vertex 215.59774953045158 -49.35687900270966 0.5
vertex 213.19563575433742 -55.1560946593682 0.5
vertex 212.71071880020295 -54.758133599796885 0.5
endloop
endfacet
facet normal 0 0 -1
outer loop
vertex 215.59774953045158 -49.35687900270966 0.5
vertex 212.71071880020295 -54.758133599796885 0.5
vertex 212.3127577406319 -54.27321664566271 0.5
endloop
endfacet
facet normal 0 0 -1
outer loop
vertex 215.59774953045158 -49.35687900270966 0.5
vertex 212.3127577406319 -54.27321664566271 0.5
vertex 212.01704599596388 -53.71997888356832 0.5
endloop
endfacet
facet normal 0 0 -1
outer loop
vertex 215.59774953045158 -49.35687900270966 0.5
vertex 212.01704599596388 -53.71997888356832 0.5
vertex 211.83494760270966 -53.119680930451615 0.5
endloop
endfacet
facet normal 0 0 -1
outer loop
vertex 215.59774953045158 -49.35687900270966 0.5
vertex 211.83494760270966 -53.119680930451615 0.5
vertex 211.7734605 -52.49539190000008 0.5
endloop
endfacet
facet normal 0 0 -1
outer loop
vertex 215.59774953045158 -49.35687900270966 0.5
vertex 211.7734605 -52.49539190000008 0.5
vertex 211.83494760270963 -51.87110286954838 0.5
endloop
endfacet
facet normal 0 0 -1
outer loop
vertex 215.59774953045158 -49.35687900270966 0.5
vertex 211.83494760270963 -51.87110286954838 0.5
vertex 212.01704599596388 -51.270804916431814 0.5
endloop
endfacet
facet normal 0 0 -1
outer loop
vertex 215.59774953045158 -49.35687900270966 0.5
vertex 212.01704599596388 -51.270804916431814 0.5
vertex 212.31275774063187 -50.71756715433725 0.5
endloop
endfacet
facet normal 0 0 -1
outer loop
vertex 215.59774953045158 -49.35687900270966 0.5
vertex 212.31275774063187 -50.71756715433725 0.5
vertex 212.71071880020298 -50.23265020020299 0.5
endloop
endfacet
facet normal 0 0 -1
outer loop
vertex 215.59774953045158 -49.35687900270966 0.5
vertex 212.71071880020298 -50.23265020020299 0.5
vertex 213.19563575433733 -49.834689140631895 0.5
endloop
endfacet
facet normal 0 0 -1
outer loop
vertex 215.59774953045158 -49.35687900270966 0.5
vertex 213.19563575433733 -49.834689140631895 0.5
vertex 213.74887351643162 -49.53897739596388 0.5
endloop
endfacet
facet normal 0 0 -1
outer loop
vertex 215.59774953045158 -49.35687900270966 0.5
vertex 213.74887351643162 -49.53897739596388 0.5
vertex 214.34917146954837 -49.35687900270966 0.5
endloop
endfacet
facet normal 0 0 -1
outer loop
vertex 215.59774953045158 -49.35687900270966 0.5
vertex 214.34917146954837 -49.35687900270966 0.5
vertex 214.9734605 -49.295391900000006 0.5
endloop
endfacet
facet normal 0 0 -1
outer loop
vertex 81.97543793045159 -55.13355470270967 0.5
vertex 82.5757358835683 -55.3156530959639 0.5
vertex 83.12897364566271 -55.611364840631786 0.5
endloop
endfacet
facet normal 0 0 -1
outer loop
vertex 81.97543793045159 -55.13355470270967 0.5
vertex 83.12897364566271 -55.611364840631786 0.5
vertex 83.61389059979693 -56.00932590020309 0.5
endloop
endfacet
facet normal 0 0 -1
outer loop
vertex 81.97543793045159 -55.13355470270967 0.5
vertex 83.61389059979693 -56.00932590020309 0.5
vertex 84.01185165936815 -56.49424285433727 0.5
endloop
endfacet
facet normal 0 0 -1
outer loop
vertex 81.97543793045159 -55.13355470270967 0.5
vertex 84.01185165936815 -56.49424285433727 0.5
vertex 84.3075634040361 -57.047480616431685 0.5
endloop
endfacet
facet normal 0 0 -1
outer loop
vertex 81.97543793045159 -55.13355470270967 0.5
vertex 84.3075634040361 -57.047480616431685 0.5
vertex 84.48966179729034 -57.6477785695484 0.5
endloop
endfacet
facet normal 0 0 -1
outer loop
vertex 81.97543793045159 -55.13355470270967 0.5
vertex 84.48966179729034 -57.6477785695484 0.5
vertex 84.5511489 -58.27206760000007 0.5
endloop
endfacet
facet normal 0 0 -1
outer loop
vertex 81.97543793045159 -55.13355470270967 0.5
vertex 84.5511489 -58.27206760000007 0.5
vertex 84.48966179729035 -58.896356630451585 0.5
endloop
endfacet
facet normal 0 0 -1
outer loop
vertex 81.97543793045159 -55.13355470270967 0.5
vertex 84.48966179729035 -58.896356630451585 0.5
vertex 84.30756340403613 -59.49665458356828 0.5
endloop
endfacet
facet normal 0 0 -1
outer loop
vertex 81.97543793045159 -55.13355470270967 0.5
vertex 84.30756340403613 -59.49665458356828 0.5
vertex 84.01185165936813 -60.04989234566275 0.5
endloop
endfacet
facet normal 0 0 -1
outer loop
vertex 81.97543793045159 -55.13355470270967 0.5
vertex 84.01185165936813 -60.04989234566275 0.5
vertex 83.61389059979693 -60.534809299796976 0.5
endloop
endfacet
facet normal 0 0 -1
outer loop
vertex 81.97543793045159 -55.13355470270967 0.5
vertex 83.61389059979693 -60.534809299796976 0.5
vertex 83.12897364566273 -60.93277035936815 0.5
endloop
endfacet
facet normal 0 0 -1
outer loop
vertex 81.97543793045159 -55.13355470270967 0.5
vertex 83.12897364566273 -60.93277035936815 0.5
vertex 82.5757358835683 -61.228482104036104 0.5
endloop
endfacet
facet normal 0 0 -1
outer loop
vertex 81.97543793045159 -55.13355470270967 0.5
vertex 82.5757358835683 -61.228482104036104 0.5
vertex 81.97543793045159 -61.41058049729033 0.5
endloop
endfacet
facet normal 0 0 -1
outer loop
vertex 81.97543793045159 -55.13355470270967 0.5
vertex 81.97543793045159 -61.41058049729033 0.5
vertex 81.35114889999997 -61.472067599999995 0.5
endloop
endfacet
facet normal 0 0 -1
outer loop
vertex 81.97543793045159 -55.13355470270967 0.5
vertex 81.35114889999997 -61.472067599999995 0.5
vertex 80.72685986954836 -61.41058049729033 0.5
endloop
endfacet
facet normal 0 0 -1
outer loop
vertex 81.97543793045159 -55.13355470270967 0.5
vertex 80.72685986954836 -61.41058049729033 0.5
vertex 80.1265619164317 -61.228482104036104 0.5
endloop
endfacet
facet normal 0 0 -1
outer loop
vertex 81.97543793045159 -55.13355470270967 0.5
vertex 80.1265619164317 -61.228482104036104 0.5
vertex 79.57332415433729 -60.93277035936815 0.5
endloop
endfacet
facet normal 0 0 -1
outer loop
vertex 81.97543793045159 -55.13355470270967 0.5
vertex 79.57332415433729 -60.93277035936815 0.5
vertex 79.08840720020302 -60.534809299796976 0.5
endloop
endfacet
facet normal 0 0 -1
outer loop
vertex 81.97543793045159 -55.13355470270967 0.5
vertex 79.08840720020302 -60.534809299796976 0.5
vertex 78.69044614063186 -60.04989234566275 0.5
endloop
endfacet
facet normal 0 0 -1
outer loop
vertex 81.97543793045159 -55.13355470270967 0.5
vertex 78.69044614063186 -60.04989234566275 0.5
vertex 78.3947343959639 -59.49665458356828 0.5
endloop
endfacet
facet normal 0 0 -1
outer loop
vertex 81.97543793045159 -55.13355470270967 0.5
vertex 78.3947343959639 -59.49665458356828 0.5
vertex 78.21263600270966 -58.896356630451585 0.5
endloop
endfacet
facet normal 0 0 -1
outer loop
vertex 81.97543793045159 -55.13355470270967 0.5
vertex 78.21263600270966 -58.896356630451585 0.5
vertex 78.1511489 -58.27206760000007 0.5
endloop
endfacet
facet normal 0 0 -1
outer loop
vertex 81.97543793045159 -55.13355470270967 0.5
vertex 78.1511489 -58.27206760000007 0.5
vertex 78.21263600270966 -57.6477785695484 0.5
endloop
endfacet
facet normal 0 0 -1
outer loop
vertex 81.97543793045159 -55.13355470270967 0.5
vertex 78.21263600270966 -57.6477785695484 0.5
vertex 78.39473439596388 -57.047480616431685 0.5
endloop
endfacet
facet normal 0 0 -1
outer loop
vertex 81.97543793045159 -55.13355470270967 0.5
vertex 78.39473439596388 -57.047480616431685 0.5
vertex 78.69044614063185 -56.49424285433727 0.5
endloop
endfacet
facet normal 0 0 -1
outer loop
vertex 81.97543793045159 -55.13355470270967 0.5
vertex 78.69044614063185 -56.49424285433727 0.5
vertex 79.08840720020302 -56.00932590020309 0.5
endloop
endfacet
facet normal 0 0 -1
outer loop
vertex 81.97543793045159 -55.13355470270967 0.5
vertex 79.08840720020302 -56.00932590020309 0.5
vertex 79.57332415433737 -55.611364840631786 0.5
endloop
endfacet
facet normal 0 0 -1
outer loop
vertex 81.97543793045159 -55.13355470270967 0.5
vertex 79.57332415433737 -55.611364840631786 0.5
vertex 80.12656191643164 -55.3156530959639 0.5
endloop
endfacet
facet normal 0 0 -1
outer loop
vertex 81.97543793045159 -55.13355470270967 0.5
vertex 80.12656191643164 -55.3156530959639 0.5
vertex 80.72685986954836 -55.13355470270967 0.5
endloop
endfacet
facet normal 0 0 -1
outer loop
vertex 81.97543793045159 -55.13355470270967 0.5
vertex 80.72685986954836 -55.13355470270967 0.5
vertex 81.3511489 -55.0720676 0.5
endloop
endfacet
facet normal 0 0 -1
outer loop
vertex 93.8296108304516 -102.67804520270965 0.5
vertex 94.42990878356821 -102.86014359596382 0.5
vertex 94.9831465456628 -103.15585534063199 0.5
endloop
endfacet
facet normal 0 0 -1
outer loop
vertex 93.8296108304516 -102.67804520270965 0.5
vertex 94.9831465456628 -103.15585534063199 0.5
vertex 95.46806349979693 -103.55381640020303 0.5
endloop
endfacet
facet normal 0 0 -1
outer loop
vertex 93.8296108304516 -102.67804520270965 0.5
vertex 95.46806349979693 -103.55381640020303 0.5
vertex 95.8660245593681 -104.03873335433725 0.5
endloop
endfacet
facet normal 0 0 -1
outer loop
vertex 93.8296108304516 -102.67804520270965 0.5
vertex 95.8660245593681 -104.03873335433725 0.5
vertex 96.16173630403617 -104.59197111643161 0.5
endloop
endfacet
facet normal 0 0 -1
outer loop
vertex 93.8296108304516 -102.67804520270965 0.5
vertex 96.16173630403617 -104.59197111643161 0.5
vertex 96.34383469729036 -105.19226906954844 0.5
endloop
endfacet
facet normal 0 0 -1
outer loop
vertex 93.8296108304516 -102.67804520270965 0.5
vertex 96.34383469729036 -105.19226906954844 0.5
vertex 96.4053218 -105.81655809999982 0.5
endloop
endfacet
facet normal 0 0 -1
outer loop
vertex 93.8296108304516 -102.67804520270965 0.5
vertex 96.4053218 -105.81655809999982 0.5
vertex 96.3438346972903 -106.44084713045169 0.5
endloop
endfacet
facet normal 0 0 -1
outer loop
vertex 93.8296108304516 -102.67804520270965 0.5
vertex 96.3438346972903 -106.44084713045169 0.5
vertex 96.16173630403608 -107.04114508356834 0.5
endloop
endfacet
facet normal 0 0 -1
outer loop
vertex 93.8296108304516 -102.67804520270965 0.5
vertex 96.16173630403608 -107.04114508356834 0.5
vertex 95.86602455936811 -107.59438284566276 0.5
endloop
endfacet
facet normal 0 0 -1
outer loop
vertex 93.8296108304516 -102.67804520270965 0.5
vertex 95.86602455936811 -107.59438284566276 0.5
vertex 95.46806349979693 -108.07929979979696 0.5
endloop
endfacet
facet normal 0 0 -1
outer loop
vertex 93.8296108304516 -102.67804520270965 0.5
vertex 95.46806349979693 -108.07929979979696 0.5
vertex 94.98314654566269 -108.47726085936817 0.5
endloop
endfacet
facet normal 0 0 -1
outer loop
vertex 93.8296108304516 -102.67804520270965 0.5
vertex 94.98314654566269 -108.47726085936817 0.5
vertex 94.42990878356828 -108.77297260403613 0.5
endloop
endfacet
facet normal 0 0 -1
outer loop
vertex 93.8296108304516 -102.67804520270965 0.5
vertex 94.42990878356828 -108.77297260403613 0.5
vertex 93.82961083045164 -108.95507099729033 0.5
endloop
endfacet
facet normal 0 0 -1
outer loop
vertex 93.8296108304516 -102.67804520270965 0.5
vertex 93.82961083045164 -108.95507099729033 0.5
vertex 93.20532179999998 -109.0165581 0.5
endloop
endfacet
facet normal 0 0 -1
outer loop
vertex 93.8296108304516 -102.67804520270965 0.5
vertex 93.20532179999998 -109.0165581 0.5
vertex 92.58103276954834 -108.95507099729033 0.5
endloop
endfacet
facet normal 0 0 -1
outer loop
vertex 93.8296108304516 -102.67804520270965 0.5
vertex 92.58103276954834 -108.95507099729033 0.5
vertex 91.9807348164318 -108.77297260403613 0.5
endloop
endfacet
facet normal 0 0 -1
outer loop
vertex 93.8296108304516 -102.67804520270965 0.5
vertex 91.9807348164318 -108.77297260403613 0.5
vertex 91.42749705433724 -108.47726085936817 0.5
endloop
endfacet
facet normal 0 0 -1
outer loop
vertex 93.8296108304516 -102.67804520270965 0.5
vertex 91.42749705433724 -108.47726085936817 0.5
vertex 90.94258010020302 -108.07929979979696 0.5
endloop
endfacet
facet normal 0 0 -1
outer loop
vertex 93.8296108304516 -102.67804520270965 0.5
vertex 90.94258010020302 -108.07929979979696 0.5
vertex 90.54461904063183 -107.59438284566276 0.5
endloop
endfacet
facet normal 0 0 -1
outer loop
vertex 93.8296108304516 -102.67804520270965 0.5
vertex 90.54461904063183 -107.59438284566276 0.5
vertex 90.24890729596389 -107.04114508356834 0.5
endloop
endfacet
facet normal 0 0 -1
outer loop
vertex 93.8296108304516 -102.67804520270965 0.5
vertex 90.24890729596389 -107.04114508356834 0.5
vertex 90.06680890270965 -106.44084713045169 0.5
endloop
endfacet
facet normal 0 0 -1
outer loop
vertex 93.8296108304516 -102.67804520270965 0.5
vertex 90.06680890270965 -106.44084713045169 0.5
vertex 90.00532179999999 -105.81655809999982 0.5
endloop
endfacet
facet normal 0 0 -1
outer loop
vertex 93.8296108304516 -102.67804520270965 0.5
vertex 90.00532179999999 -105.81655809999982 0.5
vertex 90.06680890270967 -105.19226906954844 0.5
endloop
endfacet
facet normal 0 0 -1
outer loop
vertex 93.8296108304516 -102.67804520270965 0.5
vertex 90.06680890270967 -105.19226906954844 0.5
vertex 90.2489072959639 -104.59197111643161 0.5
endloop
endfacet
facet normal 0 0 -1
outer loop
vertex 93.8296108304516 -102.67804520270965 0.5
vertex 90.2489072959639 -104.59197111643161 0.5
vertex 90.54461904063183 -104.03873335433725 0.5
endloop
endfacet
facet normal 0 0 -1
outer loop
vertex 93.8296108304516 -102.67804520270965 0.5
vertex 90.54461904063183 -104.03873335433725 0.5
vertex 90.94258010020303 -103.55381640020303 0.5
endloop
endfacet
facet normal 0 0 -1
outer loop
vertex 93.8296108304516 -102.67804520270965 0.5
vertex 90.94258010020303 -103.55381640020303 0.5
vertex 91.42749705433707 -103.15585534063199 0.5
endloop
endfacet
facet normal 0 0 -1
outer loop
vertex 93.8296108304516 -102.67804520270965 0.5
vertex 91.42749705433707 -103.15585534063199 0.5
vertex 91.98073481643188 -102.86014359596382 0.5
endloop
endfacet
facet normal 0 0 -1
outer loop
vertex 93.8296108304516 -102.67804520270965 0.5
vertex 91.98073481643188 -102.86014359596382 0.5
vertex 92.58103276954839 -102.67804520270965 0.5
endloop
endfacet
facet normal 0 0 -1
outer loop
vertex 93.8296108304516 -102.67804520270965 0.5
vertex 92.58103276954839 -102.67804520270965 0.5
vertex 93.20532179999996 -102.61655809999999 0.5
endloop
endfacet
facet normal 0 0 -1
outer loop
vertex 139.1480686304517 -117.25608270270965 0.5
vertex 139.74836658356824 -117.43818109596388 0.5
vertex 140.30160434566267 -117.73389284063184 0.5
endloop
endfacet
facet normal 0 0 -1
outer loop
vertex 139.1480686304517 -117.25608270270965 0.5
vertex 140.30160434566267 -117.73389284063184 0.5
vertex 140.786521299797 -118.13185390020303 0.5
endloop
endfacet
facet normal 0 0 -1
outer loop
vertex 139.1480686304517 -117.25608270270965 0.5
vertex 140.786521299797 -118.13185390020303 0.5
vertex 141.1844823593681 -118.61677085433726 0.5
endloop
endfacet
facet normal 0 0 -1
outer loop
vertex 139.1480686304517 -117.25608270270965 0.5
vertex 141.1844823593681 -118.61677085433726 0.5
vertex 141.4801941040362 -119.17000861643167 0.5
endloop
endfacet
facet normal 0 0 -1
outer loop
vertex 139.1480686304517 -117.25608270270965 0.5
vertex 141.4801941040362 -119.17000861643167 0.5
vertex 141.66229249729034 -119.77030656954858 0.5
endloop
endfacet
facet normal 0 0 -1
outer loop
vertex 139.1480686304517 -117.25608270270965 0.5
vertex 141.66229249729034 -119.77030656954858 0.5
vertex 141.7237796 -120.39459559999997 0.5
endloop
endfacet
facet normal 0 0 -1
outer loop
vertex 139.1480686304517 -117.25608270270965 0.5
vertex 141.7237796 -120.39459559999997 0.5
vertex 141.66229249729034 -121.01888463045154 0.5
endloop
endfacet
facet normal 0 0 -1
outer loop
vertex 139.1480686304517 -117.25608270270965 0.5
vertex 141.66229249729034 -121.01888463045154 0.5
vertex 141.4801941040362 -121.6191825835683 0.5
endloop
endfacet
facet normal 0 0 -1
outer loop
vertex 139.1480686304517 -117.25608270270965 0.5
vertex 141.4801941040362 -121.6191825835683 0.5
vertex 141.18448235936802 -122.17242034566294 0.5
endloop
endfacet
facet normal 0 0 -1
outer loop
vertex 139.1480686304517 -117.25608270270965 0.5
vertex 141.18448235936802 -122.17242034566294 0.5
vertex 140.786521299797 -122.65733729979695 0.5
endloop
endfacet
facet normal 0 0 -1
outer loop
vertex 139.1480686304517 -117.25608270270965 0.5
vertex 140.786521299797 -122.65733729979695 0.5
vertex 140.30160434566278 -123.05529835936812 0.5
endloop
endfacet
facet normal 0 0 -1
outer loop
vertex 139.1480686304517 -117.25608270270965 0.5
vertex 140.30160434566278 -123.05529835936812 0.5
vertex 139.74836658356818 -123.35101010403618 0.5
endloop
endfacet
facet normal 0 0 -1
outer loop
vertex 139.1480686304517 -117.25608270270965 0.5
vertex 139.74836658356818 -123.35101010403618 0.5
vertex 139.14806863045175 -123.53310849729033 0.5
endloop
endfacet
facet normal 0 0 -1
outer loop
vertex 139.1480686304517 -117.25608270270965 0.5
vertex 139.14806863045175 -123.53310849729033 0.5
vertex 138.52377960000004 -123.5945956 0.5
endloop
endfacet
facet normal 0 0 -1
outer loop
vertex 139.1480686304517 -117.25608270270965 0.5
vertex 138.52377960000004 -123.5945956 0.5
vertex 137.89949056954836 -123.53310849729033 0.5
endloop
endfacet
facet normal 0 0 -1
outer loop
vertex 139.1480686304517 -117.25608270270965 0.5
vertex 137.89949056954836 -123.53310849729033 0.5
vertex 137.2991926164317 -123.35101010403618 0.5
endloop
endfacet
facet normal 0 0 -1
outer loop
vertex 139.1480686304517 -117.25608270270965 0.5
vertex 137.2991926164317 -123.35101010403618 0.5
vertex 136.74595485433727 -123.05529835936812 0.5
endloop
endfacet
facet normal 0 0 -1
outer loop
vertex 139.1480686304517 -117.25608270270965 0.5
vertex 136.74595485433727 -123.05529835936812 0.5
vertex 136.26103790020304 -122.65733729979695 0.5
endloop
endfacet
facet normal 0 0 -1
outer loop
vertex 139.1480686304517 -117.25608270270965 0.5
vertex 136.26103790020304 -122.65733729979695 0.5
vertex 135.86307684063186 -122.17242034566294 0.5
endloop
endfacet
facet normal 0 0 -1
outer loop
vertex 139.1480686304517 -117.25608270270965 0.5
vertex 135.86307684063186 -122.17242034566294 0.5
vertex 135.5673650959639 -121.6191825835683 0.5
endloop
endfacet
facet normal 0 0 -1
outer loop
vertex 139.1480686304517 -117.25608270270965 0.5
vertex 135.5673650959639 -121.6191825835683 0.5
vertex 135.38526670270969 -121.01888463045154 0.5
endloop
endfacet
facet normal 0 0 -1
outer loop
vertex 139.1480686304517 -117.25608270270965 0.5
vertex 135.38526670270969 -121.01888463045154 0.5
vertex 135.32377960000002 -120.39459559999997 0.5
endloop
endfacet
facet normal 0 0 -1
outer loop
vertex 139.1480686304517 -117.25608270270965 0.5
vertex 135.32377960000002 -120.39459559999997 0.5
vertex 135.38526670270966 -119.77030656954858 0.5
endloop
endfacet
facet normal 0 0 -1
outer loop
vertex 139.1480686304517 -117.25608270270965 0.5
vertex 135.38526670270966 -119.77030656954858 0.5
vertex 135.56736509596394 -119.17000861643167 0.5
endloop
endfacet
facet normal 0 0 -1
outer loop
vertex 139.1480686304517 -117.25608270270965 0.5
vertex 135.56736509596394 -119.17000861643167 0.5
vertex 135.86307684063186 -118.61677085433726 0.5
endloop
endfacet
facet normal 0 0 -1
outer loop
vertex 139.1480686304517 -117.25608270270965 0.5
vertex 135.86307684063186 -118.61677085433726 0.5
vertex 136.2610379002031 -118.13185390020303 0.5
endloop
endfacet
facet normal 0 0 -1
outer loop
vertex 139.1480686304517 -117.25608270270965 0.5
vertex 136.2610379002031 -118.13185390020303 0.5
vertex 136.7459548543373 -117.73389284063184 0.5
endloop
endfacet
facet normal 0 0 -1
outer loop
vertex 139.1480686304517 -117.25608270270965 0.5
vertex 136.7459548543373 -117.73389284063184 0.5
vertex 137.29919261643172 -117.43818109596388 0.5
endloop
endfacet
facet normal 0 0 -1
outer loop
vertex 139.1480686304517 -117.25608270270965 0.5
vertex 137.29919261643172 -117.43818109596388 0.5
vertex 137.89949056954842 -117.25608270270965 0.5
endloop
endfacet
facet normal 0 0 -1
outer loop
vertex 139.1480686304517 -117.25608270270965 0.5
vertex 137.89949056954842 -117.25608270270965 0.5
vertex 138.52377959999987 -117.1945956 0.5
endloop
endfacet
facet normal 0 0 -1
outer loop
vertex 212.44343063045162 -124.17591910270963 0.5
vertex 213.04372858356828 -124.35801749596388 0.5
vertex 213.59696634566276 -124.65372924063186 0.5
endloop
endfacet
facet normal 0 0 -1
outer loop
vertex 212.44343063045162 -124.17591910270963 0.5
vertex 213.59696634566276 -124.65372924063186 0.5
vertex 214.0818832997969 -125.05169030020302 0.5
endloop
endfacet
facet normal 0 0 -1
outer loop
vertex 212.44343063045162 -124.17591910270963 0.5
vertex 214.0818832997969 -125.05169030020302 0.5
vertex 214.47984435936812 -125.53660725433726 0.5
endloop
endfacet
facet normal 0 0 -1
outer loop
vertex 212.44343063045162 -124.17591910270963 0.5
vertex 214.47984435936812 -125.53660725433726 0.5
vertex 214.77555610403604 -126.08984501643164 0.5
endloop
endfacet
facet normal 0 0 -1
outer loop
vertex 212.44343063045162 -124.17591910270963 0.5
vertex 214.77555610403604 -126.08984501643164 0.5
vertex 214.95765449729032 -126.69014296954848 0.5
endloop
endfacet
facet normal 0 0 -1
outer loop
vertex 212.44343063045162 -124.17591910270963 0.5
vertex 214.95765449729032 -126.69014296954848 0.5
vertex 215.01914159999998 -127.31443200000001 0.5
endloop
endfacet
facet normal 0 0 -1
outer loop
vertex 212.44343063045162 -124.17591910270963 0.5
vertex 215.01914159999998 -127.31443200000001 0.5
vertex 214.95765449729032 -127.93872103045155 0.5
endloop
endfacet
facet normal 0 0 -1
outer loop
vertex 212.44343063045162 -124.17591910270963 0.5
vertex 214.95765449729032 -127.93872103045155 0.5
vertex 214.77555610403613 -128.53901898356824 0.5
endloop
endfacet
facet normal 0 0 -1
outer loop
vertex 212.44343063045162 -124.17591910270963 0.5
vertex 214.77555610403613 -128.53901898356824 0.5
vertex 214.4798443593681 -129.09225674566278 0.5
endloop
endfacet
facet normal 0 0 -1
outer loop
vertex 212.44343063045162 -124.17591910270963 0.5
vertex 214.4798443593681 -129.09225674566278 0.5
vertex 214.08188329979694 -129.577173699797 0.5
endloop
endfacet
facet normal 0 0 -1
outer loop
vertex 212.44343063045162 -124.17591910270963 0.5
vertex 214.08188329979694 -129.577173699797 0.5
vertex 213.5969663456628 -129.97513475936807 0.5
endloop
endfacet
facet normal 0 0 -1
outer loop
vertex 212.44343063045162 -124.17591910270963 0.5
vertex 213.5969663456628 -129.97513475936807 0.5
vertex 213.04372858356828 -130.2708465040361 0.5
endloop
endfacet
facet normal 0 0 -1
outer loop
vertex 212.44343063045162 -124.17591910270963 0.5
vertex 213.04372858356828 -130.2708465040361 0.5
vertex 212.44343063045147 -130.45294489729037 0.5
endloop
endfacet
facet normal 0 0 -1
outer loop
vertex 212.44343063045162 -124.17591910270963 0.5
vertex 212.44343063045147 -130.45294489729037 0.5
vertex 211.81914160000008 -130.514432 0.5
endloop
endfacet
facet normal 0 0 -1
outer loop
vertex 212.44343063045162 -124.17591910270963 0.5
vertex 211.81914160000008 -130.514432 0.5
vertex 211.19485256954832 -130.45294489729037 0.5
endloop
endfacet
facet normal 0 0 -1
outer loop
vertex 212.44343063045162 -124.17591910270963 0.5
vertex 211.19485256954832 -130.45294489729037 0.5
vertex 210.59455461643182 -130.2708465040361 0.5
endloop
endfacet
facet normal 0 0 -1
outer loop
vertex 212.44343063045162 -124.17591910270963 0.5
vertex 210.59455461643182 -130.2708465040361 0.5
vertex 210.04131685433717 -129.97513475936807 0.5
endloop
endfacet
facet normal 0 0 -1
outer loop
vertex 212.44343063045162 -124.17591910270963 0.5
vertex 210.04131685433717 -129.97513475936807 0.5
vertex 209.55639990020302 -129.577173699797 0.5
endloop
endfacet
facet normal 0 0 -1
outer loop
vertex 212.44343063045162 -124.17591910270963 0.5
vertex 209.55639990020302 -129.577173699797 0.5
vertex 209.15843884063185 -129.09225674566278 0.5
endloop
endfacet
facet normal 0 0 -1
outer loop
vertex 212.44343063045162 -124.17591910270963 0.5
vertex 209.15843884063185 -129.09225674566278 0.5
vertex 208.86272709596392 -128.53901898356824 0.5
endloop
endfacet
facet normal 0 0 -1
outer loop
vertex 212.44343063045162 -124.17591910270963 0.5
vertex 208.86272709596392 -128.53901898356824 0.5
vertex 208.68062870270967 -127.93872103045155 0.5
endloop
endfacet
facet normal 0 0 -1
outer loop
vertex 212.44343063045162 -124.17591910270963 0.5
vertex 208.68062870270967 -127.93872103045155 0.5
vertex 208.61914159999998 -127.31443200000001 0.5
endloop
endfacet
facet normal 0 0 -1
outer loop
vertex 212.44343063045162 -124.17591910270963 0.5
vertex 208.61914159999998 -127.31443200000001 0.5
vertex 208.68062870270958 -126.69014296954848 0.5
endloop
endfacet
facet normal 0 0 -1
outer loop
vertex 212.44343063045162 -124.17591910270963 0.5
vertex 208.68062870270958 -126.69014296954848 0.5
vertex 208.86272709596398 -126.08984501643164 0.5
endloop
endfacet
facet normal 0 0 -1
outer loop
vertex 212.44343063045162 -124.17591910270963 0.5
vertex 208.86272709596398 -126.08984501643164 0.5
vertex 209.1584388406318 -125.53660725433726 0.5
endloop
endfacet
facet normal 0 0 -1
outer loop
vertex 212.44343063045162 -124.17591910270963 0.5
vertex 209.1584388406318 -125.53660725433726 0.5
vertex 209.5563999002031 -125.05169030020302 0.5
endloop
endfacet
facet normal 0 0 -1
outer loop
vertex 212.44343063045162 -124.17591910270963 0.5
vertex 209.5563999002031 -125.05169030020302 0.5
vertex 210.04131685433725 -124.65372924063186 0.5
endloop
endfacet
facet normal 0 0 -1
outer loop
vertex 212.44343063045162 -124.17591910270963 0.5
vertex 210.04131685433725 -124.65372924063186 0.5
vertex 210.5945546164317 -124.35801749596388 0.5
endloop
endfacet
facet normal 0 0 -1
outer loop
vertex 212.44343063045162 -124.17591910270963 0.5
vertex 210.5945546164317 -124.35801749596388 0.5
vertex 211.19485256954852 -124.17591910270963 0.5
endloop
endfacet
facet normal 0 0 -1
outer loop
vertex 212.44343063045162 -124.17591910270963 0.5
vertex 211.19485256954852 -124.17591910270963 0.5
vertex 211.81914159999994 -124.114432 0.5
endloop
endfacet
facet normal -0.9951847266721976 0.0980171403295532 2.705606902000344e-14
outer loop
vertex 84.48966179729035 -58.896356630451585 0.5
vertex 84.5511489 -58.27206760000007 0.5
vertex 84.5511488999997 -58.27206760000296 0
endloop
endfacet
facet normal -0.9951847266721976 0.0980171403295532 2.705606902000344e-14
outer loop
vertex 84.48966179729035 -58.896356630451585 0.5
vertex 84.5511488999997 -58.27206760000296 0
vertex 84.54829066465447 -58.30108775047099 0
endloop
endfacet
facet normal -0.9951847266721976 0.0980171403295532 2.705606902000344e-14
outer loop
vertex 84.48966179729035 -58.896356630451585 0.5
vertex 84.54829066465447 -58.30108775047099 0
vertex 84.52274886922709 -58.560417951450795 0
endloop
endfacet
facet normal -0.9951847266721976 0.0980171403295532 2.705606902000344e-14
outer loop
vertex 84.48966179729035 -58.896356630451585 0.5
vertex 84.52274886922709 -58.560417951450795 0
vertex 84.49503440617904 -58.8418076169785 0
endloop
endfacet
facet normal -0.9951847266721976 0.0980171403295532 2.705606902000344e-14
outer loop
vertex 84.48966179729035 -58.896356630451585 0.5
vertex 84.49503440617904 -58.8418076169785 0
vertex 84.4896617972907 -58.896356630447954 0
endloop
endfacet
facet normal -0.9951847266721977 -0.09801714032955133 1.2081873241120834e-12
outer loop
vertex 84.5511489 -58.27206760000007 0.5
vertex 84.48966179729034 -57.6477785695484 0.5
vertex 84.48966179728967 -57.64777856954778 0
endloop
endfacet
facet normal -0.9951847266721977 -0.09801714032955133 1.2081873241120834e-12
outer loop
vertex 84.5511489 -58.27206760000007 0.5
vertex 84.48966179728967 -57.64777856954778 0
vertex 84.49118709522676 -57.66326517939488 0
endloop
endfacet
facet normal -0.9951847266721977 -0.09801714032955133 1.2081873241120834e-12
outer loop
vertex 84.5511489 -58.27206760000007 0.5
vertex 84.49118709522676 -57.66326517939488 0
vertex 84.49959418568048 -57.74862380123557 0
endloop
endfacet
facet normal -0.9951847266721977 -0.09801714032955133 1.2081873241120834e-12
outer loop
vertex 84.5511489 -58.27206760000007 0.5
vertex 84.49959418568048 -57.74862380123557 0
vertex 84.51324655976762 -57.88723868153754 0
endloop
endfacet
facet normal -0.9951847266721977 -0.09801714032955133 1.2081873241120834e-12
outer loop
vertex 84.5511489 -58.27206760000007 0.5
vertex 84.51324655976762 -57.88723868153754 0
vertex 84.5316195644119 -58.073782928223224 0
endloop
endfacet
facet normal -0.9951847266721977 -0.09801714032955133 1.2081873241120834e-12
outer loop
vertex 84.5511489 -58.27206760000007 0.5
vertex 84.5316195644119 -58.073782928223224 0
vertex 84.5511488999997 -58.27206760000296 0
endloop
endfacet
facet normal -0.9569403357322068 -0.29028467725446905 9.21233709019406e-13
outer loop
vertex 84.48966179729034 -57.6477785695484 0.5
vertex 84.3075634040361 -57.047480616431685 0.5
vertex 84.30756340403468 -57.04748061642859 0
endloop
endfacet
facet normal -0.9569403357322068 -0.29028467725446905 9.21233709019406e-13
outer loop
vertex 84.48966179729034 -57.6477785695484 0.5
vertex 84.30756340403468 -57.04748061642859 0
vertex 84.485616526828 -57.63444309999994 0
endloop
endfacet
facet normal -0.9569403357322068 -0.29028467725446905 9.21233709019406e-13
outer loop
vertex 84.48966179729034 -57.6477785695484 0.5
vertex 84.485616526828 -57.63444309999994 0
vertex 84.48966179728967 -57.64777856954778 0
endloop
endfacet
facet normal -0.8819212643483567 -0.47139673682599437 0
outer loop
vertex 84.3075634040361 -57.047480616431685 0.5
vertex 84.01185165936815 -56.49424285433727 0.5
vertex 84.0118516593692 -56.494242854338815 0
endloop
endfacet
facet normal -0.8819212643483567 -0.47139673682599437 0
outer loop
vertex 84.3075634040361 -57.047480616431685 0.5
vertex 84.0118516593692 -56.494242854338815 0
vertex 84.30756340403468 -57.04748061642859 0
endloop
endfacet
facet normal -0.7730104533627444 -0.6343932841636364 0
outer loop
vertex 84.01185165936815 -56.49424285433727 0.5
vertex 83.61389059979693 -56.00932590020309 0.5
vertex 83.61389059979706 -56.009325900203415 0
endloop
endfacet
facet normal -0.7730104533627444 -0.6343932841636364 0
outer loop
vertex 84.01185165936815 -56.49424285433727 0.5
vertex 83.61389059979706 -56.009325900203415 0
vertex 84.0118516593692 -56.494242854338815 0
endloop
endfacet
facet normal -0.6343932841637523 -0.7730104533626493 4.915665197255279e-13
outer loop
vertex 83.61389059979693 -56.00932590020309 0.5
vertex 83.12897364566271 -55.611364840631786 0.5
vertex 83.12897364565359 -55.61136484062462 0
endloop
endfacet
facet normal -0.6343932841637523 -0.7730104533626493 4.915665197255279e-13
outer loop
vertex 83.61389059979693 -56.00932590020309 0.5
vertex 83.12897364565359 -55.61136484062462 0
vertex 83.15643866231639 -55.63390479728953 0
endloop
endfacet
facet normal -0.6343932841637523 -0.7730104533626493 4.915665197255279e-13
outer loop
vertex 83.61389059979693 -56.00932590020309 0.5
vertex 83.15643866231639 -55.63390479728953 0
vertex 83.23136091374703 -55.6953918999998 0
endloop
endfacet
facet normal -0.6343932841637523 -0.7730104533626493 4.915665197255279e-13
outer loop
vertex 83.61389059979693 -56.00932590020309 0.5
vertex 83.23136091374703 -55.6953918999998 0
vertex 83.61389059979706 -56.009325900203415 0
endloop
endfacet
facet normal -0.47139673682590566 -0.8819212643484043 -4.1859698738256125e-12
outer loop
vertex 83.12897364566271 -55.611364840631786 0.5
vertex 82.5757358835683 -55.3156530959639 0.5
vertex 82.57573588357756 -55.31565309596648 0
endloop
endfacet
facet normal -0.47139673682590566 -0.8819212643484043 -4.1859698738256125e-12
outer loop
vertex 83.12897364566271 -55.611364840631786 0.5
vertex 82.57573588357756 -55.31565309596648 0
vertex 82.83046080680406 -55.45180640403525 0
endloop
endfacet
facet normal -0.47139673682590566 -0.8819212643484043 -4.1859698738256125e-12
outer loop
vertex 83.12897364566271 -55.611364840631786 0.5
vertex 82.83046080680406 -55.45180640403525 0
vertex 83.12897364565359 -55.61136484062462 0
endloop
endfacet
facet normal -0.29028467725447216 -0.9569403357322058 -4.267469921469798e-13
outer loop
vertex 82.5757358835683 -55.3156530959639 0.5
vertex 81.97543793045159 -55.13355470270967 0.5
vertex 81.97543793045197 -55.13355470270956 0
endloop
endfacet
facet normal -0.29028467725447216 -0.9569403357322058 -4.267469921469798e-13
outer loop
vertex 82.5757358835683 -55.3156530959639 0.5
vertex 81.97543793045197 -55.13355470270956 0
vertex 82.04974220963959 -55.15609465937896 0
endloop
endfacet
facet normal -0.29028467725447216 -0.9569403357322058 -4.267469921469798e-13
outer loop
vertex 82.5757358835683 -55.3156530959639 0.5
vertex 82.04974220963959 -55.15609465937896 0
vertex 82.57573588357756 -55.31565309596648 0
endloop
endfacet
facet normal -0.09801714032955997 -0.9951847266721969 0
outer loop
vertex 81.97543793045159 -55.13355470270967 0.5
vertex 81.3511489 -55.0720676 0.5
vertex 81.3511489000012 -55.07206759999998 0
endloop
endfacet
facet normal -0.09801714032955997 -0.9951847266721969 0
outer loop
vertex 81.97543793045159 -55.13355470270967 0.5
vertex 81.3511489000012 -55.07206759999998 0
vertex 81.97543793045197 -55.13355470270956 0
endloop
endfacet
facet normal 0.09801714032955997 -0.9951847266721969 0
outer loop
vertex 81.3511489 -55.0720676 0.5
vertex 80.72685986954836 -55.13355470270967 0.5
vertex 80.72685986955045 -55.13355470270956 0
endloop
endfacet
facet normal 0.09801714032955997 -0.9951847266721969 0
outer loop
vertex 81.3511489 -55.0720676 0.5
vertex 80.72685986955045 -55.13355470270956 0
vertex 81.3511489000012 -55.07206759999998 0
endloop
endfacet
facet normal 0.2902846772544619 -0.956940335732209 0
outer loop
vertex 80.72685986954836 -55.13355470270967 0.5
vertex 80.12656191643164 -55.3156530959639 0.5
vertex 80.12656191642309 -55.31565309596648 0
endloop
endfacet
facet normal 0.2902846772544619 -0.956940335732209 0
outer loop
vertex 80.72685986954836 -55.13355470270967 0.5
vertex 80.12656191642309 -55.31565309596648 0
vertex 80.72685986955045 -55.13355470270956 0
endloop
endfacet
facet normal 0.4713967368259944 -0.8819212643483568 0
outer loop
vertex 80.12656191643164 -55.3156530959639 0.5
vertex 79.57332415433737 -55.611364840631786 0.5
vertex 79.57332415435599 -55.61136484062462 0
endloop
endfacet
facet normal 0.4713967368259944 -0.8819212643483568 0
outer loop
vertex 80.12656191643164 -55.3156530959639 0.5
vertex 79.57332415435599 -55.61136484062462 0
vertex 80.12656191642309 -55.31565309596648 0
endloop
endfacet
facet normal 0.6343932841636484 -0.7730104533627346 0
outer loop
vertex 79.57332415433737 -55.611364840631786 0.5
vertex 79.08840720020302 -56.00932590020309 0.5
vertex 79.08840720019465 -56.009325900203415 0
endloop
endfacet
facet normal 0.6343932841636484 -0.7730104533627346 0
outer loop
vertex 79.57332415433737 -55.611364840631786 0.5
vertex 79.08840720019465 -56.009325900203415 0
vertex 79.57332415435599 -55.61136484062462 0
endloop
endfacet
facet normal 0.7730104533627319 -0.6343932841636518 0
outer loop
vertex 79.08840720020302 -56.00932590020309 0.5
vertex 78.69044614063185 -56.49424285433727 0.5
vertex 78.69044614063054 -56.494242854338815 0
endloop
endfacet
facet normal 0.7730104533627319 -0.6343932841636518 0
outer loop
vertex 79.08840720020302 -56.00932590020309 0.5
vertex 78.69044614063054 -56.494242854338815 0
vertex 79.08840720019465 -56.009325900203415 0
endloop
endfacet
facet normal 0.8819212643483567 -0.47139673682599437 0
outer loop
vertex 78.69044614063185 -56.49424285433727 0.5
vertex 78.39473439596388 -57.047480616431685 0.5
vertex 78.39473439596597 -57.04748061642859 0
endloop
endfacet
facet normal 0.8819212643483567 -0.47139673682599437 0
outer loop
vertex 78.69044614063185 -56.49424285433727 0.5
vertex 78.39473439596597 -57.04748061642859 0
vertex 78.69044614063054 -56.494242854338815 0
endloop
endfacet
facet normal 0.956940335732209 -0.2902846772544619 0
outer loop
vertex 78.39473439596388 -57.047480616431685 0.5
vertex 78.21263600270966 -57.6477785695484 0.5
vertex 78.21263600270996 -57.64777856954778 0
endloop
endfacet
facet normal 0.956940335732209 -0.2902846772544619 0
outer loop
vertex 78.39473439596388 -57.047480616431685 0.5
vertex 78.21263600270996 -57.64777856954778 0
vertex 78.39473439596597 -57.04748061642859 0
endloop
endfacet
facet normal 0.9951847266721969 -0.09801714032955998 0
outer loop
vertex 78.21263600270966 -57.6477785695484 0.5
vertex 78.1511489 -58.27206760000007 0.5
vertex 78.15114889999968 -58.27206760000296 0
endloop
endfacet
facet normal 0.9951847266721969 -0.09801714032955998 0
outer loop
vertex 78.21263600270966 -57.6477785695484 0.5
vertex 78.15114889999968 -58.27206760000296 0
vertex 78.21263600270996 -57.64777856954778 0
endloop
endfacet
facet normal 0.9951847266721969 0.09801714032955997 0
outer loop
vertex 78.1511489 -58.27206760000007 0.5
vertex 78.21263600270966 -58.896356630451585 0.5
vertex 78.21263600270933 -58.896356630447954 0
endloop
endfacet
facet normal 0.9951847266721969 0.09801714032955997 0
outer loop
vertex 78.1511489 -58.27206760000007 0.5
vertex 78.21263600270933 -58.896356630447954 0
vertex 78.15114889999968 -58.27206760000296 0
endloop
endfacet
facet normal 0.9569403357322045 0.29028467725447693 0
outer loop
vertex 78.21263600270966 -58.896356630451585 0.5
vertex 78.3947343959639 -59.49665458356828 0.5
vertex 78.39473439596544 -59.49665458357085 0
endloop
endfacet
facet normal 0.9569403357322045 0.29028467725447693 0
outer loop
vertex 78.21263600270966 -58.896356630451585 0.5
vertex 78.39473439596544 -59.49665458357085 0
vertex 78.21263600270933 -58.896356630447954 0
endloop
endfacet
facet normal 0.8819212643483568 0.4713967368259944 0
outer loop
vertex 78.3947343959639 -59.49665458356828 0.5
vertex 78.69044614063186 -60.04989234566275 0.5
vertex 78.69044614063273 -60.049892345664 0
endloop
endfacet
facet normal 0.8819212643483568 0.4713967368259944 0
outer loop
vertex 78.3947343959639 -59.49665458356828 0.5
vertex 78.69044614063273 -60.049892345664 0
vertex 78.39473439596544 -59.49665458357085 0
endloop
endfacet
facet normal 0.7730104533627326 0.6343932841636509 0
outer loop
vertex 78.69044614063186 -60.04989234566275 0.5
vertex 79.08840720020302 -60.534809299796976 0.5
vertex 79.08840720020578 -60.53480929980049 0
endloop
endfacet
facet normal 0.7730104533627326 0.6343932841636509 0
outer loop
vertex 78.69044614063186 -60.04989234566275 0.5
vertex 79.08840720020578 -60.53480929980049 0
vertex 78.69044614063273 -60.049892345664 0
endloop
endfacet
facet normal 0.6343932841636519 0.7730104533627318 0
outer loop
vertex 79.08840720020302 -60.534809299796976 0.5
vertex 79.57332415433729 -60.93277035936815 0.5
vertex 79.57332415432806 -60.93277035936189 0
endloop
endfacet
facet normal 0.6343932841636519 0.7730104533627318 0
outer loop
vertex 79.08840720020302 -60.534809299796976 0.5
vertex 79.57332415432806 -60.93277035936189 0
vertex 79.08840720020578 -60.53480929980049 0
endloop
endfacet
facet normal 0.4713967368259909 0.8819212643483587 0
outer loop
vertex 79.57332415433729 -60.93277035936815 0.5
vertex 80.1265619164317 -61.228482104036104 0.5
vertex 80.12656191643644 -61.228482104037305 0
endloop
endfacet
facet normal 0.4713967368259909 0.8819212643483587 0
outer loop
vertex 79.57332415433729 -60.93277035936815 0.5
vertex 80.12656191643644 -61.228482104037305 0
vertex 79.57332415432806 -60.93277035936189 0
endloop
endfacet
facet normal 0.29028467725446194 0.956940335732209 0
outer loop
vertex 80.1265619164317 -61.228482104036104 0.5
vertex 80.72685986954836 -61.41058049729033 0.5
vertex 80.72685986954899 -61.41058049729028 0
endloop
endfacet
facet normal 0.29028467725446194 0.956940335732209 0
outer loop
vertex 80.1265619164317 -61.228482104036104 0.5
vertex 80.72685986954899 -61.41058049729028 0
vertex 80.12656191643644 -61.228482104037305 0
endloop
endfacet
facet normal 0.09801714032955997 0.9951847266721969 0
outer loop
vertex 80.72685986954836 -61.41058049729033 0.5
vertex 81.35114889999997 -61.472067599999995 0.5
vertex 81.35114889999916 -61.472067599999804 0
endloop
endfacet
facet normal 0.09801714032955997 0.9951847266721969 0
outer loop
vertex 80.72685986954836 -61.41058049729033 0.5
vertex 81.35114889999916 -61.472067599999804 0
vertex 80.72685986954899 -61.41058049729028 0
endloop
endfacet
facet normal -0.09801714032955998 0.9951847266721969 0
outer loop
vertex 81.35114889999997 -61.472067599999995 0.5
vertex 81.97543793045159 -61.41058049729033 0.5
vertex 81.97543793045365 -61.41058049729028 0
endloop
endfacet
facet normal -0.09801714032955998 0.9951847266721969 0
outer loop
vertex 81.35114889999997 -61.472067599999995 0.5
vertex 81.97543793045365 -61.41058049729028 0
vertex 81.35114889999916 -61.472067599999804 0
endloop
endfacet
facet normal -0.29028467725446183 0.956940335732209 -1.580446092222931e-12
outer loop
vertex 81.97543793045159 -61.41058049729033 0.5
vertex 82.5757358835683 -61.228482104036104 0.5
vertex 82.57573588356706 -61.228482104037305 0
endloop
endfacet
facet normal -0.29028467725446183 0.956940335732209 -1.580446092222931e-12
outer loop
vertex 81.97543793045159 -61.41058049729033 0.5
vertex 82.57573588356706 -61.228482104037305 0
vertex 82.19136165853976 -61.3450807504628 0
endloop
endfacet
facet normal -0.29028467725446183 0.956940335732209 -1.580446092222931e-12
outer loop
vertex 81.97543793045159 -61.41058049729033 0.5
vertex 82.19136165853976 -61.3450807504628 0
vertex 81.97543793045365 -61.41058049729028 0
endloop
endfacet
facet normal -0.4713967368259843 0.8819212643483622 1.0693142516133436e-11
outer loop
vertex 82.5757358835683 -61.228482104036104 0.5
vertex 83.12897364566273 -60.93277035936815 0.5
vertex 83.1289736456631 -60.93277035936189 0
endloop
endfacet
facet normal -0.4713967368259843 0.8819212643483622 1.0693142516133436e-11
outer loop
vertex 82.5757358835683 -61.228482104036104 0.5
vertex 83.1289736456631 -60.93277035936189 0
vertex 82.78285257085923 -61.11777592823773 0
endloop
endfacet
facet normal -0.4713967368259843 0.8819212643483622 1.0693142516133436e-11
outer loop
vertex 82.5757358835683 -61.228482104036104 0.5
vertex 82.78285257085923 -61.11777592823773 0
vertex 82.57573588356706 -61.228482104037305 0
endloop
endfacet
facet normal -0.6343932841636416 0.7730104533627402 -5.545808345224677e-12
outer loop
vertex 83.12897364566273 -60.93277035936815 0.5
vertex 83.61389059979693 -60.534809299796976 0.5
vertex 83.61389059979702 -60.53480929980049 0
endloop
endfacet
facet normal -0.6343932841636416 0.7730104533627402 -5.545808345224677e-12
outer loop
vertex 83.12897364566273 -60.93277035936815 0.5
vertex 83.61389059979702 -60.53480929980049 0
vertex 83.52760626833971 -60.60562102060469 0
endloop
endfacet
facet normal -0.6343932841636416 0.7730104533627402 -5.545808345224677e-12
outer loop
vertex 83.12897364566273 -60.93277035936815 0.5
vertex 83.52760626833971 -60.60562102060469 0
vertex 83.49248646298176 -60.63444309999999 0
endloop
endfacet
facet normal -0.6343932841636416 0.7730104533627402 -5.545808345224677e-12
outer loop
vertex 83.12897364566273 -60.93277035936815 0.5
vertex 83.49248646298176 -60.63444309999999 0
vertex 83.43888083737995 -60.6784361000005 0
endloop
endfacet
facet normal -0.6343932841636416 0.7730104533627402 -5.545808345224677e-12
outer loop
vertex 83.12897364566273 -60.93277035936815 0.5
vertex 83.43888083737995 -60.6784361000005 0
vertex 83.40376103202246 -60.707258179395424 0
endloop
endfacet
facet normal -0.6343932841636416 0.7730104533627402 -5.545808345224677e-12
outer loop
vertex 83.12897364566273 -60.93277035936815 0.5
vertex 83.40376103202246 -60.707258179395424 0
vertex 83.2997512503715 -60.79261680123508 0
endloop
endfacet
facet normal -0.6343932841636416 0.7730104533627402 -5.545808345224677e-12
outer loop
vertex 83.12897364566273 -60.93277035936815 0.5
vertex 83.2997512503715 -60.79261680123508 0
vertex 83.13084853002671 -60.93123168153531 0
endloop
endfacet
facet normal -0.6343932841636416 0.7730104533627402 -5.545808345224677e-12
outer loop
vertex 83.12897364566273 -60.93277035936815 0.5
vertex 83.13084853002671 -60.93123168153531 0
vertex 83.1289736456631 -60.93277035936189 0
endloop
endfacet
facet normal -0.7730104533627317 0.6343932841636519 -1.564783216616977e-12
outer loop
vertex 83.61389059979693 -60.534809299796976 0.5
vertex 84.01185165936813 -60.04989234566275 0.5
vertex 84.01185165936812 -60.049892345664 0
endloop
endfacet
facet normal -0.7730104533627317 0.6343932841636519 -1.564783216616977e-12
outer loop
vertex 83.61389059979693 -60.534809299796976 0.5
vertex 84.01185165936812 -60.049892345664 0
vertex 83.89268013211803 -60.19510327176667 0
endloop
endfacet
facet normal -0.7730104533627317 0.6343932841636519 -1.564783216616977e-12
outer loop
vertex 83.61389059979693 -60.534809299796976 0.5
vertex 83.89268013211803 -60.19510327176667 0
vertex 83.73958722531205 -60.38164751845226 0
endloop
endfacet
facet normal -0.7730104533627317 0.6343932841636519 -1.564783216616977e-12
outer loop
vertex 83.61389059979693 -60.534809299796976 0.5
vertex 83.73958722531205 -60.38164751845226 0
vertex 83.62582893294535 -60.520262398765965 0
endloop
endfacet
facet normal -0.7730104533627317 0.6343932841636519 -1.564783216616977e-12
outer loop
vertex 83.61389059979693 -60.534809299796976 0.5
vertex 83.62582893294535 -60.520262398765965 0
vertex 83.61389059979702 -60.53480929980049 0
endloop
endfacet
facet normal -0.8819212643483489 0.4713967368260089 -3.202040416970124e-12
outer loop
vertex 84.01185165936813 -60.04989234566275 0.5
vertex 84.30756340403613 -59.49665458356828 0.5
vertex 84.30756340403657 -59.49665458357085 0
endloop
endfacet
facet normal -0.8819212643483489 0.4713967368260089 -3.202040416970124e-12
outer loop
vertex 84.01185165936813 -60.04989234566275 0.5
vertex 84.30756340403657 -59.49665458357085 0
vertex 84.19434664135838 -59.70846824854707 0
endloop
endfacet
facet normal -0.8819212643483489 0.4713967368260089 -3.202040416970124e-12
outer loop
vertex 84.01185165936813 -60.04989234566275 0.5
vertex 84.19434664135838 -59.70846824854707 0
vertex 84.05573176104174 -59.96779844953545 0
endloop
endfacet
facet normal -0.8819212643483489 0.4713967368260089 -3.202040416970124e-12
outer loop
vertex 84.01185165936813 -60.04989234566275 0.5
vertex 84.05573176104174 -59.96779844953545 0
vertex 84.01185165936812 -60.049892345664 0
endloop
endfacet
facet normal -0.9569403357322103 0.2902846772544577 1.45518733278615e-12
outer loop
vertex 84.30756340403613 -59.49665458356828 0.5
vertex 84.48966179729035 -58.896356630451585 0.5
vertex 84.4896617972907 -58.896356630447954 0
endloop
endfacet
facet normal -0.9569403357322103 0.2902846772544577 1.45518733278615e-12
outer loop
vertex 84.30756340403613 -59.49665458356828 0.5
vertex 84.4896617972907 -58.896356630447954 0
vertex 84.41743905634114 -59.13444310000031 0
endloop
endfacet
facet normal -0.9569403357322103 0.2902846772544577 1.45518733278615e-12
outer loop
vertex 84.30756340403613 -59.49665458356828 0.5
vertex 84.41743905634114 -59.13444310000031 0
vertex 84.32866905306054 -59.42707858302245 0
endloop
endfacet
facet normal -0.9569403357322103 0.2902846772544577 1.45518733278615e-12
outer loop
vertex 84.30756340403613 -59.49665458356828 0.5
vertex 84.32866905306054 -59.42707858302245 0
vertex 84.30756340403657 -59.49665458357085 0
endloop
endfacet
facet normal -0.9951847266721969 0.09801714032956006 0
outer loop
vertex 96.3438346972903 -106.44084713045169 0.5
vertex 96.4053218 -105.81655809999982 0.5
vertex 96.40532179999988 -105.81655810000177 0
endloop
endfacet
facet normal -0.9951847266721969 0.09801714032956006 0
outer loop
vertex 96.3438346972903 -106.44084713045169 0.5
vertex 96.40532179999988 -105.81655810000177 0
vertex 96.34383469729005 -106.44084713045518 0
endloop
endfacet
facet normal -0.9951847266721984 -0.09801714032954582 0
outer loop
vertex 96.4053218 -105.81655809999982 0.5
vertex 96.34383469729036 -105.19226906954844 0.5
vertex 96.34383469729018 -105.1922690695496 0
endloop
endfacet
facet normal -0.9951847266721984 -0.09801714032954582 0
outer loop
vertex 96.4053218 -105.81655809999982 0.5
vertex 96.34383469729018 -105.1922690695496 0
vertex 96.40532179999988 -105.81655810000177 0
endloop
endfacet
facet normal -0.9569403357322133 -0.2902846772544479 0
outer loop
vertex 96.34383469729036 -105.19226906954844 0.5
vertex 96.16173630403617 -104.59197111643161 0.5
vertex 96.16173630403513 -104.59197111643019 0
endloop
endfacet
facet normal -0.9569403357322133 -0.2902846772544479 0
outer loop
vertex 96.34383469729036 -105.19226906954844 0.5
vertex 96.16173630403513 -104.59197111643019 0
vertex 96.34383469729018 -105.1922690695496 0
endloop
endfacet
facet normal -0.8819212643483549 -0.4713967368259979 0
outer loop
vertex 96.16173630403617 -104.59197111643161 0.5
vertex 95.8660245593681 -104.03873335433725 0.5
vertex 95.86602455937023 -104.03873335434149 0
endloop
endfacet
facet normal -0.8819212643483549 -0.4713967368259979 0
outer loop
vertex 96.16173630403617 -104.59197111643161 0.5
vertex 95.86602455937023 -104.03873335434149 0
vertex 96.16173630403513 -104.59197111643019 0
endloop
endfacet
facet normal -0.7730104533627318 -0.634393284163652 0
outer loop
vertex 95.8660245593681 -104.03873335433725 0.5
vertex 95.46806349979693 -103.55381640020303 0.5
vertex 95.46806349978947 -103.5538164001956 0
endloop
endfacet
facet normal -0.7730104533627318 -0.634393284163652 0
outer loop
vertex 95.8660245593681 -104.03873335433725 0.5
vertex 95.46806349978947 -103.5538164001956 0
vertex 95.86602455937023 -104.03873335434149 0
endloop
endfacet
facet normal -0.634393284163652 -0.7730104533627317 0
outer loop
vertex 95.46806349979693 -103.55381640020303 0.5
vertex 94.9831465456628 -103.15585534063199 0.5
vertex 94.98314654566845 -103.15585534063524 0
endloop
endfacet
facet normal -0.634393284163652 -0.7730104533627317 0
outer loop
vertex 95.46806349979693 -103.55381640020303 0.5
vertex 94.98314654566845 -103.15585534063524 0
vertex 95.46806349978947 -103.5538164001956 0
endloop
endfacet
facet normal -0.4713967368259944 -0.8819212643483568 0
outer loop
vertex 94.9831465456628 -103.15585534063199 0.5
vertex 94.42990878356821 -102.86014359596382 0.5
vertex 94.42990878355992 -102.86014359595974 0
endloop
endfacet
facet normal -0.4713967368259944 -0.8819212643483568 0
outer loop
vertex 94.9831465456628 -103.15585534063199 0.5
vertex 94.42990878355992 -102.86014359595974 0
vertex 94.98314654566845 -103.15585534063524 0
endloop
endfacet
facet normal -0.2902846772544629 -0.9569403357322087 0
outer loop
vertex 94.42990878356821 -102.86014359596382 0.5
vertex 93.8296108304516 -102.67804520270965 0.5
vertex 93.82961083045879 -102.67804520271024 0
endloop
endfacet
facet normal -0.2902846772544629 -0.9569403357322087 0
outer loop
vertex 94.42990878356821 -102.86014359596382 0.5
vertex 93.82961083045879 -102.67804520271024 0
vertex 94.42990878355992 -102.86014359595974 0
endloop
endfacet
facet normal -0.09801714032956006 -0.9951847266721969 0
outer loop
vertex 93.8296108304516 -102.67804520270965 0.5
vertex 93.20532179999996 -102.61655809999999 0.5
vertex 93.2053218000032 -102.61655810000018 0
endloop
endfacet
facet normal -0.09801714032956006 -0.9951847266721969 0
outer loop
vertex 93.8296108304516 -102.67804520270965 0.5
vertex 93.2053218000032 -102.61655810000018 0
vertex 93.82961083045879 -102.67804520271024 0
endloop
endfacet
facet normal 0.09801714032956006 -0.9951847266721969 0
outer loop
vertex 93.20532179999996 -102.61655809999999 0.5
vertex 92.58103276954839 -102.67804520270965 0.5
vertex 92.58103276954755 -102.67804520271024 0
endloop
endfacet
facet normal 0.09801714032956006 -0.9951847266721969 0
outer loop
vertex 93.20532179999996 -102.61655809999999 0.5
vertex 92.58103276954755 -102.67804520271024 0
vertex 93.2053218000032 -102.61655810000018 0
endloop
endfacet
facet normal 0.2902846772544629 -0.9569403357322087 0
outer loop
vertex 92.58103276954839 -102.67804520270965 0.5
vertex 91.98073481643188 -102.86014359596382 0.5
vertex 91.98073481644518 -102.86014359595974 0
endloop
endfacet
facet normal 0.2902846772544629 -0.9569403357322087 0
outer loop
vertex 92.58103276954839 -102.67804520270965 0.5
vertex 91.98073481644518 -102.86014359595974 0
vertex 92.58103276954755 -102.67804520271024 0
endloop
endfacet
facet normal 0.4713967368260054 -0.8819212643483508 0
outer loop
vertex 91.98073481643188 -102.86014359596382 0.5
vertex 91.42749705433707 -103.15585534063199 0.5
vertex 91.42749705432455 -103.15585534063524 0
endloop
endfacet
facet normal 0.4713967368260054 -0.8819212643483508 0
outer loop
vertex 91.98073481643188 -102.86014359596382 0.5
vertex 91.42749705432455 -103.15585534063524 0
vertex 91.98073481644518 -102.86014359595974 0
endloop
endfacet
facet normal 0.6343932841636518 -0.7730104533627319 0
outer loop
vertex 91.42749705433707 -103.15585534063199 0.5
vertex 90.94258010020303 -103.55381640020303 0.5
vertex 90.94258010021272 -103.5538164001956 0
endloop
endfacet
facet normal 0.6343932841636518 -0.7730104533627319 0
outer loop
vertex 91.42749705433707 -103.15585534063199 0.5
vertex 90.94258010021272 -103.5538164001956 0
vertex 91.42749705432455 -103.15585534063524 0
endloop
endfacet
facet normal 0.7730104533627319 -0.6343932841636518 0
outer loop
vertex 90.94258010020303 -103.55381640020303 0.5
vertex 90.54461904063183 -104.03873335433725 0.5
vertex 90.54461904062688 -104.03873335434149 0
endloop
endfacet
facet normal 0.7730104533627319 -0.6343932841636518 0
outer loop
vertex 90.94258010020303 -103.55381640020303 0.5
vertex 90.54461904062688 -104.03873335434149 0
vertex 90.94258010021272 -103.5538164001956 0
endloop
endfacet
facet normal 0.8819212643483568 -0.4713967368259944 0
outer loop
vertex 90.54461904063183 -104.03873335433725 0.5
vertex 90.2489072959639 -104.59197111643161 0.5
vertex 90.24890729596504 -104.59197111643019 0
endloop
endfacet
facet normal 0.8819212643483568 -0.4713967368259944 0
outer loop
vertex 90.54461904063183 -104.03873335433725 0.5
vertex 90.24890729596504 -104.59197111643019 0
vertex 90.54461904062688 -104.03873335434149 0
endloop
endfacet
facet normal 0.9569403357322048 -0.29028467725447593 0
outer loop
vertex 90.2489072959639 -104.59197111643161 0.5
vertex 90.06680890270967 -105.19226906954844 0.5
vertex 90.06680890270795 -105.1922690695496 0
endloop
endfacet
facet normal 0.9569403357322048 -0.29028467725447593 0
outer loop
vertex 90.2489072959639 -104.59197111643161 0.5
vertex 90.06680890270795 -105.1922690695496 0
vertex 90.24890729596504 -104.59197111643019 0
endloop
endfacet
facet normal 0.9951847266721969 -0.09801714032956006 0
outer loop
vertex 90.06680890270967 -105.19226906954844 0.5
vertex 90.00532179999999 -105.81655809999982 0.5
vertex 90.00532180000032 -105.81655810000177 0
endloop
endfacet
facet normal 0.9951847266721969 -0.09801714032956006 0
outer loop
vertex 90.06680890270967 -105.19226906954844 0.5
vertex 90.00532180000032 -105.81655810000177 0
vertex 90.06680890270795 -105.1922690695496 0
endloop
endfacet
facet normal 0.9951847266721969 0.09801714032956006 0
outer loop
vertex 90.00532179999999 -105.81655809999982 0.5
vertex 90.06680890270965 -106.44084713045169 0.5
vertex 90.06680890270982 -106.44084713045518 0
endloop
endfacet
facet normal 0.9951847266721969 0.09801714032956006 0
outer loop
vertex 90.00532179999999 -105.81655809999982 0.5
vertex 90.06680890270982 -106.44084713045518 0
vertex 90.00532180000032 -105.81655810000177 0
endloop
endfacet
facet normal 0.956940335732209 0.29028467725446194 0
outer loop
vertex 90.06680890270965 -106.44084713045169 0.5
vertex 90.24890729596389 -107.04114508356834 0.5
vertex 90.24890729596206 -107.04114508356518 0
endloop
endfacet
facet normal 0.956940335732209 0.29028467725446194 0
outer loop
vertex 90.06680890270965 -106.44084713045169 0.5
vertex 90.24890729596206 -107.04114508356518 0
vertex 90.06680890270982 -106.44084713045518 0
endloop
endfacet
facet normal 0.8819212643483549 0.4713967368259979 0
outer loop
vertex 90.24890729596389 -107.04114508356834 0.5
vertex 90.54461904063183 -107.59438284566276 0.5
vertex 90.54461904063396 -107.59438284566698 0
endloop
endfacet
facet normal 0.8819212643483549 0.4713967368259979 0
outer loop
vertex 90.24890729596389 -107.04114508356834 0.5
vertex 90.54461904063396 -107.59438284566698 0
vertex 90.24890729596206 -107.04114508356518 0
endloop
endfacet
facet normal 0.7730104533627318 0.6343932841636518 0
outer loop
vertex 90.54461904063183 -107.59438284566276 0.5
vertex 90.94258010020302 -108.07929979979696 0.5
vertex 90.94258010020009 -108.07929979979504 0
endloop
endfacet
facet normal 0.7730104533627318 0.6343932841636518 0
outer loop
vertex 90.54461904063183 -107.59438284566276 0.5
vertex 90.94258010020009 -108.07929979979504 0
vertex 90.54461904063396 -107.59438284566698 0
endloop
endfacet
facet normal 0.6343932841636578 0.7730104533627269 0
outer loop
vertex 90.94258010020302 -108.07929979979696 0.5
vertex 91.42749705433724 -108.47726085936817 0.5
vertex 91.4274970543321 -108.47726085936442 0
endloop
endfacet
facet normal 0.6343932841636578 0.7730104533627269 0
outer loop
vertex 90.94258010020302 -108.07929979979696 0.5
vertex 91.4274970543321 -108.47726085936442 0
vertex 90.94258010020009 -108.07929979979504 0
endloop
endfacet
facet normal 0.47139673682599437 0.8819212643483567 0
outer loop
vertex 91.42749705433724 -108.47726085936817 0.5
vertex 91.9807348164318 -108.77297260403613 0.5
vertex 91.98073481643704 -108.772972604038 0
endloop
endfacet
facet normal 0.47139673682599437 0.8819212643483567 0
outer loop
vertex 91.42749705433724 -108.47726085936817 0.5
vertex 91.98073481643704 -108.772972604038 0
vertex 91.4274970543321 -108.47726085936442 0
endloop
endfacet
facet normal 0.2902846772544479 0.9569403357322133 0
outer loop
vertex 91.9807348164318 -108.77297260403613 0.5
vertex 92.58103276954834 -108.95507099729033 0.5
vertex 92.5810327695465 -108.95507099729002 0
endloop
endfacet
facet normal 0.2902846772544479 0.9569403357322133 0
outer loop
vertex 91.9807348164318 -108.77297260403613 0.5
vertex 92.5810327695465 -108.95507099729002 0
vertex 91.98073481643704 -108.772972604038 0
endloop
endfacet
facet normal 0.09801714032956006 0.9951847266721969 0
outer loop
vertex 92.58103276954834 -108.95507099729033 0.5
vertex 93.20532179999998 -109.0165581 0.5
vertex 93.20532180000102 -109.01655809999997 0
endloop
endfacet
facet normal 0.09801714032956006 0.9951847266721969 0
outer loop
vertex 92.58103276954834 -108.95507099729033 0.5
vertex 93.20532180000102 -109.01655809999997 0
vertex 92.5810327695465 -108.95507099729002 0
endloop
endfacet
facet normal -0.09801714032956006 0.9951847266721969 0
outer loop
vertex 93.20532179999998 -109.0165581 0.5
vertex 93.82961083045164 -108.95507099729033 0.5
vertex 93.82961083044906 -108.95507099729002 0
endloop
endfacet
facet normal -0.09801714032956006 0.9951847266721969 0
outer loop
vertex 93.20532179999998 -109.0165581 0.5
vertex 93.82961083044906 -108.95507099729002 0
vertex 93.20532180000102 -109.01655809999997 0
endloop
endfacet
facet normal -0.2902846772544629 0.9569403357322087 0
outer loop
vertex 93.82961083045164 -108.95507099729033 0.5
vertex 94.42990878356828 -108.77297260403613 0.5
vertex 94.4299087835667 -108.772972604038 0
endloop
endfacet
facet normal -0.2902846772544629 0.9569403357322087 0
outer loop
vertex 93.82961083045164 -108.95507099729033 0.5
vertex 94.4299087835667 -108.772972604038 0
vertex 93.82961083044906 -108.95507099729002 0
endloop
endfacet
facet normal -0.47139673682598043 0.8819212643483643 0
outer loop
vertex 94.42990878356828 -108.77297260403613 0.5
vertex 94.98314654566269 -108.47726085936817 0.5
vertex 94.9831465456655 -108.47726085936442 0
endloop
endfacet
facet normal -0.47139673682598043 0.8819212643483643 0
outer loop
vertex 94.42990878356828 -108.77297260403613 0.5
vertex 94.9831465456655 -108.47726085936442 0
vertex 94.4299087835667 -108.772972604038 0
endloop
endfacet
facet normal -0.6343932841636603 0.7730104533627248 0
outer loop
vertex 94.98314654566269 -108.47726085936817 0.5
vertex 95.46806349979693 -108.07929979979696 0.5
vertex 95.46806349979917 -108.07929979979504 0
endloop
endfacet
facet normal -0.6343932841636603 0.7730104533627248 0
outer loop
vertex 94.98314654566269 -108.47726085936817 0.5
vertex 95.46806349979917 -108.07929979979504 0
vertex 94.9831465456655 -108.47726085936442 0
endloop
endfacet
facet normal -0.7730104533627319 0.6343932841636518 0
outer loop
vertex 95.46806349979693 -108.07929979979696 0.5
vertex 95.86602455936811 -107.59438284566276 0.5
vertex 95.86602455936688 -107.59438284566698 0
endloop
endfacet
facet normal -0.7730104533627319 0.6343932841636518 0
outer loop
vertex 95.46806349979693 -108.07929979979696 0.5
vertex 95.86602455936688 -107.59438284566698 0
vertex 95.46806349979917 -108.07929979979504 0
endloop
endfacet
facet normal -0.8819212643483584 0.4713967368259914 0
outer loop
vertex 95.86602455936811 -107.59438284566276 0.5
vertex 96.16173630403608 -107.04114508356834 0.5
vertex 96.16173630403802 -107.04114508356518 0
endloop
endfacet
facet normal -0.8819212643483584 0.4713967368259914 0
outer loop
vertex 95.86602455936811 -107.59438284566276 0.5
vertex 96.16173630403802 -107.04114508356518 0
vertex 95.86602455936688 -107.59438284566698 0
endloop
endfacet
facet normal -0.9569403357322133 0.2902846772544479 0
outer loop
vertex 96.16173630403608 -107.04114508356834 0.5
vertex 96.3438346972903 -106.44084713045169 0.5
vertex 96.34383469729005 -106.44084713045518 0
endloop
endfacet
facet normal -0.9569403357322133 0.2902846772544479 0
outer loop
vertex 96.16173630403608 -107.04114508356834 0.5
vertex 96.34383469729005 -106.44084713045518 0
vertex 96.16173630403802 -107.04114508356518 0
endloop
endfacet
facet normal -0.9951847266721956 0.09801714032957415 0
outer loop
vertex 166.11267749729032 -42.61185883045172 0.5
vertex 166.17416459999998 -41.98756979999994 0.5
vertex 166.17416460000032 -41.98756979999365 0
endloop
endfacet
facet normal -0.9951847266721956 0.09801714032957415 0
outer loop
vertex 166.11267749729032 -42.61185883045172 0.5
vertex 166.17416460000032 -41.98756979999365 0
vertex 166.11267749729004 -42.61185883045139 0
endloop
endfacet
facet normal -0.9951847266721957 -0.09801714032957415 0
outer loop
vertex 166.17416459999998 -41.98756979999994 0.5
vertex 166.11267749729032 -41.363280769548346 0.5
vertex 166.11267749729132 -41.363280769548645 0
endloop
endfacet
facet normal -0.9951847266721957 -0.09801714032957415 0
outer loop
vertex 166.17416459999998 -41.98756979999994 0.5
vertex 166.11267749729132 -41.363280769548645 0
vertex 166.17416460000032 -41.98756979999365 0
endloop
endfacet
facet normal -0.9569403357322048 -0.29028467725447593 0
outer loop
vertex 166.11267749729032 -41.363280769548346 0.5
vertex 165.93057910403613 -40.76298281643173 0.5
vertex 165.93057910403707 -40.76298281643193 0
endloop
endfacet
facet normal -0.9569403357322048 -0.29028467725447593 0
outer loop
vertex 166.11267749729032 -41.363280769548346 0.5
vertex 165.93057910403707 -40.76298281643193 0
vertex 166.11267749729132 -41.363280769548645 0
endloop
endfacet
facet normal -0.8819212643483568 -0.4713967368259944 0
outer loop
vertex 165.93057910403613 -40.76298281643173 0.5
vertex 165.63486735936817 -40.20974505433726 0.5
vertex 165.6348673593787 -40.209745054355395 0
endloop
endfacet
facet normal -0.8819212643483568 -0.4713967368259944 0
outer loop
vertex 165.93057910403613 -40.76298281643173 0.5
vertex 165.6348673593787 -40.209745054355395 0
vertex 165.93057910403707 -40.76298281643193 0
endloop
endfacet
facet normal -0.7730104533627572 -0.6343932841636208 0
outer loop
vertex 165.63486735936817 -40.20974505433726 0.5
vertex 165.23690629979703 -39.72482810020312 0.5
vertex 165.2369062997924 -39.724828100202735 0
endloop
endfacet
facet normal -0.7730104533627572 -0.6343932841636208 0
outer loop
vertex 165.63486735936817 -40.20974505433726 0.5
vertex 165.2369062997924 -39.724828100202735 0
vertex 165.6348673593787 -40.209745054355395 0
endloop
endfacet
facet normal -0.6343932841636638 -0.773010453362722 0
outer loop
vertex 165.23690629979703 -39.72482810020312 0.5
vertex 164.75198934566276 -39.326867040631875 0.5
vertex 164.7519893456532 -39.326867040627434 0
endloop
endfacet
facet normal -0.6343932841636638 -0.773010453362722 0
outer loop
vertex 165.23690629979703 -39.72482810020312 0.5
vertex 164.7519893456532 -39.326867040627434 0
vertex 165.2369062997924 -39.724828100202735 0
endloop
endfacet
facet normal -0.47139673682600136 -0.8819212643483529 0
outer loop
vertex 164.75198934566276 -39.326867040631875 0.5
vertex 164.19875158356828 -39.03115529596388 0.5
vertex 164.1987515835746 -39.03115529596794 0
endloop
endfacet
facet normal -0.47139673682600136 -0.8819212643483529 0
outer loop
vertex 164.75198934566276 -39.326867040631875 0.5
vertex 164.1987515835746 -39.03115529596794 0
vertex 164.7519893456532 -39.326867040627434 0
endloop
endfacet
facet normal -0.29028467725448864 -0.9569403357322009 0
outer loop
vertex 164.19875158356828 -39.03115529596388 0.5
vertex 163.59845363045164 -38.84905690270966 0.5
vertex 163.59845363043988 -38.849056902708234 0
endloop
endfacet
facet normal -0.29028467725448864 -0.9569403357322009 0
outer loop
vertex 164.19875158356828 -39.03115529596388 0.5
vertex 163.59845363043988 -38.849056902708234 0
vertex 164.1987515835746 -39.03115529596794 0
endloop
endfacet
facet normal -0.09801714032955999 -0.9951847266721969 0
outer loop
vertex 163.59845363045164 -38.84905690270966 0.5
vertex 162.97416460000002 -38.7875698 0.5
vertex 162.97416460000247 -38.78756979999997 0
endloop
endfacet
facet normal -0.09801714032955999 -0.9951847266721969 0
outer loop
vertex 163.59845363045164 -38.84905690270966 0.5
vertex 162.97416460000247 -38.78756979999997 0
vertex 163.59845363043988 -38.849056902708234 0
endloop
endfacet
facet normal 0.09801714032955997 -0.9951847266721969 0
outer loop
vertex 162.97416460000002 -38.7875698 0.5
vertex 162.34987556954837 -38.84905690270966 0.5
vertex 162.3498755695651 -38.849056902708234 0
endloop
endfacet
facet normal 0.09801714032955997 -0.9951847266721969 0
outer loop
vertex 162.97416460000002 -38.7875698 0.5
vertex 162.3498755695651 -38.849056902708234 0
vertex 162.97416460000247 -38.78756979999997 0
endloop
endfacet
facet normal 0.2902846772544096 -0.9569403357322249 -1.5938524518516478e-12
outer loop
vertex 162.34987556954837 -38.84905690270966 0.5
vertex 161.7495776164316 -39.03115529596388 0.5
vertex 161.74957761641545 -39.03115529596794 0
endloop
endfacet
facet normal 0.2902846772544096 -0.9569403357322249 -1.5938524518516478e-12
outer loop
vertex 162.34987556954837 -38.84905690270966 0.5
vertex 161.74957761641545 -39.03115529596794 0
vertex 161.76008616759373 -39.027967561818485 0
endloop
endfacet
facet normal 0.2902846772544096 -0.9569403357322249 -1.5938524518516478e-12
outer loop
vertex 162.34987556954837 -38.84905690270966 0.5
vertex 161.76008616759373 -39.027967561818485 0
vertex 162.32951150596136 -38.855234273862685 0
endloop
endfacet
facet normal 0.2902846772544096 -0.9569403357322249 -1.5938524518516478e-12
outer loop
vertex 162.34987556954837 -38.84905690270966 0.5
vertex 162.32951150596136 -38.855234273862685 0
vertex 162.3498755695651 -38.849056902708234 0
endloop
endfacet
facet normal 0.47139673682615013 -0.8819212643482734 1.8402551474735567e-12
outer loop
vertex 161.7495776164316 -39.03115529596388 0.5
vertex 161.19633985433734 -39.326867040631875 0.5
vertex 161.1963398543476 -39.326867040627434 0
endloop
endfacet
facet normal 0.47139673682615013 -0.8819212643482734 1.8402551474735567e-12
outer loop
vertex 161.7495776164316 -39.03115529596388 0.5
vertex 161.1963398543476 -39.326867040627434 0
vertex 161.4099698106708 -39.212679449999996 0
endloop
endfacet
facet normal 0.47139673682615013 -0.8819212643482734 1.8402551474735567e-12
outer loop
vertex 161.7495776164316 -39.03115529596388 0.5
vertex 161.4099698106708 -39.212679449999996 0
vertex 161.53045069092138 -39.14828107783691 0
endloop
endfacet
facet normal 0.47139673682615013 -0.8819212643482734 1.8402551474735567e-12
outer loop
vertex 161.7495776164316 -39.03115529596388 0.5
vertex 161.53045069092138 -39.14828107783691 0
vertex 161.74957761641545 -39.03115529596794 0
endloop
endfacet
facet normal 0.6343932841636448 -0.7730104533627374 0
outer loop
vertex 161.19633985433734 -39.326867040631875 0.5
vertex 160.71142290020305 -39.72482810020312 0.5
vertex 160.71142290019083 -39.724828100202735 0
endloop
endfacet
facet normal 0.6343932841636448 -0.7730104533627374 0
outer loop
vertex 161.19633985433734 -39.326867040631875 0.5
vertex 160.71142290019083 -39.724828100202735 0
vertex 161.1963398543476 -39.326867040627434 0
endloop
endfacet
facet normal 0.7730104533627319 -0.6343932841636518 0
outer loop
vertex 160.71142290020305 -39.72482810020312 0.5
vertex 160.313461840632 -40.20974505433726 0.5
vertex 160.3134618406196 -40.209745054355395 0
endloop
endfacet
facet normal 0.7730104533627319 -0.6343932841636518 0
outer loop
vertex 160.71142290020305 -39.72482810020312 0.5
vertex 160.3134618406196 -40.209745054355395 0
vertex 160.71142290019083 -39.724828100202735 0
endloop
endfacet
facet normal 0.8819212643483701 -0.47139673682596933 0
outer loop
vertex 160.313461840632 -40.20974505433726 0.5
vertex 160.01775009596383 -40.76298281643173 0.5
vertex 160.01775009597125 -40.76298281643193 0
endloop
endfacet
facet normal 0.8819212643483701 -0.47139673682596933 0
outer loop
vertex 160.313461840632 -40.20974505433726 0.5
vertex 160.01775009597125 -40.76298281643193 0
vertex 160.3134618406196 -40.209745054355395 0
endloop
endfacet
facet normal 0.9569403357322048 -0.29028467725447593 0
outer loop
vertex 160.01775009596383 -40.76298281643173 0.5
vertex 159.8356517027096 -41.363280769548346 0.5
vertex 159.83565170270987 -41.363280769548645 0
endloop
endfacet
facet normal 0.9569403357322048 -0.29028467725447593 0
outer loop
vertex 160.01775009596383 -40.76298281643173 0.5
vertex 159.83565170270987 -41.363280769548645 0
vertex 160.01775009597125 -40.76298281643193 0
endloop
endfacet
facet normal 0.9951847266721956 -0.09801714032957415 0
outer loop
vertex 159.8356517027096 -41.363280769548346 0.5
vertex 159.77416459999998 -41.98756979999994 0.5
vertex 159.77416460000026 -41.98756979999365 0
endloop
endfacet
facet normal 0.9951847266721956 -0.09801714032957415 0
outer loop
vertex 159.8356517027096 -41.363280769548346 0.5
vertex 159.77416460000026 -41.98756979999365 0
vertex 159.83565170270987 -41.363280769548645 0
endloop
endfacet
facet normal 0.9951847266721956 0.09801714032957431 0
outer loop
vertex 159.77416459999998 -41.98756979999994 0.5
vertex 159.83565170270964 -42.61185883045172 0.5
vertex 159.8356517027105 -42.61185883045139 0
endloop
endfacet
facet normal 0.9951847266721956 0.09801714032957431 0
outer loop
vertex 159.77416459999998 -41.98756979999994 0.5
vertex 159.8356517027105 -42.61185883045139 0
vertex 159.77416460000026 -41.98756979999365 0
endloop
endfacet
facet normal 0.9569403357322048 0.29028467725447593 0
outer loop
vertex 159.83565170270964 -42.61185883045172 0.5
vertex 160.01775009596386 -43.212156783568 0.5
vertex 160.0177500959647 -43.21215678356803 0
endloop
endfacet
facet normal 0.9569403357322048 0.29028467725447593 0
outer loop
vertex 159.83565170270964 -42.61185883045172 0.5
vertex 160.0177500959647 -43.21215678356803 0
vertex 159.8356517027105 -42.61185883045139 0
endloop
endfacet
facet normal 0.8819212643483717 0.4713967368259664 0
outer loop
vertex 160.01775009596386 -43.212156783568 0.5
vertex 160.31346184063193 -43.76539454566284 0.5
vertex 160.31346184063455 -43.76539454566608 0
endloop
endfacet
facet normal 0.8819212643483717 0.4713967368259664 0
outer loop
vertex 160.01775009596386 -43.212156783568 0.5
vertex 160.31346184063455 -43.76539454566608 0
vertex 160.0177500959647 -43.21215678356803 0
endloop
endfacet
facet normal 0.7730104533627319 0.6343932841636518 0
outer loop
vertex 160.31346184063193 -43.76539454566284 0.5
vertex 160.7114229002031 -44.2503114997969 0.5
vertex 160.71142290021126 -44.250311499807005 0
endloop
endfacet
facet normal 0.7730104533627319 0.6343932841636518 0
outer loop
vertex 160.31346184063193 -43.76539454566284 0.5
vertex 160.71142290021126 -44.250311499807005 0
vertex 160.31346184063455 -43.76539454566608 0
endloop
endfacet
facet normal 0.6343932841636287 0.7730104533627509 0
outer loop
vertex 160.7114229002031 -44.2503114997969 0.5
vertex 161.19633985433723 -44.648272559368195 0.5
vertex 161.19633985430997 -44.64827255934902 0
endloop
endfacet
facet normal 0.6343932841636287 0.7730104533627509 0
outer loop
vertex 160.7114229002031 -44.2503114997969 0.5
vertex 161.19633985430997 -44.64827255934902 0
vertex 160.71142290021126 -44.250311499807005 0
endloop
endfacet
facet normal 0.47139673682600136 0.8819212643483529 0
outer loop
vertex 161.19633985433723 -44.648272559368195 0.5
vertex 161.7495776164318 -44.943984304036114 0.5
vertex 161.7495776164438 -44.94398430403805 0
endloop
endfacet
facet normal 0.47139673682600136 0.8819212643483529 0
outer loop
vertex 161.19633985433723 -44.648272559368195 0.5
vertex 161.7495776164438 -44.94398430403805 0
vertex 161.19633985430997 -44.64827255934902 0
endloop
endfacet
facet normal 0.2902846772544611 0.9569403357322093 0
outer loop
vertex 161.7495776164318 -44.943984304036114 0.5
vertex 162.34987556954835 -45.12608269729034 0.5
vertex 162.34987556955764 -45.126082697291416 0
endloop
endfacet
facet normal 0.2902846772544611 0.9569403357322093 0
outer loop
vertex 161.7495776164318 -44.943984304036114 0.5
vertex 162.34987556955764 -45.126082697291416 0
vertex 161.7495776164438 -44.94398430403805 0
endloop
endfacet
facet normal 0.09801714032956002 0.9951847266721969 0
outer loop
vertex 162.34987556954835 -45.12608269729034 0.5
vertex 162.97416459999997 -45.187569800000006 0.5
vertex 162.97416460000048 -45.18756980000021 0
endloop
endfacet
facet normal 0.09801714032956002 0.9951847266721969 0
outer loop
vertex 162.34987556954835 -45.12608269729034 0.5
vertex 162.97416460000048 -45.18756980000021 0
vertex 162.34987556955764 -45.126082697291416 0
endloop
endfacet
facet normal -0.09801714032955465 0.9951847266721974 -1.4056103494060396e-12
outer loop
vertex 162.97416459999997 -45.187569800000006 0.5
vertex 163.59845363045162 -45.12608269729034 0.5
vertex 163.5984536304479 -45.126082697291416 0
endloop
endfacet
facet normal -0.09801714032955465 0.9951847266721974 -1.4056103494060396e-12
outer loop
vertex 162.97416459999997 -45.187569800000006 0.5
vertex 163.5984536304479 -45.126082697291416 0
vertex 163.44260434205808 -45.141432512416685 0
endloop
endfacet
facet normal -0.09801714032955465 0.9951847266721974 -1.4056103494060396e-12
outer loop
vertex 162.97416459999997 -45.187569800000006 0.5
vertex 163.44260434205808 -45.141432512416685 0
vertex 162.97416460000048 -45.18756980000021 0
endloop
endfacet
facet normal -0.2902846772544681 0.9569403357322073 -2.8903757396572632e-12
outer loop
vertex 163.59845363045162 -45.12608269729034 0.5
vertex 164.1987515835683 -44.943984304036114 0.5
vertex 164.19875158356692 -44.94398430403805 0
endloop
endfacet
facet normal -0.2902846772544681 0.9569403357322073 -2.8903757396572632e-12
outer loop
vertex 163.59845363045162 -45.12608269729034 0.5
vertex 164.19875158356692 -44.94398430403805 0
vertex 164.18677857211497 -44.94761627735275 0
endloop
endfacet
facet normal -0.2902846772544681 0.9569403357322073 -2.8903757396572632e-12
outer loop
vertex 163.59845363045162 -45.12608269729034 0.5
vertex 164.18677857211497 -44.94761627735275 0
vertex 163.5984536304479 -45.126082697291416 0
endloop
endfacet
facet normal -0.47139673682599675 0.8819212643483555 3.1628920770381e-11
outer loop
vertex 164.1987515835683 -44.943984304036114 0.5
vertex 164.75198934566265 -44.648272559368195 0.5
vertex 164.75198934566498 -44.64827255934902 0
endloop
endfacet
facet normal -0.47139673682599675 0.8819212643483555 3.1628920770381e-11
outer loop
vertex 164.1987515835683 -44.943984304036114 0.5
vertex 164.75198934566498 -44.64827255934902 0
vertex 164.63137379863642 -44.712742912421646 0
endloop
endfacet
facet normal -0.47139673682599675 0.8819212643483555 3.1628920770381e-11
outer loop
vertex 164.1987515835683 -44.943984304036114 0.5
vertex 164.63137379863642 -44.712742912421646 0
vertex 164.19875158356692 -44.94398430403805 0
endloop
endfacet
facet normal -0.6343932841636455 0.7730104533627369 -2.023670075543742e-11
outer loop
vertex 164.75198934566265 -44.648272559368195 0.5
vertex 165.236906299797 -44.2503114997969 0.5
vertex 165.23690629980064 -44.250311499807005 0
endloop
endfacet
facet normal -0.6343932841636455 0.7730104533627369 -2.023670075543742e-11
outer loop
vertex 164.75198934566265 -44.648272559368195 0.5
vertex 165.23690629980064 -44.250311499807005 0
vertex 165.00189570140085 -44.44317971352042 0
endloop
endfacet
facet normal -0.6343932841636455 0.7730104533627369 -2.023670075543742e-11
outer loop
vertex 164.75198934566265 -44.648272559368195 0.5
vertex 165.00189570140085 -44.44317971352042 0
vertex 164.75198934566498 -44.64827255934902 0
endloop
endfacet
facet normal -0.7730104533627334 0.6343932841636499 1.1636543176226055e-13
outer loop
vertex 165.236906299797 -44.2503114997969 0.5
vertex 165.63486735936806 -43.76539454566284 0.5
vertex 165.63486735936533 -43.76539454566608 0
endloop
endfacet
facet normal -0.7730104533627334 0.6343932841636499 1.1636543176226055e-13
outer loop
vertex 165.236906299797 -44.2503114997969 0.5
vertex 165.63486735936533 -43.76539454566608 0
vertex 165.58188231707024 -43.82995700650746 0
endloop
endfacet
facet normal -0.7730104533627334 0.6343932841636499 1.1636543176226055e-13
outer loop
vertex 165.236906299797 -44.2503114997969 0.5
vertex 165.58188231707024 -43.82995700650746 0
vertex 165.32232016815496 -44.14623440006993 0
endloop
endfacet
facet normal -0.7730104533627334 0.6343932841636499 1.1636543176226055e-13
outer loop
vertex 165.236906299797 -44.2503114997969 0.5
vertex 165.32232016815496 -44.14623440006993 0
vertex 165.23690629980064 -44.250311499807005 0
endloop
endfacet
facet normal -0.8819212643483599 0.47139673682598837 -1.1296738417303656e-12
outer loop
vertex 165.63486735936806 -43.76539454566284 0.5
vertex 165.93057910403624 -43.212156783568 0.5
vertex 165.93057910403687 -43.21215678356803 0
endloop
endfacet
facet normal -0.8819212643483599 0.47139673682598837 -1.1296738417303656e-12
outer loop
vertex 165.63486735936806 -43.76539454566284 0.5
vertex 165.93057910403687 -43.21215678356803 0
vertex 165.77516204498482 -43.50292165000009 0
endloop
endfacet
facet normal -0.8819212643483599 0.47139673682598837 -1.1296738417303656e-12
outer loop
vertex 165.63486735936806 -43.76539454566284 0.5
vertex 165.77516204498482 -43.50292165000009 0
vertex 165.63486735936533 -43.76539454566608 0
endloop
endfacet
facet normal -0.9569403357322048 0.29028467725447593 0
outer loop
vertex 165.93057910403624 -43.212156783568 0.5
vertex 166.11267749729032 -42.61185883045172 0.5
vertex 166.11267749729004 -42.61185883045139 0
endloop
endfacet
facet normal -0.9569403357322048 0.29028467725447593 0
outer loop
vertex 165.93057910403624 -43.212156783568 0.5
vertex 166.11267749729004 -42.61185883045139 0
vertex 165.93057910403687 -43.21215678356803 0
endloop
endfacet
facet normal -0.9951847266721985 0.09801714032954566 0
outer loop
vertex 218.1119733972903 -53.119680930451615 0.5
vertex 218.17346049999998 -52.49539190000008 0.5
vertex 218.17346049999952 -52.495391899990835 0
endloop
endfacet
facet normal -0.9951847266721985 0.09801714032954566 0
outer loop
vertex 218.1119733972903 -53.119680930451615 0.5
vertex 218.17346049999952 -52.495391899990835 0
vertex 218.111973397289 -53.11968093045108 0
endloop
endfacet
facet normal -0.9951847266721927 -0.09801714032960263 0
outer loop
vertex 218.17346049999998 -52.49539190000008 0.5
vertex 218.1119733972903 -51.87110286954838 0.5
vertex 218.11197339729046 -51.87110286954557 0
endloop
endfacet
facet normal -0.9951847266721927 -0.09801714032960263 0
outer loop
vertex 218.17346049999998 -52.49539190000008 0.5
vertex 218.11197339729046 -51.87110286954557 0
vertex 218.17346049999952 -52.495391899990835 0
endloop
endfacet
facet normal -0.9569403357322049 -0.29028467725447593 0
outer loop
vertex 218.1119733972903 -51.87110286954838 0.5
vertex 217.92987500403612 -51.270804916431814 0.5
vertex 217.92987500404047 -51.27080491644289 0
endloop
endfacet
facet normal -0.9569403357322049 -0.29028467725447593 0
outer loop
vertex 218.1119733972903 -51.87110286954838 0.5
vertex 217.92987500404047 -51.27080491644289 0
vertex 218.11197339729046 -51.87110286954557 0
endloop
endfacet
facet normal -0.8819212643483734 -0.47139673682596345 0
outer loop
vertex 217.92987500403612 -51.270804916431814 0.5
vertex 217.6341632593681 -50.71756715433725 0.5
vertex 217.63416325936342 -50.71756715433142 0
endloop
endfacet
facet normal -0.8819212643483734 -0.47139673682596345 0
outer loop
vertex 217.92987500403612 -51.270804916431814 0.5
vertex 217.63416325936342 -50.71756715433142 0
vertex 217.92987500404047 -51.27080491644289 0
endloop
endfacet
facet normal -0.7730104533627319 -0.6343932841636518 0
outer loop
vertex 217.6341632593681 -50.71756715433725 0.5
vertex 217.23620219979688 -50.23265020020299 0.5
vertex 217.23620219979415 -50.23265020019954 0
endloop
endfacet
facet normal -0.7730104533627319 -0.6343932841636518 0
outer loop
vertex 217.6341632593681 -50.71756715433725 0.5
vertex 217.23620219979415 -50.23265020019954 0
vertex 217.63416325936342 -50.71756715433142 0
endloop
endfacet
facet normal -0.6343932841636518 -0.7730104533627319 0
outer loop
vertex 217.23620219979688 -50.23265020020299 0.5
vertex 216.75128524566279 -49.834689140631895 0.5
vertex 216.75128524567174 -49.83468914063803 0
endloop
endfacet
facet normal -0.6343932841636518 -0.7730104533627319 0
outer loop
vertex 217.23620219979688 -50.23265020020299 0.5
vertex 216.75128524567174 -49.83468914063803 0
vertex 217.23620219979415 -50.23265020019954 0
endloop
endfacet
facet normal -0.47139673682600136 -0.8819212643483529 0
outer loop
vertex 216.75128524566279 -49.834689140631895 0.5
vertex 216.19804748356825 -49.53897739596388 0.5
vertex 216.19804748357342 -49.53897739596797 0
endloop
endfacet
facet normal -0.47139673682600136 -0.8819212643483529 0
outer loop
vertex 216.75128524566279 -49.834689140631895 0.5
vertex 216.19804748357342 -49.53897739596797 0
vertex 216.75128524567174 -49.83468914063803 0
endloop
endfacet
facet normal -0.29028467725447993 -0.9569403357322036 0
outer loop
vertex 216.19804748356825 -49.53897739596388 0.5
vertex 215.59774953045158 -49.35687900270966 0.5
vertex 215.59774953044032 -49.35687900270876 0
endloop
endfacet
facet normal -0.29028467725447993 -0.9569403357322036 0
outer loop
vertex 216.19804748356825 -49.53897739596388 0.5
vertex 215.59774953044032 -49.35687900270876 0
vertex 216.19804748357342 -49.53897739596797 0
endloop
endfacet
facet normal -0.09801714032955999 -0.9951847266721969 0
outer loop
vertex 215.59774953045158 -49.35687900270966 0.5
vertex 214.9734605 -49.295391900000006 0.5
vertex 214.973460499998 -49.29539190000001 0
endloop
endfacet
facet normal -0.09801714032955999 -0.9951847266721969 0
outer loop
vertex 215.59774953045158 -49.35687900270966 0.5
vertex 214.973460499998 -49.29539190000001 0
vertex 215.59774953044032 -49.35687900270876 0
endloop
endfacet
facet normal 0.09801714032955997 -0.9951847266721969 0
outer loop
vertex 214.9734605 -49.295391900000006 0.5
vertex 214.34917146954837 -49.35687900270966 0.5
vertex 214.3491714695557 -49.35687900270876 0
endloop
endfacet
facet normal 0.09801714032955997 -0.9951847266721969 0
outer loop
vertex 214.9734605 -49.295391900000006 0.5
vertex 214.3491714695557 -49.35687900270876 0
vertex 214.973460499998 -49.29539190000001 0
endloop
endfacet
facet normal 0.29028467725447593 -0.9569403357322048 0
outer loop
vertex 214.34917146954837 -49.35687900270966 0.5
vertex 213.74887351643162 -49.53897739596388 0.5
vertex 213.7488735164106 -49.53897739596797 0
endloop
endfacet
facet normal 0.29028467725447593 -0.9569403357322048 0
outer loop
vertex 214.34917146954837 -49.35687900270966 0.5
vertex 213.7488735164106 -49.53897739596797 0
vertex 214.3491714695557 -49.35687900270876 0
endloop
endfacet
facet normal 0.4713967368260084 -0.8819212643483493 0
outer loop
vertex 213.74887351643162 -49.53897739596388 0.5
vertex 213.19563575433733 -49.834689140631895 0.5
vertex 213.19563575434276 -49.83468914063803 0
endloop
endfacet
facet normal 0.4713967368260084 -0.8819212643483493 0
outer loop
vertex 213.74887351643162 -49.53897739596388 0.5
vertex 213.19563575434276 -49.83468914063803 0
vertex 213.7488735164106 -49.53897739596797 0
endloop
endfacet
facet normal 0.6343932841636208 -0.7730104533627572 0
outer loop
vertex 213.19563575433733 -49.834689140631895 0.5
vertex 212.71071880020298 -50.23265020020299 0.5
vertex 212.71071880021736 -50.23265020019954 0
endloop
endfacet
facet normal 0.6343932841636208 -0.7730104533627572 0
outer loop
vertex 213.19563575433733 -49.834689140631895 0.5
vertex 212.71071880021736 -50.23265020019954 0
vertex 213.19563575434276 -49.83468914063803 0
endloop
endfacet
facet normal 0.7730104533627375 -0.6343932841636448 0
outer loop
vertex 212.71071880020298 -50.23265020020299 0.5
vertex 212.31275774063187 -50.71756715433725 0.5
vertex 212.3127577406269 -50.71756715433142 0
endloop
endfacet
facet normal 0.7730104533627375 -0.6343932841636448 0
outer loop
vertex 212.71071880020298 -50.23265020020299 0.5
vertex 212.3127577406269 -50.71756715433142 0
vertex 212.71071880021736 -50.23265020019954 0
endloop
endfacet
facet normal 0.8819212643483734 -0.47139673682596345 0
outer loop
vertex 212.31275774063187 -50.71756715433725 0.5
vertex 212.01704599596388 -51.270804916431814 0.5
vertex 212.01704599595433 -51.27080491644289 0
endloop
endfacet
facet normal 0.8819212643483734 -0.47139673682596345 0
outer loop
vertex 212.31275774063187 -50.71756715433725 0.5
vertex 212.01704599595433 -51.27080491644289 0
vertex 212.3127577406269 -50.71756715433142 0
endloop
endfacet
facet normal 0.9569403357322048 -0.29028467725447593 0
outer loop
vertex 212.01704599596388 -51.270804916431814 0.5
vertex 211.83494760270963 -51.87110286954838 0.5
vertex 211.83494760271498 -51.87110286954557 0
endloop
endfacet
facet normal 0.9569403357322048 -0.29028467725447593 0
outer loop
vertex 212.01704599596388 -51.270804916431814 0.5
vertex 211.83494760271498 -51.87110286954557 0
vertex 212.01704599595433 -51.27080491644289 0
endloop
endfacet
facet normal 0.9951847266721956 -0.09801714032957415 0
outer loop
vertex 211.83494760270963 -51.87110286954838 0.5
vertex 211.7734605 -52.49539190000008 0.5
vertex 211.77346050000006 -52.495391899990835 0
endloop
endfacet
facet normal 0.9951847266721956 -0.09801714032957415 0
outer loop
vertex 211.83494760270963 -51.87110286954838 0.5
vertex 211.77346050000006 -52.495391899990835 0
vertex 211.83494760271498 -51.87110286954557 0
endloop
endfacet
facet normal 0.9951847266721956 0.09801714032957415 0
outer loop
vertex 211.7734605 -52.49539190000008 0.5
vertex 211.83494760270966 -53.119680930451615 0.5
vertex 211.83494760271083 -53.11968093045108 0
endloop
endfacet
facet normal 0.9951847266721956 0.09801714032957415 0
outer loop
vertex 211.7734605 -52.49539190000008 0.5
vertex 211.83494760271083 -53.11968093045108 0
vertex 211.77346050000006 -52.495391899990835 0
endloop
endfacet
facet normal 0.9569403357322048 0.29028467725447593 0
outer loop
vertex 211.83494760270966 -53.119680930451615 0.5
vertex 212.01704599596388 -53.71997888356832 0.5
vertex 212.01704599596874 -53.71997888358039 0
endloop
endfacet
facet normal 0.9569403357322048 0.29028467725447593 0
outer loop
vertex 211.83494760270966 -53.119680930451615 0.5
vertex 212.01704599596874 -53.71997888358039 0
vertex 211.83494760271083 -53.11968093045108 0
endloop
endfacet
facet normal 0.8819212643483734 0.47139673682596345 0
outer loop
vertex 212.01704599596388 -53.71997888356832 0.5
vertex 212.3127577406319 -54.27321664566271 0.5
vertex 212.31275774062712 -54.273216645656916 0
endloop
endfacet
facet normal 0.8819212643483734 0.47139673682596345 0
outer loop
vertex 212.01704599596388 -53.71997888356832 0.5
vertex 212.31275774062712 -54.273216645656916 0
vertex 212.01704599596874 -53.71997888358039 0
endloop
endfacet
facet normal 0.7730104533627319 0.6343932841636518 0
outer loop
vertex 212.3127577406319 -54.27321664566271 0.5
vertex 212.71071880020295 -54.758133599796885 0.5
vertex 212.71071880019778 -54.758133599790476 0
endloop
endfacet
facet normal 0.7730104533627319 0.6343932841636518 0
outer loop
vertex 212.3127577406319 -54.27321664566271 0.5
vertex 212.71071880019778 -54.758133599790476 0
vertex 212.31275774062712 -54.273216645656916 0
endloop
endfacet
facet normal 0.634393284163577 0.7730104533627932 3.2742489282373683e-12
outer loop
vertex 212.71071880020295 -54.758133599796885 0.5
vertex 213.19563575433742 -55.1560946593682 0.5
vertex 213.1956357543531 -55.15609465937896 0
endloop
endfacet
facet normal 0.634393284163577 0.7730104533627932 3.2742489282373683e-12
outer loop
vertex 212.71071880020295 -54.758133599796885 0.5
vertex 213.1956357543531 -55.15609465937896 0
vertex 213.16817073768485 -55.13355470270956 0
endloop
endfacet
facet normal 0.634393284163577 0.7730104533627932 3.2742489282373683e-12
outer loop
vertex 212.71071880020295 -54.758133599796885 0.5
vertex 213.16817073768485 -55.13355470270956 0
vertex 213.09324848625502 -55.07206759999998 0
endloop
endfacet
facet normal 0.634393284163577 0.7730104533627932 3.2742489282373683e-12
outer loop
vertex 212.71071880020295 -54.758133599796885 0.5
vertex 213.09324848625502 -55.07206759999998 0
vertex 212.71071880019778 -54.758133599790476 0
endloop
endfacet
facet normal 0.47139673682605454 0.8819212643483247 -4.149954109015043e-12
outer loop
vertex 213.19563575433742 -55.1560946593682 0.5
vertex 213.74887351643164 -55.451806404036105 0.5
vertex 213.74887351642565 -55.45180640403525 0
endloop
endfacet
facet normal 0.47139673682605454 0.8819212643483247 -4.149954109015043e-12
outer loop
vertex 213.19563575433742 -55.1560946593682 0.5
vertex 213.74887351642565 -55.45180640403525 0
vertex 213.49414859319918 -55.31565309596648 0
endloop
endfacet
facet normal 0.47139673682605454 0.8819212643483247 -4.149954109015043e-12
outer loop
vertex 213.19563575433742 -55.1560946593682 0.5
vertex 213.49414859319918 -55.31565309596648 0
vertex 213.1956357543531 -55.15609465937896 0
endloop
endfacet
facet normal 0.29028467725447626 0.9569403357322046 -1.8352554159942078e-12
outer loop
vertex 213.74887351643164 -55.451806404036105 0.5
vertex 214.34917146954837 -55.63390479729035 0.5
vertex 214.3491714695425 -55.63390479728953 0
endloop
endfacet
facet normal 0.29028467725447626 0.9569403357322046 -1.8352554159942078e-12
outer loop
vertex 213.74887351643164 -55.451806404036105 0.5
vertex 214.3491714695425 -55.63390479728953 0
vertex 214.2748671903697 -55.61136484062462 0
endloop
endfacet
facet normal 0.29028467725447626 0.9569403357322046 -1.8352554159942078e-12
outer loop
vertex 213.74887351643164 -55.451806404036105 0.5
vertex 214.2748671903697 -55.61136484062462 0
vertex 213.74887351642565 -55.45180640403525 0
endloop
endfacet
facet normal 0.09801714032956002 0.9951847266721969 0
outer loop
vertex 214.34917146954837 -55.63390479729035 0.5
vertex 214.97346050000002 -55.69539190000001 0.5
vertex 214.97346050000024 -55.6953918999998 0
endloop
endfacet
facet normal 0.09801714032956002 0.9951847266721969 0
outer loop
vertex 214.34917146954837 -55.63390479729035 0.5
vertex 214.97346050000024 -55.6953918999998 0
vertex 214.3491714695425 -55.63390479728953 0
endloop
endfacet
facet normal -0.09801714032955997 0.9951847266721969 0
outer loop
vertex 214.97346050000002 -55.69539190000001 0.5
vertex 215.59774953045158 -55.63390479729035 0.5
vertex 215.5977495304469 -55.63390479728953 0
endloop
endfacet
facet normal -0.09801714032955997 0.9951847266721969 0
outer loop
vertex 214.97346050000002 -55.69539190000001 0.5
vertex 215.5977495304469 -55.63390479728953 0
vertex 214.97346050000024 -55.6953918999998 0
endloop
endfacet
facet normal -0.29028467725447593 0.9569403357322048 0
outer loop
vertex 215.59774953045158 -55.63390479729035 0.5
vertex 216.1980474835683 -55.451806404036105 0.5
vertex 216.19804748358027 -55.45180640403525 0
endloop
endfacet
facet normal -0.29028467725447593 0.9569403357322048 0
outer loop
vertex 215.59774953045158 -55.63390479729035 0.5
vertex 216.19804748358027 -55.45180640403525 0
vertex 215.5977495304469 -55.63390479728953 0
endloop
endfacet
facet normal -0.47139673682599736 0.8819212643483552 0
outer loop
vertex 216.1980474835683 -55.451806404036105 0.5
vertex 216.7512852456626 -55.1560946593682 0.5
vertex 216.75128524564994 -55.15609465937896 0
endloop
endfacet
facet normal -0.47139673682599736 0.8819212643483552 0
outer loop
vertex 216.1980474835683 -55.451806404036105 0.5
vertex 216.75128524564994 -55.15609465937896 0
vertex 216.19804748358027 -55.45180640403525 0
endloop
endfacet
facet normal -0.6343932841636518 0.7730104533627319 0
outer loop
vertex 216.7512852456626 -55.1560946593682 0.5
vertex 217.236202199797 -54.758133599796885 0.5
vertex 217.2362021998029 -54.758133599790476 0
endloop
endfacet
facet normal -0.6343932841636518 0.7730104533627319 0
outer loop
vertex 216.7512852456626 -55.1560946593682 0.5
vertex 217.2362021998029 -54.758133599790476 0
vertex 216.75128524564994 -55.15609465937896 0
endloop
endfacet
facet normal -0.7730104533627319 0.6343932841636518 0
outer loop
vertex 217.236202199797 -54.758133599796885 0.5
vertex 217.63416325936817 -54.27321664566271 0.5
vertex 217.63416325936532 -54.273216645656916 0
endloop
endfacet
facet normal -0.7730104533627319 0.6343932841636518 0
outer loop
vertex 217.236202199797 -54.758133599796885 0.5
vertex 217.63416325936532 -54.273216645656916 0
vertex 217.2362021998029 -54.758133599790476 0
endloop
endfacet
facet normal -0.8819212643483734 0.47139673682596345 0
outer loop
vertex 217.63416325936817 -54.27321664566271 0.5
vertex 217.92987500403606 -53.71997888356832 0.5
vertex 217.9298750040377 -53.71997888358039 0
endloop
endfacet
facet normal -0.8819212643483734 0.47139673682596345 0
outer loop
vertex 217.63416325936817 -54.27321664566271 0.5
vertex 217.9298750040377 -53.71997888358039 0
vertex 217.63416325936532 -54.273216645656916 0
endloop
endfacet
facet normal -0.9569403357322042 0.2902846772544779 0
outer loop
vertex 217.92987500403606 -53.71997888356832 0.5
vertex 218.1119733972903 -53.119680930451615 0.5
vertex 218.111973397289 -53.11968093045108 0
endloop
endfacet
facet normal -0.9569403357322042 0.2902846772544779 0
outer loop
vertex 217.92987500403606 -53.71997888356832 0.5
vertex 218.111973397289 -53.11968093045108 0
vertex 217.9298750040377 -53.71997888358039 0
endloop
endfacet
facet normal -0.9951847266721956 0.09801714032957415 0
outer loop
vertex 141.66229249729034 -121.01888463045154 0.5
vertex 141.7237796 -120.39459559999997 0.5
vertex 141.72377960000017 -120.3945955999841 0
endloop
endfacet
facet normal -0.9951847266721956 0.09801714032957415 0
outer loop
vertex 141.66229249729034 -121.01888463045154 0.5
vertex 141.72377960000017 -120.3945955999841 0
vertex 141.66229249728886 -121.01888463045228 0
endloop
endfacet
facet normal -0.9951847266721956 -0.09801714032957415 0
outer loop
vertex 141.7237796 -120.39459559999997 0.5
vertex 141.66229249729034 -119.77030656954858 0.5
vertex 141.66229249729267 -119.7703065695546 0
endloop
endfacet
facet normal -0.9951847266721956 -0.09801714032957415 0
outer loop
vertex 141.7237796 -120.39459559999997 0.5
vertex 141.66229249729267 -119.7703065695546 0
vertex 141.72377960000017 -120.3945955999841 0
endloop
endfacet
facet normal -0.9569403357322045 -0.29028467725447693 0
outer loop
vertex 141.66229249729034 -119.77030656954858 0.5
vertex 141.4801941040362 -119.17000861643167 0.5
vertex 141.48019410403688 -119.17000861643771 0
endloop
endfacet
facet normal -0.9569403357322045 -0.29028467725447693 0
outer loop
vertex 141.66229249729034 -119.77030656954858 0.5
vertex 141.48019410403688 -119.17000861643771 0
vertex 141.66229249729267 -119.7703065695546 0
endloop
endfacet
facet normal -0.8819212643483717 -0.4713967368259664 0
outer loop
vertex 141.4801941040362 -119.17000861643167 0.5
vertex 141.1844823593681 -118.61677085433726 0.5
vertex 141.1844823593695 -118.61677085433654 0
endloop
endfacet
facet normal -0.8819212643483717 -0.4713967368259664 0
outer loop
vertex 141.4801941040362 -119.17000861643167 0.5
vertex 141.1844823593695 -118.61677085433654 0
vertex 141.48019410403688 -119.17000861643771 0
endloop
endfacet
facet normal -0.7730104533627332 -0.6343932841636499 0
outer loop
vertex 141.1844823593681 -118.61677085433726 0.5
vertex 140.786521299797 -118.13185390020303 0.5
vertex 140.7865212997954 -118.13185390020224 0
endloop
endfacet
facet normal -0.7730104533627332 -0.6343932841636499 0
outer loop
vertex 141.1844823593681 -118.61677085433726 0.5
vertex 140.7865212997954 -118.13185390020224 0
vertex 141.1844823593695 -118.61677085433654 0
endloop
endfacet
facet normal -0.6343932841636604 -0.7730104533627249 0
outer loop
vertex 140.786521299797 -118.13185390020303 0.5
vertex 140.30160434566267 -117.73389284063184 0.5
vertex 140.30160434566397 -117.7338928406327 0
endloop
endfacet
facet normal -0.6343932841636604 -0.7730104533627249 0
outer loop
vertex 140.786521299797 -118.13185390020303 0.5
vertex 140.30160434566397 -117.7338928406327 0
vertex 140.7865212997954 -118.13185390020224 0
endloop
endfacet
facet normal -0.4713967368259944 -0.8819212643483568 0
outer loop
vertex 140.30160434566267 -117.73389284063184 0.5
vertex 139.74836658356824 -117.43818109596388 0.5
vertex 139.74836658357205 -117.43818109596609 0
endloop
endfacet
facet normal -0.4713967368259944 -0.8819212643483568 0
outer loop
vertex 140.30160434566267 -117.73389284063184 0.5
vertex 139.74836658357205 -117.43818109596609 0
vertex 140.30160434566397 -117.7338928406327 0
endloop
endfacet
facet normal -0.29028467725447593 -0.9569403357322048 0
outer loop
vertex 139.74836658356824 -117.43818109596388 0.5
vertex 139.1480686304517 -117.25608270270965 0.5
vertex 139.1480686304472 -117.25608270270938 0
endloop
endfacet
facet normal -0.29028467725447593 -0.9569403357322048 0
outer loop
vertex 139.74836658356824 -117.43818109596388 0.5
vertex 139.1480686304472 -117.25608270270938 0
vertex 139.74836658357205 -117.43818109596609 0
endloop
endfacet
facet normal -0.09801714032956006 -0.9951847266721969 0
outer loop
vertex 139.1480686304517 -117.25608270270965 0.5
vertex 138.52377959999987 -117.1945956 0.5
vertex 138.5237796000079 -117.19459560000094 0
endloop
endfacet
facet normal -0.09801714032956006 -0.9951847266721969 0
outer loop
vertex 139.1480686304517 -117.25608270270965 0.5
vertex 138.5237796000079 -117.19459560000094 0
vertex 139.1480686304472 -117.25608270270938 0
endloop
endfacet
facet normal 0.09801714032954582 -0.9951847266721984 0
outer loop
vertex 138.52377959999987 -117.1945956 0.5
vertex 137.89949056954842 -117.25608270270965 0.5
vertex 137.89949056956857 -117.25608270270938 0
endloop
endfacet
facet normal 0.09801714032954582 -0.9951847266721984 0
outer loop
vertex 138.52377959999987 -117.1945956 0.5
vertex 137.89949056956857 -117.25608270270938 0
vertex 138.5237796000079 -117.19459560000094 0
endloop
endfacet
facet normal 0.29028467725447593 -0.9569403357322048 0
outer loop
vertex 137.89949056954842 -117.25608270270965 0.5
vertex 137.29919261643172 -117.43818109596388 0.5
vertex 137.29919261641479 -117.43818109596609 0
endloop
endfacet
facet normal 0.29028467725447593 -0.9569403357322048 0
outer loop
vertex 137.89949056954842 -117.25608270270965 0.5
vertex 137.29919261641479 -117.43818109596609 0
vertex 137.89949056956857 -117.25608270270938 0
endloop
endfacet
facet normal 0.47139673682599736 -0.8819212643483552 0
outer loop
vertex 137.29919261643172 -117.43818109596388 0.5
vertex 136.7459548543373 -117.73389284063184 0.5
vertex 136.7459548543395 -117.7338928406327 0
endloop
endfacet
facet normal 0.47139673682599736 -0.8819212643483552 0
outer loop
vertex 137.29919261643172 -117.43818109596388 0.5
vertex 136.7459548543395 -117.7338928406327 0
vertex 137.29919261641479 -117.43818109596609 0
endloop
endfacet
facet normal 0.6343932841636518 -0.7730104533627319 0
outer loop
vertex 136.7459548543373 -117.73389284063184 0.5
vertex 136.2610379002031 -118.13185390020303 0.5
vertex 136.26103790020386 -118.13185390020224 0
endloop
endfacet
facet normal 0.6343932841636518 -0.7730104533627319 0
outer loop
vertex 136.7459548543373 -117.73389284063184 0.5
vertex 136.26103790020386 -118.13185390020224 0
vertex 136.7459548543395 -117.7338928406327 0
endloop
endfacet
facet normal 0.7730104533627319 -0.6343932841636518 0
outer loop
vertex 136.2610379002031 -118.13185390020303 0.5
vertex 135.86307684063186 -118.61677085433726 0.5
vertex 135.8630768406326 -118.61677085433654 0
endloop
endfacet
facet normal 0.7730104533627319 -0.6343932841636518 0
outer loop
vertex 136.2610379002031 -118.13185390020303 0.5
vertex 135.8630768406326 -118.61677085433654 0
vertex 136.26103790020386 -118.13185390020224 0
endloop
endfacet
facet normal 0.8819212643483701 -0.47139673682596933 0
outer loop
vertex 135.86307684063186 -118.61677085433726 0.5
vertex 135.56736509596394 -119.17000861643167 0.5
vertex 135.56736509596104 -119.17000861643771 0
endloop
endfacet
facet normal 0.8819212643483701 -0.47139673682596933 0
outer loop
vertex 135.86307684063186 -118.61677085433726 0.5
vertex 135.56736509596104 -119.17000861643771 0
vertex 135.8630768406326 -118.61677085433654 0
endloop
endfacet
facet normal 0.9569403357322048 -0.29028467725447593 0
outer loop
vertex 135.56736509596394 -119.17000861643167 0.5
vertex 135.38526670270966 -119.77030656954858 0.5
vertex 135.38526670270673 -119.7703065695546 0
endloop
endfacet
facet normal 0.9569403357322048 -0.29028467725447593 0
outer loop
vertex 135.56736509596394 -119.17000861643167 0.5
vertex 135.38526670270673 -119.7703065695546 0
vertex 135.56736509596104 -119.17000861643771 0
endloop
endfacet
facet normal 0.9951847266721956 -0.09801714032957415 0
outer loop
vertex 135.38526670270966 -119.77030656954858 0.5
vertex 135.32377960000002 -120.39459559999997 0.5
vertex 135.3237796000005 -120.3945955999841 0
endloop
endfacet
facet normal 0.9951847266721956 -0.09801714032957415 0
outer loop
vertex 135.38526670270966 -119.77030656954858 0.5
vertex 135.3237796000005 -120.3945955999841 0
vertex 135.38526670270673 -119.7703065695546 0
endloop
endfacet
facet normal 0.9951847266721984 0.09801714032954582 0
outer loop
vertex 135.32377960000002 -120.39459559999997 0.5
vertex 135.38526670270969 -121.01888463045154 0.5
vertex 135.38526670270969 -121.01888463045228 0
endloop
endfacet
facet normal 0.9951847266721984 0.09801714032954582 0
outer loop
vertex 135.32377960000002 -120.39459559999997 0.5
vertex 135.38526670270969 -121.01888463045228 0
vertex 135.3237796000005 -120.3945955999841 0
endloop
endfacet
facet normal 0.956940335732209 0.29028467725446194 0
outer loop
vertex 135.38526670270969 -121.01888463045154 0.5
vertex 135.5673650959639 -121.6191825835683 0.5
vertex 135.56736509596027 -121.61918258355921 0
endloop
endfacet
facet normal 0.956940335732209 0.29028467725446194 0
outer loop
vertex 135.38526670270969 -121.01888463045154 0.5
vertex 135.56736509596027 -121.61918258355921 0
vertex 135.38526670270969 -121.01888463045228 0
endloop
endfacet
facet normal 0.8819212643483644 0.47139673682598043 0
outer loop
vertex 135.5673650959639 -121.6191825835683 0.5
vertex 135.86307684063186 -122.17242034566294 0.5
vertex 135.86307684063317 -122.1724203456629 0
endloop
endfacet
facet normal 0.8819212643483644 0.47139673682598043 0
outer loop
vertex 135.5673650959639 -121.6191825835683 0.5
vertex 135.86307684063317 -122.1724203456629 0
vertex 135.56736509596027 -121.61918258355921 0
endloop
endfacet
facet normal 0.7730104533627188 0.6343932841636676 0
outer loop
vertex 135.86307684063186 -122.17242034566294 0.5
vertex 136.26103790020304 -122.65733729979695 0.5
vertex 136.26103790021097 -122.65733729980515 0
endloop
endfacet
facet normal 0.7730104533627188 0.6343932841636676 0
outer loop
vertex 135.86307684063186 -122.17242034566294 0.5
vertex 136.26103790021097 -122.65733729980515 0
vertex 135.86307684063317 -122.1724203456629 0
endloop
endfacet
facet normal 0.634393284163652 0.7730104533627317 0
outer loop
vertex 136.26103790020304 -122.65733729979695 0.5
vertex 136.74595485433727 -123.05529835936812 0.5
vertex 136.74595485433798 -123.05529835937043 0
endloop
endfacet
facet normal 0.634393284163652 0.7730104533627317 0
outer loop
vertex 136.26103790020304 -122.65733729979695 0.5
vertex 136.74595485433798 -123.05529835937043 0
vertex 136.26103790021097 -122.65733729980515 0
endloop
endfacet
facet normal 0.4713967368260154 0.8819212643483455 0
outer loop
vertex 136.74595485433727 -123.05529835936812 0.5
vertex 137.2991926164317 -123.35101010403618 0.5
vertex 137.29919261643434 -123.35101010403943 0
endloop
endfacet
facet normal 0.4713967368260154 0.8819212643483455 0
outer loop
vertex 136.74595485433727 -123.05529835936812 0.5
vertex 137.29919261643434 -123.35101010403943 0
vertex 136.74595485433798 -123.05529835937043 0
endloop
endfacet
facet normal 0.29028467725447593 0.9569403357322048 0
outer loop
vertex 137.2991926164317 -123.35101010403618 0.5
vertex 137.89949056954836 -123.53310849729033 0.5
vertex 137.89949056953648 -123.53310849728926 0
endloop
endfacet
facet normal 0.29028467725447593 0.9569403357322048 0
outer loop
vertex 137.2991926164317 -123.35101010403618 0.5
vertex 137.89949056953648 -123.53310849728926 0
vertex 137.29919261643434 -123.35101010403943 0
endloop
endfacet
facet normal 0.09801714032957415 0.9951847266721956 0
outer loop
vertex 137.89949056954836 -123.53310849729033 0.5
vertex 138.52377960000004 -123.5945956 0.5
vertex 138.52377960000837 -123.59459560000093 0
endloop
endfacet
facet normal 0.09801714032957415 0.9951847266721956 0
outer loop
vertex 137.89949056954836 -123.53310849729033 0.5
vertex 138.52377960000837 -123.59459560000093 0
vertex 137.89949056953648 -123.53310849728926 0
endloop
endfacet
facet normal -0.09801714032954582 0.9951847266721984 0
outer loop
vertex 138.52377960000004 -123.5945956 0.5
vertex 139.14806863045175 -123.53310849729033 0.5
vertex 139.14806863044527 -123.53310849728926 0
endloop
endfacet
facet normal -0.09801714032954582 0.9951847266721984 0
outer loop
vertex 138.52377960000004 -123.5945956 0.5
vertex 139.14806863044527 -123.53310849728926 0
vertex 138.52377960000837 -123.59459560000093 0
endloop
endfacet
facet normal -0.29028467725447593 0.9569403357322049 0
outer loop
vertex 139.14806863045175 -123.53310849729033 0.5
vertex 139.74836658356818 -123.35101010403618 0.5
vertex 139.7483665835711 -123.35101010403943 0
endloop
endfacet
facet normal -0.29028467725447593 0.9569403357322049 0
outer loop
vertex 139.14806863045175 -123.53310849729033 0.5
vertex 139.7483665835711 -123.35101010403943 0
vertex 139.14806863044527 -123.53310849728926 0
endloop
endfacet
facet normal -0.47139673682599736 0.8819212643483552 0
outer loop
vertex 139.74836658356818 -123.35101010403618 0.5
vertex 140.30160434566278 -123.05529835936812 0.5
vertex 140.3016043456583 -123.05529835937043 0
endloop
endfacet
facet normal -0.47139673682599736 0.8819212643483552 0
outer loop
vertex 139.74836658356818 -123.35101010403618 0.5
vertex 140.3016043456583 -123.05529835937043 0
vertex 139.7483665835711 -123.35101010403943 0
endloop
endfacet
facet normal -0.6343932841636518 0.7730104533627319 0
outer loop
vertex 140.30160434566278 -123.05529835936812 0.5
vertex 140.786521299797 -122.65733729979695 0.5
vertex 140.78652129979793 -122.65733729980515 0
endloop
endfacet
facet normal -0.6343932841636518 0.7730104533627319 0
outer loop
vertex 140.30160434566278 -123.05529835936812 0.5
vertex 140.78652129979793 -122.65733729980515 0
vertex 140.3016043456583 -123.05529835937043 0
endloop
endfacet
facet normal -0.7730104533627319 0.6343932841636518 0
outer loop
vertex 140.786521299797 -122.65733729979695 0.5
vertex 141.18448235936802 -122.17242034566294 0.5
vertex 141.1844823593658 -122.1724203456629 0
endloop
endfacet
facet normal -0.7730104533627319 0.6343932841636518 0
outer loop
vertex 140.786521299797 -122.65733729979695 0.5
vertex 141.1844823593658 -122.1724203456629 0
vertex 140.78652129979793 -122.65733729980515 0
endloop
endfacet
facet normal -0.8819212643483584 0.4713967368259914 0
outer loop
vertex 141.18448235936802 -122.17242034566294 0.5
vertex 141.4801941040362 -121.6191825835683 0.5
vertex 141.48019410403452 -121.61918258355921 0
endloop
endfacet
facet normal -0.8819212643483584 0.4713967368259914 0
outer loop
vertex 141.18448235936802 -122.17242034566294 0.5
vertex 141.48019410403452 -121.61918258355921 0
vertex 141.1844823593658 -122.1724203456629 0
endloop
endfacet
facet normal -0.9569403357322048 0.29028467725447593 0
outer loop
vertex 141.4801941040362 -121.6191825835683 0.5
vertex 141.66229249729034 -121.01888463045154 0.5
vertex 141.66229249728886 -121.01888463045228 0
endloop
endfacet
facet normal -0.9569403357322048 0.29028467725447593 0
outer loop
vertex 141.4801941040362 -121.6191825835683 0.5
vertex 141.66229249728886 -121.01888463045228 0
vertex 141.48019410403452 -121.61918258355921 0
endloop
endfacet
facet normal -0.9951847266721927 0.09801714032960263 0
outer loop
vertex 214.95765449729032 -127.93872103045155 0.5
vertex 215.01914159999998 -127.31443200000001 0.5
vertex 215.01914159999967 -127.31443199997899 0
endloop
endfacet
facet normal -0.9951847266721927 0.09801714032960263 0
outer loop
vertex 214.95765449729032 -127.93872103045155 0.5
vertex 215.01914159999967 -127.31443199997899 0
vertex 214.95765449728665 -127.93872103046446 0
endloop
endfacet
facet normal -0.9951847266721956 -0.09801714032957415 0
outer loop
vertex 215.01914159999998 -127.31443200000001 0.5
vertex 214.95765449729032 -126.69014296954848 0.5
vertex 214.9576544972918 -126.69014296954546 0
endloop
endfacet
facet normal -0.9951847266721956 -0.09801714032957415 0
outer loop
vertex 215.01914159999998 -127.31443200000001 0.5
vertex 214.9576544972918 -126.69014296954546 0
vertex 215.01914159999967 -127.31443199997899 0
endloop
endfacet
facet normal -0.9569403357322048 -0.29028467725447593 0
outer loop
vertex 214.95765449729032 -126.69014296954848 0.5
vertex 214.77555610403604 -126.08984501643164 0.5
vertex 214.7755561040417 -126.08984501644242 0
endloop
endfacet
facet normal -0.9569403357322048 -0.29028467725447593 0
outer loop
vertex 214.95765449729032 -126.69014296954848 0.5
vertex 214.7755561040417 -126.08984501644242 0
vertex 214.9576544972918 -126.69014296954546 0
endloop
endfacet
facet normal -0.8819212643483717 -0.4713967368259664 0
outer loop
vertex 214.77555610403604 -126.08984501643164 0.5
vertex 214.47984435936812 -125.53660725433726 0.5
vertex 214.4798443593625 -125.53660725432691 0
endloop
endfacet
facet normal -0.8819212643483717 -0.4713967368259664 0
outer loop
vertex 214.77555610403604 -126.08984501643164 0.5
vertex 214.4798443593625 -125.53660725432691 0
vertex 214.7755561040417 -126.08984501644242 0
endloop
endfacet
facet normal -0.773010453362722 -0.6343932841636638 0
outer loop
vertex 214.47984435936812 -125.53660725433726 0.5
vertex 214.0818832997969 -125.05169030020302 0.5
vertex 214.0818832998078 -125.05169030021278 0
endloop
endfacet
facet normal -0.773010453362722 -0.6343932841636638 0
outer loop
vertex 214.47984435936812 -125.53660725433726 0.5
vertex 214.0818832998078 -125.05169030021278 0
vertex 214.4798443593625 -125.53660725432691 0
endloop
endfacet
facet normal -0.6343932841636754 -0.7730104533627125 0
outer loop
vertex 214.0818832997969 -125.05169030020302 0.5
vertex 213.59696634566276 -124.65372924063186 0.5
vertex 213.59696634565668 -124.65372924062771 0
endloop
endfacet
facet normal -0.6343932841636754 -0.7730104533627125 0
outer loop
vertex 214.0818832997969 -125.05169030020302 0.5
vertex 213.59696634565668 -124.65372924062771 0
vertex 214.0818832998078 -125.05169030021278 0
endloop
endfacet
facet normal -0.47139673682598027 -0.8819212643483645 0
outer loop
vertex 213.59696634566276 -124.65372924063186 0.5
vertex 213.04372858356828 -124.35801749596388 0.5
vertex 213.04372858356786 -124.35801749595856 0
endloop
endfacet
facet normal -0.47139673682598027 -0.8819212643483645 0
outer loop
vertex 213.59696634566276 -124.65372924063186 0.5
vertex 213.04372858356786 -124.35801749595856 0
vertex 213.59696634565668 -124.65372924062771 0
endloop
endfacet
facet normal -0.29028467725446194 -0.956940335732209 0
outer loop
vertex 213.04372858356828 -124.35801749596388 0.5
vertex 212.44343063045162 -124.17591910270963 0.5
vertex 212.44343063045739 -124.17591910271041 0
endloop
endfacet
facet normal -0.29028467725446194 -0.956940335732209 0
outer loop
vertex 213.04372858356828 -124.35801749596388 0.5
vertex 212.44343063045739 -124.17591910271041 0
vertex 213.04372858356786 -124.35801749595856 0
endloop
endfacet
facet normal -0.09801714032956006 -0.9951847266721969 0
outer loop
vertex 212.44343063045162 -124.17591910270963 0.5
vertex 211.81914159999994 -124.114432 0.5
vertex 211.81914160001247 -124.11443200000141 0
endloop
endfacet
facet normal -0.09801714032956006 -0.9951847266721969 0
outer loop
vertex 212.44343063045162 -124.17591910270963 0.5
vertex 211.81914160001247 -124.11443200000141 0
vertex 212.44343063045739 -124.17591910271041 0
endloop
endfacet
facet normal 0.09801714032954582 -0.9951847266721984 0
outer loop
vertex 211.81914159999994 -124.114432 0.5
vertex 211.19485256954852 -124.17591910270963 0.5
vertex 211.19485256956764 -124.17591910271041 0
endloop
endfacet
facet normal 0.09801714032954582 -0.9951847266721984 0
outer loop
vertex 211.81914159999994 -124.114432 0.5
vertex 211.19485256956764 -124.17591910271041 0
vertex 211.81914160001247 -124.11443200000141 0
endloop
endfacet
facet normal 0.29028467725447593 -0.9569403357322048 0
outer loop
vertex 211.19485256954852 -124.17591910270963 0.5
vertex 210.5945546164317 -124.35801749596388 0.5
vertex 210.59455461644427 -124.35801749595856 0
endloop
endfacet
facet normal 0.29028467725447593 -0.9569403357322048 0
outer loop
vertex 211.19485256954852 -124.17591910270963 0.5
vertex 210.59455461644427 -124.35801749595856 0
vertex 211.19485256956764 -124.17591910271041 0
endloop
endfacet
facet normal 0.47139673682599736 -0.8819212643483552 0
outer loop
vertex 210.5945546164317 -124.35801749596388 0.5
vertex 210.04131685433725 -124.65372924063186 0.5
vertex 210.04131685434763 -124.65372924062771 0
endloop
endfacet
facet normal 0.47139673682599736 -0.8819212643483552 0
outer loop
vertex 210.5945546164317 -124.35801749596388 0.5
vertex 210.04131685434763 -124.65372924062771 0
vertex 210.59455461644427 -124.35801749595856 0
endloop
endfacet
facet normal 0.6343932841636518 -0.7730104533627319 0
outer loop
vertex 210.04131685433725 -124.65372924063186 0.5
vertex 209.5563999002031 -125.05169030020302 0.5
vertex 209.55639990018912 -125.05169030021278 0
endloop
endfacet
facet normal 0.6343932841636518 -0.7730104533627319 0
outer loop
vertex 210.04131685433725 -124.65372924063186 0.5
vertex 209.55639990018912 -125.05169030021278 0
vertex 210.04131685434763 -124.65372924062771 0
endloop
endfacet
facet normal 0.7730104533626473 -0.6343932841637547 -3.1945186970460827e-14
outer loop
vertex 209.5563999002031 -125.05169030020302 0.5
vertex 209.1584388406318 -125.53660725433726 0.5
vertex 209.15843884064026 -125.53660725432691 0
endloop
endfacet
facet normal 0.7730104533626473 -0.6343932841637547 -3.1945186970460827e-14
outer loop
vertex 209.5563999002031 -125.05169030020302 0.5
vertex 209.15843884064026 -125.53660725432691 0
vertex 209.51534134046443 -125.10172030000001 0
endloop
endfacet
facet normal 0.7730104533626473 -0.6343932841637547 -3.1945186970460827e-14
outer loop
vertex 209.5563999002031 -125.05169030020302 0.5
vertex 209.51534134046443 -125.10172030000001 0
vertex 209.55639990018912 -125.05169030021278 0
endloop
endfacet
facet normal 0.8819212643484413 -0.4713967368258364 4.247559486378491e-14
outer loop
vertex 209.1584388406318 -125.53660725433726 0.5
vertex 208.86272709596398 -126.08984501643164 0.5
vertex 208.86272709595823 -126.08984501644242 0
endloop
endfacet
facet normal 0.8819212643484413 -0.4713967368258364 4.247559486378491e-14
outer loop
vertex 209.1584388406318 -125.53660725433726 0.5
vertex 208.86272709595823 -126.08984501644242 0
vertex 209.01819287570498 -125.79898900000008 0
endloop
endfacet
facet normal 0.8819212643484413 -0.4713967368258364 4.247559486378491e-14
outer loop
vertex 209.1584388406318 -125.53660725433726 0.5
vertex 209.01819287570498 -125.79898900000008 0
vertex 209.04281771445994 -125.75291916702794 0
endloop
endfacet
facet normal 0.8819212643484413 -0.4713967368258364 4.247559486378491e-14
outer loop
vertex 209.1584388406318 -125.53660725433726 0.5
vertex 209.04281771445994 -125.75291916702794 0
vertex 209.05837769939674 -125.72380848272184 0
endloop
endfacet
facet normal 0.8819212643484413 -0.4713967368258364 4.247559486378491e-14
outer loop
vertex 209.1584388406318 -125.53660725433726 0.5
vertex 209.05837769939674 -125.72380848272184 0
vertex 209.06473863993475 -125.71190800000001 0
endloop
endfacet
facet normal 0.8819212643484413 -0.4713967368258364 4.247559486378491e-14
outer loop
vertex 209.1584388406318 -125.53660725433726 0.5
vertex 209.06473863993475 -125.71190800000001 0
vertex 209.15843884064026 -125.53660725432691 0
endloop
endfacet
facet normal 0.9569403357322042 -0.2902846772544779 0
outer loop
vertex 208.86272709596398 -126.08984501643164 0.5
vertex 208.68062870270958 -126.69014296954848 0.5
vertex 208.68062870271146 -126.69014296954546 0
endloop
endfacet
facet normal 0.9569403357322042 -0.2902846772544779 0
outer loop
vertex 208.86272709596398 -126.08984501643164 0.5
vertex 208.68062870271146 -126.69014296954546 0
vertex 208.86272709595823 -126.08984501644242 0
endloop
endfacet
facet normal 0.9951847266721956 -0.09801714032957415 0
outer loop
vertex 208.68062870270958 -126.69014296954848 0.5
vertex 208.61914159999998 -127.31443200000001 0.5
vertex 208.61914160000026 -127.31443199997899 0
endloop
endfacet
facet normal 0.9951847266721956 -0.09801714032957415 0
outer loop
vertex 208.68062870270958 -126.69014296954848 0.5
vertex 208.61914160000026 -127.31443199997899 0
vertex 208.68062870271146 -126.69014296954546 0
endloop
endfacet
facet normal 0.9951847266721985 0.09801714032954566 0
outer loop
vertex 208.61914159999998 -127.31443200000001 0.5
vertex 208.68062870270967 -127.93872103045155 0.5
vertex 208.68062870271228 -127.93872103046446 0
endloop
endfacet
facet normal 0.9951847266721985 0.09801714032954566 0
outer loop
vertex 208.61914159999998 -127.31443200000001 0.5
vertex 208.68062870271228 -127.93872103046446 0
vertex 208.61914160000026 -127.31443199997899 0
endloop
endfacet
facet normal 0.9569403357322217 0.2902846772544199 0
outer loop
vertex 208.68062870270967 -127.93872103045155 0.5
vertex 208.86272709596392 -128.53901898356824 0.5
vertex 208.8627270959606 -128.53901898356534 0
endloop
endfacet
facet normal 0.9569403357322217 0.2902846772544199 0
outer loop
vertex 208.68062870270967 -127.93872103045155 0.5
vertex 208.8627270959606 -128.53901898356534 0
vertex 208.68062870271228 -127.93872103046446 0
endloop
endfacet
facet normal 0.8819212643483568 0.4713967368259944 0
outer loop
vertex 208.86272709596392 -128.53901898356824 0.5
vertex 209.15843884063185 -129.09225674566278 0.5
vertex 209.15843884062295 -129.09225674564928 0
endloop
endfacet
facet normal 0.8819212643483568 0.4713967368259944 0
outer loop
vertex 208.86272709596392 -128.53901898356824 0.5
vertex 209.15843884062295 -129.09225674564928 0
vertex 208.8627270959606 -128.53901898356534 0
endloop
endfacet
facet normal 0.7730104533627319 0.6343932841636518 0
outer loop
vertex 209.15843884063185 -129.09225674566278 0.5
vertex 209.55639990020302 -129.577173699797 0.5
vertex 209.55639990020356 -129.57717369979497 0
endloop
endfacet
facet normal 0.7730104533627319 0.6343932841636518 0
outer loop
vertex 209.15843884063185 -129.09225674566278 0.5
vertex 209.55639990020356 -129.57717369979497 0
vertex 209.15843884062295 -129.09225674564928 0
endloop
endfacet
facet normal 0.6343932841636286 0.773010453362751 0
outer loop
vertex 209.55639990020302 -129.577173699797 0.5
vertex 210.04131685433717 -129.97513475936807 0.5
vertex 210.04131685433813 -129.97513475936788 0
endloop
endfacet
facet normal 0.6343932841636286 0.773010453362751 0
outer loop
vertex 209.55639990020302 -129.577173699797 0.5
vertex 210.04131685433813 -129.97513475936788 0
vertex 209.55639990020356 -129.57717369979497 0
endloop
endfacet
facet normal 0.471396736826014 0.8819212643483463 0
outer loop
vertex 210.04131685433717 -129.97513475936807 0.5
vertex 210.59455461643182 -130.2708465040361 0.5
vertex 210.59455461642577 -130.27084650403458 0
endloop
endfacet
facet normal 0.471396736826014 0.8819212643483463 0
outer loop
vertex 210.04131685433717 -129.97513475936807 0.5
vertex 210.59455461642577 -130.27084650403458 0
vertex 210.04131685433813 -129.97513475936788 0
endloop
endfacet
facet normal 0.29028467725447593 0.9569403357322048 0
outer loop
vertex 210.59455461643182 -130.2708465040361 0.5
vertex 211.19485256954832 -130.45294489729037 0.5
vertex 211.1948525695528 -130.45294489729196 0
endloop
endfacet
facet normal 0.29028467725447593 0.9569403357322048 0
outer loop
vertex 210.59455461643182 -130.2708465040361 0.5
vertex 211.1948525695528 -130.45294489729196 0
vertex 210.59455461642577 -130.27084650403458 0
endloop
endfacet
facet normal 0.09801714032957415 0.9951847266721956 0
outer loop
vertex 211.19485256954832 -130.45294489729037 0.5
vertex 211.81914160000008 -130.514432 0.5
vertex 211.8191416000075 -130.51443200000193 0
endloop
endfacet
facet normal 0.09801714032957415 0.9951847266721956 0
outer loop
vertex 211.19485256954832 -130.45294489729037 0.5
vertex 211.8191416000075 -130.51443200000193 0
vertex 211.1948525695528 -130.45294489729196 0
endloop
endfacet
facet normal -0.09801714032954582 0.9951847266721984 0
outer loop
vertex 211.81914160000008 -130.514432 0.5
vertex 212.44343063045147 -130.45294489729037 0.5
vertex 212.44343063043388 -130.45294489729196 0
endloop
endfacet
facet normal -0.09801714032954582 0.9951847266721984 0
outer loop
vertex 211.81914160000008 -130.514432 0.5
vertex 212.44343063043388 -130.45294489729196 0
vertex 211.8191416000075 -130.51443200000193 0
endloop
endfacet
facet normal -0.29028467725447593 0.9569403357322048 0
outer loop
vertex 212.44343063045147 -130.45294489729037 0.5
vertex 213.04372858356828 -130.2708465040361 0.5
vertex 213.04372858357146 -130.27084650403458 0
endloop
endfacet
facet normal -0.29028467725447593 0.9569403357322048 0
outer loop
vertex 212.44343063045147 -130.45294489729037 0.5
vertex 213.04372858357146 -130.27084650403458 0
vertex 212.44343063043388 -130.45294489729196 0
endloop
endfacet
facet normal -0.47139673682602534 0.8819212643483402 0
outer loop
vertex 213.04372858356828 -130.2708465040361 0.5
vertex 213.5969663456628 -129.97513475936807 0.5
vertex 213.59696634566274 -129.97513475936788 0
endloop
endfacet
facet normal -0.47139673682602534 0.8819212643483402 0
outer loop
vertex 213.04372858356828 -130.2708465040361 0.5
vertex 213.59696634566274 -129.97513475936788 0
vertex 213.04372858357146 -130.27084650403458 0
endloop
endfacet
facet normal -0.6343932841636208 0.7730104533627572 0
outer loop
vertex 213.5969663456628 -129.97513475936807 0.5
vertex 214.08188329979694 -129.577173699797 0.5
vertex 214.0818832997991 -129.57717369979497 0
endloop
endfacet
facet normal -0.6343932841636208 0.7730104533627572 0
outer loop
vertex 213.5969663456628 -129.97513475936807 0.5
vertex 214.0818832997991 -129.57717369979497 0
vertex 213.59696634566274 -129.97513475936788 0
endloop
endfacet
facet normal -0.7730104533627319 0.6343932841636518 0
outer loop
vertex 214.08188329979694 -129.577173699797 0.5
vertex 214.4798443593681 -129.09225674566278 0.5
vertex 214.47984435936752 -129.09225674564928 0
endloop
endfacet
facet normal -0.7730104533627319 0.6343932841636518 0
outer loop
vertex 214.08188329979694 -129.577173699797 0.5
vertex 214.47984435936752 -129.09225674564928 0
vertex 214.0818832997991 -129.57717369979497 0
endloop
endfacet
facet normal -0.8819212643483701 0.47139673682596933 0
outer loop
vertex 214.4798443593681 -129.09225674566278 0.5
vertex 214.77555610403613 -128.53901898356824 0.5
vertex 214.77555610403752 -128.53901898356534 0
endloop
endfacet
facet normal -0.8819212643483701 0.47139673682596933 0
outer loop
vertex 214.4798443593681 -129.09225674566278 0.5
vertex 214.77555610403752 -128.53901898356534 0
vertex 214.47984435936752 -129.09225674564928 0
endloop
endfacet
facet normal -0.9569403357322133 0.2902846772544479 0
outer loop
vertex 214.77555610403613 -128.53901898356824 0.5
vertex 214.95765449729032 -127.93872103045155 0.5
vertex 214.95765449728665 -127.93872103046446 0
endloop
endfacet
facet normal -0.9569403357322133 0.2902846772544479 0
outer loop
vertex 214.77555610403613 -128.53901898356824 0.5
vertex 214.95765449728665 -127.93872103046446 0
vertex 214.77555610403752 -128.53901898356534 0
endloop
endfacet
endsolid csg.js
