solid csg.js
facet normal 0 0 -1
outer loop
vertex 143.41900631765327 -31.38497550087895 0
vertex 143.72853890658888 -31.436773792659565 0
vertex 144.0261575808281 -31.536355976751878 0
endloop
endfacet
facet normal 0 0 -1
outer loop
vertex 143.41900631765327 -31.38497550087895 0
vertex 144.0261575808281 -31.536355976751878 0
vertex 144.304533965142 -31.68127000402623 0
endloop
endfacet
facet normal 0 0 -1
outer loop
vertex 143.41900631765327 -31.38497550087895 0
vertex 144.304533965142 -31.68127000402623 0
vertex 144.55681349435784 -31.867947602530037 0
endloop
endfacet
facet normal 0 0 -1
outer loop
vertex 143.41900631765327 -31.38497550087895 0
vertex 144.55681349435784 -31.867947602530037 0
vertex 144.7767841958654 -32.09179214037473 0
endloop
endfacet
facet normal 0 0 -1
outer loop
vertex 143.41900631765327 -31.38497550087895 0
vertex 144.7767841958654 -32.09179214037473 0
vertex 144.95902964932668 -32.34729181031042 0
endloop
endfacet
facet normal 0 0 -1
outer loop
vertex 143.41900631765327 -31.38497550087895 0
vertex 144.95902964932668 -32.34729181031042 0
vertex 145.09906235720769 -32.6281553490051 0
endloop
endfacet
facet normal 0 0 -1
outer loop
vertex 143.41900631765327 -31.38497550087895 0
vertex 145.09906235720769 -32.6281553490051 0
vertex 145.19343424209737 -32.9274669491591 0
endloop
endfacet
facet normal 0 0 -1
outer loop
vertex 143.41900631765327 -31.38497550087895 0
vertex 145.19343424209737 -32.9274669491591 0
vertex 145.2398231 -33.23785310000006 0
endloop
endfacet
facet normal 0 0 -1
outer loop
vertex 143.41900631765327 -31.38497550087895 0
vertex 145.2398231 -33.23785310000006 0
vertex 145.42710415000005 -35.91604630000033 0
endloop
endfacet
facet normal 0 0 -1
outer loop
vertex 143.41900631765327 -31.38497550087895 0
vertex 145.42710415000005 -35.91604630000033 0
vertex 122.87215631097988 -35.91604630000033 0
endloop
endfacet
facet normal 0 0 -1
outer loop
vertex 143.41900631765327 -31.38497550087895 0
vertex 122.87215631097988 -35.91604630000033 0
vertex 122.79462860000001 -34.80737140000006 0
endloop
endfacet
facet normal 0 0 -1
outer loop
vertex 143.41900631765327 -31.38497550087895 0
vertex 122.79462860000001 -34.80737140000006 0
vertex 122.79736755087895 -34.49354663234673 0
endloop
endfacet
facet normal 0 0 -1
outer loop
vertex 143.41900631765327 -31.38497550087895 0
vertex 122.79736755087895 -34.49354663234673 0
vertex 122.84916584265956 -34.18401404341115 0
endloop
endfacet
facet normal 0 0 -1
outer loop
vertex 143.41900631765327 -31.38497550087895 0
vertex 122.84916584265956 -34.18401404341115 0
vertex 122.94874802675186 -33.886395369171936 0
endloop
endfacet
facet normal 0 0 -1
outer loop
vertex 143.41900631765327 -31.38497550087895 0
vertex 122.94874802675186 -33.886395369171936 0
vertex 123.09366205402624 -33.60801898485796 0
endloop
endfacet
facet normal 0 0 -1
outer loop
vertex 143.41900631765327 -31.38497550087895 0
vertex 123.09366205402624 -33.60801898485796 0
vertex 123.28033965253015 -33.35573945564203 0
endloop
endfacet
facet normal 0 0 -1
outer loop
vertex 143.41900631765327 -31.38497550087895 0
vertex 123.28033965253015 -33.35573945564203 0
vertex 123.50418419037462 -33.135768754134666 0
endloop
endfacet
facet normal 0 0 -1
outer loop
vertex 143.41900631765327 -31.38497550087895 0
vertex 123.50418419037462 -33.135768754134666 0
vertex 123.75968386031036 -32.95352330067334 0
endloop
endfacet
facet normal 0 0 -1
outer loop
vertex 143.41900631765327 -31.38497550087895 0
vertex 123.75968386031036 -32.95352330067334 0
vertex 124.04054739900499 -32.81349059279237 0
endloop
endfacet
facet normal 0 0 -1
outer loop
vertex 143.41900631765327 -31.38497550087895 0
vertex 124.04054739900499 -32.81349059279237 0
vertex 124.33985899915923 -32.71911870790259 0
endloop
endfacet
facet normal 0 0 -1
outer loop
vertex 143.41900631765327 -31.38497550087895 0
vertex 124.33985899915923 -32.71911870790259 0
vertex 124.65024719999985 -32.67273280000001 0
endloop
endfacet
facet normal 0 0 -1
outer loop
vertex 143.41900631765327 -31.38497550087895 0
vertex 124.65024719999985 -32.67273280000001 0
vertex 143.10518155000003 -31.382236550000002 0
endloop
endfacet
facet normal 0 0 -1
outer loop
vertex 145.42710415000005 -35.91604630000033 0
vertex 145.47977702988595 -36.25284755481354 0
vertex 122.89570823800629 -36.25284755481354 0
endloop
endfacet
facet normal 0 0 -1
outer loop
vertex 145.42710415000005 -35.91604630000033 0
vertex 122.89570823800629 -36.25284755481354 0
vertex 122.87215631097988 -35.91604630000033 0
endloop
endfacet
facet normal 0 0 -1
outer loop
vertex 145.47977702988595 -36.25284755481354 0
vertex 145.58888287815432 -36.57581106884084 0
vertex 122.91829251584332 -36.57581106884084 0
endloop
endfacet
facet normal 0 0 -1
outer loop
vertex 145.47977702988595 -36.25284755481354 0
vertex 122.91829251584332 -36.57581106884084 0
vertex 122.89570823800629 -36.25284755481354 0
endloop
endfacet
facet normal 0 0 -1
outer loop
vertex 145.58888287815432 -36.57581106884084 0
vertex 145.75125191030884 -36.87555398354705 0
vertex 122.93925301748325 -36.87555398354705 0
endloop
endfacet
facet normal 0 0 -1
outer loop
vertex 145.58888287815432 -36.57581106884084 0
vertex 122.93925301748325 -36.87555398354705 0
vertex 122.91829251584332 -36.57581106884084 0
endloop
endfacet
facet normal 0 0 -1
outer loop
vertex 145.75125191030884 -36.87555398354705 0
vertex 145.91550568238821 -37.08411890000001 0
vertex 122.9538376 -37.08411890000001 0
endloop
endfacet
facet normal 0 0 -1
outer loop
vertex 145.75125191030884 -36.87555398354705 0
vertex 122.9538376 -37.08411890000001 0
vertex 122.93925301748325 -36.87555398354705 0
endloop
endfacet
facet normal 0 0 -1
outer loop
vertex 145.91550568238821 -37.08411890000001 0
vertex 145.9621669196278 -37.143368054057596 0
vertex 122.95291781510886 -37.143368054057596 0
endloop
endfacet
facet normal 0 0 -1
outer loop
vertex 145.91550568238821 -37.08411890000001 0
vertex 122.95291781510886 -37.143368054057596 0
vertex 122.9538376 -37.08411890000001 0
endloop
endfacet
facet normal 0 0 -1
outer loop
vertex 145.9621669196278 -37.143368054057596 0
vertex 146.21550032324342 -37.37147264439255 0
vertex 122.9493767155079 -37.37147264439255 0
endloop
endfacet
facet normal 0 0 -1
outer loop
vertex 145.9621669196278 -37.143368054057596 0
vertex 122.9493767155079 -37.37147264439255 0
vertex 122.95291781510886 -37.143368054057596 0
endloop
endfacet
facet normal 0 0 -1
outer loop
vertex 146.21550032324342 -37.37147264439255 0
vertex 146.30038282606444 -37.42497253769998 0
vertex 122.94854618223997 -37.42497253769998 0
endloop
endfacet
facet normal 0 0 -1
outer loop
vertex 146.21550032324342 -37.37147264439255 0
vertex 122.94854618223997 -37.42497253769998 0
vertex 122.9493767155079 -37.37147264439255 0
endloop
endfacet
facet normal 0 0 -1
outer loop
vertex 146.30038282606444 -37.42497253769998 0
vertex 146.50389218300438 -37.553240773455336 0
vertex 122.92438729194208 -37.553240773455336 0
endloop
endfacet
facet normal 0 0 -1
outer loop
vertex 146.30038282606444 -37.42497253769998 0
vertex 122.92438729194208 -37.553240773455336 0
vertex 122.94854618223997 -37.42497253769998 0
endloop
endfacet
facet normal 0 0 -1
outer loop
vertex 146.50389218300438 -37.553240773455336 0
vertex 146.81896402919082 -37.683391644601244 0
vertex 122.89987381360763 -37.683391644601244 0
endloop
endfacet
facet normal 0 0 -1
outer loop
vertex 146.50389218300438 -37.553240773455336 0
vertex 122.89987381360763 -37.683391644601244 0
vertex 122.92438729194208 -37.553240773455336 0
endloop
endfacet
facet normal 0 0 -1
outer loop
vertex 146.81896402919082 -37.683391644601244 0
vertex 147.15156227499546 -37.75814406534514 0
vertex 122.88579444686793 -37.75814406534514 0
endloop
endfacet
facet normal 0 0 -1
outer loop
vertex 146.81896402919082 -37.683391644601244 0
vertex 122.88579444686793 -37.75814406534514 0
vertex 122.89987381360763 -37.683391644601244 0
endloop
endfacet
facet normal 0 0 -1
outer loop
vertex 147.15156227499546 -37.75814406534514 0
vertex 147.18787741497147 -37.759976380010215 0
vertex 122.88544933657056 -37.759976380010215 0
endloop
endfacet
facet normal 0 0 -1
outer loop
vertex 147.15156227499546 -37.75814406534514 0
vertex 122.88544933657056 -37.759976380010215 0
vertex 122.88579444686793 -37.75814406534514 0
endloop
endfacet
facet normal 0 0 -1
outer loop
vertex 147.18787741497147 -37.759976380010215 0
vertex 147.4920283000001 -37.77532260000001 0
vertex 122.87972862847768 -37.77532260000001 0
endloop
endfacet
facet normal 0 0 -1
outer loop
vertex 147.18787741497147 -37.759976380010215 0
vertex 122.87972862847768 -37.77532260000001 0
vertex 122.88544933657056 -37.759976380010215 0
endloop
endfacet
facet normal 0 0 -1
outer loop
vertex 167.15410278423496 -37.11911461298729 0
vertex 167.49379022149543 -37.19753763983986 0
vertex 167.81469905209747 -37.33375529146678 0
endloop
endfacet
facet normal 0 0 -1
outer loop
vertex 167.15410278423496 -37.11911461298729 0
vertex 167.81469905209747 -37.33375529146678 0
vertex 168.10707864364656 -37.52362867195743 0
endloop
endfacet
facet normal 0 0 -1
outer loop
vertex 167.15410278423496 -37.11911461298729 0
vertex 168.10707864364656 -37.52362867195743 0
vertex 168.362045208458 -37.76138858658001 0
endloop
endfacet
facet normal 0 0 -1
outer loop
vertex 167.15410278423496 -37.11911461298729 0
vertex 168.362045208458 -37.76138858658001 0
vertex 168.37254525625116 -37.77532260000001 0
endloop
endfacet
facet normal 0 0 -1
outer loop
vertex 167.15410278423496 -37.11911461298729 0
vertex 168.37254525625116 -37.77532260000001 0
vertex 147.4920283000001 -37.77532260000001 0
endloop
endfacet
facet normal 0 0 -1
outer loop
vertex 167.15410278423496 -37.11911461298729 0
vertex 147.4920283000001 -37.77532260000001 0
vertex 166.80595795000016 -37.10086905 0
endloop
endfacet
facet normal 0 0 -1
outer loop
vertex 147.4920283000001 -37.77532260000001 0
vertex 168.37254525625116 -37.77532260000001 0
vertex 168.571851732398 -38.03981083548543 0
endloop
endfacet
facet normal 0 0 -1
outer loop
vertex 147.4920283000001 -37.77532260000001 0
vertex 168.571851732398 -38.03981083548543 0
vertex 168.59202263798065 -38.07939837945116 0
endloop
endfacet
facet normal 0 0 -1
outer loop
vertex 147.4920283000001 -37.77532260000001 0
vertex 168.59202263798065 -38.07939837945116 0
vertex 122.76637636495536 -38.07939837945116 0
endloop
endfacet
facet normal 0 0 -1
outer loop
vertex 147.4920283000001 -37.77532260000001 0
vertex 122.76637636495536 -38.07939837945116 0
vertex 122.87972862847768 -37.77532260000001 0
endloop
endfacet
facet normal 0 0 -1
outer loop
vertex 168.59202263798065 -38.07939837945116 0
vertex 168.73012336350217 -38.35043571691118 0
vertex 168.73731506586708 -38.373958625304795 0
endloop
endfacet
facet normal 0 0 -1
outer loop
vertex 168.59202263798065 -38.07939837945116 0
vertex 168.73731506586708 -38.373958625304795 0
vertex 122.59478659877244 -38.373958625304795 0
endloop
endfacet
facet normal 0 0 -1
outer loop
vertex 168.59202263798065 -38.07939837945116 0
vertex 122.59478659877244 -38.373958625304795 0
vertex 122.76637636495536 -38.07939837945116 0
endloop
endfacet
facet normal 0 0 -1
outer loop
vertex 168.73731506586708 -38.373958625304795 0
vertex 168.81715414790796 -38.63509949540601 0
vertex 122.37566509763883 -38.63509949540601 0
endloop
endfacet
facet normal 0 0 -1
outer loop
vertex 168.73731506586708 -38.373958625304795 0
vertex 122.37566509763883 -38.63509949540601 0
vertex 122.59478659877244 -38.373958625304795 0
endloop
endfacet
facet normal 0 0 -1
outer loop
vertex 168.81715414790796 -38.63509949540601 0
vertex 168.8320511082302 -38.68382507041228 0
vertex 168.85309677193845 -38.855234273862685 0
endloop
endfacet
facet normal 0 0 -1
outer loop
vertex 168.81715414790796 -38.63509949540601 0
vertex 168.85309677193845 -38.855234273862685 0
vertex 122.11537782247937 -38.855234273862685 0
endloop
endfacet
facet normal 0 0 -1
outer loop
vertex 168.81715414790796 -38.63509949540601 0
vertex 122.11537782247937 -38.855234273862685 0
vertex 122.37566509763883 -38.63509949540601 0
endloop
endfacet
facet normal 0 0 -1
outer loop
vertex 168.85309677193845 -38.855234273862685 0
vertex 168.87430500706446 -39.027967561818485 0
vertex 121.82148669037761 -39.027967561818485 0
endloop
endfacet
facet normal 0 0 -1
outer loop
vertex 168.85309677193845 -38.855234273862685 0
vertex 121.82148669037761 -39.027967561818485 0
vertex 122.11537782247937 -38.855234273862685 0
endloop
endfacet
facet normal 0 0 -1
outer loop
vertex 168.87430500706446 -39.027967561818485 0
vertex 168.8745359 -39.02984810000021 0
vertex 168.87867181183145 -39.14828107783691 0
endloop
endfacet
facet normal 0 0 -1
outer loop
vertex 168.87430500706446 -39.027967561818485 0
vertex 168.87867181183145 -39.14828107783691 0
vertex 121.5025298842746 -39.14828107783691 0
endloop
endfacet
facet normal 0 0 -1
outer loop
vertex 168.87430500706446 -39.027967561818485 0
vertex 121.5025298842746 -39.14828107783691 0
vertex 121.82148669037761 -39.027967561818485 0
endloop
endfacet
facet normal 0 0 -1
outer loop
vertex 168.87867181183145 -39.14828107783691 0
vertex 168.8809207292717 -39.212679449999996 0
vertex 121.16777380000005 -39.212679449999996 0
endloop
endfacet
facet normal 0 0 -1
outer loop
vertex 168.87867181183145 -39.14828107783691 0
vertex 121.16777380000005 -39.212679449999996 0
vertex 121.5025298842746 -39.14828107783691 0
endloop
endfacet
facet normal 0 0 -1
outer loop
vertex 168.8809207292717 -39.212679449999996 0
vertex 169.03074439999997 -43.50292165000009 0
vertex 100.53440671709879 -43.50292165000009 0
endloop
endfacet
facet normal 0 0 -1
outer loop
vertex 168.8809207292717 -39.212679449999996 0
vertex 100.53440671709879 -43.50292165000009 0
vertex 100.5229117 -43.39355189999992 0
endloop
endfacet
facet normal 0 0 -1
outer loop
vertex 168.8809207292717 -39.212679449999996 0
vertex 100.5229117 -43.39355189999992 0
vertex 100.5168273360298 -43.04498279050017 0
endloop
endfacet
facet normal 0 0 -1
outer loop
vertex 168.8809207292717 -39.212679449999996 0
vertex 100.5168273360298 -43.04498279050017 0
vertex 100.57136366593203 -42.70065266939047 0
endloop
endfacet
facet normal 0 0 -1
outer loop
vertex 168.8809207292717 -39.212679449999996 0
vertex 100.57136366593203 -42.70065266939047 0
vertex 100.68486363817689 -42.37102378733841 0
endloop
endfacet
facet normal 0 0 -1
outer loop
vertex 168.8809207292717 -39.212679449999996 0
vertex 100.68486363817689 -42.37102378733841 0
vertex 100.85387862864607 -42.06611170725781 0
endloop
endfacet
facet normal 0 0 -1
outer loop
vertex 168.8809207292717 -39.212679449999996 0
vertex 100.85387862864607 -42.06611170725781 0
vertex 101.0732732248725 -41.79518098783103 0
endloop
endfacet
facet normal 0 0 -1
outer loop
vertex 168.8809207292717 -39.212679449999996 0
vertex 101.0732732248725 -41.79518098783103 0
vertex 101.33638126226595 -41.56646368581477 0
endloop
endfacet
facet normal 0 0 -1
outer loop
vertex 168.8809207292717 -39.212679449999996 0
vertex 101.33638126226595 -41.56646368581477 0
vertex 101.6352083712635 -41.38690923025689 0
endloop
endfacet
facet normal 0 0 -1
outer loop
vertex 168.8809207292717 -39.212679449999996 0
vertex 101.6352083712635 -41.38690923025689 0
vertex 101.96067488113987 -41.26197326853543 0
endloop
endfacet
facet normal 0 0 -1
outer loop
vertex 168.8809207292717 -39.212679449999996 0
vertex 101.96067488113987 -41.26197326853543 0
vertex 102.30289340000002 -41.1954538 0
endloop
endfacet
facet normal 0 0 -1
outer loop
vertex 168.8809207292717 -39.212679449999996 0
vertex 102.30289340000002 -41.1954538 0
vertex 121.16777380000005 -39.212679449999996 0
endloop
endfacet
facet normal 0 0 -1
outer loop
vertex 169.03074439999997 -43.50292165000009 0
vertex 169.06929066394207 -43.82995700650746 0
vertex 100.56877889967171 -43.82995700650746 0
endloop
endfacet
facet normal 0 0 -1
outer loop
vertex 169.03074439999997 -43.50292165000009 0
vertex 100.56877889967171 -43.82995700650746 0
vertex 100.53440671709879 -43.50292165000009 0
endloop
endfacet
facet normal 0 0 -1
outer loop
vertex 169.06929066394207 -43.82995700650746 0
vertex 169.16097789964664 -44.14623440006993 0
vertex 100.60202039512139 -44.14623440006993 0
endloop
endfacet
facet normal 0 0 -1
outer loop
vertex 169.06929066394207 -43.82995700650746 0
vertex 100.60202039512139 -44.14623440006993 0
vertex 100.56877889967171 -43.82995700650746 0
endloop
endfacet
facet normal 0 0 -1
outer loop
vertex 169.16097789964664 -44.14623440006993 0
vertex 169.30332051339866 -44.44317971352042 0
vertex 100.63323004363492 -44.44317971352042 0
endloop
endfacet
facet normal 0 0 -1
outer loop
vertex 169.16097789964664 -44.14623440006993 0
vertex 100.63323004363492 -44.44317971352042 0
vertex 100.60202039512139 -44.14623440006993 0
endloop
endfacet
facet normal 0 0 -1
outer loop
vertex 169.30332051339866 -44.44317971352042 0
vertex 169.4924596702858 -44.712742912421646 0
vertex 100.66156176772289 -44.712742912421646 0
endloop
endfacet
facet normal 0 0 -1
outer loop
vertex 169.30332051339866 -44.44317971352042 0
vertex 100.66156176772289 -44.712742912421646 0
vertex 100.63323004363492 -44.44317971352042 0
endloop
endfacet
facet normal 0 0 -1
outer loop
vertex 169.4924596702858 -44.712742912421646 0
vertex 169.72326790522504 -44.94761627735275 0
vertex 100.6862475089441 -44.94761627735275 0
endloop
endfacet
facet normal 0 0 -1
outer loop
vertex 169.4924596702858 -44.712742912421646 0
vertex 100.6862475089441 -44.94761627735275 0
vertex 100.66156176772289 -44.712742912421646 0
endloop
endfacet
facet normal 0 0 -1
outer loop
vertex 169.72326790522504 -44.94761627735275 0
vertex 169.98948812589876 -45.141432512416685 0
vertex 100.70661804957422 -45.141432512416685 0
endloop
endfacet
facet normal 0 0 -1
outer loop
vertex 169.72326790522504 -44.94761627735275 0
vertex 100.70661804957422 -45.141432512416685 0
vertex 100.6862475089441 -44.94761627735275 0
endloop
endfacet
facet normal 0 0 -1
outer loop
vertex 169.98948812589876 -45.141432512416685 0
vertex 170.28390323930296 -45.288937359350896 0
vertex 100.72212115475331 -45.288937359350896 0
endloop
endfacet
facet normal 0 0 -1
outer loop
vertex 169.98948812589876 -45.141432512416685 0
vertex 100.72212115475331 -45.288937359350896 0
vertex 100.70661804957422 -45.141432512416685 0
endloop
endfacet
facet normal 0 0 -1
outer loop
vertex 170.28390323930296 -45.288937359350896 0
vertex 170.5985318034202 -45.386132037761655 0
vertex 100.73233654328845 -45.386132037761655 0
endloop
endfacet
facet normal 0 0 -1
outer loop
vertex 170.28390323930296 -45.288937359350896 0
vertex 100.73233654328845 -45.386132037761655 0
vertex 100.72212115475331 -45.288937359350896 0
endloop
endfacet
facet normal 0 0 -1
outer loop
vertex 170.5985318034202 -45.386132037761655 0
vertex 170.9248488 -45.430383299999995 0
vertex 100.73698745467914 -45.430383299999995 0
endloop
endfacet
facet normal 0 0 -1
outer loop
vertex 170.5985318034202 -45.386132037761655 0
vertex 100.73698745467914 -45.430383299999995 0
vertex 100.73233654328845 -45.386132037761655 0
endloop
endfacet
facet normal 0 0 -1
outer loop
vertex 170.9248488 -45.430383299999995 0
vertex 186.23081597414802 -46.23253329999991 0
vertex 100.8212953 -46.23253329999991 0
endloop
endfacet
facet normal 0 0 -1
outer loop
vertex 170.9248488 -45.430383299999995 0
vertex 100.8212953 -46.23253329999991 0
vertex 100.73698745467914 -45.430383299999995 0
endloop
endfacet
facet normal 0 0 -1
outer loop
vertex 186.23081597414802 -46.23253329999991 0
vertex 192.291078491514 -46.55013750775721 0
vertex 100.82930493890095 -46.55013750775721 0
endloop
endfacet
facet normal 0 0 -1
outer loop
vertex 186.23081597414802 -46.23253329999991 0
vertex 100.82930493890095 -46.55013750775721 0
vertex 100.8212953 -46.23253329999991 0
endloop
endfacet
facet normal 0 0 -1
outer loop
vertex 192.291078491514 -46.55013750775721 0
vertex 198.29901067197773 -46.86499920474937 0
vertex 100.7869194072777 -46.86499920474937 0
endloop
endfacet
facet normal 0 0 -1
outer loop
vertex 192.291078491514 -46.55013750775721 0
vertex 100.7869194072777 -46.86499920474937 0
vertex 100.82930493890095 -46.55013750775721 0
endloop
endfacet
facet normal 0 0 -1
outer loop
vertex 198.29901067197773 -46.86499920474937 0
vertex 204.1030746476838 -47.16917664516461 0
vertex 100.69521059490913 -47.16917664516461 0
endloop
endfacet
facet normal 0 0 -1
outer loop
vertex 198.29901067197773 -46.86499920474937 0
vertex 100.69521059490913 -47.16917664516461 0
vertex 100.7869194072777 -46.86499920474937 0
endloop
endfacet
facet normal 0 0 -1
outer loop
vertex 204.1030746476838 -47.16917664516461 0
vertex 209.5568129586685 -47.45499433550599 0
vertex 100.5564926457765 -47.45499433550599 0
endloop
endfacet
facet normal 0 0 -1
outer loop
vertex 204.1030746476838 -47.16917664516461 0
vertex 100.5564926457765 -47.45499433550599 0
vertex 100.69521059490913 -47.16917664516461 0
endloop
endfacet
facet normal 0 0 -1
outer loop
vertex 209.5568129586685 -47.45499433550599 0
vertex 214.52260812454463 -47.71524006496469 0
vertex 100.37426591386733 -47.71524006496469 0
endloop
endfacet
facet normal 0 0 -1
outer loop
vertex 209.5568129586685 -47.45499433550599 0
vertex 100.37426591386733 -47.71524006496469 0
vertex 100.5564926457765 -47.45499433550599 0
endloop
endfacet
facet normal 0 0 -1
outer loop
vertex 214.52260812454463 -47.71524006496469 0
vertex 217.71863364999996 -47.88273629999999 0
vertex 218.02978524701498 -47.923701262785634 0
endloop
endfacet
facet normal 0 0 -1
outer loop
vertex 214.52260812454463 -47.71524006496469 0
vertex 218.02978524701498 -47.923701262785634 0
vertex 218.09610692929914 -47.94334689550111 0
endloop
endfacet
facet normal 0 0 -1
outer loop
vertex 214.52260812454463 -47.71524006496469 0
vertex 218.09610692929914 -47.94334689550111 0
vertex 100.15312863662474 -47.94334689550111 0
endloop
endfacet
facet normal 0 0 -1
outer loop
vertex 214.52260812454463 -47.71524006496469 0
vertex 100.15312863662474 -47.94334689550111 0
vertex 100.37426591386733 -47.71524006496469 0
endloop
endfacet
facet normal 0 0 -1
outer loop
vertex 218.09610692929914 -47.94334689550111 0
vertex 218.33069770745007 -48.012836753225834 0
vertex 218.58379449312417 -48.13355886936903 0
endloop
endfacet
facet normal 0 0 -1
outer loop
vertex 218.09610692929914 -47.94334689550111 0
vertex 218.58379449312417 -48.13355886936903 0
vertex 99.89866090483747 -48.13355886936903 0
endloop
endfacet
facet normal 0 0 -1
outer loop
vertex 218.09610692929914 -47.94334689550111 0
vertex 99.89866090483747 -48.13355886936903 0
vertex 100.15312863662474 -47.94334689550111 0
endloop
endfacet
facet normal 0 0 -1
outer loop
vertex 218.58379449312417 -48.13355886936903 0
vertex 218.61396155512477 -48.14794795595042 0
vertex 218.80766284741125 -48.2810762526811 0
endloop
endfacet
facet normal 0 0 -1
outer loop
vertex 218.58379449312417 -48.13355886936903 0
vertex 218.80766284741125 -48.2810762526811 0
vertex 99.61728385683172 -48.2810762526811 0
endloop
endfacet
facet normal 0 0 -1
outer loop
vertex 218.58379449312417 -48.13355886936903 0
vertex 99.61728385683172 -48.2810762526811 0
vertex 99.89866090483747 -48.13355886936903 0
endloop
endfacet
facet normal 0 0 -1
outer loop
vertex 218.80766284741125 -48.2810762526811 0
vertex 218.8726018820236 -48.32570797902234 0
vertex 218.93210697491205 -48.38217665000001 0
endloop
endfacet
facet normal 0 0 -1
outer loop
vertex 218.80766284741125 -48.2810762526811 0
vertex 218.93210697491205 -48.38217665000001 0
vertex 99.31609764999999 -48.38217665000001 0
endloop
endfacet
facet normal 0 0 -1
outer loop
vertex 218.80766284741125 -48.2810762526811 0
vertex 99.31609764999999 -48.38217665000001 0
vertex 99.61728385683172 -48.2810762526811 0
endloop
endfacet
facet normal 0 0 -1
outer loop
vertex 218.93210697491205 -48.38217665000001 0
vertex 219.10025009397657 -48.54173977320045 0
vertex 219.2913007268506 -48.790723909601546 0
endloop
endfacet
facet normal 0 0 -1
outer loop
vertex 218.93210697491205 -48.38217665000001 0
vertex 219.2913007268506 -48.790723909601546 0
vertex 219.44104947191963 -49.06652956192111 0
endloop
endfacet
facet normal 0 0 -1
outer loop
vertex 218.93210697491205 -48.38217665000001 0
vertex 219.44104947191963 -49.06652956192111 0
vertex 219.54580901175547 -49.36236546798111 0
endloop
endfacet
facet normal 0 0 -1
outer loop
vertex 218.93210697491205 -48.38217665000001 0
vertex 219.54580901175547 -49.36236546798111 0
vertex 219.6029998143776 -49.670947153433296 0
endloop
endfacet
facet normal 0 0 -1
outer loop
vertex 218.93210697491205 -48.38217665000001 0
vertex 219.6029998143776 -49.670947153433296 0
vertex 219.61121729999996 -49.9846725999998 0
endloop
endfacet
facet normal 0 0 -1
outer loop
vertex 218.93210697491205 -48.38217665000001 0
vertex 219.61121729999996 -49.9846725999998 0
vertex 219.21030927728242 -57.63444309999995 0
endloop
endfacet
facet normal 0 0 -1
outer loop
vertex 218.93210697491205 -48.38217665000001 0
vertex 219.21030927728242 -57.63444309999995 0
vertex 102.69374270000202 -57.63444309999995 0
endloop
endfacet
facet normal 0 0 -1
outer loop
vertex 218.93210697491205 -48.38217665000001 0
vertex 102.69374270000202 -57.63444309999995 0
vertex 76.55441277009344 -57.63444309999995 0
endloop
endfacet
facet normal 0 0 -1
outer loop
vertex 218.93210697491205 -48.38217665000001 0
vertex 76.55441277009344 -57.63444309999995 0
vertex 76.19857485000006 -56.207254850000204 0
endloop
endfacet
facet normal 0 0 -1
outer loop
vertex 218.93210697491205 -48.38217665000001 0
vertex 76.19857485000006 -56.207254850000204 0
vertex 76.14677590366023 -55.897722693363654 0
endloop
endfacet
facet normal 0 0 -1
outer loop
vertex 218.93210697491205 -48.38217665000001 0
vertex 76.14677590366023 -55.897722693363654 0
vertex 76.14403618854905 -55.58389825072908 0
endloop
endfacet
facet normal 0 0 -1
outer loop
vertex 218.93210697491205 -48.38217665000001 0
vertex 76.14403618854905 -55.58389825072908 0
vertex 76.19042316555301 -55.27350892230721 0
endloop
endfacet
facet normal 0 0 -1
outer loop
vertex 218.93210697491205 -48.38217665000001 0
vertex 76.19042316555301 -55.27350892230721 0
vertex 76.28479463321439 -54.97419752438622 0
endloop
endfacet
facet normal 0 0 -1
outer loop
vertex 218.93210697491205 -48.38217665000001 0
vertex 76.28479463321439 -54.97419752438622 0
vertex 76.4248268525246 -54.693334097808865 0
endloop
endfacet
facet normal 0 0 -1
outer loop
vertex 218.93210697491205 -48.38217665000001 0
vertex 76.4248268525246 -54.693334097808865 0
vertex 76.60707176509827 -54.43783443308338 0
endloop
endfacet
facet normal 0 0 -1
outer loop
vertex 218.93210697491205 -48.38217665000001 0
vertex 76.60707176509827 -54.43783443308338 0
vertex 76.82704189582331 -54.21398978065078 0
endloop
endfacet
facet normal 0 0 -1
outer loop
vertex 218.93210697491205 -48.38217665000001 0
vertex 76.82704189582331 -54.21398978065078 0
vertex 77.07932084940451 -54.02731193940076 0
endloop
endfacet
facet normal 0 0 -1
outer loop
vertex 218.93210697491205 -48.38217665000001 0
vertex 77.07932084940451 -54.02731193940076 0
vertex 77.35769668000773 -53.88239753787414 0
endloop
endfacet
facet normal 0 0 -1
outer loop
vertex 218.93210697491205 -48.38217665000001 0
vertex 77.35769668000773 -53.88239753787414 0
vertex 77.65531969999982 -53.78281970000005 0
endloop
endfacet
facet normal 0 0 -1
outer loop
vertex 218.93210697491205 -48.38217665000001 0
vertex 77.65531969999982 -53.78281970000005 0
vertex 99.31609764999999 -48.38217665000001 0
endloop
endfacet
facet normal 0 0 -1
outer loop
vertex 102.69374270000202 -57.63444309999995 0
vertex 102.4011072169829 -57.6632651793946 0
vertex 76.56159892005267 -57.6632651793946 0
endloop
endfacet
facet normal 0 0 -1
outer loop
vertex 102.69374270000202 -57.63444309999995 0
vertex 76.56159892005267 -57.6632651793946 0
vertex 76.55441277009344 -57.63444309999995 0
endloop
endfacet
facet normal 0 0 -1
outer loop
vertex 219.21030927728242 -57.63444309999995 0
vertex 219.20879877407702 -57.6632651793946 0
vertex 102.98637818302116 -57.6632651793946 0
endloop
endfacet
facet normal 0 0 -1
outer loop
vertex 219.21030927728242 -57.63444309999995 0
vertex 102.98637818302116 -57.6632651793946 0
vertex 102.69374270000202 -57.63444309999995 0
endloop
endfacet
facet normal 0 0 -1
outer loop
vertex 102.4011072169829 -57.6632651793946 0
vertex 102.1197175514416 -57.74862380123691 0
vertex 76.58288121021896 -57.74862380123691 0
endloop
endfacet
facet normal 0 0 -1
outer loop
vertex 102.4011072169829 -57.6632651793946 0
vertex 76.58288121021896 -57.74862380123691 0
vertex 76.56159892005267 -57.6632651793946 0
endloop
endfacet
facet normal 0 0 -1
outer loop
vertex 219.20879877407702 -57.6632651793946 0
vertex 219.20432531225165 -57.74862380123691 0
vertex 103.26776784855909 -57.74862380123691 0
endloop
endfacet
facet normal 0 0 -1
outer loop
vertex 219.20879877407702 -57.6632651793946 0
vertex 103.26776784855909 -57.74862380123691 0
vertex 102.98637818302116 -57.6632651793946 0
endloop
endfacet
facet normal 0 0 -1
outer loop
vertex 102.1197175514416 -57.74862380123691 0
vertex 101.86038735048767 -57.88723868153755 0
vertex 76.61744177411106 -57.88723868153755 0
endloop
endfacet
facet normal 0 0 -1
outer loop
vertex 102.1197175514416 -57.74862380123691 0
vertex 76.61744177411106 -57.88723868153755 0
vertex 76.58288121021896 -57.74862380123691 0
endloop
endfacet
facet normal 0 0 -1
outer loop
vertex 219.20432531225165 -57.74862380123691 0
vertex 219.1970608044366 -57.88723868153755 0
vertex 103.52709804951755 -57.88723868153755 0
endloop
endfacet
facet normal 0 0 -1
outer loop
vertex 219.20432531225165 -57.74862380123691 0
vertex 103.52709804951755 -57.88723868153755 0
vertex 103.26776784855909 -57.74862380123691 0
endloop
endfacet
facet normal 0 0 -1
outer loop
vertex 101.86038735048767 -57.88723868153755 0
vertex 101.63308252820693 -58.07378292822322 0
vertex 76.66395246865049 -58.07378292822322 0
endloop
endfacet
facet normal 0 0 -1
outer loop
vertex 101.86038735048767 -57.88723868153755 0
vertex 76.66395246865049 -58.07378292822322 0
vertex 76.61744177411106 -57.88723868153755 0
endloop
endfacet
facet normal 0 0 -1
outer loop
vertex 219.1970608044366 -57.88723868153755 0
vertex 219.18728442159113 -58.07378292822322 0
vertex 103.75440287178218 -58.07378292822322 0
endloop
endfacet
facet normal 0 0 -1
outer loop
vertex 219.1970608044366 -57.88723868153755 0
vertex 103.75440287178218 -58.07378292822322 0
vertex 103.52709804951755 -57.88723868153755 0
endloop
endfacet
facet normal 0 0 -1
outer loop
vertex 101.63308252820693 -58.07378292822322 0
vertex 101.44653828154534 -58.301087750474 0
vertex 76.7206259139209 -58.301087750474 0
endloop
endfacet
facet normal 0 0 -1
outer loop
vertex 101.63308252820693 -58.07378292822322 0
vertex 76.7206259139209 -58.301087750474 0
vertex 76.66395246865049 -58.07378292822322 0
endloop
endfacet
facet normal 0 0 -1
outer loop
vertex 219.18728442159113 -58.07378292822322 0
vertex 219.17537186462712 -58.301087750474 0
vertex 103.94094711845646 -58.301087750474 0
endloop
endfacet
facet normal 0 0 -1
outer loop
vertex 219.18728442159113 -58.07378292822322 0
vertex 103.94094711845646 -58.301087750474 0
vertex 103.75440287178218 -58.07378292822322 0
endloop
endfacet
facet normal 0 0 -1
outer loop
vertex 101.44653828154534 -58.301087750474 0
vertex 101.30792340123712 -58.56041795144699 0
vertex 76.78528418120389 -58.56041795144699 0
endloop
endfacet
facet normal 0 0 -1
outer loop
vertex 101.44653828154534 -58.301087750474 0
vertex 76.78528418120389 -58.56041795144699 0
vertex 76.7206259139209 -58.301087750474 0
endloop
endfacet
facet normal 0 0 -1
outer loop
vertex 219.17537186462712 -58.301087750474 0
vertex 219.161780926428 -58.56041795144699 0
vertex 104.07956199876489 -58.56041795144699 0
endloop
endfacet
facet normal 0 0 -1
outer loop
vertex 219.17537186462712 -58.301087750474 0
vertex 104.07956199876489 -58.56041795144699 0
vertex 103.94094711845646 -58.301087750474 0
endloop
endfacet
facet normal 0 0 -1
outer loop
vertex 101.30792340123712 -58.56041795144699 0
vertex 101.22256477939375 -58.841807616978514 0
vertex 76.85544248955496 -58.841807616978514 0
endloop
endfacet
facet normal 0 0 -1
outer loop
vertex 101.30792340123712 -58.56041795144699 0
vertex 76.85544248955496 -58.841807616978514 0
vertex 76.78528418120389 -58.56041795144699 0
endloop
endfacet
facet normal 0 0 -1
outer loop
vertex 219.161780926428 -58.56041795144699 0
vertex 219.1470338991255 -58.841807616978514 0
vertex 104.16492062060524 -58.841807616978514 0
endloop
endfacet
facet normal 0 0 -1
outer loop
vertex 219.161780926428 -58.56041795144699 0
vertex 104.16492062060524 -58.841807616978514 0
vertex 104.07956199876489 -58.56041795144699 0
endloop
endfacet
facet normal 0 0 -1
outer loop
vertex 101.22256477939375 -58.841807616978514 0
vertex 101.19374270000003 -59.13444309999996 0
vertex 76.92840469452258 -59.13444309999996 0
endloop
endfacet
facet normal 0 0 -1
outer loop
vertex 101.22256477939375 -58.841807616978514 0
vertex 76.92840469452258 -59.13444309999996 0
vertex 76.85544248955496 -58.841807616978514 0
endloop
endfacet
facet normal 0 0 -1
outer loop
vertex 219.1470338991255 -58.841807616978514 0
vertex 219.13169750271004 -59.13444309999996 0
vertex 104.19374270000013 -59.13444309999996 0
endloop
endfacet
facet normal 0 0 -1
outer loop
vertex 219.1470338991255 -58.841807616978514 0
vertex 104.19374270000013 -59.13444309999996 0
vertex 104.16492062060524 -58.841807616978514 0
endloop
endfacet
facet normal 0 0 -1
outer loop
vertex 101.19374270000003 -59.13444309999996 0
vertex 101.22256477939466 -59.427078583022954 0
vertex 77.0013668994906 -59.427078583022954 0
endloop
endfacet
facet normal 0 0 -1
outer loop
vertex 101.19374270000003 -59.13444309999996 0
vertex 77.0013668994906 -59.427078583022954 0
vertex 76.92840469452258 -59.13444309999996 0
endloop
endfacet
facet normal 0 0 -1
outer loop
vertex 219.13169750271004 -59.13444309999996 0
vertex 219.11636110629453 -59.427078583022954 0
vertex 104.16492062060509 -59.427078583022954 0
endloop
endfacet
facet normal 0 0 -1
outer loop
vertex 219.13169750271004 -59.13444309999996 0
vertex 104.16492062060509 -59.427078583022954 0
vertex 104.19374270000013 -59.13444309999996 0
endloop
endfacet
facet normal 0 0 -1
outer loop
vertex 101.22256477939466 -59.427078583022954 0
vertex 101.30792340123246 -59.70846824854701 0
vertex 77.07152520783981 -59.70846824854701 0
endloop
endfacet
facet normal 0 0 -1
outer loop
vertex 101.22256477939466 -59.427078583022954 0
vertex 77.07152520783981 -59.70846824854701 0
vertex 77.0013668994906 -59.427078583022954 0
endloop
endfacet
facet normal 0 0 -1
outer loop
vertex 219.11636110629453 -59.427078583022954 0
vertex 219.1016140789924 -59.70846824854701 0
vertex 104.07956199876728 -59.70846824854701 0
endloop
endfacet
facet normal 0 0 -1
outer loop
vertex 219.11636110629453 -59.427078583022954 0
vertex 104.07956199876728 -59.70846824854701 0
vertex 104.16492062060509 -59.427078583022954 0
endloop
endfacet
facet normal 0 0 -1
outer loop
vertex 101.30792340123246 -59.70846824854701 0
vertex 101.44653828154914 -59.96779844953546 0
vertex 77.13618347512666 -59.96779844953546 0
endloop
endfacet
facet normal 0 0 -1
outer loop
vertex 101.30792340123246 -59.70846824854701 0
vertex 77.13618347512666 -59.96779844953546 0
vertex 77.07152520783981 -59.70846824854701 0
endloop
endfacet
facet normal 0 0 -1
outer loop
vertex 219.1016140789924 -59.70846824854701 0
vertex 219.08802314079247 -59.96779844953546 0
vertex 103.94094711845389 -59.96779844953546 0
endloop
endfacet
facet normal 0 0 -1
outer loop
vertex 219.1016140789924 -59.70846824854701 0
vertex 103.94094711845389 -59.96779844953546 0
vertex 104.07956199876728 -59.70846824854701 0
endloop
endfacet
facet normal 0 0 -1
outer loop
vertex 101.44653828154914 -59.96779844953546 0
vertex 101.63308252820738 -60.19510327176668 0
vertex 77.19285692039217 -60.19510327176668 0
endloop
endfacet
facet normal 0 0 -1
outer loop
vertex 101.44653828154914 -59.96779844953546 0
vertex 77.19285692039217 -60.19510327176668 0
vertex 77.13618347512666 -59.96779844953546 0
endloop
endfacet
facet normal 0 0 -1
outer loop
vertex 219.08802314079247 -59.96779844953546 0
vertex 219.07611058382952 -60.19510327176668 0
vertex 103.75440287178125 -60.19510327176668 0
endloop
endfacet
facet normal 0 0 -1
outer loop
vertex 219.08802314079247 -59.96779844953546 0
vertex 103.75440287178125 -60.19510327176668 0
vertex 103.94094711845389 -59.96779844953546 0
endloop
endfacet
facet normal 0 0 -1
outer loop
vertex 101.63308252820738 -60.19510327176668 0
vertex 101.8603873504839 -60.381647518462074 0
vertex 77.23936761493404 -60.381647518462074 0
endloop
endfacet
facet normal 0 0 -1
outer loop
vertex 101.63308252820738 -60.19510327176668 0
vertex 77.23936761493404 -60.381647518462074 0
vertex 77.19285692039217 -60.19510327176668 0
endloop
endfacet
facet normal 0 0 -1
outer loop
vertex 219.07611058382952 -60.19510327176668 0
vertex 219.06633420098353 -60.381647518462074 0
vertex 103.52709804952629 -60.381647518462074 0
endloop
endfacet
facet normal 0 0 -1
outer loop
vertex 219.07611058382952 -60.19510327176668 0
vertex 103.52709804952629 -60.381647518462074 0
vertex 103.75440287178125 -60.19510327176668 0
endloop
endfacet
facet normal 0 0 -1
outer loop
vertex 101.8603873504839 -60.381647518462074 0
vertex 102.11971755144835 -60.52026239876594 0
vertex 77.27392817882695 -60.52026239876594 0
endloop
endfacet
facet normal 0 0 -1
outer loop
vertex 101.8603873504839 -60.381647518462074 0
vertex 77.27392817882695 -60.52026239876594 0
vertex 77.23936761493404 -60.381647518462074 0
endloop
endfacet
facet normal 0 0 -1
outer loop
vertex 219.06633420098353 -60.381647518462074 0
vertex 219.0590696931683 -60.52026239876594 0
vertex 103.26776784855004 -60.52026239876594 0
endloop
endfacet
facet normal 0 0 -1
outer loop
vertex 219.06633420098353 -60.381647518462074 0
vertex 103.26776784855004 -60.52026239876594 0
vertex 103.52709804952629 -60.381647518462074 0
endloop
endfacet
facet normal 0 0 -1
outer loop
vertex 102.11971755144835 -60.52026239876594 0
vertex 102.4011072169761 -60.60562102060471 0
vertex 77.29521046899235 -60.60562102060471 0
endloop
endfacet
facet normal 0 0 -1
outer loop
vertex 102.11971755144835 -60.52026239876594 0
vertex 77.29521046899235 -60.60562102060471 0
vertex 77.27392817882695 -60.52026239876594 0
endloop
endfacet
facet normal 0 0 -1
outer loop
vertex 219.0590696931683 -60.52026239876594 0
vertex 219.0545962313431 -60.60562102060471 0
vertex 102.98637818302218 -60.60562102060471 0
endloop
endfacet
facet normal 0 0 -1
outer loop
vertex 219.0590696931683 -60.52026239876594 0
vertex 102.98637818302218 -60.60562102060471 0
vertex 103.26776784855004 -60.52026239876594 0
endloop
endfacet
facet normal 0 0 -1
outer loop
vertex 102.4011072169761 -60.60562102060471 0
vertex 102.69374270000161 -60.63444309999999 0
vertex 77.30239661895175 -60.63444309999999 0
endloop
endfacet
facet normal 0 0 -1
outer loop
vertex 102.4011072169761 -60.60562102060471 0
vertex 77.30239661895175 -60.63444309999999 0
vertex 77.29521046899235 -60.60562102060471 0
endloop
endfacet
facet normal 0 0 -1
outer loop
vertex 219.0545962313431 -60.60562102060471 0
vertex 219.0530857281377 -60.63444309999999 0
vertex 102.69374270000161 -60.63444309999999 0
endloop
endfacet
facet normal 0 0 -1
outer loop
vertex 219.0545962313431 -60.60562102060471 0
vertex 102.69374270000161 -60.63444309999999 0
vertex 102.98637818302218 -60.60562102060471 0
endloop
endfacet
facet normal 0 0 -1
outer loop
vertex 102.69374270000161 -60.63444309999999 0
vertex 219.0530857281377 -60.63444309999999 0
vertex 219.05078014960517 -60.67843610000034 0
endloop
endfacet
facet normal 0 0 -1
outer loop
vertex 102.69374270000161 -60.63444309999999 0
vertex 219.05078014960517 -60.67843610000034 0
vertex 172.18442630000342 -60.67843610000034 0
endloop
endfacet
facet normal 0 0 -1
outer loop
vertex 102.69374270000161 -60.63444309999999 0
vertex 172.18442630000342 -60.67843610000034 0
vertex 77.31336530343944 -60.67843610000034 0
endloop
endfacet
facet normal 0 0 -1
outer loop
vertex 102.69374270000161 -60.63444309999999 0
vertex 77.31336530343944 -60.67843610000034 0
vertex 77.30239661895175 -60.63444309999999 0
endloop
endfacet
facet normal 0 0 -1
outer loop
vertex 172.18442630000342 -60.67843610000034 0
vertex 171.89179081698484 -60.70725817939494 0
vertex 77.32055145339866 -60.70725817939494 0
endloop
endfacet
facet normal 0 0 -1
outer loop
vertex 172.18442630000342 -60.67843610000034 0
vertex 77.32055145339866 -60.70725817939494 0
vertex 77.31336530343944 -60.67843610000034 0
endloop
endfacet
facet normal 0 0 -1
outer loop
vertex 219.05078014960517 -60.67843610000034 0
vertex 219.04926964639978 -60.70725817939494 0
vertex 172.47706178302198 -60.70725817939494 0
endloop
endfacet
facet normal 0 0 -1
outer loop
vertex 219.05078014960517 -60.67843610000034 0
vertex 172.47706178302198 -60.70725817939494 0
vertex 172.18442630000342 -60.67843610000034 0
endloop
endfacet
facet normal 0 0 -1
outer loop
vertex 171.89179081698484 -60.70725817939494 0
vertex 171.61040115143882 -60.79261680123566 0
vertex 77.34183374356455 -60.79261680123566 0
endloop
endfacet
facet normal 0 0 -1
outer loop
vertex 171.89179081698484 -60.70725817939494 0
vertex 77.34183374356455 -60.79261680123566 0
vertex 77.32055145339866 -60.70725817939494 0
endloop
endfacet
facet normal 0 0 -1
outer loop
vertex 219.04926964639978 -60.70725817939494 0
vertex 219.04479618457447 -60.79261680123566 0
vertex 172.7584514485547 -60.79261680123566 0
endloop
endfacet
facet normal 0 0 -1
outer loop
vertex 219.04926964639978 -60.70725817939494 0
vertex 172.7584514485547 -60.79261680123566 0
vertex 172.47706178302198 -60.70725817939494 0
endloop
endfacet
facet normal 0 0 -1
outer loop
vertex 171.61040115143882 -60.79261680123566 0
vertex 171.35107095048147 -60.93123168154379 0
vertex 77.37639430745853 -60.93123168154379 0
endloop
endfacet
facet normal 0 0 -1
outer loop
vertex 171.61040115143882 -60.79261680123566 0
vertex 77.37639430745853 -60.93123168154379 0
vertex 77.34183374356455 -60.79261680123566 0
endloop
endfacet
facet normal 0 0 -1
outer loop
vertex 219.04479618457447 -60.79261680123566 0
vertex 219.03753167675904 -60.93123168154379 0
vertex 173.01778164952714 -60.93123168154379 0
endloop
endfacet
facet normal 0 0 -1
outer loop
vertex 219.04479618457447 -60.79261680123566 0
vertex 173.01778164952714 -60.93123168154379 0
vertex 172.7584514485547 -60.79261680123566 0
endloop
endfacet
facet normal 0 0 -1
outer loop
vertex 171.35107095048147 -60.93123168154379 0
vertex 171.12376612821595 -61.11777592822167 0
vertex 77.42290500199601 -61.11777592822167 0
endloop
endfacet
facet normal 0 0 -1
outer loop
vertex 171.35107095048147 -60.93123168154379 0
vertex 77.42290500199601 -61.11777592822167 0
vertex 77.37639430745853 -60.93123168154379 0
endloop
endfacet
facet normal 0 0 -1
outer loop
vertex 219.03753167675904 -60.93123168154379 0
vertex 219.02775529391397 -61.11777592822167 0
vertex 173.2450864717823 -61.11777592822167 0
endloop
endfacet
facet normal 0 0 -1
outer loop
vertex 219.03753167675904 -60.93123168154379 0
vertex 173.2450864717823 -61.11777592822167 0
vertex 173.01778164952714 -60.93123168154379 0
endloop
endfacet
facet normal 0 0 -1
outer loop
vertex 171.12376612821595 -61.11777592822167 0
vertex 170.937221881551 -61.34508075046286 0
vertex 77.47957844726402 -61.34508075046286 0
endloop
endfacet
facet normal 0 0 -1
outer loop
vertex 171.12376612821595 -61.11777592822167 0
vertex 77.47957844726402 -61.34508075046286 0
vertex 77.42290500199601 -61.11777592822167 0
endloop
endfacet
facet normal 0 0 -1
outer loop
vertex 219.02775529391397 -61.11777592822167 0
vertex 219.01584273695048 -61.34508075046286 0
vertex 173.4316307184487 -61.34508075046286 0
endloop
endfacet
facet normal 0 0 -1
outer loop
vertex 219.02775529391397 -61.11777592822167 0
vertex 173.4316307184487 -61.34508075046286 0
vertex 173.2450864717823 -61.11777592822167 0
endloop
endfacet
facet normal 0 0 -1
outer loop
vertex 170.937221881551 -61.34508075046286 0
vertex 170.79860700122813 -61.60441095145495 0
vertex 77.54423671455177 -61.60441095145495 0
endloop
endfacet
facet normal 0 0 -1
outer loop
vertex 170.937221881551 -61.34508075046286 0
vertex 77.54423671455177 -61.60441095145495 0
vertex 77.47957844726402 -61.34508075046286 0
endloop
endfacet
facet normal 0 0 -1
outer loop
vertex 219.01584273695048 -61.34508075046286 0
vertex 219.00225179875034 -61.60441095145495 0
vertex 173.57024559876734 -61.60441095145495 0
endloop
endfacet
facet normal 0 0 -1
outer loop
vertex 219.01584273695048 -61.34508075046286 0
vertex 173.57024559876734 -61.60441095145495 0
vertex 173.4316307184487 -61.34508075046286 0
endloop
endfacet
facet normal 0 0 -1
outer loop
vertex 170.79860700122813 -61.60441095145495 0
vertex 170.71324837939466 -61.88580061698172 0
vertex 77.61439502290166 -61.88580061698172 0
endloop
endfacet
facet normal 0 0 -1
outer loop
vertex 170.79860700122813 -61.60441095145495 0
vertex 77.61439502290166 -61.88580061698172 0
vertex 77.54423671455177 -61.60441095145495 0
endloop
endfacet
facet normal 0 0 -1
outer loop
vertex 219.00225179875034 -61.60441095145495 0
vertex 218.9875047714481 -61.88580061698172 0
vertex 173.65560422060625 -61.88580061698172 0
endloop
endfacet
facet normal 0 0 -1
outer loop
vertex 219.00225179875034 -61.60441095145495 0
vertex 173.65560422060625 -61.88580061698172 0
vertex 173.57024559876734 -61.60441095145495 0
endloop
endfacet
facet normal 0 0 -1
outer loop
vertex 170.71324837939466 -61.88580061698172 0
vertex 170.68442630000052 -62.17843609999281 0
vertex 77.68735722786673 -62.17843609999281 0
endloop
endfacet
facet normal 0 0 -1
outer loop
vertex 170.71324837939466 -61.88580061698172 0
vertex 77.68735722786673 -62.17843609999281 0
vertex 77.61439502290166 -61.88580061698172 0
endloop
endfacet
facet normal 0 0 -1
outer loop
vertex 218.9875047714481 -61.88580061698172 0
vertex 218.9721683750332 -62.17843609999281 0
vertex 173.68442630000013 -62.17843609999281 0
endloop
endfacet
facet normal 0 0 -1
outer loop
vertex 218.9875047714481 -61.88580061698172 0
vertex 173.68442630000013 -62.17843609999281 0
vertex 173.65560422060625 -61.88580061698172 0
endloop
endfacet
facet normal 0 0 -1
outer loop
vertex 170.68442630000052 -62.17843609999281 0
vertex 170.71324837939662 -62.47107158303051 0
vertex 77.7603194328384 -62.47107158303051 0
endloop
endfacet
facet normal 0 0 -1
outer loop
vertex 170.68442630000052 -62.17843609999281 0
vertex 77.7603194328384 -62.47107158303051 0
vertex 77.68735722786673 -62.17843609999281 0
endloop
endfacet
facet normal 0 0 -1
outer loop
vertex 218.9721683750332 -62.17843609999281 0
vertex 218.95683197861692 -62.47107158303051 0
vertex 173.65560422060366 -62.47107158303051 0
endloop
endfacet
facet normal 0 0 -1
outer loop
vertex 218.9721683750332 -62.17843609999281 0
vertex 173.65560422060366 -62.47107158303051 0
vertex 173.68442630000013 -62.17843609999281 0
endloop
endfacet
facet normal 0 0 -1
outer loop
vertex 170.71324837939662 -62.47107158303051 0
vertex 170.79860700122913 -62.752461248536534 0
vertex 77.83047774118312 -62.752461248536534 0
endloop
endfacet
facet normal 0 0 -1
outer loop
vertex 170.71324837939662 -62.47107158303051 0
vertex 77.83047774118312 -62.752461248536534 0
vertex 77.7603194328384 -62.47107158303051 0
endloop
endfacet
facet normal 0 0 -1
outer loop
vertex 218.95683197861692 -62.47107158303051 0
vertex 218.94208495131573 -62.752461248536534 0
vertex 173.5702455987674 -62.752461248536534 0
endloop
endfacet
facet normal 0 0 -1
outer loop
vertex 218.95683197861692 -62.47107158303051 0
vertex 173.5702455987674 -62.752461248536534 0
vertex 173.65560422060366 -62.47107158303051 0
endloop
endfacet
facet normal 0 0 -1
outer loop
vertex 170.79860700122913 -62.752461248536534 0
vertex 170.93722188154734 -63.011791449527806 0
vertex 77.89513600847067 -63.011791449527806 0
endloop
endfacet
facet normal 0 0 -1
outer loop
vertex 170.79860700122913 -62.752461248536534 0
vertex 77.89513600847067 -63.011791449527806 0
vertex 77.83047774118312 -62.752461248536534 0
endloop
endfacet
facet normal 0 0 -1
outer loop
vertex 218.94208495131573 -62.752461248536534 0
vertex 218.92849401311565 -63.011791449527806 0
vertex 173.4316307184544 -63.011791449527806 0
endloop
endfacet
facet normal 0 0 -1
outer loop
vertex 218.94208495131573 -62.752461248536534 0
vertex 173.4316307184544 -63.011791449527806 0
vertex 173.5702455987674 -62.752461248536534 0
endloop
endfacet
facet normal 0 0 -1
outer loop
vertex 170.93722188154734 -63.011791449527806 0
vertex 171.12376612822638 -63.23909627178439 0
vertex 77.95180945374251 -63.23909627178439 0
endloop
endfacet
facet normal 0 0 -1
outer loop
vertex 170.93722188154734 -63.011791449527806 0
vertex 77.95180945374251 -63.23909627178439 0
vertex 77.89513600847067 -63.011791449527806 0
endloop
endfacet
facet normal 0 0 -1
outer loop
vertex 218.92849401311565 -63.011791449527806 0
vertex 218.91658145615136 -63.23909627178439 0
vertex 173.24508647177694 -63.23909627178439 0
endloop
endfacet
facet normal 0 0 -1
outer loop
vertex 218.92849401311565 -63.011791449527806 0
vertex 173.24508647177694 -63.23909627178439 0
vertex 173.4316307184544 -63.011791449527806 0
endloop
endfacet
facet normal 0 0 -1
outer loop
vertex 171.12376612822638 -63.23909627178439 0
vertex 171.3510709504791 -63.42564051846024 0
vertex 77.9983201482795 -63.42564051846024 0
endloop
endfacet
facet normal 0 0 -1
outer loop
vertex 171.12376612822638 -63.23909627178439 0
vertex 77.9983201482795 -63.42564051846024 0
vertex 77.95180945374251 -63.23909627178439 0
endloop
endfacet
facet normal 0 0 -1
outer loop
vertex 218.91658145615136 -63.23909627178439 0
vertex 218.90680507330637 -63.42564051846024 0
vertex 173.017781649529 -63.42564051846024 0
endloop
endfacet
facet normal 0 0 -1
outer loop
vertex 218.91658145615136 -63.23909627178439 0
vertex 173.017781649529 -63.42564051846024 0
vertex 173.24508647177694 -63.23909627178439 0
endloop
endfacet
facet normal 0 0 -1
outer loop
vertex 171.3510709504791 -63.42564051846024 0
vertex 171.61040115144618 -63.564255398765525 0
vertex 78.03288071217276 -63.564255398765525 0
endloop
endfacet
facet normal 0 0 -1
outer loop
vertex 171.3510709504791 -63.42564051846024 0
vertex 78.03288071217276 -63.564255398765525 0
vertex 77.9983201482795 -63.42564051846024 0
endloop
endfacet
facet normal 0 0 -1
outer loop
vertex 218.90680507330637 -63.42564051846024 0
vertex 218.8995405654911 -63.564255398765525 0
vertex 172.758451448551 -63.564255398765525 0
endloop
endfacet
facet normal 0 0 -1
outer loop
vertex 218.90680507330637 -63.42564051846024 0
vertex 172.758451448551 -63.564255398765525 0
vertex 173.017781649529 -63.42564051846024 0
endloop
endfacet
facet normal 0 0 -1
outer loop
vertex 171.61040115144618 -63.564255398765525 0
vertex 171.8917908169735 -63.64961402060461 0
vertex 78.05416300233824 -63.64961402060461 0
endloop
endfacet
facet normal 0 0 -1
outer loop
vertex 171.61040115144618 -63.564255398765525 0
vertex 78.05416300233824 -63.64961402060461 0
vertex 78.03288071217276 -63.564255398765525 0
endloop
endfacet
facet normal 0 0 -1
outer loop
vertex 218.8995405654911 -63.564255398765525 0
vertex 218.8950671036659 -63.64961402060461 0
vertex 172.47706178301922 -63.64961402060461 0
endloop
endfacet
facet normal 0 0 -1
outer loop
vertex 218.8995405654911 -63.564255398765525 0
vertex 172.47706178301922 -63.64961402060461 0
vertex 172.758451448551 -63.564255398765525 0
endloop
endfacet
facet normal 0 0 -1
outer loop
vertex 171.8917908169735 -63.64961402060461 0
vertex 172.18442630000328 -63.67843610000031 0
vertex 78.06134915229774 -63.67843610000031 0
endloop
endfacet
facet normal 0 0 -1
outer loop
vertex 171.8917908169735 -63.64961402060461 0
vertex 78.06134915229774 -63.67843610000031 0
vertex 78.05416300233824 -63.64961402060461 0
endloop
endfacet
facet normal 0 0 -1
outer loop
vertex 218.8950671036659 -63.64961402060461 0
vertex 218.89355660046044 -63.67843610000031 0
vertex 172.18442630000328 -63.67843610000031 0
endloop
endfacet
facet normal 0 0 -1
outer loop
vertex 218.8950671036659 -63.64961402060461 0
vertex 172.18442630000328 -63.67843610000031 0
vertex 172.47706178301922 -63.64961402060461 0
endloop
endfacet
facet normal 0 0 -1
outer loop
vertex 172.18442630000328 -63.67843610000031 0
vertex 218.89355660046044 -63.67843610000031 0
vertex 217.25012052237804 -95.0370223999998 0
endloop
endfacet
facet normal 0 0 -1
outer loop
vertex 172.18442630000328 -63.67843610000031 0
vertex 217.25012052237804 -95.0370223999998 0
vertex 118.6773637000038 -95.0370223999998 0
endloop
endfacet
facet normal 0 0 -1
outer loop
vertex 172.18442630000328 -63.67843610000031 0
vertex 118.6773637000038 -95.0370223999998 0
vertex 85.87992117744058 -95.0370223999998 0
endloop
endfacet
facet normal 0 0 -1
outer loop
vertex 172.18442630000328 -63.67843610000031 0
vertex 85.87992117744058 -95.0370223999998 0
vertex 78.06134915229774 -63.67843610000031 0
endloop
endfacet
facet normal 0 0 -1
outer loop
vertex 118.6773637000038 -95.0370223999998 0
vertex 118.38472821698853 -95.06584447939407 0
vertex 85.88710732739973 -95.06584447939407 0
endloop
endfacet
facet normal 0 0 -1
outer loop
vertex 118.6773637000038 -95.0370223999998 0
vertex 85.88710732739973 -95.06584447939407 0
vertex 85.87992117744058 -95.0370223999998 0
endloop
endfacet
facet normal 0 0 -1
outer loop
vertex 217.25012052237804 -95.0370223999998 0
vertex 217.24861001917267 -95.06584447939407 0
vertex 118.96999918301906 -95.06584447939407 0
endloop
endfacet
facet normal 0 0 -1
outer loop
vertex 217.25012052237804 -95.0370223999998 0
vertex 118.96999918301906 -95.06584447939407 0
vertex 118.6773637000038 -95.0370223999998 0
endloop
endfacet
facet normal 0 0 -1
outer loop
vertex 118.38472821698853 -95.06584447939407 0
vertex 118.10333855144349 -95.15120310123544 0
vertex 85.90838961756577 -95.15120310123544 0
endloop
endfacet
facet normal 0 0 -1
outer loop
vertex 118.38472821698853 -95.06584447939407 0
vertex 85.90838961756577 -95.15120310123544 0
vertex 85.88710732739973 -95.06584447939407 0
endloop
endfacet
facet normal 0 0 -1
outer loop
vertex 217.24861001917267 -95.06584447939407 0
vertex 217.24413655734736 -95.15120310123544 0
vertex 119.25138884855389 -95.15120310123544 0
endloop
endfacet
facet normal 0 0 -1
outer loop
vertex 217.24861001917267 -95.06584447939407 0
vertex 119.25138884855389 -95.15120310123544 0
vertex 118.96999918301906 -95.06584447939407 0
endloop
endfacet
facet normal 0 0 -1
outer loop
vertex 118.10333855144349 -95.15120310123544 0
vertex 117.844008350486 -95.28981798153684 0
vertex 85.94295018145807 -95.28981798153684 0
endloop
endfacet
facet normal 0 0 -1
outer loop
vertex 118.10333855144349 -95.15120310123544 0
vertex 85.94295018145807 -95.28981798153684 0
vertex 85.90838961756577 -95.15120310123544 0
endloop
endfacet
facet normal 0 0 -1
outer loop
vertex 217.24413655734736 -95.15120310123544 0
vertex 217.23687204953225 -95.28981798153684 0
vertex 119.51071904951375 -95.28981798153684 0
endloop
endfacet
facet normal 0 0 -1
outer loop
vertex 217.24413655734736 -95.15120310123544 0
vertex 119.51071904951375 -95.28981798153684 0
vertex 119.25138884855389 -95.15120310123544 0
endloop
endfacet
facet normal 0 0 -1
outer loop
vertex 117.844008350486 -95.28981798153684 0
vertex 117.61670352819965 -95.4763622282303 0
vertex 85.98946087599944 -95.4763622282303 0
endloop
endfacet
facet normal 0 0 -1
outer loop
vertex 117.844008350486 -95.28981798153684 0
vertex 85.98946087599944 -95.4763622282303 0
vertex 85.94295018145807 -95.28981798153684 0
endloop
endfacet
facet normal 0 0 -1
outer loop
vertex 217.23687204953225 -95.28981798153684 0
vertex 217.22709566668638 -95.4763622282303 0
vertex 119.73802387178787 -95.4763622282303 0
endloop
endfacet
facet normal 0 0 -1
outer loop
vertex 217.23687204953225 -95.28981798153684 0
vertex 119.73802387178787 -95.4763622282303 0
vertex 119.51071904951375 -95.28981798153684 0
endloop
endfacet
facet normal 0 0 -1
outer loop
vertex 117.61670352819965 -95.4763622282303 0
vertex 117.43015928154739 -95.70366705048033 0
vertex 86.04613432126966 -95.70366705048033 0
endloop
endfacet
facet normal 0 0 -1
outer loop
vertex 117.61670352819965 -95.4763622282303 0
vertex 86.04613432126966 -95.70366705048033 0
vertex 85.98946087599944 -95.4763622282303 0
endloop
endfacet
facet normal 0 0 -1
outer loop
vertex 217.22709566668638 -95.4763622282303 0
vertex 217.21518310972243 -95.70366705048033 0
vertex 119.92456811846156 -95.70366705048033 0
endloop
endfacet
facet normal 0 0 -1
outer loop
vertex 217.22709566668638 -95.4763622282303 0
vertex 119.92456811846156 -95.70366705048033 0
vertex 119.73802387178787 -95.4763622282303 0
endloop
endfacet
facet normal 0 0 -1
outer loop
vertex 117.43015928154739 -95.70366705048033 0
vertex 117.29154440124394 -95.96299725144299 0
vertex 86.11079258855007 -95.96299725144299 0
endloop
endfacet
facet normal 0 0 -1
outer loop
vertex 117.43015928154739 -95.70366705048033 0
vertex 86.11079258855007 -95.96299725144299 0
vertex 86.04613432126966 -95.70366705048033 0
endloop
endfacet
facet normal 0 0 -1
outer loop
vertex 217.21518310972243 -95.70366705048033 0
vertex 217.20159217152383 -95.96299725144299 0
vertex 120.06318299876446 -95.96299725144299 0
endloop
endfacet
facet normal 0 0 -1
outer loop
vertex 217.21518310972243 -95.70366705048033 0
vertex 120.06318299876446 -95.96299725144299 0
vertex 119.92456811846156 -95.70366705048033 0
endloop
endfacet
facet normal 0 0 -1
outer loop
vertex 117.29154440124394 -95.96299725144299 0
vertex 117.20618577939415 -96.24438691697327 0
vertex 86.18095089690084 -96.24438691697327 0
endloop
endfacet
facet normal 0 0 -1
outer loop
vertex 117.29154440124394 -95.96299725144299 0
vertex 86.18095089690084 -96.24438691697327 0
vertex 86.11079258855007 -95.96299725144299 0
endloop
endfacet
facet normal 0 0 -1
outer loop
vertex 217.20159217152383 -95.96299725144299 0
vertex 217.1868451442214 -96.24438691697327 0
vertex 120.14854162060445 -96.24438691697327 0
endloop
endfacet
facet normal 0 0 -1
outer loop
vertex 217.20159217152383 -95.96299725144299 0
vertex 120.14854162060445 -96.24438691697327 0
vertex 120.06318299876446 -95.96299725144299 0
endloop
endfacet
facet normal 0 0 -1
outer loop
vertex 117.20618577939415 -96.24438691697327 0
vertex 117.17736370000014 -96.5370223999953 0
vertex 86.2539131018686 -96.5370223999953 0
endloop
endfacet
facet normal 0 0 -1
outer loop
vertex 117.20618577939415 -96.24438691697327 0
vertex 86.2539131018686 -96.5370223999953 0
vertex 86.18095089690084 -96.24438691697327 0
endloop
endfacet
facet normal 0 0 -1
outer loop
vertex 217.1868451442214 -96.24438691697327 0
vertex 217.17150874780592 -96.5370223999953 0
vertex 120.17736369999939 -96.5370223999953 0
endloop
endfacet
facet normal 0 0 -1
outer loop
vertex 217.1868451442214 -96.24438691697327 0
vertex 120.17736369999939 -96.5370223999953 0
vertex 120.14854162060445 -96.24438691697327 0
endloop
endfacet
facet normal 0 0 -1
outer loop
vertex 117.17736370000014 -96.5370223999953 0
vertex 117.20618577939503 -96.82965788301915 0
vertex 86.32687530683684 -96.82965788301915 0
endloop
endfacet
facet normal 0 0 -1
outer loop
vertex 117.17736370000014 -96.5370223999953 0
vertex 86.32687530683684 -96.82965788301915 0
vertex 86.2539131018686 -96.5370223999953 0
endloop
endfacet
facet normal 0 0 -1
outer loop
vertex 217.17150874780592 -96.5370223999953 0
vertex 217.15617235139035 -96.82965788301915 0
vertex 120.14854162060426 -96.82965788301915 0
endloop
endfacet
facet normal 0 0 -1
outer loop
vertex 217.17150874780592 -96.5370223999953 0
vertex 120.14854162060426 -96.82965788301915 0
vertex 120.17736369999939 -96.5370223999953 0
endloop
endfacet
facet normal 0 0 -1
outer loop
vertex 117.20618577939503 -96.82965788301915 0
vertex 117.29154440123423 -97.11104754854915 0
vertex 86.39703361518752 -97.11104754854915 0
endloop
endfacet
facet normal 0 0 -1
outer loop
vertex 117.20618577939503 -96.82965788301915 0
vertex 86.39703361518752 -97.11104754854915 0
vertex 86.32687530683684 -96.82965788301915 0
endloop
endfacet
facet normal 0 0 -1
outer loop
vertex 217.15617235139035 -96.82965788301915 0
vertex 217.14142532408795 -97.11104754854915 0
vertex 120.06318299876807 -97.11104754854915 0
endloop
endfacet
facet normal 0 0 -1
outer loop
vertex 217.15617235139035 -96.82965788301915 0
vertex 120.06318299876807 -97.11104754854915 0
vertex 120.14854162060426 -96.82965788301915 0
endloop
endfacet
facet normal 0 0 -1
outer loop
vertex 117.29154440123423 -97.11104754854915 0
vertex 117.43015928154416 -97.37037774952496 0
vertex 86.46169188247123 -97.37037774952496 0
endloop
endfacet
facet normal 0 0 -1
outer loop
vertex 117.29154440123423 -97.11104754854915 0
vertex 86.46169188247123 -97.37037774952496 0
vertex 86.39703361518752 -97.11104754854915 0
endloop
endfacet
facet normal 0 0 -1
outer loop
vertex 217.14142532408795 -97.11104754854915 0
vertex 217.12783438588866 -97.37037774952496 0
vertex 119.92456811845467 -97.37037774952496 0
endloop
endfacet
facet normal 0 0 -1
outer loop
vertex 217.14142532408795 -97.11104754854915 0
vertex 119.92456811845467 -97.37037774952496 0
vertex 120.06318299876807 -97.11104754854915 0
endloop
endfacet
facet normal 0 0 -1
outer loop
vertex 117.43015928154416 -97.37037774952496 0
vertex 117.61670352821972 -97.59768257177727 0
vertex 86.518365327742 -97.59768257177727 0
endloop
endfacet
facet normal 0 0 -1
outer loop
vertex 117.43015928154416 -97.37037774952496 0
vertex 86.518365327742 -97.59768257177727 0
vertex 86.46169188247123 -97.37037774952496 0
endloop
endfacet
facet normal 0 0 -1
outer loop
vertex 217.12783438588866 -97.37037774952496 0
vertex 217.1159218289246 -97.59768257177727 0
vertex 119.73802387178003 -97.59768257177727 0
endloop
endfacet
facet normal 0 0 -1
outer loop
vertex 217.12783438588866 -97.37037774952496 0
vertex 119.73802387178003 -97.59768257177727 0
vertex 119.92456811845467 -97.37037774952496 0
endloop
endfacet
facet normal 0 0 -1
outer loop
vertex 117.61670352821972 -97.59768257177727 0
vertex 117.844008350472 -97.7842268184528 0
vertex 86.56487602227891 -97.7842268184528 0
endloop
endfacet
facet normal 0 0 -1
outer loop
vertex 117.61670352821972 -97.59768257177727 0
vertex 86.56487602227891 -97.7842268184528 0
vertex 86.518365327742 -97.59768257177727 0
endloop
endfacet
facet normal 0 0 -1
outer loop
vertex 217.1159218289246 -97.59768257177727 0
vertex 217.10614544607964 -97.7842268184528 0
vertex 119.51071904953216 -97.7842268184528 0
endloop
endfacet
facet normal 0 0 -1
outer loop
vertex 217.1159218289246 -97.59768257177727 0
vertex 119.51071904953216 -97.7842268184528 0
vertex 119.73802387178003 -97.59768257177727 0
endloop
endfacet
facet normal 0 0 -1
outer loop
vertex 117.844008350472 -97.7842268184528 0
vertex 118.10333855146116 -97.92284169876986 0
vertex 86.5994365861751 -97.92284169876986 0
endloop
endfacet
facet normal 0 0 -1
outer loop
vertex 117.844008350472 -97.7842268184528 0
vertex 86.5994365861751 -97.92284169876986 0
vertex 86.56487602227891 -97.7842268184528 0
endloop
endfacet
facet normal 0 0 -1
outer loop
vertex 217.10614544607964 -97.7842268184528 0
vertex 217.09888093826373 -97.92284169876986 0
vertex 119.2513888485456 -97.92284169876986 0
endloop
endfacet
facet normal 0 0 -1
outer loop
vertex 217.10614544607964 -97.7842268184528 0
vertex 119.2513888485456 -97.92284169876986 0
vertex 119.51071904953216 -97.7842268184528 0
endloop
endfacet
facet normal 0 0 -1
outer loop
vertex 118.10333855146116 -97.92284169876986 0
vertex 118.38472821697366 -98.00820032060446 0
vertex 86.62071887633947 -98.00820032060446 0
endloop
endfacet
facet normal 0 0 -1
outer loop
vertex 118.10333855146116 -97.92284169876986 0
vertex 86.62071887633947 -98.00820032060446 0
vertex 86.5994365861751 -97.92284169876986 0
endloop
endfacet
facet normal 0 0 -1
outer loop
vertex 217.09888093826373 -97.92284169876986 0
vertex 217.09440747643876 -98.00820032060446 0
vertex 118.96999918302174 -98.00820032060446 0
endloop
endfacet
facet normal 0 0 -1
outer loop
vertex 217.09888093826373 -97.92284169876986 0
vertex 118.96999918302174 -98.00820032060446 0
vertex 119.2513888485456 -97.92284169876986 0
endloop
endfacet
facet normal 0 0 -1
outer loop
vertex 118.38472821697366 -98.00820032060446 0
vertex 118.67736370000173 -98.0370224 0
vertex 86.62790502629892 -98.0370224 0
endloop
endfacet
facet normal 0 0 -1
outer loop
vertex 118.38472821697366 -98.00820032060446 0
vertex 86.62790502629892 -98.0370224 0
vertex 86.62071887633947 -98.00820032060446 0
endloop
endfacet
facet normal 0 0 -1
outer loop
vertex 217.09440747643876 -98.00820032060446 0
vertex 217.0928969732333 -98.0370224 0
vertex 118.67736370000173 -98.0370224 0
endloop
endfacet
facet normal 0 0 -1
outer loop
vertex 217.09440747643876 -98.00820032060446 0
vertex 118.67736370000173 -98.0370224 0
vertex 118.96999918302174 -98.00820032060446 0
endloop
endfacet
facet normal 0 0 -1
outer loop
vertex 118.67736370000173 -98.0370224 0
vertex 217.0928969732333 -98.0370224 0
vertex 216.9590685449998 -100.59061749999982 0
endloop
endfacet
facet normal 0 0 -1
outer loop
vertex 118.67736370000173 -98.0370224 0
vertex 216.9590685449998 -100.59061749999982 0
vertex 161.07057100001128 -100.59061749999982 0
endloop
endfacet
facet normal 0 0 -1
outer loop
vertex 118.67736370000173 -98.0370224 0
vertex 161.07057100001128 -100.59061749999982 0
vertex 87.2645876567401 -100.59061749999982 0
endloop
endfacet
facet normal 0 0 -1
outer loop
vertex 118.67736370000173 -98.0370224 0
vertex 87.2645876567401 -100.59061749999982 0
vertex 86.62790502629892 -98.0370224 0
endloop
endfacet
facet normal 0 0 -1
outer loop
vertex 161.07057100001128 -100.59061749999982 0
vertex 160.77793551700685 -100.61943957939303 0
vertex 87.27177380669899 -100.61943957939303 0
endloop
endfacet
facet normal 0 0 -1
outer loop
vertex 161.07057100001128 -100.59061749999982 0
vertex 87.27177380669899 -100.61943957939303 0
vertex 87.2645876567401 -100.59061749999982 0
endloop
endfacet
facet normal 0 0 -1
outer loop
vertex 216.9590685449998 -100.59061749999982 0
vertex 216.9575580417945 -100.61943957939303 0
vertex 161.36320648301572 -100.61943957939303 0
endloop
endfacet
facet normal 0 0 -1
outer loop
vertex 216.9590685449998 -100.59061749999982 0
vertex 161.36320648301572 -100.61943957939303 0
vertex 161.07057100001128 -100.59061749999982 0
endloop
endfacet
facet normal 0 0 -1
outer loop
vertex 160.77793551700685 -100.61943957939303 0
vertex 160.4965458514332 -100.70479820123536 0
vertex 87.29305609686527 -100.70479820123536 0
endloop
endfacet
facet normal 0 0 -1
outer loop
vertex 160.77793551700685 -100.61943957939303 0
vertex 87.29305609686527 -100.70479820123536 0
vertex 87.27177380669899 -100.61943957939303 0
endloop
endfacet
facet normal 0 0 -1
outer loop
vertex 216.9575580417945 -100.61943957939303 0
vertex 216.9530845799691 -100.70479820123536 0
vertex 161.64459614855375 -100.70479820123536 0
endloop
endfacet
facet normal 0 0 -1
outer loop
vertex 216.9575580417945 -100.61943957939303 0
vertex 161.64459614855375 -100.70479820123536 0
vertex 161.36320648301572 -100.61943957939303 0
endloop
endfacet
facet normal 0 0 -1
outer loop
vertex 160.4965458514332 -100.70479820123536 0
vertex 160.237215650478 -100.8434130815484 0
vertex 87.32761666076047 -100.8434130815484 0
endloop
endfacet
facet normal 0 0 -1
outer loop
vertex 160.4965458514332 -100.70479820123536 0
vertex 87.32761666076047 -100.8434130815484 0
vertex 87.29305609686527 -100.70479820123536 0
endloop
endfacet
facet normal 0 0 -1
outer loop
vertex 216.9530845799691 -100.70479820123536 0
vertex 216.94582007215342 -100.8434130815484 0
vertex 161.90392634953537 -100.8434130815484 0
endloop
endfacet
facet normal 0 0 -1
outer loop
vertex 216.9530845799691 -100.70479820123536 0
vertex 161.90392634953537 -100.8434130815484 0
vertex 161.64459614855375 -100.70479820123536 0
endloop
endfacet
facet normal 0 0 -1
outer loop
vertex 160.237215650478 -100.8434130815484 0
vertex 160.0099108282342 -101.02995732820487 0
vertex 87.37412735529263 -101.02995732820487 0
endloop
endfacet
facet normal 0 0 -1
outer loop
vertex 160.237215650478 -100.8434130815484 0
vertex 87.37412735529263 -101.02995732820487 0
vertex 87.32761666076047 -100.8434130815484 0
endloop
endfacet
facet normal 0 0 -1
outer loop
vertex 216.94582007215342 -100.8434130815484 0
vertex 216.93604368930946 -101.02995732820487 0
vertex 162.13123117176443 -101.02995732820487 0
endloop
endfacet
facet normal 0 0 -1
outer loop
vertex 216.94582007215342 -100.8434130815484 0
vertex 162.13123117176443 -101.02995732820487 0
vertex 161.90392634953537 -100.8434130815484 0
endloop
endfacet
facet normal 0 0 -1
outer loop
vertex 160.0099108282342 -101.02995732820487 0
vertex 159.8233665815336 -101.25726215047527 0
vertex 87.43080080056791 -101.25726215047527 0
endloop
endfacet
facet normal 0 0 -1
outer loop
vertex 160.0099108282342 -101.02995732820487 0
vertex 87.43080080056791 -101.25726215047527 0
vertex 87.37412735529263 -101.02995732820487 0
endloop
endfacet
facet normal 0 0 -1
outer loop
vertex 216.93604368930946 -101.02995732820487 0
vertex 216.92413113234443 -101.25726215047527 0
vertex 162.3177754184548 -101.25726215047527 0
endloop
endfacet
facet normal 0 0 -1
outer loop
vertex 216.93604368930946 -101.02995732820487 0
vertex 162.3177754184548 -101.25726215047527 0
vertex 162.13123117176443 -101.02995732820487 0
endloop
endfacet
facet normal 0 0 -1
outer loop
vertex 159.8233665815336 -101.25726215047527 0
vertex 159.68475170123068 -101.51659235146039 0
vertex 87.49545906785393 -101.51659235146039 0
endloop
endfacet
facet normal 0 0 -1
outer loop
vertex 159.8233665815336 -101.25726215047527 0
vertex 87.49545906785393 -101.51659235146039 0
vertex 87.43080080056791 -101.25726215047527 0
endloop
endfacet
facet normal 0 0 -1
outer loop
vertex 216.92413113234443 -101.25726215047527 0
vertex 216.91054019414466 -101.51659235146039 0
vertex 162.45639029876972 -101.51659235146039 0
endloop
endfacet
facet normal 0 0 -1
outer loop
vertex 216.92413113234443 -101.25726215047527 0
vertex 162.45639029876972 -101.51659235146039 0
vertex 162.3177754184548 -101.25726215047527 0
endloop
endfacet
facet normal 0 0 -1
outer loop
vertex 159.68475170123068 -101.51659235146039 0
vertex 159.59939307939538 -101.79798201698088 0
vertex 87.56561737620224 -101.79798201698088 0
endloop
endfacet
facet normal 0 0 -1
outer loop
vertex 159.68475170123068 -101.51659235146039 0
vertex 87.56561737620224 -101.79798201698088 0
vertex 87.49545906785393 -101.51659235146039 0
endloop
endfacet
facet normal 0 0 -1
outer loop
vertex 216.91054019414466 -101.51659235146039 0
vertex 216.89579316684274 -101.79798201698088 0
vertex 162.54174892060675 -101.79798201698088 0
endloop
endfacet
facet normal 0 0 -1
outer loop
vertex 216.91054019414466 -101.51659235146039 0
vertex 162.54174892060675 -101.79798201698088 0
vertex 162.45639029876972 -101.51659235146039 0
endloop
endfacet
facet normal 0 0 -1
outer loop
vertex 159.59939307939538 -101.79798201698088 0
vertex 159.58562416551558 -101.93778014563632 0
vertex 130.57360419573465 -101.93778014563632 0
endloop
endfacet
facet normal 0 0 -1
outer loop
vertex 159.59939307939538 -101.79798201698088 0
vertex 130.57360419573465 -101.93778014563632 0
vertex 87.60047295698054 -101.93778014563632 0
endloop
endfacet
facet normal 0 0 -1
outer loop
vertex 159.59939307939538 -101.79798201698088 0
vertex 87.60047295698054 -101.93778014563632 0
vertex 87.56561737620224 -101.79798201698088 0
endloop
endfacet
facet normal 0 0 -1
outer loop
vertex 159.58562416551558 -101.93778014563632 0
vertex 159.5855986334942 -101.9380393765998 0
vertex 130.90009432705622 -101.9380393765998 0
endloop
endfacet
facet normal 0 0 -1
outer loop
vertex 159.58562416551558 -101.93778014563632 0
vertex 130.90009432705622 -101.9380393765998 0
vertex 130.57360419573465 -101.93778014563632 0
endloop
endfacet
facet normal 0 0 -1
outer loop
vertex 130.57360419573465 -101.93778014563632 0
vertex 130.25142439999973 -101.99064890000005 0
vertex 87.61365461510498 -101.99064890000005 0
endloop
endfacet
facet normal 0 0 -1
outer loop
vertex 130.57360419573465 -101.93778014563632 0
vertex 87.61365461510498 -101.99064890000005 0
vertex 87.60047295698054 -101.93778014563632 0
endloop
endfacet
facet normal 0 0 -1
outer loop
vertex 159.5855986334942 -101.9380393765998 0
vertex 159.5803415703292 -101.99141523465272 0
vertex 131.22219196881835 -101.99141523465272 0
endloop
endfacet
facet normal 0 0 -1
outer loop
vertex 159.5855986334942 -101.9380393765998 0
vertex 131.22219196881835 -101.99141523465272 0
vertex 130.90009432705622 -101.9380393765998 0
endloop
endfacet
facet normal 0 0 -1
outer loop
vertex 159.5803415703292 -101.99141523465272 0
vertex 159.57057100000026 -102.09061749998658 0
vertex 131.51405015626693 -102.09061749998658 0
endloop
endfacet
facet normal 0 0 -1
outer loop
vertex 159.5803415703292 -101.99141523465272 0
vertex 131.51405015626693 -102.09061749998658 0
vertex 131.22219196881835 -101.99141523465272 0
endloop
endfacet
facet normal 0 0 -1
outer loop
vertex 216.89579316684274 -101.79798201698088 0
vertex 216.8804567704281 -102.09061749998658 0
vertex 162.5705710000001 -102.09061749998658 0
endloop
endfacet
facet normal 0 0 -1
outer loop
vertex 216.89579316684274 -101.79798201698088 0
vertex 162.5705710000001 -102.09061749998658 0
vertex 162.54174892060675 -101.79798201698088 0
endloop
endfacet
facet normal 0 0 -1
outer loop
vertex 159.57057100000026 -102.09061749998658 0
vertex 159.5711489286705 -102.09648530824782 0
vertex 131.53131355118697 -102.09648530824782 0
endloop
endfacet
facet normal 0 0 -1
outer loop
vertex 159.57057100000026 -102.09061749998658 0
vertex 131.53131355118697 -102.09648530824782 0
vertex 131.51405015626693 -102.09061749998658 0
endloop
endfacet
facet normal 0 0 -1
outer loop
vertex 159.5711489286705 -102.09648530824782 0
vertex 159.58631308668254 -102.2504495883285 0
vertex 131.81922130292463 -102.2504495883285 0
endloop
endfacet
facet normal 0 0 -1
outer loop
vertex 159.5711489286705 -102.09648530824782 0
vertex 131.81922130292463 -102.2504495883285 0
vertex 131.53131355118697 -102.09648530824782 0
endloop
endfacet
facet normal 0 0 -1
outer loop
vertex 159.58631308668254 -102.2504495883285 0
vertex 159.599393079397 -102.38325298302706 0
vertex 131.9922929001696 -102.38325298302706 0
endloop
endfacet
facet normal 0 0 -1
outer loop
vertex 159.58631308668254 -102.2504495883285 0
vertex 131.9922929001696 -102.38325298302706 0
vertex 131.81922130292463 -102.2504495883285 0
endloop
endfacet
facet normal 0 0 -1
outer loop
vertex 216.8804567704281 -102.09061749998658 0
vertex 216.86512037401167 -102.38325298302706 0
vertex 162.54174892060334 -102.38325298302706 0
endloop
endfacet
facet normal 0 0 -1
outer loop
vertex 216.8804567704281 -102.09061749998658 0
vertex 162.54174892060334 -102.38325298302706 0
vertex 162.5705710000001 -102.09061749998658 0
endloop
endfacet
facet normal 0 0 -1
outer loop
vertex 159.599393079397 -102.38325298302706 0
vertex 159.61939943101402 -102.44920508568117 0
vertex 132.07824277949246 -102.44920508568117 0
endloop
endfacet
facet normal 0 0 -1
outer loop
vertex 159.599393079397 -102.38325298302706 0
vertex 132.07824277949246 -102.44920508568117 0
vertex 131.9922929001696 -102.38325298302706 0
endloop
endfacet
facet normal 0 0 -1
outer loop
vertex 159.61939943101402 -102.44920508568117 0
vertex 159.6847517012347 -102.66464264854982 0
vertex 132.28010073722447 -102.66464264854982 0
endloop
endfacet
facet normal 0 0 -1
outer loop
vertex 159.61939943101402 -102.44920508568117 0
vertex 132.28010073722447 -102.66464264854982 0
vertex 132.07824277949246 -102.44920508568117 0
endloop
endfacet
facet normal 0 0 -1
outer loop
vertex 216.86512037401167 -102.38325298302706 0
vertex 216.85037334670963 -102.66464264854982 0
vertex 162.4563902987679 -102.66464264854982 0
endloop
endfacet
facet normal 0 0 -1
outer loop
vertex 216.86512037401167 -102.38325298302706 0
vertex 162.4563902987679 -102.66464264854982 0
vertex 162.54174892060334 -102.38325298302706 0
endloop
endfacet
facet normal 0 0 -1
outer loop
vertex 159.6847517012347 -102.66464264854982 0
vertex 159.69694524871852 -102.68745517136497 0
vertex 132.30147532578215 -102.68745517136497 0
endloop
endfacet
facet normal 0 0 -1
outer loop
vertex 159.6847517012347 -102.66464264854982 0
vertex 132.30147532578215 -102.68745517136497 0
vertex 132.28010073722447 -102.66464264854982 0
endloop
endfacet
facet normal 0 0 -1
outer loop
vertex 159.69694524871852 -102.68745517136497 0
vertex 159.82336658154424 -102.92397284952486 0
vertex 132.45964558318374 -102.92397284952486 0
endloop
endfacet
facet normal 0 0 -1
outer loop
vertex 159.69694524871852 -102.68745517136497 0
vertex 132.45964558318374 -102.92397284952486 0
vertex 132.30147532578215 -102.68745517136497 0
endloop
endfacet
facet normal 0 0 -1
outer loop
vertex 216.85037334670963 -102.66464264854982 0
vertex 216.8367824085104 -102.92397284952486 0
vertex 162.31777541845503 -102.92397284952486 0
endloop
endfacet
facet normal 0 0 -1
outer loop
vertex 216.85037334670963 -102.66464264854982 0
vertex 162.31777541845503 -102.92397284952486 0
vertex 162.4563902987679 -102.66464264854982 0
endloop
endfacet
facet normal 0 0 -1
outer loop
vertex 159.82336658154424 -102.92397284952486 0
vertex 159.8519901153713 -102.95885072640795 0
vertex 132.4829700247525 -102.95885072640795 0
endloop
endfacet
facet normal 0 0 -1
outer loop
vertex 159.82336658154424 -102.92397284952486 0
vertex 132.4829700247525 -102.95885072640795 0
vertex 132.45964558318374 -102.92397284952486 0
endloop
endfacet
facet normal 0 0 -1
outer loop
vertex 159.8519901153713 -102.95885072640795 0
vertex 160.00991082822443 -103.15127767178288 0
vertex 132.57029438007893 -103.15127767178288 0
endloop
endfacet
facet normal 0 0 -1
outer loop
vertex 159.8519901153713 -102.95885072640795 0
vertex 132.57029438007893 -103.15127767178288 0
vertex 132.4829700247525 -102.95885072640795 0
endloop
endfacet
facet normal 0 0 -1
outer loop
vertex 216.8367824085104 -102.92397284952486 0
vertex 216.82486985154603 -103.15127767178288 0
vertex 162.1312311717829 -103.15127767178288 0
endloop
endfacet
facet normal 0 0 -1
outer loop
vertex 216.8367824085104 -102.92397284952486 0
vertex 162.1312311717829 -103.15127767178288 0
vertex 162.31777541845503 -102.92397284952486 0
endloop
endfacet
facet normal 0 0 -1
outer loop
vertex 160.00991082822443 -103.15127767178288 0
vertex 160.1377095098354 -103.25615933927686 0
vertex 132.6178902299306 -103.25615933927686 0
endloop
endfacet
facet normal 0 0 -1
outer loop
vertex 160.00991082822443 -103.15127767178288 0
vertex 132.6178902299306 -103.25615933927686 0
vertex 132.57029438007893 -103.15127767178288 0
endloop
endfacet
facet normal 0 0 -1
outer loop
vertex 160.1377095098354 -103.25615933927686 0
vertex 160.23721565046907 -103.33782191845214 0
vertex 132.63984059657824 -103.33782191845214 0
endloop
endfacet
facet normal 0 0 -1
outer loop
vertex 160.1377095098354 -103.25615933927686 0
vertex 132.63984059657824 -103.33782191845214 0
vertex 132.6178902299306 -103.25615933927686 0
endloop
endfacet
facet normal 0 0 -1
outer loop
vertex 216.82486985154603 -103.15127767178288 0
vertex 216.8150934687014 -103.33782191845214 0
vertex 161.90392634951817 -103.33782191845214 0
endloop
endfacet
facet normal 0 0 -1
outer loop
vertex 216.82486985154603 -103.15127767178288 0
vertex 161.90392634951817 -103.33782191845214 0
vertex 162.1312311717829 -103.15127767178288 0
endloop
endfacet
facet normal 0 0 -1
outer loop
vertex 160.23721565046907 -103.33782191845214 0
vertex 160.4965458514496 -103.4764367987646 0
vertex 132.67709936891194 -103.4764367987646 0
endloop
endfacet
facet normal 0 0 -1
outer loop
vertex 160.23721565046907 -103.33782191845214 0
vertex 132.67709936891194 -103.4764367987646 0
vertex 132.63984059657824 -103.33782191845214 0
endloop
endfacet
facet normal 0 0 -1
outer loop
vertex 216.8150934687014 -103.33782191845214 0
vertex 216.80782896088573 -103.4764367987646 0
vertex 161.64459614855645 -103.4764367987646 0
endloop
endfacet
facet normal 0 0 -1
outer loop
vertex 216.8150934687014 -103.33782191845214 0
vertex 161.64459614855645 -103.4764367987646 0
vertex 161.90392634951817 -103.33782191845214 0
endloop
endfacet
facet normal 0 0 -1
outer loop
vertex 160.4965458514496 -103.4764367987646 0
vertex 160.77793551697692 -103.56179542060367 0
vertex 132.70004320763007 -103.56179542060367 0
endloop
endfacet
facet normal 0 0 -1
outer loop
vertex 160.4965458514496 -103.4764367987646 0
vertex 132.70004320763007 -103.56179542060367 0
vertex 132.67709936891194 -103.4764367987646 0
endloop
endfacet
facet normal 0 0 -1
outer loop
vertex 216.80782896088573 -103.4764367987646 0
vertex 216.8033554990605 -103.56179542060367 0
vertex 161.363206483016 -103.56179542060367 0
endloop
endfacet
facet normal 0 0 -1
outer loop
vertex 216.80782896088573 -103.4764367987646 0
vertex 161.363206483016 -103.56179542060367 0
vertex 161.64459614855645 -103.4764367987646 0
endloop
endfacet
facet normal 0 0 -1
outer loop
vertex 160.77793551697692 -103.56179542060367 0
vertex 160.87604176026628 -103.57145804218334 0
vertex 132.70264045705073 -103.57145804218334 0
endloop
endfacet
facet normal 0 0 -1
outer loop
vertex 160.77793551697692 -103.56179542060367 0
vertex 132.70264045705073 -103.57145804218334 0
vertex 132.70004320763007 -103.56179542060367 0
endloop
endfacet
facet normal 0 0 -1
outer loop
vertex 160.87604176026628 -103.57145804218334 0
vertex 161.0705710000133 -103.59061750000002 0
vertex 132.70454656040164 -103.59061750000002 0
endloop
endfacet
facet normal 0 0 -1
outer loop
vertex 160.87604176026628 -103.57145804218334 0
vertex 132.70454656040164 -103.59061750000002 0
vertex 132.70264045705073 -103.57145804218334 0
endloop
endfacet
facet normal 0 0 -1
outer loop
vertex 216.8033554990605 -103.56179542060367 0
vertex 216.80184499585505 -103.59061750000002 0
vertex 161.0705710000133 -103.59061750000002 0
endloop
endfacet
facet normal 0 0 -1
outer loop
vertex 216.8033554990605 -103.56179542060367 0
vertex 161.0705710000133 -103.59061750000002 0
vertex 161.363206483016 -103.56179542060367 0
endloop
endfacet
facet normal 0 0 -1
outer loop
vertex 161.0705710000133 -103.59061750000002 0
vertex 216.80184499585505 -103.59061750000002 0
vertex 216.78582250380566 -103.8963444499996 0
endloop
endfacet
facet normal 0 0 -1
outer loop
vertex 161.0705710000133 -103.59061750000002 0
vertex 216.78582250380566 -103.8963444499996 0
vertex 132.73496219999998 -103.8963444499996 0
endloop
endfacet
facet normal 0 0 -1
outer loop
vertex 161.0705710000133 -103.59061750000002 0
vertex 132.73496219999998 -103.8963444499996 0
vertex 132.70454656040164 -103.59061750000002 0
endloop
endfacet
facet normal 0 0 -1
outer loop
vertex 216.78582250380566 -103.8963444499996 0
vertex 216.7814729116982 -103.97933949999963 0
vertex 194.1719871000093 -103.97933949999963 0
endloop
endfacet
facet normal 0 0 -1
outer loop
vertex 216.78582250380566 -103.8963444499996 0
vertex 194.1719871000093 -103.97933949999963 0
vertex 132.73641089547888 -103.97933949999963 0
endloop
endfacet
facet normal 0 0 -1
outer loop
vertex 216.78582250380566 -103.8963444499996 0
vertex 132.73641089547888 -103.97933949999963 0
vertex 132.73496219999998 -103.8963444499996 0
endloop
endfacet
facet normal 0 0 -1
outer loop
vertex 194.1719871000093 -103.97933949999963 0
vertex 193.87935161700332 -104.00816157939299 0
vertex 132.7369139907371 -104.00816157939299 0
endloop
endfacet
facet normal 0 0 -1
outer loop
vertex 194.1719871000093 -103.97933949999963 0
vertex 132.7369139907371 -104.00816157939299 0
vertex 132.73641089547888 -103.97933949999963 0
endloop
endfacet
facet normal 0 0 -1
outer loop
vertex 216.7814729116982 -103.97933949999963 0
vertex 216.77996240849285 -104.00816157939299 0
vertex 194.46462258301528 -104.00816157939299 0
endloop
endfacet
facet normal 0 0 -1
outer loop
vertex 216.7814729116982 -103.97933949999963 0
vertex 194.46462258301528 -104.00816157939299 0
vertex 194.1719871000093 -103.97933949999963 0
endloop
endfacet
facet normal 0 0 -1
outer loop
vertex 193.87935161700332 -104.00816157939299 0
vertex 193.59796195143383 -104.09352020123573 0
vertex 132.73840394284326 -104.09352020123573 0
endloop
endfacet
facet normal 0 0 -1
outer loop
vertex 193.87935161700332 -104.00816157939299 0
vertex 132.73840394284326 -104.09352020123573 0
vertex 132.7369139907371 -104.00816157939299 0
endloop
endfacet
facet normal 0 0 -1
outer loop
vertex 216.77996240849285 -104.00816157939299 0
vertex 216.77548894666745 -104.09352020123573 0
vertex 194.74601224855465 -104.09352020123573 0
endloop
endfacet
facet normal 0 0 -1
outer loop
vertex 216.77996240849285 -104.00816157939299 0
vertex 194.74601224855465 -104.09352020123573 0
vertex 194.46462258301528 -104.00816157939299 0
endloop
endfacet
facet normal 0 0 -1
outer loop
vertex 193.59796195143383 -104.09352020123573 0
vertex 193.33863175047446 -104.23213508154969 0
vertex 132.74082349377335 -104.23213508154969 0
endloop
endfacet
facet normal 0 0 -1
outer loop
vertex 193.59796195143383 -104.09352020123573 0
vertex 132.74082349377335 -104.23213508154969 0
vertex 132.73840394284326 -104.09352020123573 0
endloop
endfacet
facet normal 0 0 -1
outer loop
vertex 216.77548894666745 -104.09352020123573 0
vertex 216.76822443885172 -104.23213508154969 0
vertex 195.00534244953798 -104.23213508154969 0
endloop
endfacet
facet normal 0 0 -1
outer loop
vertex 216.77548894666745 -104.09352020123573 0
vertex 195.00534244953798 -104.23213508154969 0
vertex 194.74601224855465 -104.09352020123573 0
endloop
endfacet
facet normal 0 0 -1
outer loop
vertex 193.33863175047446 -104.23213508154969 0
vertex 193.111326928223 -104.41867932821354 0
vertex 132.7440796615419 -104.41867932821354 0
endloop
endfacet
facet normal 0 0 -1
outer loop
vertex 193.33863175047446 -104.23213508154969 0
vertex 132.7440796615419 -104.41867932821354 0
vertex 132.74082349377335 -104.23213508154969 0
endloop
endfacet
facet normal 0 0 -1
outer loop
vertex 216.76822443885172 -104.23213508154969 0
vertex 216.75844805600738 -104.41867932821354 0
vertex 195.23264727177605 -104.41867932821354 0
endloop
endfacet
facet normal 0 0 -1
outer loop
vertex 216.76822443885172 -104.23213508154969 0
vertex 195.23264727177605 -104.41867932821354 0
vertex 195.00534244953798 -104.23213508154969 0
endloop
endfacet
facet normal 0 0 -1
outer loop
vertex 193.111326928223 -104.41867932821354 0
vertex 192.9247826815591 -104.64598415045415 0
vertex 132.74804731344778 -104.64598415045415 0
endloop
endfacet
facet normal 0 0 -1
outer loop
vertex 193.111326928223 -104.41867932821354 0
vertex 132.74804731344778 -104.64598415045415 0
vertex 132.7440796615419 -104.41867932821354 0
endloop
endfacet
facet normal 0 0 -1
outer loop
vertex 216.75844805600738 -104.41867932821354 0
vertex 216.74653549904392 -104.64598415045415 0
vertex 195.41919151844198 -104.64598415045415 0
endloop
endfacet
facet normal 0 0 -1
outer loop
vertex 216.75844805600738 -104.41867932821354 0
vertex 195.41919151844198 -104.64598415045415 0
vertex 195.23264727177605 -104.41867932821354 0
endloop
endfacet
facet normal 0 0 -1
outer loop
vertex 192.9247826815591 -104.64598415045415 0
vertex 192.7861678012305 -104.90531435145722 0
vertex 132.75257397485393 -104.90531435145722 0
endloop
endfacet
facet normal 0 0 -1
outer loop
vertex 192.9247826815591 -104.64598415045415 0
vertex 132.75257397485393 -104.90531435145722 0
vertex 132.74804731344778 -104.64598415045415 0
endloop
endfacet
facet normal 0 0 -1
outer loop
vertex 216.74653549904392 -104.64598415045415 0
vertex 216.7329445608432 -104.90531435145722 0
vertex 195.55780639876647 -104.90531435145722 0
endloop
endfacet
facet normal 0 0 -1
outer loop
vertex 216.74653549904392 -104.64598415045415 0
vertex 195.55780639876647 -104.90531435145722 0
vertex 195.41919151844198 -104.64598415045415 0
endloop
endfacet
facet normal 0 0 -1
outer loop
vertex 192.7861678012305 -104.90531435145722 0
vertex 192.70080917939296 -105.18670401699329 0
vertex 132.7574856887004 -105.18670401699329 0
endloop
endfacet
facet normal 0 0 -1
outer loop
vertex 192.7861678012305 -104.90531435145722 0
vertex 132.7574856887004 -105.18670401699329 0
vertex 132.75257397485393 -104.90531435145722 0
endloop
endfacet
facet normal 0 0 -1
outer loop
vertex 216.7329445608432 -104.90531435145722 0
vertex 216.71819753354046 -105.18670401699329 0
vertex 195.64316502060822 -105.18670401699329 0
endloop
endfacet
facet normal 0 0 -1
outer loop
vertex 216.7329445608432 -104.90531435145722 0
vertex 195.64316502060822 -105.18670401699329 0
vertex 195.55780639876647 -104.90531435145722 0
endloop
endfacet
facet normal 0 0 -1
outer loop
vertex 192.70080917939296 -105.18670401699329 0
vertex 192.67198710000108 -105.47933949998375 0
vertex 132.7625937005779 -105.47933949998375 0
endloop
endfacet
facet normal 0 0 -1
outer loop
vertex 192.70080917939296 -105.18670401699329 0
vertex 132.7625937005779 -105.47933949998375 0
vertex 132.7574856887004 -105.18670401699329 0
endloop
endfacet
facet normal 0 0 -1
outer loop
vertex 216.71819753354046 -105.18670401699329 0
vertex 216.70286113712666 -105.47933949998375 0
vertex 195.67198710000005 -105.47933949998375 0
endloop
endfacet
facet normal 0 0 -1
outer loop
vertex 216.71819753354046 -105.18670401699329 0
vertex 195.67198710000005 -105.47933949998375 0
vertex 195.64316502060822 -105.18670401699329 0
endloop
endfacet
facet normal 0 0 -1
outer loop
vertex 192.67198710000108 -105.47933949998375 0
vertex 192.70080917939802 -105.7719749830349 0
vertex 132.76770171245647 -105.7719749830349 0
endloop
endfacet
facet normal 0 0 -1
outer loop
vertex 192.67198710000108 -105.47933949998375 0
vertex 132.76770171245647 -105.7719749830349 0
vertex 132.7625937005779 -105.47933949998375 0
endloop
endfacet
facet normal 0 0 -1
outer loop
vertex 216.70286113712666 -105.47933949998375 0
vertex 216.68752474070965 -105.7719749830349 0
vertex 195.6431650206022 -105.7719749830349 0
endloop
endfacet
facet normal 0 0 -1
outer loop
vertex 216.70286113712666 -105.47933949998375 0
vertex 195.6431650206022 -105.7719749830349 0
vertex 195.67198710000005 -105.47933949998375 0
endloop
endfacet
facet normal 0 0 -1
outer loop
vertex 192.70080917939802 -105.7719749830349 0
vertex 192.78616780122806 -106.05336464853191 0
vertex 132.77261342630226 -106.05336464853191 0
endloop
endfacet
facet normal 0 0 -1
outer loop
vertex 192.70080917939802 -105.7719749830349 0
vertex 132.77261342630226 -106.05336464853191 0
vertex 132.76770171245647 -105.7719749830349 0
endloop
endfacet
facet normal 0 0 -1
outer loop
vertex 216.68752474070965 -105.7719749830349 0
vertex 216.672777713409 -106.05336464853191 0
vertex 195.5578063987683 -106.05336464853191 0
endloop
endfacet
facet normal 0 0 -1
outer loop
vertex 216.68752474070965 -105.7719749830349 0
vertex 195.5578063987683 -106.05336464853191 0
vertex 195.6431650206022 -105.7719749830349 0
endloop
endfacet
facet normal 0 0 -1
outer loop
vertex 192.78616780122806 -106.05336464853191 0
vertex 192.92478268154377 -106.31269484952163 0
vertex 132.77714008770818 -106.31269484952163 0
endloop
endfacet
facet normal 0 0 -1
outer loop
vertex 192.78616780122806 -106.05336464853191 0
vertex 132.77714008770818 -106.31269484952163 0
vertex 132.77261342630226 -106.05336464853191 0
endloop
endfacet
facet normal 0 0 -1
outer loop
vertex 216.672777713409 -106.05336464853191 0
vertex 216.65918677520898 -106.31269484952163 0
vertex 195.4191915184544 -106.31269484952163 0
endloop
endfacet
facet normal 0 0 -1
outer loop
vertex 216.672777713409 -106.05336464853191 0
vertex 195.4191915184544 -106.31269484952163 0
vertex 195.5578063987683 -106.05336464853191 0
endloop
endfacet
facet normal 0 0 -1
outer loop
vertex 192.92478268154377 -106.31269484952163 0
vertex 193.11132692823216 -106.53999967178959 0
vertex 132.78110773961455 -106.53999967178959 0
endloop
endfacet
facet normal 0 0 -1
outer loop
vertex 192.92478268154377 -106.31269484952163 0
vertex 132.78110773961455 -106.53999967178959 0
vertex 132.77714008770818 -106.31269484952163 0
endloop
endfacet
facet normal 0 0 -1
outer loop
vertex 216.65918677520898 -106.31269484952163 0
vertex 216.6472742182441 -106.53999967178959 0
vertex 195.232647271784 -106.53999967178959 0
endloop
endfacet
facet normal 0 0 -1
outer loop
vertex 216.65918677520898 -106.31269484952163 0
vertex 195.232647271784 -106.53999967178959 0
vertex 195.4191915184544 -106.31269484952163 0
endloop
endfacet
facet normal 0 0 -1
outer loop
vertex 193.11132692823216 -106.53999967178959 0
vertex 193.3386317504786 -106.72654391846034 0
vertex 132.7843639073832 -106.72654391846034 0
endloop
endfacet
facet normal 0 0 -1
outer loop
vertex 193.11132692823216 -106.53999967178959 0
vertex 132.7843639073832 -106.72654391846034 0
vertex 132.78110773961455 -106.53999967178959 0
endloop
endfacet
facet normal 0 0 -1
outer loop
vertex 216.6472742182441 -106.53999967178959 0
vertex 216.6374978353994 -106.72654391846034 0
vertex 195.00534244951672 -106.72654391846034 0
endloop
endfacet
facet normal 0 0 -1
outer loop
vertex 216.6472742182441 -106.53999967178959 0
vertex 195.00534244951672 -106.72654391846034 0
vertex 195.232647271784 -106.53999967178959 0
endloop
endfacet
facet normal 0 0 -1
outer loop
vertex 193.3386317504786 -106.72654391846034 0
vertex 193.59796195144514 -106.86515879876531 0
vertex 132.78678345831312 -106.86515879876531 0
endloop
endfacet
facet normal 0 0 -1
outer loop
vertex 193.3386317504786 -106.72654391846034 0
vertex 132.78678345831312 -106.86515879876531 0
vertex 132.7843639073832 -106.72654391846034 0
endloop
endfacet
facet normal 0 0 -1
outer loop
vertex 216.6374978353994 -106.72654391846034 0
vertex 216.6302333275841 -106.86515879876531 0
vertex 194.74601224855638 -106.86515879876531 0
endloop
endfacet
facet normal 0 0 -1
outer loop
vertex 216.6374978353994 -106.72654391846034 0
vertex 194.74601224855638 -106.86515879876531 0
vertex 195.00534244951672 -106.72654391846034 0
endloop
endfacet
facet normal 0 0 -1
outer loop
vertex 193.59796195144514 -106.86515879876531 0
vertex 193.87935161696697 -106.95051742060272 0
vertex 132.7882734104192 -106.95051742060272 0
endloop
endfacet
facet normal 0 0 -1
outer loop
vertex 193.59796195144514 -106.86515879876531 0
vertex 132.7882734104192 -106.95051742060272 0
vertex 132.78678345831312 -106.86515879876531 0
endloop
endfacet
facet normal 0 0 -1
outer loop
vertex 216.6302333275841 -106.86515879876531 0
vertex 216.625759865759 -106.95051742060272 0
vertex 194.46462258301662 -106.95051742060272 0
endloop
endfacet
facet normal 0 0 -1
outer loop
vertex 216.6302333275841 -106.86515879876531 0
vertex 194.46462258301662 -106.95051742060272 0
vertex 194.74601224855638 -106.86515879876531 0
endloop
endfacet
facet normal 0 0 -1
outer loop
vertex 193.87935161696697 -106.95051742060272 0
vertex 194.17198710001207 -106.97933949999994 0
vertex 132.78877650567748 -106.97933949999994 0
endloop
endfacet
facet normal 0 0 -1
outer loop
vertex 193.87935161696697 -106.95051742060272 0
vertex 132.78877650567748 -106.97933949999994 0
vertex 132.7882734104192 -106.95051742060272 0
endloop
endfacet
facet normal 0 0 -1
outer loop
vertex 216.625759865759 -106.95051742060272 0
vertex 216.62424936255346 -106.97933949999994 0
vertex 194.17198710001207 -106.97933949999994 0
endloop
endfacet
facet normal 0 0 -1
outer loop
vertex 216.625759865759 -106.95051742060272 0
vertex 194.17198710001207 -106.97933949999994 0
vertex 194.46462258301662 -106.95051742060272 0
endloop
endfacet
facet normal 0 0 -1
outer loop
vertex 130.25142439999973 -101.99064890000005 0
vertex 92.04967360000009 -111.51542384999999 0
vertex 91.7401398668459 -111.56722217448348 0
endloop
endfacet
facet normal 0 0 -1
outer loop
vertex 130.25142439999973 -101.99064890000005 0
vertex 91.7401398668459 -111.56722217448348 0
vertex 91.42631396238801 -111.56996080018976 0
endloop
endfacet
facet normal 0 0 -1
outer loop
vertex 130.25142439999973 -101.99064890000005 0
vertex 91.42631396238801 -111.56996080018976 0
vertex 91.11592339434874 -111.52357229243296 0
endloop
endfacet
facet normal 0 0 -1
outer loop
vertex 130.25142439999973 -101.99064890000005 0
vertex 91.11592339434874 -111.52357229243296 0
vertex 90.81661108027421 -111.42919890093447 0
endloop
endfacet
facet normal 0 0 -1
outer loop
vertex 130.25142439999973 -101.99064890000005 0
vertex 90.81661108027421 -111.42919890093447 0
vertex 90.53574715177439 -111.2891644335803 0
endloop
endfacet
facet normal 0 0 -1
outer loop
vertex 130.25142439999973 -101.99064890000005 0
vertex 90.53574715177439 -111.2891644335803 0
vertex 90.28024747572178 -111.1069170360222 0
endloop
endfacet
facet normal 0 0 -1
outer loop
vertex 130.25142439999973 -101.99064890000005 0
vertex 90.28024747572178 -111.1069170360222 0
vertex 90.05640336106148 -110.88694428609267 0
endloop
endfacet
facet normal 0 0 -1
outer loop
vertex 130.25142439999973 -101.99064890000005 0
vertex 90.05640336106148 -110.88694428609267 0
vertex 89.86972664445229 -110.63466269370906 0
endloop
endfacet
facet normal 0 0 -1
outer loop
vertex 130.25142439999973 -101.99064890000005 0
vertex 89.86972664445229 -110.63466269370906 0
vertex 89.72481396928383 -110.35628432717337 0
endloop
endfacet
facet normal 0 0 -1
outer loop
vertex 130.25142439999973 -101.99064890000005 0
vertex 89.72481396928383 -110.35628432717337 0
vertex 89.62523719999997 -110.05866769999994 0
endloop
endfacet
facet normal 0 0 -1
outer loop
vertex 130.25142439999973 -101.99064890000005 0
vertex 89.62523719999997 -110.05866769999994 0
vertex 87.61365461510498 -101.99064890000005 0
endloop
endfacet
facet normal 0 0 -1
outer loop
vertex 194.17198710001207 -106.97933949999994 0
vertex 216.62424936255346 -106.97933949999994 0
vertex 216.32298999999998 -112.72770284999956 0
endloop
endfacet
facet normal 0 0 -1
outer loop
vertex 194.17198710001207 -106.97933949999994 0
vertex 216.32298999999998 -112.72770284999956 0
vertex 132.88911535716613 -112.72770284999956 0
endloop
endfacet
facet normal 0 0 -1
outer loop
vertex 194.17198710001207 -106.97933949999994 0
vertex 132.88911535716613 -112.72770284999956 0
vertex 132.78877650567748 -106.97933949999994 0
endloop
endfacet
facet normal 0 0 -1
outer loop
vertex 216.32298999999998 -112.72770284999956 0
vertex 216.33310583077818 -113.05878138473994 0
vertex 132.89489440033125 -113.05878138473994 0
endloop
endfacet
facet normal 0 0 -1
outer loop
vertex 216.32298999999998 -112.72770284999956 0
vertex 132.89489440033125 -113.05878138473994 0
vertex 132.88911535716613 -112.72770284999956 0
endloop
endfacet
facet normal 0 0 -1
outer loop
vertex 216.33310583077818 -113.05878138473994 0
vertex 216.39772668260855 -113.38364977610223 0
vertex 132.90056504418055 -113.38364977610223 0
endloop
endfacet
facet normal 0 0 -1
outer loop
vertex 216.33310583077818 -113.05878138473994 0
vertex 132.90056504418055 -113.38364977610223 0
vertex 132.89489440033125 -113.05878138473994 0
endloop
endfacet
facet normal 0 0 -1
outer loop
vertex 216.39772668260855 -113.38364977610223 0
vertex 216.51508008103178 -113.6933972637052 0
vertex 132.90597174957915 -113.6933972637052 0
endloop
endfacet
facet normal 0 0 -1
outer loop
vertex 216.39772668260855 -113.38364977610223 0
vertex 132.90597174957915 -113.6933972637052 0
vertex 132.90056504418055 -113.38364977610223 0
endloop
endfacet
facet normal 0 0 -1
outer loop
vertex 216.51508008103178 -113.6933972637052 0
vertex 216.68194715945071 -113.97952783588809 0
vertex 132.91096621691543 -113.97952783588809 0
endloop
endfacet
facet normal 0 0 -1
outer loop
vertex 216.51508008103178 -113.6933972637052 0
vertex 132.91096621691543 -113.97952783588809 0
vertex 132.90597174957915 -113.6933972637052 0
endloop
endfacet
facet normal 0 0 -1
outer loop
vertex 216.68194715945071 -113.97952783588809 0
vertex 216.8937509488803 -114.23419326538549 0
vertex 132.91541145378613 -114.23419326538549 0
endloop
endfacet
facet normal 0 0 -1
outer loop
vertex 216.68194715945071 -113.97952783588809 0
vertex 132.91541145378613 -114.23419326538549 0
vertex 132.91096621691543 -113.97952783588809 0
endloop
endfacet
facet normal 0 0 -1
outer loop
vertex 216.8937509488803 -114.23419326538549 0
vertex 217.14468191885885 -114.45040837703031 0
vertex 132.91918553253794 -114.45040837703031 0
endloop
endfacet
facet normal 0 0 -1
outer loop
vertex 216.8937509488803 -114.23419326538549 0
vertex 132.91918553253794 -114.45040837703031 0
vertex 132.91541145378613 -114.23419326538549 0
endloop
endfacet
facet normal 0 0 -1
outer loop
vertex 217.14468191885885 -114.45040837703031 0
vertex 217.42785732607976 -114.62224264294645 0
vertex 132.92218493460052 -114.62224264294645 0
endloop
endfacet
facet normal 0 0 -1
outer loop
vertex 217.14468191885885 -114.45040837703031 0
vertex 132.92218493460052 -114.62224264294645 0
vertex 132.91918553253794 -114.45040837703031 0
endloop
endfacet
facet normal 0 0 -1
outer loop
vertex 217.42785732607976 -114.62224264294645 0
vertex 217.73551000000015 -114.74498570000006 0
vertex 132.92432743962726 -114.74498570000006 0
endloop
endfacet
facet normal 0 0 -1
outer loop
vertex 217.42785732607976 -114.62224264294645 0
vertex 132.92432743962726 -114.74498570000006 0
vertex 132.92218493460052 -114.62224264294645 0
endloop
endfacet
facet normal 0 0 -1
outer loop
vertex 217.73551000000015 -114.74498570000006 0
vertex 218.70817149999996 -115.0423648 0
vertex 219.0314064638316 -115.17296179902499 0
endloop
endfacet
facet normal 0 0 -1
outer loop
vertex 217.73551000000015 -114.74498570000006 0
vertex 219.0314064638316 -115.17296179902499 0
vertex 219.32705303854814 -115.35770356705825 0
endloop
endfacet
facet normal 0 0 -1
outer loop
vertex 217.73551000000015 -114.74498570000006 0
vertex 219.32705303854814 -115.35770356705825 0
vertex 219.5861282677281 -115.59097689091408 0
endloop
endfacet
facet normal 0 0 -1
outer loop
vertex 217.73551000000015 -114.74498570000006 0
vertex 219.5861282677281 -115.59097689091408 0
vertex 219.80076038253546 -115.86569396954414 0
endloop
endfacet
facet normal 0 0 -1
outer loop
vertex 217.73551000000015 -114.74498570000006 0
vertex 219.80076038253546 -115.86569396954414 0
vertex 219.96442797836457 -116.17350777052303 0
endloop
endfacet
facet normal 0 0 -1
outer loop
vertex 217.73551000000015 -114.74498570000006 0
vertex 219.96442797836457 -116.17350777052303 0
vertex 220.0721581618808 -116.50506564715589 0
endloop
endfacet
facet normal 0 0 -1
outer loop
vertex 217.73551000000015 -114.74498570000006 0
vertex 220.0721581618808 -116.50506564715589 0
vertex 220.12067764793022 -116.85029351027082 0
endloop
endfacet
facet normal 0 0 -1
outer loop
vertex 217.73551000000015 -114.74498570000006 0
vertex 220.12067764793022 -116.85029351027082 0
vertex 220.10851221537865 -117.1987019203995 0
endloop
endfacet
facet normal 0 0 -1
outer loop
vertex 217.73551000000015 -114.74498570000006 0
vertex 220.10851221537865 -117.1987019203995 0
vertex 220.03603299999995 -117.53970960000015 0
endloop
endfacet
facet normal 0 0 -1
outer loop
vertex 217.73551000000015 -114.74498570000006 0
vertex 220.03603299999995 -117.53970960000015 0
vertex 217.72409051265174 -125.10172030000001 0
endloop
endfacet
facet normal 0 0 -1
outer loop
vertex 217.73551000000015 -114.74498570000006 0
vertex 217.72409051265174 -125.10172030000001 0
vertex 155.10845619999998 -125.10172030000001 0
endloop
endfacet
facet normal 0 0 -1
outer loop
vertex 217.73551000000015 -114.74498570000006 0
vertex 155.10845619999998 -125.10172030000001 0
vertex 133.94341622629213 -125.10172030000001 0
endloop
endfacet
facet normal 0 0 -1
outer loop
vertex 217.73551000000015 -114.74498570000006 0
vertex 133.94341622629213 -125.10172030000001 0
vertex 133.9295116655155 -125.09352985466457 0
endloop
endfacet
facet normal 0 0 -1
outer loop
vertex 217.73551000000015 -114.74498570000006 0
vertex 133.9295116655155 -125.09352985466457 0
vertex 133.68734754430824 -124.89390425527299 0
endloop
endfacet
facet normal 0 0 -1
outer loop
vertex 217.73551000000015 -114.74498570000006 0
vertex 133.68734754430824 -124.89390425527299 0
vertex 133.4793932954911 -124.6588534694174 0
endloop
endfacet
facet normal 0 0 -1
outer loop
vertex 217.73551000000015 -114.74498570000006 0
vertex 133.4793932954911 -124.6588534694174 0
vertex 133.31076947227112 -124.39416526081116 0
endloop
endfacet
facet normal 0 0 -1
outer loop
vertex 217.73551000000015 -114.74498570000006 0
vertex 133.31076947227112 -124.39416526081116 0
vertex 133.18562817667913 -124.10635716907296 0
endloop
endfacet
facet normal 0 0 -1
outer loop
vertex 217.73551000000015 -114.74498570000006 0
vertex 133.18562817667913 -124.10635716907296 0
vertex 133.1070508204494 -123.80251602534742 0
endloop
endfacet
facet normal 0 0 -1
outer loop
vertex 217.73551000000015 -114.74498570000006 0
vertex 133.1070508204494 -123.80251602534742 0
vertex 133.07697591447402 -123.49014159150121 0
endloop
endfacet
facet normal 0 0 -1
outer loop
vertex 217.73551000000015 -114.74498570000006 0
vertex 133.07697591447402 -123.49014159150121 0
vertex 133.07697450000072 -123.49012690000002 0
endloop
endfacet
facet normal 0 0 -1
outer loop
vertex 217.73551000000015 -114.74498570000006 0
vertex 133.07697450000072 -123.49012690000002 0
vertex 132.937355299999 -115.49134540000004 0
endloop
endfacet
facet normal 0 0 -1
outer loop
vertex 217.73551000000015 -114.74498570000006 0
vertex 132.937355299999 -115.49134540000004 0
vertex 132.92432743962726 -114.74498570000006 0
endloop
endfacet
facet normal 0 0 -1
outer loop
vertex 155.10845619999998 -125.10172030000001 0
vertex 155.10852859999997 -125.10586939999999 0
vertex 135.11157225000017 -125.45492345 0
endloop
endfacet
facet normal 0 0 -1
outer loop
vertex 155.10845619999998 -125.10172030000001 0
vertex 135.11157225000017 -125.45492345 0
vertex 134.7983203425339 -125.43576401364584 0
endloop
endfacet
facet normal 0 0 -1
outer loop
vertex 155.10845619999998 -125.10172030000001 0
vertex 134.7983203425339 -125.43576401364584 0
vertex 134.49192231277425 -125.36783692853409 0
endloop
endfacet
facet normal 0 0 -1
outer loop
vertex 155.10845619999998 -125.10172030000001 0
vertex 134.49192231277425 -125.36783692853409 0
vertex 134.19992274046788 -125.25281479455391 0
endloop
endfacet
facet normal 0 0 -1
outer loop
vertex 155.10845619999998 -125.10172030000001 0
vertex 134.19992274046788 -125.25281479455391 0
vertex 133.94341622629213 -125.10172030000001 0
endloop
endfacet
facet normal 0 0 -1
outer loop
vertex 217.72409051265174 -125.10172030000001 0
vertex 217.53753710445739 -125.71190800000001 0
vertex 190.06608650000052 -125.71190800000001 0
endloop
endfacet
facet normal 0 0 -1
outer loop
vertex 217.72409051265174 -125.10172030000001 0
vertex 190.06608650000052 -125.71190800000001 0
vertex 155.10845619999998 -125.10172030000001 0
endloop
endfacet
facet normal 0 0 -1
outer loop
vertex 217.53753710445739 -125.71190800000001 0
vertex 217.53389875578054 -125.72380848272184 0
vertex 190.25180883450292 -125.72380848272184 0
endloop
endfacet
facet normal 0 0 -1
outer loop
vertex 217.53753710445739 -125.71190800000001 0
vertex 190.25180883450292 -125.72380848272184 0
vertex 190.06608650000052 -125.71190800000001 0
endloop
endfacet
facet normal 0 0 -1
outer loop
vertex 217.53389875578054 -125.72380848272184 0
vertex 217.52499871179052 -125.75291916702794 0
vertex 190.43561933816483 -125.75291916702794 0
endloop
endfacet
facet normal 0 0 -1
outer loop
vertex 217.53389875578054 -125.72380848272184 0
vertex 190.43561933816483 -125.75291916702794 0
vertex 190.25180883450292 -125.72380848272184 0
endloop
endfacet
facet normal 0 0 -1
outer loop
vertex 217.52499871179052 -125.75291916702794 0
vertex 217.51091372719333 -125.79898900000008 0
vertex 190.61592825000028 -125.79898900000008 0
endloop
endfacet
facet normal 0 0 -1
outer loop
vertex 217.52499871179052 -125.75291916702794 0
vertex 190.61592825000028 -125.79898900000008 0
vertex 190.43561933816483 -125.75291916702794 0
endloop
endfacet
facet normal 0 0 -1
outer loop
vertex 217.51091372719333 -125.79898900000008 0
vertex 215.79663514999984 -131.40613235000038 0
vertex 215.6660381509749 -131.7293673138318 0
endloop
endfacet
facet normal 0 0 -1
outer loop
vertex 217.51091372719333 -125.79898900000008 0
vertex 215.6660381509749 -131.7293673138318 0
vertex 215.48129638294185 -132.02501388854807 0
endloop
endfacet
facet normal 0 0 -1
outer loop
vertex 217.51091372719333 -125.79898900000008 0
vertex 215.48129638294185 -132.02501388854807 0
vertex 215.24802305908582 -132.2840891177282 0
endloop
endfacet
facet normal 0 0 -1
outer loop
vertex 217.51091372719333 -125.79898900000008 0
vertex 215.24802305908582 -132.2840891177282 0
vertex 214.97330598045593 -132.49872123253544 0
endloop
endfacet
facet normal 0 0 -1
outer loop
vertex 217.51091372719333 -125.79898900000008 0
vertex 214.97330598045593 -132.49872123253544 0
vertex 214.66549217947698 -132.66238882836456 0
endloop
endfacet
facet normal 0 0 -1
outer loop
vertex 217.51091372719333 -125.79898900000008 0
vertex 214.66549217947698 -132.66238882836456 0
vertex 214.33393430284428 -132.77011901188075 0
endloop
endfacet
facet normal 0 0 -1
outer loop
vertex 217.51091372719333 -125.79898900000008 0
vertex 214.33393430284428 -132.77011901188075 0
vertex 213.98870643972924 -132.8186384979302 0
endloop
endfacet
facet normal 0 0 -1
outer loop
vertex 217.51091372719333 -125.79898900000008 0
vertex 213.98870643972924 -132.8186384979302 0
vertex 213.64029802960027 -132.80647306537864 0
endloop
endfacet
facet normal 0 0 -1
outer loop
vertex 217.51091372719333 -125.79898900000008 0
vertex 213.64029802960027 -132.80647306537864 0
vertex 213.29929029999997 -132.7339947 0
endloop
endfacet
facet normal 0 0 -1
outer loop
vertex 217.51091372719333 -125.79898900000008 0
vertex 213.29929029999997 -132.7339947 0
vertex 190.61592825000028 -125.79898900000008 0
endloop
endfacet
facet normal 0 0 1
outer loop
vertex 214.3339343028442 -132.77011901188075 1
vertex 214.66549217947713 -132.6623888283645 1
vertex 214.97330598045582 -132.4987212325355 1
endloop
endfacet
facet normal 0 0 1
outer loop
vertex 214.3339343028442 -132.77011901188075 1
vertex 214.97330598045582 -132.4987212325355 1
vertex 215.2480230590858 -132.28408911772823 1
endloop
endfacet
facet normal 0 0 1
outer loop
vertex 214.3339343028442 -132.77011901188075 1
vertex 215.2480230590858 -132.28408911772823 1
vertex 215.4812963829418 -132.02501388854813 1
endloop
endfacet
facet normal 0 0 1
outer loop
vertex 214.3339343028442 -132.77011901188075 1
vertex 215.4812963829418 -132.02501388854813 1
vertex 215.66603815097508 -131.72936731383146 1
endloop
endfacet
facet normal 0 0 1
outer loop
vertex 214.3339343028442 -132.77011901188075 1
vertex 215.66603815097508 -131.72936731383146 1
vertex 215.79663514999984 -131.4061323500004 1
endloop
endfacet
facet normal 0 0 1
outer loop
vertex 214.3339343028442 -132.77011901188075 1
vertex 215.79663514999984 -131.4061323500004 1
vertex 217.51091372719335 -125.79898899999989 1
endloop
endfacet
facet normal 0 0 1
outer loop
vertex 214.3339343028442 -132.77011901188075 1
vertex 217.51091372719335 -125.79898899999989 1
vertex 190.6159282499996 -125.79898899999989 1
endloop
endfacet
facet normal 0 0 1
outer loop
vertex 214.3339343028442 -132.77011901188075 1
vertex 190.6159282499996 -125.79898899999989 1
vertex 213.29929029999985 -132.73399469999998 1
endloop
endfacet
facet normal 0 0 1
outer loop
vertex 214.3339343028442 -132.77011901188075 1
vertex 213.29929029999985 -132.73399469999998 1
vertex 213.6402980296003 -132.80647306537864 1
endloop
endfacet
facet normal 0 0 1
outer loop
vertex 214.3339343028442 -132.77011901188075 1
vertex 213.6402980296003 -132.80647306537864 1
vertex 213.98870643972927 -132.8186384979302 1
endloop
endfacet
facet normal 0 0 1
outer loop
vertex 217.51091372719335 -125.79898899999989 1
vertex 217.5249987117905 -125.75291916702797 1
vertex 190.43561933816497 -125.75291916702797 1
endloop
endfacet
facet normal 0 0 1
outer loop
vertex 217.51091372719335 -125.79898899999989 1
vertex 190.43561933816497 -125.75291916702797 1
vertex 190.6159282499996 -125.79898899999989 1
endloop
endfacet
facet normal 0 0 1
outer loop
vertex 217.5249987117905 -125.75291916702797 1
vertex 217.53389875578054 -125.72380848272184 1
vertex 190.251808834503 -125.72380848272184 1
endloop
endfacet
facet normal 0 0 1
outer loop
vertex 217.5249987117905 -125.75291916702797 1
vertex 190.251808834503 -125.72380848272184 1
vertex 190.43561933816497 -125.75291916702797 1
endloop
endfacet
facet normal 0 0 1
outer loop
vertex 217.53389875578054 -125.72380848272184 1
vertex 217.53753710445736 -125.711908 1
vertex 190.06608650000013 -125.711908 1
endloop
endfacet
facet normal 0 0 1
outer loop
vertex 217.53389875578054 -125.72380848272184 1
vertex 190.06608650000013 -125.711908 1
vertex 190.251808834503 -125.72380848272184 1
endloop
endfacet
facet normal 0 0 1
outer loop
vertex 155.1085286 -125.10586939999999 1
vertex 155.1084562 -125.1017203 1
vertex 133.94341622629213 -125.1017203 1
endloop
endfacet
facet normal 0 0 1
outer loop
vertex 155.1085286 -125.10586939999999 1
vertex 133.94341622629213 -125.1017203 1
vertex 134.19992274046794 -125.25281479455394 1
endloop
endfacet
facet normal 0 0 1
outer loop
vertex 155.1085286 -125.10586939999999 1
vertex 134.19992274046794 -125.25281479455394 1
vertex 134.4919223127743 -125.3678369285341 1
endloop
endfacet
facet normal 0 0 1
outer loop
vertex 155.1085286 -125.10586939999999 1
vertex 134.4919223127743 -125.3678369285341 1
vertex 134.79832034253403 -125.43576401364585 1
endloop
endfacet
facet normal 0 0 1
outer loop
vertex 155.1085286 -125.10586939999999 1
vertex 134.79832034253403 -125.43576401364585 1
vertex 135.1115722500001 -125.45492345 1
endloop
endfacet
facet normal 0 0 1
outer loop
vertex 217.53753710445736 -125.711908 1
vertex 217.72409051265174 -125.1017203 1
vertex 155.1084562 -125.1017203 1
endloop
endfacet
facet normal 0 0 1
outer loop
vertex 217.53753710445736 -125.711908 1
vertex 155.1084562 -125.1017203 1
vertex 190.06608650000013 -125.711908 1
endloop
endfacet
facet normal 0 0 1
outer loop
vertex 155.1084562 -125.1017203 1
vertex 217.72409051265174 -125.1017203 1
vertex 220.03603299999997 -117.5397096 1
endloop
endfacet
facet normal 0 0 1
outer loop
vertex 155.1084562 -125.1017203 1
vertex 220.03603299999997 -117.5397096 1
vertex 220.10851221537865 -117.19870192039942 1
endloop
endfacet
facet normal 0 0 1
outer loop
vertex 155.1084562 -125.1017203 1
vertex 220.10851221537865 -117.19870192039942 1
vertex 220.12067764793022 -116.8502935102709 1
endloop
endfacet
facet normal 0 0 1
outer loop
vertex 155.1084562 -125.1017203 1
vertex 220.12067764793022 -116.8502935102709 1
vertex 220.07215816188076 -116.50506564715572 1
endloop
endfacet
facet normal 0 0 1
outer loop
vertex 155.1084562 -125.1017203 1
vertex 220.07215816188076 -116.50506564715572 1
vertex 219.96442797836463 -116.17350777052316 1
endloop
endfacet
facet normal 0 0 1
outer loop
vertex 155.1084562 -125.1017203 1
vertex 219.96442797836463 -116.17350777052316 1
vertex 219.80076038253546 -115.86569396954414 1
endloop
endfacet
facet normal 0 0 1
outer loop
vertex 155.1084562 -125.1017203 1
vertex 219.80076038253546 -115.86569396954414 1
vertex 219.58612826772807 -115.59097689091404 1
endloop
endfacet
facet normal 0 0 1
outer loop
vertex 155.1084562 -125.1017203 1
vertex 219.58612826772807 -115.59097689091404 1
vertex 219.32705303854817 -115.35770356705827 1
endloop
endfacet
facet normal 0 0 1
outer loop
vertex 155.1084562 -125.1017203 1
vertex 219.32705303854817 -115.35770356705827 1
vertex 219.03140646383162 -115.172961799025 1
endloop
endfacet
facet normal 0 0 1
outer loop
vertex 155.1084562 -125.1017203 1
vertex 219.03140646383162 -115.172961799025 1
vertex 218.70817149999993 -115.04236479999999 1
endloop
endfacet
facet normal 0 0 1
outer loop
vertex 155.1084562 -125.1017203 1
vertex 218.70817149999993 -115.04236479999999 1
vertex 217.73551000000003 -114.74498570000002 1
endloop
endfacet
facet normal 0 0 1
outer loop
vertex 155.1084562 -125.1017203 1
vertex 217.73551000000003 -114.74498570000002 1
vertex 132.92432743962726 -114.74498570000002 1
endloop
endfacet
facet normal 0 0 1
outer loop
vertex 155.1084562 -125.1017203 1
vertex 132.92432743962726 -114.74498570000002 1
vertex 132.937355299999 -115.49134540000004 1
endloop
endfacet
facet normal 0 0 1
outer loop
vertex 155.1084562 -125.1017203 1
vertex 132.937355299999 -115.49134540000004 1
vertex 133.07697450000072 -123.49012690000002 1.0000000000000004
endloop
endfacet
facet normal 0 0 1
outer loop
vertex 155.1084562 -125.1017203 1
vertex 133.07697450000072 -123.49012690000002 1.0000000000000004
vertex 133.07697591447402 -123.49014159150151 1
endloop
endfacet
facet normal 0 0 1
outer loop
vertex 155.1084562 -125.1017203 1
vertex 133.07697591447402 -123.49014159150151 1
vertex 133.10705082044936 -123.80251602534727 1
endloop
endfacet
facet normal 0 0 1
outer loop
vertex 155.1084562 -125.1017203 1
vertex 133.10705082044936 -123.80251602534727 1
vertex 133.18562817667913 -124.10635716907288 1
endloop
endfacet
facet normal 0 0 1
outer loop
vertex 155.1084562 -125.1017203 1
vertex 133.18562817667913 -124.10635716907288 1
vertex 133.31076947227123 -124.39416526081136 1
endloop
endfacet
facet normal 0 0 1
outer loop
vertex 155.1084562 -125.1017203 1
vertex 133.31076947227123 -124.39416526081136 1
vertex 133.479393295491 -124.65885346941728 1
endloop
endfacet
facet normal 0 0 1
outer loop
vertex 155.1084562 -125.1017203 1
vertex 133.479393295491 -124.65885346941728 1
vertex 133.68734754430827 -124.89390425527301 1
endloop
endfacet
facet normal 0 0 1
outer loop
vertex 155.1084562 -125.1017203 1
vertex 133.68734754430827 -124.89390425527301 1
vertex 133.92951166551546 -125.09352985466454 1
endloop
endfacet
facet normal 0 0 1
outer loop
vertex 155.1084562 -125.1017203 1
vertex 133.92951166551546 -125.09352985466454 1
vertex 133.94341622629213 -125.1017203 1
endloop
endfacet
facet normal 0 0 1
outer loop
vertex 217.73551000000003 -114.74498570000002 1
vertex 217.4278573260797 -114.62224264294642 1
vertex 132.92218493460052 -114.62224264294642 1
endloop
endfacet
facet normal 0 0 1
outer loop
vertex 217.73551000000003 -114.74498570000002 1
vertex 132.92218493460052 -114.62224264294642 1
vertex 132.92432743962726 -114.74498570000002 1
endloop
endfacet
facet normal 0 0 1
outer loop
vertex 217.4278573260797 -114.62224264294642 1
vertex 217.14468191885877 -114.45040837703027 1
vertex 132.91918553253794 -114.45040837703027 1
endloop
endfacet
facet normal 0 0 1
outer loop
vertex 217.4278573260797 -114.62224264294642 1
vertex 132.91918553253794 -114.45040837703027 1
vertex 132.92218493460052 -114.62224264294642 1
endloop
endfacet
facet normal 0 0 1
outer loop
vertex 217.14468191885877 -114.45040837703027 1
vertex 216.89375094888027 -114.23419326538551 1
vertex 132.91541145378613 -114.23419326538551 1
endloop
endfacet
facet normal 0 0 1
outer loop
vertex 217.14468191885877 -114.45040837703027 1
vertex 132.91541145378613 -114.23419326538551 1
vertex 132.91918553253794 -114.45040837703027 1
endloop
endfacet
facet normal 0 0 1
outer loop
vertex 216.89375094888027 -114.23419326538551 1
vertex 216.6819471594508 -113.97952783588822 1
vertex 132.91096621691543 -113.97952783588822 1
endloop
endfacet
facet normal 0 0 1
outer loop
vertex 216.89375094888027 -114.23419326538551 1
vertex 132.91096621691543 -113.97952783588822 1
vertex 132.91541145378613 -114.23419326538551 1
endloop
endfacet
facet normal 0 0 1
outer loop
vertex 216.6819471594508 -113.97952783588822 1
vertex 216.51508008103178 -113.6933972637052 1
vertex 132.90597174957915 -113.6933972637052 1
endloop
endfacet
facet normal 0 0 1
outer loop
vertex 216.6819471594508 -113.97952783588822 1
vertex 132.90597174957915 -113.6933972637052 1
vertex 132.91096621691543 -113.97952783588822 1
endloop
endfacet
facet normal 0 0 1
outer loop
vertex 216.51508008103178 -113.6933972637052 1
vertex 216.39772668260858 -113.38364977610235 1
vertex 132.90056504418055 -113.38364977610235 1
endloop
endfacet
facet normal 0 0 1
outer loop
vertex 216.51508008103178 -113.6933972637052 1
vertex 132.90056504418055 -113.38364977610235 1
vertex 132.90597174957915 -113.6933972637052 1
endloop
endfacet
facet normal 0 0 1
outer loop
vertex 216.39772668260858 -113.38364977610235 1
vertex 216.3331058307782 -113.0587813847402 1
vertex 132.89489440033125 -113.0587813847402 1
endloop
endfacet
facet normal 0 0 1
outer loop
vertex 216.39772668260858 -113.38364977610235 1
vertex 132.89489440033125 -113.0587813847402 1
vertex 132.90056504418055 -113.38364977610235 1
endloop
endfacet
facet normal 0 0 1
outer loop
vertex 216.3331058307782 -113.0587813847402 1
vertex 216.32298999999998 -112.72770284999962 1
vertex 132.88911535716613 -112.72770284999962 1
endloop
endfacet
facet normal 0 0 1
outer loop
vertex 216.3331058307782 -113.0587813847402 1
vertex 132.88911535716613 -112.72770284999962 1
vertex 132.89489440033125 -113.0587813847402 1
endloop
endfacet
facet normal 0 0 1
outer loop
vertex 216.32298999999998 -112.72770284999962 1
vertex 216.62424936255343 -106.97933949999994 1
vertex 194.17198710001213 -106.97933949999994 1
endloop
endfacet
facet normal 0 0 1
outer loop
vertex 216.32298999999998 -112.72770284999962 1
vertex 194.17198710001213 -106.97933949999994 1
vertex 132.78877650567748 -106.97933949999994 1
endloop
endfacet
facet normal 0 0 1
outer loop
vertex 216.32298999999998 -112.72770284999962 1
vertex 132.78877650567748 -106.97933949999994 1
vertex 132.88911535716613 -112.72770284999962 1
endloop
endfacet
facet normal 0 0 1
outer loop
vertex 194.17198710001213 -106.97933949999994 1
vertex 193.879351616967 -106.95051742060272 1
vertex 132.7882734104192 -106.95051742060272 1
endloop
endfacet
facet normal 0 0 1
outer loop
vertex 194.17198710001213 -106.97933949999994 1
vertex 132.7882734104192 -106.95051742060272 1
vertex 132.78877650567748 -106.97933949999994 1
endloop
endfacet
facet normal 0 0 1
outer loop
vertex 216.62424936255343 -106.97933949999994 1
vertex 216.62575986575897 -106.95051742060272 1
vertex 194.46462258305718 -106.95051742060272 1
endloop
endfacet
facet normal 0 0 1
outer loop
vertex 216.62424936255343 -106.97933949999994 1
vertex 194.46462258305718 -106.95051742060272 1
vertex 194.17198710001213 -106.97933949999994 1
endloop
endfacet
facet normal 0 0 1
outer loop
vertex 193.879351616967 -106.95051742060272 1
vertex 193.59796195144503 -106.86515879876526 1
vertex 132.78678345831312 -106.86515879876526 1
endloop
endfacet
facet normal 0 0 1
outer loop
vertex 193.879351616967 -106.95051742060272 1
vertex 132.78678345831312 -106.86515879876526 1
vertex 132.7882734104192 -106.95051742060272 1
endloop
endfacet
facet normal 0 0 1
outer loop
vertex 216.62575986575897 -106.95051742060272 1
vertex 216.63023332758408 -106.86515879876526 1
vertex 194.74601224854192 -106.86515879876526 1
endloop
endfacet
facet normal 0 0 1
outer loop
vertex 216.62575986575897 -106.95051742060272 1
vertex 194.74601224854192 -106.86515879876526 1
vertex 194.46462258305718 -106.95051742060272 1
endloop
endfacet
facet normal 0 0 1
outer loop
vertex 193.59796195144503 -106.86515879876526 1
vertex 193.3386317504787 -106.7265439184604 1
vertex 132.7843639073832 -106.7265439184604 1
endloop
endfacet
facet normal 0 0 1
outer loop
vertex 193.59796195144503 -106.86515879876526 1
vertex 132.7843639073832 -106.7265439184604 1
vertex 132.78678345831312 -106.86515879876526 1
endloop
endfacet
facet normal 0 0 1
outer loop
vertex 216.63023332758408 -106.86515879876526 1
vertex 216.63749783539936 -106.7265439184604 1
vertex 195.0053424495219 -106.7265439184604 1
endloop
endfacet
facet normal 0 0 1
outer loop
vertex 216.63023332758408 -106.86515879876526 1
vertex 195.0053424495219 -106.7265439184604 1
vertex 194.74601224854192 -106.86515879876526 1
endloop
endfacet
facet normal 0 0 1
outer loop
vertex 193.3386317504787 -106.7265439184604 1
vertex 193.1113269282321 -106.53999967178954 1
vertex 132.78110773961455 -106.53999967178954 1
endloop
endfacet
facet normal 0 0 1
outer loop
vertex 193.3386317504787 -106.7265439184604 1
vertex 132.78110773961455 -106.53999967178954 1
vertex 132.7843639073832 -106.7265439184604 1
endloop
endfacet
facet normal 0 0 1
outer loop
vertex 216.63749783539936 -106.7265439184604 1
vertex 216.64727421824406 -106.53999967178954 1
vertex 195.23264727176414 -106.53999967178954 1
endloop
endfacet
facet normal 0 0 1
outer loop
vertex 216.63749783539936 -106.7265439184604 1
vertex 195.23264727176414 -106.53999967178954 1
vertex 195.0053424495219 -106.7265439184604 1
endloop
endfacet
facet normal 0 0 1
outer loop
vertex 193.1113269282321 -106.53999967178954 1
vertex 192.92478268154386 -106.31269484952176 1
vertex 132.77714008770818 -106.31269484952176 1
endloop
endfacet
facet normal 0 0 1
outer loop
vertex 193.1113269282321 -106.53999967178954 1
vertex 132.77714008770818 -106.31269484952176 1
vertex 132.78110773961455 -106.53999967178954 1
endloop
endfacet
facet normal 0 0 1
outer loop
vertex 216.64727421824406 -106.53999967178954 1
vertex 216.65918677520895 -106.31269484952176 1
vertex 195.41919151846616 -106.31269484952176 1
endloop
endfacet
facet normal 0 0 1
outer loop
vertex 216.64727421824406 -106.53999967178954 1
vertex 195.41919151846616 -106.31269484952176 1
vertex 195.23264727176414 -106.53999967178954 1
endloop
endfacet
facet normal 0 0 1
outer loop
vertex 192.92478268154386 -106.31269484952176 1
vertex 192.78616780122624 -106.05336464853161 1
vertex 132.77261342630226 -106.05336464853161 1
endloop
endfacet
facet normal 0 0 1
outer loop
vertex 192.92478268154386 -106.31269484952176 1
vertex 132.77261342630226 -106.05336464853161 1
vertex 132.77714008770818 -106.31269484952176 1
endloop
endfacet
facet normal 0 0 1
outer loop
vertex 216.65918677520895 -106.31269484952176 1
vertex 216.67277771340898 -106.05336464853161 1
vertex 195.55780639877443 -106.05336464853161 1
endloop
endfacet
facet normal 0 0 1
outer loop
vertex 216.65918677520895 -106.31269484952176 1
vertex 195.55780639877443 -106.05336464853161 1
vertex 195.41919151846616 -106.31269484952176 1
endloop
endfacet
facet normal 0 0 1
outer loop
vertex 192.78616780122624 -106.05336464853161 1
vertex 192.70080917939856 -105.77197498303477 1
vertex 132.76770171245647 -105.77197498303477 1
endloop
endfacet
facet normal 0 0 1
outer loop
vertex 192.78616780122624 -106.05336464853161 1
vertex 132.76770171245647 -105.77197498303477 1
vertex 132.77261342630226 -106.05336464853161 1
endloop
endfacet
facet normal 0 0 1
outer loop
vertex 216.67277771340898 -106.05336464853161 1
vertex 216.68752474070968 -105.77197498303477 1
vertex 195.64316502060223 -105.77197498303477 1
endloop
endfacet
facet normal 0 0 1
outer loop
vertex 216.67277771340898 -106.05336464853161 1
vertex 195.64316502060223 -105.77197498303477 1
vertex 195.55780639877443 -106.05336464853161 1
endloop
endfacet
facet normal 0 0 1
outer loop
vertex 192.70080917939856 -105.77197498303477 1
vertex 192.67198710000025 -105.47933949998352 1
vertex 132.7625937005779 -105.47933949998352 1
endloop
endfacet
facet normal 0 0 1
outer loop
vertex 192.70080917939856 -105.77197498303477 1
vertex 132.7625937005779 -105.47933949998352 1
vertex 132.76770171245647 -105.77197498303477 1
endloop
endfacet
facet normal 0 0 1
outer loop
vertex 216.68752474070968 -105.77197498303477 1
vertex 216.70286113712666 -105.47933949998352 1
vertex 195.67198710000005 -105.47933949998352 1
endloop
endfacet
facet normal 0 0 1
outer loop
vertex 216.68752474070968 -105.77197498303477 1
vertex 195.67198710000005 -105.47933949998352 1
vertex 195.64316502060223 -105.77197498303477 1
endloop
endfacet
facet normal 0 0 1
outer loop
vertex 192.67198710000025 -105.47933949998352 1
vertex 192.70080917939302 -105.1867040169933 1
vertex 132.7574856887004 -105.1867040169933 1
endloop
endfacet
facet normal 0 0 1
outer loop
vertex 192.67198710000025 -105.47933949998352 1
vertex 132.7574856887004 -105.1867040169933 1
vertex 132.7625937005779 -105.47933949998352 1
endloop
endfacet
facet normal 0 0 1
outer loop
vertex 216.70286113712666 -105.47933949998352 1
vertex 216.71819753354046 -105.1867040169933 1
vertex 195.64316502060825 -105.1867040169933 1
endloop
endfacet
facet normal 0 0 1
outer loop
vertex 216.70286113712666 -105.47933949998352 1
vertex 195.64316502060825 -105.1867040169933 1
vertex 195.67198710000005 -105.47933949998352 1
endloop
endfacet
facet normal 0 0 1
outer loop
vertex 192.70080917939302 -105.1867040169933 1
vertex 192.78616780123508 -104.90531435145735 1
vertex 132.75257397485393 -104.90531435145735 1
endloop
endfacet
facet normal 0 0 1
outer loop
vertex 192.70080917939302 -105.1867040169933 1
vertex 132.75257397485393 -104.90531435145735 1
vertex 132.7574856887004 -105.1867040169933 1
endloop
endfacet
facet normal 0 0 1
outer loop
vertex 216.71819753354046 -105.1867040169933 1
vertex 216.7329445608432 -104.90531435145735 1
vertex 195.55780639876653 -104.90531435145735 1
endloop
endfacet
facet normal 0 0 1
outer loop
vertex 216.71819753354046 -105.1867040169933 1
vertex 195.55780639876653 -104.90531435145735 1
vertex 195.64316502060825 -105.1867040169933 1
endloop
endfacet
facet normal 0 0 1
outer loop
vertex 192.78616780123508 -104.90531435145735 1
vertex 192.92478268154747 -104.64598415045415 1
vertex 132.74804731344778 -104.64598415045415 1
endloop
endfacet
facet normal 0 0 1
outer loop
vertex 192.78616780123508 -104.90531435145735 1
vertex 132.74804731344778 -104.64598415045415 1
vertex 132.75257397485393 -104.90531435145735 1
endloop
endfacet
facet normal 0 0 1
outer loop
vertex 216.7329445608432 -104.90531435145735 1
vertex 216.74653549904392 -104.64598415045415 1
vertex 195.41919151844195 -104.64598415045415 1
endloop
endfacet
facet normal 0 0 1
outer loop
vertex 216.7329445608432 -104.90531435145735 1
vertex 195.41919151844195 -104.64598415045415 1
vertex 195.55780639876653 -104.90531435145735 1
endloop
endfacet
facet normal 0 0 1
outer loop
vertex 192.92478268154747 -104.64598415045415 1
vertex 193.11132692822343 -104.4186793282135 1
vertex 132.7440796615419 -104.4186793282135 1
endloop
endfacet
facet normal 0 0 1
outer loop
vertex 192.92478268154747 -104.64598415045415 1
vertex 132.7440796615419 -104.4186793282135 1
vertex 132.74804731344778 -104.64598415045415 1
endloop
endfacet
facet normal 0 0 1
outer loop
vertex 216.74653549904392 -104.64598415045415 1
vertex 216.75844805600738 -104.4186793282135 1
vertex 195.232647271776 -104.4186793282135 1
endloop
endfacet
facet normal 0 0 1
outer loop
vertex 216.74653549904392 -104.64598415045415 1
vertex 195.232647271776 -104.4186793282135 1
vertex 195.41919151844195 -104.64598415045415 1
endloop
endfacet
facet normal 0 0 1
outer loop
vertex 193.11132692822343 -104.4186793282135 1
vertex 193.33863175045815 -104.23213508154969 1
vertex 132.74082349377335 -104.23213508154969 1
endloop
endfacet
facet normal 0 0 1
outer loop
vertex 193.11132692822343 -104.4186793282135 1
vertex 132.74082349377335 -104.23213508154969 1
vertex 132.7440796615419 -104.4186793282135 1
endloop
endfacet
facet normal 0 0 1
outer loop
vertex 216.75844805600738 -104.4186793282135 1
vertex 216.76822443885172 -104.23213508154969 1
vertex 195.00534244953798 -104.23213508154969 1
endloop
endfacet
facet normal 0 0 1
outer loop
vertex 216.75844805600738 -104.4186793282135 1
vertex 195.00534244953798 -104.23213508154969 1
vertex 195.232647271776 -104.4186793282135 1
endloop
endfacet
facet normal 0 0 1
outer loop
vertex 193.33863175045815 -104.23213508154969 1
vertex 193.59796195146117 -104.09352020123573 1
vertex 132.73840394284326 -104.09352020123573 1
endloop
endfacet
facet normal 0 0 1
outer loop
vertex 193.33863175045815 -104.23213508154969 1
vertex 132.73840394284326 -104.09352020123573 1
vertex 132.74082349377335 -104.23213508154969 1
endloop
endfacet
facet normal 0 0 1
outer loop
vertex 216.76822443885172 -104.23213508154969 1
vertex 216.77548894666748 -104.09352020123573 1
vertex 194.74601224855465 -104.09352020123573 1
endloop
endfacet
facet normal 0 0 1
outer loop
vertex 216.76822443885172 -104.23213508154969 1
vertex 194.74601224855465 -104.09352020123573 1
vertex 195.00534244953798 -104.23213508154969 1
endloop
endfacet
facet normal 0 0 1
outer loop
vertex 193.59796195146117 -104.09352020123573 1
vertex 193.8793516169711 -104.00816157939302 1
vertex 132.7369139907371 -104.00816157939302 1
endloop
endfacet
facet normal 0 0 1
outer loop
vertex 193.59796195146117 -104.09352020123573 1
vertex 132.7369139907371 -104.00816157939302 1
vertex 132.73840394284326 -104.09352020123573 1
endloop
endfacet
facet normal 0 0 1
outer loop
vertex 216.77548894666748 -104.09352020123573 1
vertex 216.77996240849288 -104.00816157939302 1
vertex 194.46462258301534 -104.00816157939302 1
endloop
endfacet
facet normal 0 0 1
outer loop
vertex 216.77548894666748 -104.09352020123573 1
vertex 194.46462258301534 -104.00816157939302 1
vertex 194.74601224855465 -104.09352020123573 1
endloop
endfacet
facet normal 0 0 1
outer loop
vertex 193.8793516169711 -104.00816157939302 1
vertex 194.17198710000918 -103.97933949999964 1
vertex 132.73641089547888 -103.97933949999964 1
endloop
endfacet
facet normal 0 0 1
outer loop
vertex 193.8793516169711 -104.00816157939302 1
vertex 132.73641089547888 -103.97933949999964 1
vertex 132.7369139907371 -104.00816157939302 1
endloop
endfacet
facet normal 0 0 1
outer loop
vertex 216.77996240849288 -104.00816157939302 1
vertex 216.7814729116982 -103.97933949999964 1
vertex 194.17198710000918 -103.97933949999964 1
endloop
endfacet
facet normal 0 0 1
outer loop
vertex 216.77996240849288 -104.00816157939302 1
vertex 194.17198710000918 -103.97933949999964 1
vertex 194.46462258301534 -104.00816157939302 1
endloop
endfacet
facet normal 0 0 1
outer loop
vertex 194.17198710000918 -103.97933949999964 1
vertex 216.7814729116982 -103.97933949999964 1
vertex 216.7858225038057 -103.89634444999963 1
endloop
endfacet
facet normal 0 0 1
outer loop
vertex 194.17198710000918 -103.97933949999964 1
vertex 216.7858225038057 -103.89634444999963 1
vertex 132.73496219999998 -103.89634444999963 1
endloop
endfacet
facet normal 0 0 1
outer loop
vertex 194.17198710000918 -103.97933949999964 1
vertex 132.73496219999998 -103.89634444999963 1
vertex 132.73641089547888 -103.97933949999964 1
endloop
endfacet
facet normal 0 0 1
outer loop
vertex 216.7858225038057 -103.89634444999963 1
vertex 216.80184499585505 -103.59061750000004 1
vertex 161.07057100001336 -103.59061750000004 1
endloop
endfacet
facet normal 0 0 1
outer loop
vertex 216.7858225038057 -103.89634444999963 1
vertex 161.07057100001336 -103.59061750000004 1
vertex 132.70454656040164 -103.59061750000004 1
endloop
endfacet
facet normal 0 0 1
outer loop
vertex 216.7858225038057 -103.89634444999963 1
vertex 132.70454656040164 -103.59061750000004 1
vertex 132.73496219999998 -103.89634444999963 1
endloop
endfacet
facet normal 0 0 1
outer loop
vertex 161.07057100001336 -103.59061750000004 1
vertex 160.87604176026647 -103.57145804218337 1
vertex 132.70264045705073 -103.57145804218337 1
endloop
endfacet
facet normal 0 0 1
outer loop
vertex 161.07057100001336 -103.59061750000004 1
vertex 132.70264045705073 -103.57145804218337 1
vertex 132.70454656040164 -103.59061750000004 1
endloop
endfacet
facet normal 0 0 1
outer loop
vertex 160.87604176026647 -103.57145804218337 1
vertex 160.77793551697698 -103.56179542060369 1
vertex 132.7000432076301 -103.56179542060369 1
endloop
endfacet
facet normal 0 0 1
outer loop
vertex 160.87604176026647 -103.57145804218337 1
vertex 132.7000432076301 -103.56179542060369 1
vertex 132.70264045705073 -103.57145804218337 1
endloop
endfacet
facet normal 0 0 1
outer loop
vertex 216.80184499585505 -103.59061750000004 1
vertex 216.80335549906053 -103.56179542060369 1
vertex 161.36320648304965 -103.56179542060369 1
endloop
endfacet
facet normal 0 0 1
outer loop
vertex 216.80184499585505 -103.59061750000004 1
vertex 161.36320648304965 -103.56179542060369 1
vertex 161.07057100001336 -103.59061750000004 1
endloop
endfacet
facet normal 0 0 1
outer loop
vertex 160.77793551697698 -103.56179542060369 1
vertex 160.49654585144955 -103.47643679876457 1
vertex 132.67709936891194 -103.47643679876457 1
endloop
endfacet
facet normal 0 0 1
outer loop
vertex 160.77793551697698 -103.56179542060369 1
vertex 132.67709936891194 -103.47643679876457 1
vertex 132.7000432076301 -103.56179542060369 1
endloop
endfacet
facet normal 0 0 1
outer loop
vertex 216.80335549906053 -103.56179542060369 1
vertex 216.80782896088576 -103.47643679876457 1
vertex 161.64459614854619 -103.47643679876457 1
endloop
endfacet
facet normal 0 0 1
outer loop
vertex 216.80335549906053 -103.56179542060369 1
vertex 161.64459614854619 -103.47643679876457 1
vertex 161.36320648304965 -103.56179542060369 1
endloop
endfacet
facet normal 0 0 1
outer loop
vertex 160.49654585144955 -103.47643679876457 1
vertex 160.23721565046918 -103.33782191845219 1
vertex 132.63984059657824 -103.33782191845219 1
endloop
endfacet
facet normal 0 0 1
outer loop
vertex 160.49654585144955 -103.47643679876457 1
vertex 132.63984059657824 -103.33782191845219 1
vertex 132.67709936891194 -103.47643679876457 1
endloop
endfacet
facet normal 0 0 1
outer loop
vertex 216.80782896088576 -103.47643679876457 1
vertex 216.8150934687014 -103.33782191845219 1
vertex 161.90392634953645 -103.33782191845219 1
endloop
endfacet
facet normal 0 0 1
outer loop
vertex 216.80782896088576 -103.47643679876457 1
vertex 161.90392634953645 -103.33782191845219 1
vertex 161.64459614854619 -103.47643679876457 1
endloop
endfacet
facet normal 0 0 1
outer loop
vertex 160.23721565046918 -103.33782191845219 1
vertex 160.13770950983542 -103.25615933927686 1
vertex 132.6178902299306 -103.25615933927686 1
endloop
endfacet
facet normal 0 0 1
outer loop
vertex 160.23721565046918 -103.33782191845219 1
vertex 132.6178902299306 -103.25615933927686 1
vertex 132.63984059657824 -103.33782191845219 1
endloop
endfacet
facet normal 0 0 1
outer loop
vertex 160.13770950983542 -103.25615933927686 1
vertex 160.0099108282244 -103.15127767178284 1
vertex 132.5702943800789 -103.15127767178284 1
endloop
endfacet
facet normal 0 0 1
outer loop
vertex 160.13770950983542 -103.25615933927686 1
vertex 132.5702943800789 -103.15127767178284 1
vertex 132.6178902299306 -103.25615933927686 1
endloop
endfacet
facet normal 0 0 1
outer loop
vertex 216.8150934687014 -103.33782191845219 1
vertex 216.82486985154603 -103.15127767178284 1
vertex 162.13123117176733 -103.15127767178284 1
endloop
endfacet
facet normal 0 0 1
outer loop
vertex 216.8150934687014 -103.33782191845219 1
vertex 162.13123117176733 -103.15127767178284 1
vertex 161.90392634953645 -103.33782191845219 1
endloop
endfacet
facet normal 0 0 1
outer loop
vertex 160.0099108282244 -103.15127767178284 1
vertex 159.85199011537125 -102.95885072640789 1
vertex 132.48297002475246 -102.95885072640789 1
endloop
endfacet
facet normal 0 0 1
outer loop
vertex 160.0099108282244 -103.15127767178284 1
vertex 132.48297002475246 -102.95885072640789 1
vertex 132.5702943800789 -103.15127767178284 1
endloop
endfacet
facet normal 0 0 1
outer loop
vertex 159.85199011537125 -102.95885072640789 1
vertex 159.8233665815442 -102.92397284952483 1
vertex 132.45964558318374 -102.92397284952483 1
endloop
endfacet
facet normal 0 0 1
outer loop
vertex 159.85199011537125 -102.95885072640789 1
vertex 132.45964558318374 -102.92397284952483 1
vertex 132.48297002475246 -102.95885072640789 1
endloop
endfacet
facet normal 0 0 1
outer loop
vertex 216.82486985154603 -103.15127767178284 1
vertex 216.8367824085104 -102.92397284952483 1
vertex 162.3177754184603 -102.92397284952483 1
endloop
endfacet
facet normal 0 0 1
outer loop
vertex 216.82486985154603 -103.15127767178284 1
vertex 162.3177754184603 -102.92397284952483 1
vertex 162.13123117176733 -103.15127767178284 1
endloop
endfacet
facet normal 0 0 1
outer loop
vertex 159.8233665815442 -102.92397284952483 1
vertex 159.6969452487185 -102.68745517136495 1
vertex 132.30147532578215 -102.68745517136495 1
endloop
endfacet
facet normal 0 0 1
outer loop
vertex 159.8233665815442 -102.92397284952483 1
vertex 132.30147532578215 -102.68745517136495 1
vertex 132.45964558318374 -102.92397284952483 1
endloop
endfacet
facet normal 0 0 1
outer loop
vertex 159.6969452487185 -102.68745517136495 1
vertex 159.6847517012347 -102.66464264854983 1
vertex 132.28010073722453 -102.66464264854983 1
endloop
endfacet
facet normal 0 0 1
outer loop
vertex 159.6969452487185 -102.68745517136495 1
vertex 132.28010073722453 -102.66464264854983 1
vertex 132.30147532578215 -102.68745517136495 1
endloop
endfacet
facet normal 0 0 1
outer loop
vertex 216.8367824085104 -102.92397284952483 1
vertex 216.85037334670966 -102.66464264854983 1
vertex 162.45639029876554 -102.66464264854983 1
endloop
endfacet
facet normal 0 0 1
outer loop
vertex 216.8367824085104 -102.92397284952483 1
vertex 162.45639029876554 -102.66464264854983 1
vertex 162.3177754184603 -102.92397284952483 1
endloop
endfacet
facet normal 0 0 1
outer loop
vertex 159.6847517012347 -102.66464264854983 1
vertex 159.61939943101405 -102.44920508568127 1
vertex 132.07824277949254 -102.44920508568127 1
endloop
endfacet
facet normal 0 0 1
outer loop
vertex 159.6847517012347 -102.66464264854983 1
vertex 132.07824277949254 -102.44920508568127 1
vertex 132.28010073722453 -102.66464264854983 1
endloop
endfacet
facet normal 0 0 1
outer loop
vertex 159.61939943101405 -102.44920508568127 1
vertex 159.59939307939703 -102.38325298302726 1
vertex 131.9922929001698 -102.38325298302726 1
endloop
endfacet
facet normal 0 0 1
outer loop
vertex 159.61939943101405 -102.44920508568127 1
vertex 131.9922929001698 -102.38325298302726 1
vertex 132.07824277949254 -102.44920508568127 1
endloop
endfacet
facet normal 0 0 1
outer loop
vertex 216.85037334670966 -102.66464264854983 1
vertex 216.8651203740117 -102.38325298302726 1
vertex 162.54174892060274 -102.38325298302726 1
endloop
endfacet
facet normal 0 0 1
outer loop
vertex 216.85037334670966 -102.66464264854983 1
vertex 162.54174892060274 -102.38325298302726 1
vertex 162.45639029876554 -102.66464264854983 1
endloop
endfacet
facet normal 0 0 1
outer loop
vertex 159.59939307939703 -102.38325298302726 1
vertex 159.58631308668257 -102.25044958832851 1
vertex 131.8192213029246 -102.25044958832851 1
endloop
endfacet
facet normal 0 0 1
outer loop
vertex 159.59939307939703 -102.38325298302726 1
vertex 131.8192213029246 -102.25044958832851 1
vertex 131.9922929001698 -102.38325298302726 1
endloop
endfacet
facet normal 0 0 1
outer loop
vertex 159.58631308668257 -102.25044958832851 1
vertex 159.57114892867054 -102.0964853082478 1
vertex 131.5313135511869 -102.0964853082478 1
endloop
endfacet
facet normal 0 0 1
outer loop
vertex 159.58631308668257 -102.25044958832851 1
vertex 131.5313135511869 -102.0964853082478 1
vertex 131.8192213029246 -102.25044958832851 1
endloop
endfacet
facet normal 0 0 1
outer loop
vertex 159.57114892867054 -102.0964853082478 1
vertex 159.57057100000026 -102.09061749998668 1
vertex 131.51405015626725 -102.09061749998668 1
endloop
endfacet
facet normal 0 0 1
outer loop
vertex 159.57114892867054 -102.0964853082478 1
vertex 131.51405015626725 -102.09061749998668 1
vertex 131.5313135511869 -102.0964853082478 1
endloop
endfacet
facet normal 0 0 1
outer loop
vertex 216.8651203740117 -102.38325298302726 1
vertex 216.88045677042814 -102.09061749998668 1
vertex 162.5705710000001 -102.09061749998668 1
endloop
endfacet
facet normal 0 0 1
outer loop
vertex 216.8651203740117 -102.38325298302726 1
vertex 162.5705710000001 -102.09061749998668 1
vertex 162.54174892060274 -102.38325298302726 1
endloop
endfacet
facet normal 0 0 1
outer loop
vertex 159.57057100000026 -102.09061749998668 1
vertex 159.5803415703292 -101.99141523465269 1
vertex 131.22219196881827 -101.99141523465269 1
endloop
endfacet
facet normal 0 0 1
outer loop
vertex 159.57057100000026 -102.09061749998668 1
vertex 131.22219196881827 -101.99141523465269 1
vertex 131.51405015626725 -102.09061749998668 1
endloop
endfacet
facet normal 0 0 1
outer loop
vertex 91.74013986684594 -111.56722217448346 1
vertex 92.04967359999978 -111.51542385000005 1
vertex 130.2514243999997 -101.99064890000005 1
endloop
endfacet
facet normal 0 0 1
outer loop
vertex 91.74013986684594 -111.56722217448346 1
vertex 130.2514243999997 -101.99064890000005 1
vertex 87.61365461510499 -101.99064890000005 1
endloop
endfacet
facet normal 0 0 1
outer loop
vertex 91.74013986684594 -111.56722217448346 1
vertex 87.61365461510499 -101.99064890000005 1
vertex 89.62523720000002 -110.05866770000007 1
endloop
endfacet
facet normal 0 0 1
outer loop
vertex 91.74013986684594 -111.56722217448346 1
vertex 89.62523720000002 -110.05866770000007 1
vertex 89.72481396928379 -110.35628432717326 1
endloop
endfacet
facet normal 0 0 1
outer loop
vertex 91.74013986684594 -111.56722217448346 1
vertex 89.72481396928379 -110.35628432717326 1
vertex 89.8697266444523 -110.63466269370907 1
endloop
endfacet
facet normal 0 0 1
outer loop
vertex 91.74013986684594 -111.56722217448346 1
vertex 89.8697266444523 -110.63466269370907 1
vertex 90.05640336106151 -110.88694428609271 1
endloop
endfacet
facet normal 0 0 1
outer loop
vertex 91.74013986684594 -111.56722217448346 1
vertex 90.05640336106151 -110.88694428609271 1
vertex 90.28024747572178 -111.1069170360222 1
endloop
endfacet
facet normal 0 0 1
outer loop
vertex 91.74013986684594 -111.56722217448346 1
vertex 90.28024747572178 -111.1069170360222 1
vertex 90.53574715177443 -111.28916443358032 1
endloop
endfacet
facet normal 0 0 1
outer loop
vertex 91.74013986684594 -111.56722217448346 1
vertex 90.53574715177443 -111.28916443358032 1
vertex 90.81661108027419 -111.42919890093444 1
endloop
endfacet
facet normal 0 0 1
outer loop
vertex 91.74013986684594 -111.56722217448346 1
vertex 90.81661108027419 -111.42919890093444 1
vertex 91.1159233943487 -111.52357229243295 1
endloop
endfacet
facet normal 0 0 1
outer loop
vertex 91.74013986684594 -111.56722217448346 1
vertex 91.1159233943487 -111.52357229243295 1
vertex 91.42631396238794 -111.56996080018975 1
endloop
endfacet
facet normal 0 0 1
outer loop
vertex 159.5803415703292 -101.99141523465269 1
vertex 159.5855986334942 -101.9380393765998 1
vertex 130.90009432705662 -101.9380393765998 1
endloop
endfacet
facet normal 0 0 1
outer loop
vertex 159.5803415703292 -101.99141523465269 1
vertex 130.90009432705662 -101.9380393765998 1
vertex 131.22219196881827 -101.99141523465269 1
endloop
endfacet
facet normal 0 0 1
outer loop
vertex 130.2514243999997 -101.99064890000005 1
vertex 130.57360419573465 -101.93778014563632 1
vertex 87.60047295698055 -101.93778014563632 1
endloop
endfacet
facet normal 0 0 1
outer loop
vertex 130.2514243999997 -101.99064890000005 1
vertex 87.60047295698055 -101.93778014563632 1
vertex 87.61365461510499 -101.99064890000005 1
endloop
endfacet
facet normal 0 0 1
outer loop
vertex 159.5855986334942 -101.9380393765998 1
vertex 159.58562416551558 -101.93778014563632 1
vertex 130.57360419573465 -101.93778014563632 1
endloop
endfacet
facet normal 0 0 1
outer loop
vertex 159.5855986334942 -101.9380393765998 1
vertex 130.57360419573465 -101.93778014563632 1
vertex 130.90009432705662 -101.9380393765998 1
endloop
endfacet
facet normal 0 0 1
outer loop
vertex 130.57360419573465 -101.93778014563632 1
vertex 159.58562416551558 -101.93778014563632 1
vertex 159.5993930793933 -101.79798201698068 1
endloop
endfacet
facet normal 0 0 1
outer loop
vertex 130.57360419573465 -101.93778014563632 1
vertex 159.5993930793933 -101.79798201698068 1
vertex 87.5656173762022 -101.79798201698068 1
endloop
endfacet
facet normal 0 0 1
outer loop
vertex 130.57360419573465 -101.93778014563632 1
vertex 87.5656173762022 -101.79798201698068 1
vertex 87.60047295698055 -101.93778014563632 1
endloop
endfacet
facet normal 0 0 1
outer loop
vertex 216.88045677042814 -102.09061749998668 1
vertex 216.89579316684274 -101.79798201698068 1
vertex 162.54174892060672 -101.79798201698068 1
endloop
endfacet
facet normal 0 0 1
outer loop
vertex 216.88045677042814 -102.09061749998668 1
vertex 162.54174892060672 -101.79798201698068 1
vertex 162.5705710000001 -102.09061749998668 1
endloop
endfacet
facet normal 0 0 1
outer loop
vertex 159.5993930793933 -101.79798201698068 1
vertex 159.68475170123438 -101.51659235146053 1
vertex 87.49545906785397 -101.51659235146053 1
endloop
endfacet
facet normal 0 0 1
outer loop
vertex 159.5993930793933 -101.79798201698068 1
vertex 87.49545906785397 -101.51659235146053 1
vertex 87.5656173762022 -101.79798201698068 1
endloop
endfacet
facet normal 0 0 1
outer loop
vertex 216.89579316684274 -101.79798201698068 1
vertex 216.91054019414463 -101.51659235146053 1
vertex 162.4563902987698 -101.51659235146053 1
endloop
endfacet
facet normal 0 0 1
outer loop
vertex 216.89579316684274 -101.79798201698068 1
vertex 162.4563902987698 -101.51659235146053 1
vertex 162.54174892060672 -101.79798201698068 1
endloop
endfacet
facet normal 0 0 1
outer loop
vertex 159.68475170123438 -101.51659235146053 1
vertex 159.82336658154674 -101.25726215047533 1
vertex 87.43080080056792 -101.25726215047533 1
endloop
endfacet
facet normal 0 0 1
outer loop
vertex 159.68475170123438 -101.51659235146053 1
vertex 87.43080080056792 -101.25726215047533 1
vertex 87.49545906785397 -101.51659235146053 1
endloop
endfacet
facet normal 0 0 1
outer loop
vertex 216.91054019414463 -101.51659235146053 1
vertex 216.9241311323444 -101.25726215047533 1
vertex 162.31777541845486 -101.25726215047533 1
endloop
endfacet
facet normal 0 0 1
outer loop
vertex 216.91054019414463 -101.51659235146053 1
vertex 162.31777541845486 -101.25726215047533 1
vertex 162.4563902987698 -101.51659235146053 1
endloop
endfacet
facet normal 0 0 1
outer loop
vertex 159.82336658154674 -101.25726215047533 1
vertex 160.00991082822114 -101.02995732820484 1
vertex 87.37412735529261 -101.02995732820484 1
endloop
endfacet
facet normal 0 0 1
outer loop
vertex 159.82336658154674 -101.25726215047533 1
vertex 87.37412735529261 -101.02995732820484 1
vertex 87.43080080056792 -101.25726215047533 1
endloop
endfacet
facet normal 0 0 1
outer loop
vertex 216.9241311323444 -101.25726215047533 1
vertex 216.93604368930943 -101.02995732820484 1
vertex 162.13123117176443 -101.02995732820484 1
endloop
endfacet
facet normal 0 0 1
outer loop
vertex 216.9241311323444 -101.25726215047533 1
vertex 162.13123117176443 -101.02995732820484 1
vertex 162.31777541845486 -101.25726215047533 1
endloop
endfacet
facet normal 0 0 1
outer loop
vertex 160.00991082822114 -101.02995732820484 1
vertex 160.23721565046245 -100.84341308154849 1
vertex 87.32761666076048 -100.84341308154849 1
endloop
endfacet
facet normal 0 0 1
outer loop
vertex 160.00991082822114 -101.02995732820484 1
vertex 87.32761666076048 -100.84341308154849 1
vertex 87.37412735529261 -101.02995732820484 1
endloop
endfacet
facet normal 0 0 1
outer loop
vertex 216.93604368930943 -101.02995732820484 1
vertex 216.94582007215337 -100.84341308154849 1
vertex 161.90392634953548 -100.84341308154849 1
endloop
endfacet
facet normal 0 0 1
outer loop
vertex 216.93604368930943 -101.02995732820484 1
vertex 161.90392634953548 -100.84341308154849 1
vertex 162.13123117176443 -101.02995732820484 1
endloop
endfacet
facet normal 0 0 1
outer loop
vertex 160.23721565046245 -100.84341308154849 1
vertex 160.49654585146106 -100.70479820123535 1
vertex 87.29305609686527 -100.70479820123535 1
endloop
endfacet
facet normal 0 0 1
outer loop
vertex 160.23721565046245 -100.84341308154849 1
vertex 87.29305609686527 -100.70479820123535 1
vertex 87.32761666076048 -100.84341308154849 1
endloop
endfacet
facet normal 0 0 1
outer loop
vertex 216.94582007215337 -100.84341308154849 1
vertex 216.95308457996907 -100.70479820123535 1
vertex 161.64459614855366 -100.70479820123535 1
endloop
endfacet
facet normal 0 0 1
outer loop
vertex 216.94582007215337 -100.84341308154849 1
vertex 161.64459614855366 -100.70479820123535 1
vertex 161.90392634953548 -100.84341308154849 1
endloop
endfacet
facet normal 0 0 1
outer loop
vertex 160.49654585146106 -100.70479820123535 1
vertex 160.7779355169695 -100.61943957939303 1
vertex 87.27177380669899 -100.61943957939303 1
endloop
endfacet
facet normal 0 0 1
outer loop
vertex 160.49654585146106 -100.70479820123535 1
vertex 87.27177380669899 -100.61943957939303 1
vertex 87.29305609686527 -100.70479820123535 1
endloop
endfacet
facet normal 0 0 1
outer loop
vertex 216.95308457996907 -100.70479820123535 1
vertex 216.95755804179447 -100.61943957939303 1
vertex 161.3632064830157 -100.61943957939303 1
endloop
endfacet
facet normal 0 0 1
outer loop
vertex 216.95308457996907 -100.70479820123535 1
vertex 161.3632064830157 -100.61943957939303 1
vertex 161.64459614855366 -100.70479820123535 1
endloop
endfacet
facet normal 0 0 1
outer loop
vertex 160.7779355169695 -100.61943957939303 1
vertex 161.0705710000113 -100.59061749999984 1
vertex 87.26458765674012 -100.59061749999984 1
endloop
endfacet
facet normal 0 0 1
outer loop
vertex 160.7779355169695 -100.61943957939303 1
vertex 87.26458765674012 -100.59061749999984 1
vertex 87.27177380669899 -100.61943957939303 1
endloop
endfacet
facet normal 0 0 1
outer loop
vertex 216.95755804179447 -100.61943957939303 1
vertex 216.95906854499978 -100.59061749999984 1
vertex 161.0705710000113 -100.59061749999984 1
endloop
endfacet
facet normal 0 0 1
outer loop
vertex 216.95755804179447 -100.61943957939303 1
vertex 161.0705710000113 -100.59061749999984 1
vertex 161.3632064830157 -100.61943957939303 1
endloop
endfacet
facet normal 0 0 1
outer loop
vertex 161.0705710000113 -100.59061749999984 1
vertex 216.95906854499978 -100.59061749999984 1
vertex 217.0928969732333 -98.0370224 1
endloop
endfacet
facet normal 0 0 1
outer loop
vertex 161.0705710000113 -100.59061749999984 1
vertex 217.0928969732333 -98.0370224 1
vertex 118.67736370000173 -98.0370224 1
endloop
endfacet
facet normal 0 0 1
outer loop
vertex 161.0705710000113 -100.59061749999984 1
vertex 118.67736370000173 -98.0370224 1
vertex 86.62790502629893 -98.0370224 1
endloop
endfacet
facet normal 0 0 1
outer loop
vertex 161.0705710000113 -100.59061749999984 1
vertex 86.62790502629893 -98.0370224 1
vertex 87.26458765674012 -100.59061749999984 1
endloop
endfacet
facet normal 0 0 1
outer loop
vertex 118.67736370000173 -98.0370224 1
vertex 118.38472821697364 -98.00820032060446 1
vertex 86.62071887633947 -98.00820032060446 1
endloop
endfacet
facet normal 0 0 1
outer loop
vertex 118.67736370000173 -98.0370224 1
vertex 86.62071887633947 -98.00820032060446 1
vertex 86.62790502629893 -98.0370224 1
endloop
endfacet
facet normal 0 0 1
outer loop
vertex 217.0928969732333 -98.0370224 1
vertex 217.09440747643873 -98.00820032060446 1
vertex 118.96999918302987 -98.00820032060446 1
endloop
endfacet
facet normal 0 0 1
outer loop
vertex 217.0928969732333 -98.0370224 1
vertex 118.96999918302987 -98.00820032060446 1
vertex 118.67736370000173 -98.0370224 1
endloop
endfacet
facet normal 0 0 1
outer loop
vertex 118.38472821697364 -98.00820032060446 1
vertex 118.10333855146114 -97.92284169876986 1
vertex 86.5994365861751 -97.92284169876986 1
endloop
endfacet
facet normal 0 0 1
outer loop
vertex 118.38472821697364 -98.00820032060446 1
vertex 86.5994365861751 -97.92284169876986 1
vertex 86.62071887633947 -98.00820032060446 1
endloop
endfacet
facet normal 0 0 1
outer loop
vertex 217.09440747643873 -98.00820032060446 1
vertex 217.0988809382637 -97.92284169876986 1
vertex 119.25138884853489 -97.92284169876986 1
endloop
endfacet
facet normal 0 0 1
outer loop
vertex 217.09440747643873 -98.00820032060446 1
vertex 119.25138884853489 -97.92284169876986 1
vertex 118.96999918302987 -98.00820032060446 1
endloop
endfacet
facet normal 0 0 1
outer loop
vertex 118.10333855146114 -97.92284169876986 1
vertex 117.84400835047201 -97.78422681845281 1
vertex 86.56487602227891 -97.78422681845281 1
endloop
endfacet
facet normal 0 0 1
outer loop
vertex 118.10333855146114 -97.92284169876986 1
vertex 86.56487602227891 -97.78422681845281 1
vertex 86.5994365861751 -97.92284169876986 1
endloop
endfacet
facet normal 0 0 1
outer loop
vertex 217.0988809382637 -97.92284169876986 1
vertex 217.1061454460796 -97.78422681845281 1
vertex 119.5107190495331 -97.78422681845281 1
endloop
endfacet
facet normal 0 0 1
outer loop
vertex 217.0988809382637 -97.92284169876986 1
vertex 119.5107190495331 -97.78422681845281 1
vertex 119.25138884853489 -97.92284169876986 1
endloop
endfacet
facet normal 0 0 1
outer loop
vertex 117.84400835047201 -97.78422681845281 1
vertex 117.61670352821977 -97.59768257177731 1
vertex 86.51836532774202 -97.59768257177731 1
endloop
endfacet
facet normal 0 0 1
outer loop
vertex 117.84400835047201 -97.78422681845281 1
vertex 86.51836532774202 -97.59768257177731 1
vertex 86.56487602227891 -97.78422681845281 1
endloop
endfacet
facet normal 0 0 1
outer loop
vertex 217.1061454460796 -97.78422681845281 1
vertex 217.11592182892457 -97.59768257177731 1
vertex 119.73802387178382 -97.59768257177731 1
endloop
endfacet
facet normal 0 0 1
outer loop
vertex 217.1061454460796 -97.78422681845281 1
vertex 119.73802387178382 -97.59768257177731 1
vertex 119.5107190495331 -97.78422681845281 1
endloop
endfacet
facet normal 0 0 1
outer loop
vertex 117.61670352821977 -97.59768257177731 1
vertex 117.4301592815442 -97.37037774952499 1
vertex 86.46169188247123 -97.37037774952499 1
endloop
endfacet
facet normal 0 0 1
outer loop
vertex 117.61670352821977 -97.59768257177731 1
vertex 86.46169188247123 -97.37037774952499 1
vertex 86.51836532774202 -97.59768257177731 1
endloop
endfacet
facet normal 0 0 1
outer loop
vertex 217.11592182892457 -97.59768257177731 1
vertex 217.12783438588863 -97.37037774952499 1
vertex 119.92456811845648 -97.37037774952499 1
endloop
endfacet
facet normal 0 0 1
outer loop
vertex 217.11592182892457 -97.59768257177731 1
vertex 119.92456811845648 -97.37037774952499 1
vertex 119.73802387178382 -97.59768257177731 1
endloop
endfacet
facet normal 0 0 1
outer loop
vertex 117.4301592815442 -97.37037774952499 1
vertex 117.29154440123423 -97.11104754854911 1
vertex 86.39703361518752 -97.11104754854911 1
endloop
endfacet
facet normal 0 0 1
outer loop
vertex 117.4301592815442 -97.37037774952499 1
vertex 86.39703361518752 -97.11104754854911 1
vertex 86.46169188247123 -97.37037774952499 1
endloop
endfacet
facet normal 0 0 1
outer loop
vertex 217.12783438588863 -97.37037774952499 1
vertex 217.14142532408792 -97.11104754854911 1
vertex 120.06318299876585 -97.11104754854911 1
endloop
endfacet
facet normal 0 0 1
outer loop
vertex 217.12783438588863 -97.37037774952499 1
vertex 120.06318299876585 -97.11104754854911 1
vertex 119.92456811845648 -97.37037774952499 1
endloop
endfacet
facet normal 0 0 1
outer loop
vertex 117.29154440123423 -97.11104754854911 1
vertex 117.20618577939437 -96.82965788301927 1
vertex 86.32687530683687 -96.82965788301927 1
endloop
endfacet
facet normal 0 0 1
outer loop
vertex 117.29154440123423 -97.11104754854911 1
vertex 86.32687530683687 -96.82965788301927 1
vertex 86.39703361518752 -97.11104754854911 1
endloop
endfacet
facet normal 0 0 1
outer loop
vertex 217.14142532408792 -97.11104754854911 1
vertex 217.15617235139032 -96.82965788301927 1
vertex 120.14854162060293 -96.82965788301927 1
endloop
endfacet
facet normal 0 0 1
outer loop
vertex 217.14142532408792 -97.11104754854911 1
vertex 120.14854162060293 -96.82965788301927 1
vertex 120.06318299876585 -97.11104754854911 1
endloop
endfacet
facet normal 0 0 1
outer loop
vertex 117.20618577939437 -96.82965788301927 1
vertex 117.17736369999994 -96.53702239999528 1
vertex 86.2539131018686 -96.53702239999528 1
endloop
endfacet
facet normal 0 0 1
outer loop
vertex 117.20618577939437 -96.82965788301927 1
vertex 86.2539131018686 -96.53702239999528 1
vertex 86.32687530683687 -96.82965788301927 1
endloop
endfacet
facet normal 0 0 1
outer loop
vertex 217.15617235139032 -96.82965788301927 1
vertex 217.17150874780592 -96.53702239999528 1
vertex 120.17736369999938 -96.53702239999528 1
endloop
endfacet
facet normal 0 0 1
outer loop
vertex 217.15617235139032 -96.82965788301927 1
vertex 120.17736369999938 -96.53702239999528 1
vertex 120.14854162060293 -96.82965788301927 1
endloop
endfacet
facet normal 0 0 1
outer loop
vertex 117.17736369999994 -96.53702239999528 1
vertex 117.20618577939507 -96.24438691697327 1
vertex 86.18095089690084 -96.24438691697327 1
endloop
endfacet
facet normal 0 0 1
outer loop
vertex 117.17736369999994 -96.53702239999528 1
vertex 86.18095089690084 -96.24438691697327 1
vertex 86.2539131018686 -96.53702239999528 1
endloop
endfacet
facet normal 0 0 1
outer loop
vertex 217.17150874780592 -96.53702239999528 1
vertex 217.18684514422137 -96.24438691697327 1
vertex 120.14854162060445 -96.24438691697327 1
endloop
endfacet
facet normal 0 0 1
outer loop
vertex 217.17150874780592 -96.53702239999528 1
vertex 120.14854162060445 -96.24438691697327 1
vertex 120.17736369999938 -96.53702239999528 1
endloop
endfacet
facet normal 0 0 1
outer loop
vertex 117.20618577939507 -96.24438691697327 1
vertex 117.29154440123403 -95.96299725144303 1
vertex 86.11079258855008 -95.96299725144303 1
endloop
endfacet
facet normal 0 0 1
outer loop
vertex 117.20618577939507 -96.24438691697327 1
vertex 86.11079258855008 -95.96299725144303 1
vertex 86.18095089690084 -96.24438691697327 1
endloop
endfacet
facet normal 0 0 1
outer loop
vertex 217.18684514422137 -96.24438691697327 1
vertex 217.20159217152383 -95.96299725144303 1
vertex 120.06318299876447 -95.96299725144303 1
endloop
endfacet
facet normal 0 0 1
outer loop
vertex 217.18684514422137 -96.24438691697327 1
vertex 120.06318299876447 -95.96299725144303 1
vertex 120.14854162060445 -96.24438691697327 1
endloop
endfacet
facet normal 0 0 1
outer loop
vertex 117.29154440123403 -95.96299725144303 1
vertex 117.43015928154703 -95.70366705048023 1
vertex 86.04613432126963 -95.70366705048023 1
endloop
endfacet
facet normal 0 0 1
outer loop
vertex 117.29154440123403 -95.96299725144303 1
vertex 86.04613432126963 -95.70366705048023 1
vertex 86.11079258855008 -95.96299725144303 1
endloop
endfacet
facet normal 0 0 1
outer loop
vertex 217.20159217152383 -95.96299725144303 1
vertex 217.2151831097224 -95.70366705048023 1
vertex 119.92456811846148 -95.70366705048023 1
endloop
endfacet
facet normal 0 0 1
outer loop
vertex 217.20159217152383 -95.96299725144303 1
vertex 119.92456811846148 -95.70366705048023 1
vertex 120.06318299876447 -95.96299725144303 1
endloop
endfacet
facet normal 0 0 1
outer loop
vertex 117.43015928154703 -95.70366705048023 1
vertex 117.61670352822122 -95.4763622282303 1
vertex 85.98946087599944 -95.4763622282303 1
endloop
endfacet
facet normal 0 0 1
outer loop
vertex 117.43015928154703 -95.70366705048023 1
vertex 85.98946087599944 -95.4763622282303 1
vertex 86.04613432126963 -95.70366705048023 1
endloop
endfacet
facet normal 0 0 1
outer loop
vertex 217.2151831097224 -95.70366705048023 1
vertex 217.22709566668635 -95.4763622282303 1
vertex 119.73802387178787 -95.4763622282303 1
endloop
endfacet
facet normal 0 0 1
outer loop
vertex 217.2151831097224 -95.70366705048023 1
vertex 119.73802387178787 -95.4763622282303 1
vertex 119.92456811846148 -95.70366705048023 1
endloop
endfacet
facet normal 0 0 1
outer loop
vertex 117.61670352822122 -95.4763622282303 1
vertex 117.84400835047353 -95.28981798153683 1
vertex 85.94295018145806 -95.28981798153683 1
endloop
endfacet
facet normal 0 0 1
outer loop
vertex 117.61670352822122 -95.4763622282303 1
vertex 85.94295018145806 -95.28981798153683 1
vertex 85.98946087599944 -95.4763622282303 1
endloop
endfacet
facet normal 0 0 1
outer loop
vertex 217.22709566668635 -95.4763622282303 1
vertex 217.23687204953225 -95.28981798153683 1
vertex 119.51071904951374 -95.28981798153683 1
endloop
endfacet
facet normal 0 0 1
outer loop
vertex 217.22709566668635 -95.4763622282303 1
vertex 119.51071904951374 -95.28981798153683 1
vertex 119.73802387178787 -95.4763622282303 1
endloop
endfacet
facet normal 0 0 1
outer loop
vertex 117.84400835047353 -95.28981798153683 1
vertex 118.10333855144587 -95.15120310123544 1
vertex 85.90838961756577 -95.15120310123544 1
endloop
endfacet
facet normal 0 0 1
outer loop
vertex 117.84400835047353 -95.28981798153683 1
vertex 85.90838961756577 -95.15120310123544 1
vertex 85.94295018145806 -95.28981798153683 1
endloop
endfacet
facet normal 0 0 1
outer loop
vertex 217.23687204953225 -95.28981798153683 1
vertex 217.24413655734733 -95.15120310123544 1
vertex 119.25138884855392 -95.15120310123544 1
endloop
endfacet
facet normal 0 0 1
outer loop
vertex 217.23687204953225 -95.28981798153683 1
vertex 119.25138884855392 -95.15120310123544 1
vertex 119.51071904951374 -95.28981798153683 1
endloop
endfacet
facet normal 0 0 1
outer loop
vertex 118.10333855144587 -95.15120310123544 1
vertex 118.3847282169782 -95.06584447939407 1
vertex 85.88710732739973 -95.06584447939407 1
endloop
endfacet
facet normal 0 0 1
outer loop
vertex 118.10333855144587 -95.15120310123544 1
vertex 85.88710732739973 -95.06584447939407 1
vertex 85.90838961756577 -95.15120310123544 1
endloop
endfacet
facet normal 0 0 1
outer loop
vertex 217.24413655734733 -95.15120310123544 1
vertex 217.24861001917267 -95.06584447939407 1
vertex 118.96999918301911 -95.06584447939407 1
endloop
endfacet
facet normal 0 0 1
outer loop
vertex 217.24413655734733 -95.15120310123544 1
vertex 118.96999918301911 -95.06584447939407 1
vertex 119.25138884855392 -95.15120310123544 1
endloop
endfacet
facet normal 0 0 1
outer loop
vertex 118.3847282169782 -95.06584447939407 1
vertex 118.67736370000384 -95.03702239999978 1
vertex 85.87992117744058 -95.03702239999978 1
endloop
endfacet
facet normal 0 0 1
outer loop
vertex 118.3847282169782 -95.06584447939407 1
vertex 85.87992117744058 -95.03702239999978 1
vertex 85.88710732739973 -95.06584447939407 1
endloop
endfacet
facet normal 0 0 1
outer loop
vertex 217.24861001917267 -95.06584447939407 1
vertex 217.25012052237804 -95.03702239999978 1
vertex 118.67736370000384 -95.03702239999978 1
endloop
endfacet
facet normal 0 0 1
outer loop
vertex 217.24861001917267 -95.06584447939407 1
vertex 118.67736370000384 -95.03702239999978 1
vertex 118.96999918301911 -95.06584447939407 1
endloop
endfacet
facet normal 0 0 1
outer loop
vertex 118.67736370000384 -95.03702239999978 1
vertex 217.25012052237804 -95.03702239999978 1
vertex 218.89355660046044 -63.67843610000031 1
endloop
endfacet
facet normal 0 0 1
outer loop
vertex 118.67736370000384 -95.03702239999978 1
vertex 218.89355660046044 -63.67843610000031 1
vertex 172.1844263000033 -63.67843610000031 1
endloop
endfacet
facet normal 0 0 1
outer loop
vertex 118.67736370000384 -95.03702239999978 1
vertex 172.1844263000033 -63.67843610000031 1
vertex 78.06134915229774 -63.67843610000031 1
endloop
endfacet
facet normal 0 0 1
outer loop
vertex 118.67736370000384 -95.03702239999978 1
vertex 78.06134915229774 -63.67843610000031 1
vertex 85.87992117744058 -95.03702239999978 1
endloop
endfacet
facet normal 0 0 1
outer loop
vertex 172.1844263000033 -63.67843610000031 1
vertex 171.89179081697347 -63.6496140206046 1
vertex 78.05416300233824 -63.6496140206046 1
endloop
endfacet
facet normal 0 0 1
outer loop
vertex 172.1844263000033 -63.67843610000031 1
vertex 78.05416300233824 -63.6496140206046 1
vertex 78.06134915229774 -63.67843610000031 1
endloop
endfacet
facet normal 0 0 1
outer loop
vertex 218.89355660046044 -63.67843610000031 1
vertex 218.89506710366587 -63.6496140206046 1
vertex 172.47706178303312 -63.6496140206046 1
endloop
endfacet
facet normal 0 0 1
outer loop
vertex 218.89355660046044 -63.67843610000031 1
vertex 172.47706178303312 -63.6496140206046 1
vertex 172.1844263000033 -63.67843610000031 1
endloop
endfacet
facet normal 0 0 1
outer loop
vertex 171.89179081697347 -63.6496140206046 1
vertex 171.6104011514462 -63.56425539876553 1
vertex 78.03288071217276 -63.56425539876553 1
endloop
endfacet
facet normal 0 0 1
outer loop
vertex 171.89179081697347 -63.6496140206046 1
vertex 78.03288071217276 -63.56425539876553 1
vertex 78.05416300233824 -63.6496140206046 1
endloop
endfacet
facet normal 0 0 1
outer loop
vertex 218.89506710366587 -63.6496140206046 1
vertex 218.8995405654911 -63.56425539876553 1
vertex 172.75845144854765 -63.56425539876553 1
endloop
endfacet
facet normal 0 0 1
outer loop
vertex 218.89506710366587 -63.6496140206046 1
vertex 172.75845144854765 -63.56425539876553 1
vertex 172.47706178303312 -63.6496140206046 1
endloop
endfacet
facet normal 0 0 1
outer loop
vertex 171.6104011514462 -63.56425539876553 1
vertex 171.35107095047908 -63.425640518460234 1
vertex 77.9983201482795 -63.425640518460234 1
endloop
endfacet
facet normal 0 0 1
outer loop
vertex 171.6104011514462 -63.56425539876553 1
vertex 77.9983201482795 -63.425640518460234 1
vertex 78.03288071217276 -63.56425539876553 1
endloop
endfacet
facet normal 0 0 1
outer loop
vertex 218.8995405654911 -63.56425539876553 1
vertex 218.90680507330637 -63.425640518460234 1
vertex 173.01778164951807 -63.425640518460234 1
endloop
endfacet
facet normal 0 0 1
outer loop
vertex 218.8995405654911 -63.56425539876553 1
vertex 173.01778164951807 -63.425640518460234 1
vertex 172.75845144854765 -63.56425539876553 1
endloop
endfacet
facet normal 0 0 1
outer loop
vertex 171.35107095047908 -63.425640518460234 1
vertex 171.12376612822646 -63.23909627178445 1
vertex 77.95180945374253 -63.23909627178445 1
endloop
endfacet
facet normal 0 0 1
outer loop
vertex 171.35107095047908 -63.425640518460234 1
vertex 77.95180945374253 -63.23909627178445 1
vertex 77.9983201482795 -63.425640518460234 1
endloop
endfacet
facet normal 0 0 1
outer loop
vertex 218.90680507330637 -63.425640518460234 1
vertex 218.91658145615133 -63.23909627178445 1
vertex 173.245086471779 -63.23909627178445 1
endloop
endfacet
facet normal 0 0 1
outer loop
vertex 218.90680507330637 -63.425640518460234 1
vertex 173.245086471779 -63.23909627178445 1
vertex 173.01778164951807 -63.425640518460234 1
endloop
endfacet
facet normal 0 0 1
outer loop
vertex 171.12376612822646 -63.23909627178445 1
vertex 170.9372218815474 -63.01179144952785 1
vertex 77.89513600847067 -63.01179144952785 1
endloop
endfacet
facet normal 0 0 1
outer loop
vertex 171.12376612822646 -63.23909627178445 1
vertex 77.89513600847067 -63.01179144952785 1
vertex 77.95180945374253 -63.23909627178445 1
endloop
endfacet
facet normal 0 0 1
outer loop
vertex 218.91658145615133 -63.23909627178445 1
vertex 218.92849401311565 -63.01179144952785 1
vertex 173.43163071845527 -63.01179144952785 1
endloop
endfacet
facet normal 0 0 1
outer loop
vertex 218.91658145615133 -63.23909627178445 1
vertex 173.43163071845527 -63.01179144952785 1
vertex 173.245086471779 -63.23909627178445 1
endloop
endfacet
facet normal 0 0 1
outer loop
vertex 170.9372218815474 -63.01179144952785 1
vertex 170.79860700122907 -62.75246124853637 1
vertex 77.83047774118307 -62.75246124853637 1
endloop
endfacet
facet normal 0 0 1
outer loop
vertex 170.9372218815474 -63.01179144952785 1
vertex 77.83047774118307 -62.75246124853637 1
vertex 77.89513600847067 -63.01179144952785 1
endloop
endfacet
facet normal 0 0 1
outer loop
vertex 218.92849401311565 -63.01179144952785 1
vertex 218.94208495131573 -62.75246124853637 1
vertex 173.5702455987727 -62.75246124853637 1
endloop
endfacet
facet normal 0 0 1
outer loop
vertex 218.92849401311565 -63.01179144952785 1
vertex 173.5702455987727 -62.75246124853637 1
vertex 173.43163071845527 -63.01179144952785 1
endloop
endfacet
facet normal 0 0 1
outer loop
vertex 170.79860700122907 -62.75246124853637 1
vertex 170.71324837939656 -62.471071583030785 1
vertex 77.76031943283847 -62.471071583030785 1
endloop
endfacet
facet normal 0 0 1
outer loop
vertex 170.79860700122907 -62.75246124853637 1
vertex 77.76031943283847 -62.471071583030785 1
vertex 77.83047774118307 -62.75246124853637 1
endloop
endfacet
facet normal 0 0 1
outer loop
vertex 218.94208495131573 -62.75246124853637 1
vertex 218.9568319786169 -62.471071583030785 1
vertex 173.65560422060395 -62.471071583030785 1
endloop
endfacet
facet normal 0 0 1
outer loop
vertex 218.94208495131573 -62.75246124853637 1
vertex 173.65560422060395 -62.471071583030785 1
vertex 173.5702455987727 -62.75246124853637 1
endloop
endfacet
facet normal 0 0 1
outer loop
vertex 170.71324837939656 -62.471071583030785 1
vertex 170.68442630000015 -62.178436099992894 1
vertex 77.68735722786674 -62.178436099992894 1
endloop
endfacet
facet normal 0 0 1
outer loop
vertex 170.71324837939656 -62.471071583030785 1
vertex 77.68735722786674 -62.178436099992894 1
vertex 77.76031943283847 -62.471071583030785 1
endloop
endfacet
facet normal 0 0 1
outer loop
vertex 218.9568319786169 -62.471071583030785 1
vertex 218.9721683750332 -62.178436099992894 1
vertex 173.68442630000013 -62.178436099992894 1
endloop
endfacet
facet normal 0 0 1
outer loop
vertex 218.9568319786169 -62.471071583030785 1
vertex 173.68442630000013 -62.178436099992894 1
vertex 173.65560422060395 -62.471071583030785 1
endloop
endfacet
facet normal 0 0 1
outer loop
vertex 170.68442630000015 -62.178436099992894 1
vertex 170.71324837939443 -61.885800616981555 1
vertex 77.61439502290163 -61.885800616981555 1
endloop
endfacet
facet normal 0 0 1
outer loop
vertex 170.68442630000015 -62.178436099992894 1
vertex 77.61439502290163 -61.885800616981555 1
vertex 77.68735722786674 -62.178436099992894 1
endloop
endfacet
facet normal 0 0 1
outer loop
vertex 218.9721683750332 -62.178436099992894 1
vertex 218.9875047714481 -61.885800616981555 1
vertex 173.65560422060622 -61.885800616981555 1
endloop
endfacet
facet normal 0 0 1
outer loop
vertex 218.9721683750332 -62.178436099992894 1
vertex 173.65560422060622 -61.885800616981555 1
vertex 173.68442630000013 -62.178436099992894 1
endloop
endfacet
facet normal 0 0 1
outer loop
vertex 170.71324837939443 -61.885800616981555 1
vertex 170.79860700123362 -61.60441095145513 1
vertex 77.54423671455183 -61.60441095145513 1
endloop
endfacet
facet normal 0 0 1
outer loop
vertex 170.71324837939443 -61.885800616981555 1
vertex 77.54423671455183 -61.60441095145513 1
vertex 77.61439502290163 -61.885800616981555 1
endloop
endfacet
facet normal 0 0 1
outer loop
vertex 218.9875047714481 -61.885800616981555 1
vertex 219.00225179875034 -61.60441095145513 1
vertex 173.57024559876743 -61.60441095145513 1
endloop
endfacet
facet normal 0 0 1
outer loop
vertex 218.9875047714481 -61.885800616981555 1
vertex 173.57024559876743 -61.60441095145513 1
vertex 173.65560422060622 -61.885800616981555 1
endloop
endfacet
facet normal 0 0 1
outer loop
vertex 170.79860700123362 -61.60441095145513 1
vertex 170.93722188154675 -61.3450807504628 1
vertex 77.47957844726402 -61.3450807504628 1
endloop
endfacet
facet normal 0 0 1
outer loop
vertex 170.79860700123362 -61.60441095145513 1
vertex 77.47957844726402 -61.3450807504628 1
vertex 77.54423671455183 -61.60441095145513 1
endloop
endfacet
facet normal 0 0 1
outer loop
vertex 219.00225179875034 -61.60441095145513 1
vertex 219.01584273695048 -61.3450807504628 1
vertex 173.43163071844867 -61.3450807504628 1
endloop
endfacet
facet normal 0 0 1
outer loop
vertex 219.00225179875034 -61.60441095145513 1
vertex 173.43163071844867 -61.3450807504628 1
vertex 173.57024559876743 -61.60441095145513 1
endloop
endfacet
facet normal 0 0 1
outer loop
vertex 170.93722188154675 -61.3450807504628 1
vertex 171.12376612821748 -61.117775928221775 1
vertex 77.42290500199606 -61.117775928221775 1
endloop
endfacet
facet normal 0 0 1
outer loop
vertex 170.93722188154675 -61.3450807504628 1
vertex 77.42290500199606 -61.117775928221775 1
vertex 77.47957844726402 -61.3450807504628 1
endloop
endfacet
facet normal 0 0 1
outer loop
vertex 219.01584273695048 -61.3450807504628 1
vertex 219.02775529391397 -61.117775928221775 1
vertex 173.2450864717824 -61.117775928221775 1
endloop
endfacet
facet normal 0 0 1
outer loop
vertex 219.01584273695048 -61.3450807504628 1
vertex 173.2450864717824 -61.117775928221775 1
vertex 173.43163071844867 -61.3450807504628 1
endloop
endfacet
facet normal 0 0 1
outer loop
vertex 171.12376612821748 -61.117775928221775 1
vertex 171.35107095047107 -60.93123168154379 1
vertex 77.37639430745854 -60.93123168154379 1
endloop
endfacet
facet normal 0 0 1
outer loop
vertex 171.12376612821748 -61.117775928221775 1
vertex 77.37639430745854 -60.93123168154379 1
vertex 77.42290500199606 -61.117775928221775 1
endloop
endfacet
facet normal 0 0 1
outer loop
vertex 219.02775529391397 -61.117775928221775 1
vertex 219.03753167675904 -60.93123168154379 1
vertex 173.0177816495271 -60.93123168154379 1
endloop
endfacet
facet normal 0 0 1
outer loop
vertex 219.02775529391397 -61.117775928221775 1
vertex 173.0177816495271 -60.93123168154379 1
vertex 173.2450864717824 -61.117775928221775 1
endloop
endfacet
facet normal 0 0 1
outer loop
vertex 171.35107095047107 -60.93123168154379 1
vertex 171.61040115145397 -60.79261680123564 1
vertex 77.34183374356456 -60.79261680123564 1
endloop
endfacet
facet normal 0 0 1
outer loop
vertex 171.35107095047107 -60.93123168154379 1
vertex 77.34183374356456 -60.79261680123564 1
vertex 77.37639430745854 -60.93123168154379 1
endloop
endfacet
facet normal 0 0 1
outer loop
vertex 219.03753167675904 -60.93123168154379 1
vertex 219.0447961845745 -60.79261680123564 1
vertex 172.7584514485546 -60.79261680123564 1
endloop
endfacet
facet normal 0 0 1
outer loop
vertex 219.03753167675904 -60.93123168154379 1
vertex 172.7584514485546 -60.79261680123564 1
vertex 173.0177816495271 -60.93123168154379 1
endloop
endfacet
facet normal 0 0 1
outer loop
vertex 171.61040115145397 -60.79261680123564 1
vertex 171.89179081697145 -60.70725817939493 1
vertex 77.32055145339868 -60.70725817939493 1
endloop
endfacet
facet normal 0 0 1
outer loop
vertex 171.61040115145397 -60.79261680123564 1
vertex 77.32055145339868 -60.70725817939493 1
vertex 77.34183374356456 -60.79261680123564 1
endloop
endfacet
facet normal 0 0 1
outer loop
vertex 219.0447961845745 -60.79261680123564 1
vertex 219.04926964639978 -60.70725817939493 1
vertex 172.47706178302192 -60.70725817939493 1
endloop
endfacet
facet normal 0 0 1
outer loop
vertex 219.0447961845745 -60.79261680123564 1
vertex 172.47706178302192 -60.70725817939493 1
vertex 172.7584514485546 -60.79261680123564 1
endloop
endfacet
facet normal 0 0 1
outer loop
vertex 171.89179081697145 -60.70725817939493 1
vertex 172.1844263000035 -60.67843610000034 1
vertex 77.31336530343945 -60.67843610000034 1
endloop
endfacet
facet normal 0 0 1
outer loop
vertex 171.89179081697145 -60.70725817939493 1
vertex 77.31336530343945 -60.67843610000034 1
vertex 77.32055145339868 -60.70725817939493 1
endloop
endfacet
facet normal 0 0 1
outer loop
vertex 219.04926964639978 -60.70725817939493 1
vertex 219.05078014960517 -60.67843610000034 1
vertex 172.1844263000035 -60.67843610000034 1
endloop
endfacet
facet normal 0 0 1
outer loop
vertex 219.04926964639978 -60.70725817939493 1
vertex 172.1844263000035 -60.67843610000034 1
vertex 172.47706178302192 -60.70725817939493 1
endloop
endfacet
facet normal 0 0 1
outer loop
vertex 172.1844263000035 -60.67843610000034 1
vertex 219.05078014960517 -60.67843610000034 1
vertex 219.0530857281377 -60.63444309999999 1
endloop
endfacet
facet normal 0 0 1
outer loop
vertex 172.1844263000035 -60.67843610000034 1
vertex 219.0530857281377 -60.63444309999999 1
vertex 102.69374270000162 -60.63444309999999 1
endloop
endfacet
facet normal 0 0 1
outer loop
vertex 172.1844263000035 -60.67843610000034 1
vertex 102.69374270000162 -60.63444309999999 1
vertex 77.30239661895176 -60.63444309999999 1
endloop
endfacet
facet normal 0 0 1
outer loop
vertex 172.1844263000035 -60.67843610000034 1
vertex 77.30239661895176 -60.63444309999999 1
vertex 77.31336530343945 -60.67843610000034 1
endloop
endfacet
facet normal 0 0 1
outer loop
vertex 102.69374270000162 -60.63444309999999 1
vertex 102.40110721697611 -60.60562102060471 1
vertex 77.29521046899237 -60.60562102060471 1
endloop
endfacet
facet normal 0 0 1
outer loop
vertex 102.69374270000162 -60.63444309999999 1
vertex 77.29521046899237 -60.60562102060471 1
vertex 77.30239661895176 -60.63444309999999 1
endloop
endfacet
facet normal 0 0 1
outer loop
vertex 219.0530857281377 -60.63444309999999 1
vertex 219.0545962313431 -60.60562102060471 1
vertex 102.98637818302707 -60.60562102060471 1
endloop
endfacet
facet normal 0 0 1
outer loop
vertex 219.0530857281377 -60.63444309999999 1
vertex 102.98637818302707 -60.60562102060471 1
vertex 102.69374270000162 -60.63444309999999 1
endloop
endfacet
facet normal 0 0 1
outer loop
vertex 102.40110721697611 -60.60562102060471 1
vertex 102.11971755144637 -60.52026239876592 1
vertex 77.27392817882696 -60.52026239876592 1
endloop
endfacet
facet normal 0 0 1
outer loop
vertex 102.40110721697611 -60.60562102060471 1
vertex 77.27392817882696 -60.52026239876592 1
vertex 77.29521046899237 -60.60562102060471 1
endloop
endfacet
facet normal 0 0 1
outer loop
vertex 219.0545962313431 -60.60562102060471 1
vertex 219.0590696931683 -60.52026239876592 1
vertex 103.26776784854891 -60.52026239876592 1
endloop
endfacet
facet normal 0 0 1
outer loop
vertex 219.0545962313431 -60.60562102060471 1
vertex 103.26776784854891 -60.52026239876592 1
vertex 102.98637818302707 -60.60562102060471 1
endloop
endfacet
facet normal 0 0 1
outer loop
vertex 102.11971755144637 -60.52026239876592 1
vertex 101.86038735048392 -60.38164751846209 1
vertex 77.23936761493405 -60.38164751846209 1
endloop
endfacet
facet normal 0 0 1
outer loop
vertex 102.11971755144637 -60.52026239876592 1
vertex 77.23936761493405 -60.38164751846209 1
vertex 77.27392817882696 -60.52026239876592 1
endloop
endfacet
facet normal 0 0 1
outer loop
vertex 219.0590696931683 -60.52026239876592 1
vertex 219.06633420098353 -60.38164751846209 1
vertex 103.5270980495145 -60.38164751846209 1
endloop
endfacet
facet normal 0 0 1
outer loop
vertex 219.0590696931683 -60.52026239876592 1
vertex 103.5270980495145 -60.38164751846209 1
vertex 103.26776784854891 -60.52026239876592 1
endloop
endfacet
facet normal 0 0 1
outer loop
vertex 101.86038735048392 -60.38164751846209 1
vertex 101.63308252820737 -60.195103271766655 1
vertex 77.19285692039219 -60.195103271766655 1
endloop
endfacet
facet normal 0 0 1
outer loop
vertex 101.86038735048392 -60.38164751846209 1
vertex 77.19285692039219 -60.195103271766655 1
vertex 77.23936761493405 -60.38164751846209 1
endloop
endfacet
facet normal 0 0 1
outer loop
vertex 219.06633420098353 -60.38164751846209 1
vertex 219.07611058382952 -60.195103271766655 1
vertex 103.75440287179984 -60.195103271766655 1
endloop
endfacet
facet normal 0 0 1
outer loop
vertex 219.06633420098353 -60.38164751846209 1
vertex 103.75440287179984 -60.195103271766655 1
vertex 103.5270980495145 -60.38164751846209 1
endloop
endfacet
facet normal 0 0 1
outer loop
vertex 101.63308252820737 -60.195103271766655 1
vertex 101.44653828154914 -59.96779844953546 1
vertex 77.13618347512667 -59.96779844953546 1
endloop
endfacet
facet normal 0 0 1
outer loop
vertex 101.63308252820737 -60.195103271766655 1
vertex 77.13618347512667 -59.96779844953546 1
vertex 77.19285692039219 -60.195103271766655 1
endloop
endfacet
facet normal 0 0 1
outer loop
vertex 219.07611058382952 -60.195103271766655 1
vertex 219.08802314079247 -59.96779844953546 1
vertex 103.94094711844407 -59.96779844953546 1
endloop
endfacet
facet normal 0 0 1
outer loop
vertex 219.07611058382952 -60.195103271766655 1
vertex 103.94094711844407 -59.96779844953546 1
vertex 103.75440287179984 -60.195103271766655 1
endloop
endfacet
facet normal 0 0 1
outer loop
vertex 101.44653828154914 -59.96779844953546 1
vertex 101.3079234012325 -59.708468248547106 1
vertex 77.07152520783985 -59.708468248547106 1
endloop
endfacet
facet normal 0 0 1
outer loop
vertex 101.44653828154914 -59.96779844953546 1
vertex 77.07152520783985 -59.708468248547106 1
vertex 77.13618347512667 -59.96779844953546 1
endloop
endfacet
facet normal 0 0 1
outer loop
vertex 219.08802314079247 -59.96779844953546 1
vertex 219.1016140789924 -59.708468248547106 1
vertex 104.07956199876836 -59.708468248547106 1
endloop
endfacet
facet normal 0 0 1
outer loop
vertex 219.08802314079247 -59.96779844953546 1
vertex 104.07956199876836 -59.708468248547106 1
vertex 103.94094711844407 -59.96779844953546 1
endloop
endfacet
facet normal 0 0 1
outer loop
vertex 101.3079234012325 -59.708468248547106 1
vertex 101.22256477939435 -59.42707858302285 1
vertex 77.00136689949059 -59.42707858302285 1
endloop
endfacet
facet normal 0 0 1
outer loop
vertex 101.3079234012325 -59.708468248547106 1
vertex 77.00136689949059 -59.42707858302285 1
vertex 77.07152520783985 -59.708468248547106 1
endloop
endfacet
facet normal 0 0 1
outer loop
vertex 219.1016140789924 -59.708468248547106 1
vertex 219.11636110629453 -59.42707858302285 1
vertex 104.16492062060497 -59.42707858302285 1
endloop
endfacet
facet normal 0 0 1
outer loop
vertex 219.1016140789924 -59.708468248547106 1
vertex 104.16492062060497 -59.42707858302285 1
vertex 104.07956199876836 -59.708468248547106 1
endloop
endfacet
facet normal 0 0 1
outer loop
vertex 101.22256477939435 -59.42707858302285 1
vertex 101.19374269999963 -59.13444309999994 1
vertex 76.9284046945226 -59.13444309999994 1
endloop
endfacet
facet normal 0 0 1
outer loop
vertex 101.22256477939435 -59.42707858302285 1
vertex 76.9284046945226 -59.13444309999994 1
vertex 77.00136689949059 -59.42707858302285 1
endloop
endfacet
facet normal 0 0 1
outer loop
vertex 219.11636110629453 -59.42707858302285 1
vertex 219.13169750271007 -59.13444309999994 1
vertex 104.19374270000013 -59.13444309999994 1
endloop
endfacet
facet normal 0 0 1
outer loop
vertex 219.11636110629453 -59.42707858302285 1
vertex 104.19374270000013 -59.13444309999994 1
vertex 104.16492062060497 -59.42707858302285 1
endloop
endfacet
facet normal 0 0 1
outer loop
vertex 101.19374269999963 -59.13444309999994 1
vertex 101.222564779395 -58.841807616978514 1
vertex 76.85544248955497 -58.841807616978514 1
endloop
endfacet
facet normal 0 0 1
outer loop
vertex 101.19374269999963 -59.13444309999994 1
vertex 76.85544248955497 -58.841807616978514 1
vertex 76.9284046945226 -59.13444309999994 1
endloop
endfacet
facet normal 0 0 1
outer loop
vertex 219.13169750271007 -59.13444309999994 1
vertex 219.1470338991255 -58.841807616978514 1
vertex 104.16492062060526 -58.841807616978514 1
endloop
endfacet
facet normal 0 0 1
outer loop
vertex 219.13169750271007 -59.13444309999994 1
vertex 104.16492062060526 -58.841807616978514 1
vertex 104.19374270000013 -59.13444309999994 1
endloop
endfacet
facet normal 0 0 1
outer loop
vertex 101.222564779395 -58.841807616978514 1
vertex 101.30792340123335 -58.56041795144704 1
vertex 76.7852841812039 -58.56041795144704 1
endloop
endfacet
facet normal 0 0 1
outer loop
vertex 101.222564779395 -58.841807616978514 1
vertex 76.7852841812039 -58.56041795144704 1
vertex 76.85544248955497 -58.841807616978514 1
endloop
endfacet
facet normal 0 0 1
outer loop
vertex 219.1470338991255 -58.841807616978514 1
vertex 219.161780926428 -58.56041795144704 1
vertex 104.0795619987649 -58.56041795144704 1
endloop
endfacet
facet normal 0 0 1
outer loop
vertex 219.1470338991255 -58.841807616978514 1
vertex 104.0795619987649 -58.56041795144704 1
vertex 104.16492062060526 -58.841807616978514 1
endloop
endfacet
facet normal 0 0 1
outer loop
vertex 101.30792340123335 -58.56041795144704 1
vertex 101.44653828154645 -58.30108775047398 1
vertex 76.7206259139209 -58.30108775047398 1
endloop
endfacet
facet normal 0 0 1
outer loop
vertex 101.30792340123335 -58.56041795144704 1
vertex 76.7206259139209 -58.30108775047398 1
vertex 76.7852841812039 -58.56041795144704 1
endloop
endfacet
facet normal 0 0 1
outer loop
vertex 219.161780926428 -58.56041795144704 1
vertex 219.17537186462712 -58.30108775047398 1
vertex 103.94094711845645 -58.30108775047398 1
endloop
endfacet
facet normal 0 0 1
outer loop
vertex 219.161780926428 -58.56041795144704 1
vertex 103.94094711845645 -58.30108775047398 1
vertex 104.0795619987649 -58.56041795144704 1
endloop
endfacet
facet normal 0 0 1
outer loop
vertex 101.44653828154645 -58.30108775047398 1
vertex 101.63308252822078 -58.0737829282232 1
vertex 76.6639524686505 -58.0737829282232 1
endloop
endfacet
facet normal 0 0 1
outer loop
vertex 101.44653828154645 -58.30108775047398 1
vertex 76.6639524686505 -58.0737829282232 1
vertex 76.7206259139209 -58.30108775047398 1
endloop
endfacet
facet normal 0 0 1
outer loop
vertex 219.17537186462712 -58.30108775047398 1
vertex 219.18728442159113 -58.0737829282232 1
vertex 103.75440287178215 -58.0737829282232 1
endloop
endfacet
facet normal 0 0 1
outer loop
vertex 219.17537186462712 -58.30108775047398 1
vertex 103.75440287178215 -58.0737829282232 1
vertex 103.94094711845645 -58.30108775047398 1
endloop
endfacet
facet normal 0 0 1
outer loop
vertex 101.63308252822078 -58.0737829282232 1
vertex 101.86038735046755 -57.887238681537546 1
vertex 76.61744177411107 -57.887238681537546 1
endloop
endfacet
facet normal 0 0 1
outer loop
vertex 101.63308252822078 -58.0737829282232 1
vertex 76.61744177411107 -57.887238681537546 1
vertex 76.6639524686505 -58.0737829282232 1
endloop
endfacet
facet normal 0 0 1
outer loop
vertex 219.18728442159113 -58.0737829282232 1
vertex 219.1970608044366 -57.887238681537546 1
vertex 103.52709804951753 -57.887238681537546 1
endloop
endfacet
facet normal 0 0 1
outer loop
vertex 219.18728442159113 -58.0737829282232 1
vertex 103.52709804951753 -57.887238681537546 1
vertex 103.75440287178215 -58.0737829282232 1
endloop
endfacet
facet normal 0 0 1
outer loop
vertex 101.86038735046755 -57.887238681537546 1
vertex 102.11971755145159 -57.748623801236896 1
vertex 76.58288121021896 -57.748623801236896 1
endloop
endfacet
facet normal 0 0 1
outer loop
vertex 101.86038735046755 -57.887238681537546 1
vertex 76.58288121021896 -57.748623801236896 1
vertex 76.61744177411107 -57.887238681537546 1
endloop
endfacet
facet normal 0 0 1
outer loop
vertex 219.1970608044366 -57.887238681537546 1
vertex 219.20432531225165 -57.748623801236896 1
vertex 103.26776784855907 -57.748623801236896 1
endloop
endfacet
facet normal 0 0 1
outer loop
vertex 219.1970608044366 -57.887238681537546 1
vertex 103.26776784855907 -57.748623801236896 1
vertex 103.52709804951753 -57.887238681537546 1
endloop
endfacet
facet normal 0 0 1
outer loop
vertex 102.11971755145159 -57.748623801236896 1
vertex 102.4011072169784 -57.6632651793946 1
vertex 76.56159892005269 -57.6632651793946 1
endloop
endfacet
facet normal 0 0 1
outer loop
vertex 102.11971755145159 -57.748623801236896 1
vertex 76.56159892005269 -57.6632651793946 1
vertex 76.58288121021896 -57.748623801236896 1
endloop
endfacet
facet normal 0 0 1
outer loop
vertex 219.20432531225165 -57.748623801236896 1
vertex 219.20879877407702 -57.6632651793946 1
vertex 102.98637818302119 -57.6632651793946 1
endloop
endfacet
facet normal 0 0 1
outer loop
vertex 219.20432531225165 -57.748623801236896 1
vertex 102.98637818302119 -57.6632651793946 1
vertex 103.26776784855907 -57.748623801236896 1
endloop
endfacet
facet normal 0 0 1
outer loop
vertex 102.4011072169784 -57.6632651793946 1
vertex 102.69374270000205 -57.63444309999994 1
vertex 76.55441277009345 -57.63444309999994 1
endloop
endfacet
facet normal 0 0 1
outer loop
vertex 102.4011072169784 -57.6632651793946 1
vertex 76.55441277009345 -57.63444309999994 1
vertex 76.56159892005269 -57.6632651793946 1
endloop
endfacet
facet normal 0 0 1
outer loop
vertex 219.20879877407702 -57.6632651793946 1
vertex 219.21030927728242 -57.63444309999994 1
vertex 102.69374270000205 -57.63444309999994 1
endloop
endfacet
facet normal 0 0 1
outer loop
vertex 219.20879877407702 -57.6632651793946 1
vertex 102.69374270000205 -57.63444309999994 1
vertex 102.98637818302119 -57.6632651793946 1
endloop
endfacet
facet normal 0 0 1
outer loop
vertex 102.69374270000205 -57.63444309999994 1
vertex 219.21030927728242 -57.63444309999994 1
vertex 219.6112173 -49.98467259999958 1
endloop
endfacet
facet normal 0 0 1
outer loop
vertex 102.69374270000205 -57.63444309999994 1
vertex 219.6112173 -49.98467259999958 1
vertex 219.60299981437765 -49.67094715343348 1
endloop
endfacet
facet normal 0 0 1
outer loop
vertex 102.69374270000205 -57.63444309999994 1
vertex 219.60299981437765 -49.67094715343348 1
vertex 219.54580901175552 -49.362365467981334 1
endloop
endfacet
facet normal 0 0 1
outer loop
vertex 102.69374270000205 -57.63444309999994 1
vertex 219.54580901175552 -49.362365467981334 1
vertex 219.44104947191957 -49.066529561921 1
endloop
endfacet
facet normal 0 0 1
outer loop
vertex 102.69374270000205 -57.63444309999994 1
vertex 219.44104947191957 -49.066529561921 1
vertex 219.29130072685066 -48.790723909601624 1
endloop
endfacet
facet normal 0 0 1
outer loop
vertex 102.69374270000205 -57.63444309999994 1
vertex 219.29130072685066 -48.790723909601624 1
vertex 219.10025009397657 -48.54173977320046 1
endloop
endfacet
facet normal 0 0 1
outer loop
vertex 102.69374270000205 -57.63444309999994 1
vertex 219.10025009397657 -48.54173977320046 1
vertex 218.9321069749121 -48.382176650000076 1
endloop
endfacet
facet normal 0 0 1
outer loop
vertex 102.69374270000205 -57.63444309999994 1
vertex 218.9321069749121 -48.382176650000076 1
vertex 99.31609764999979 -48.382176650000076 1
endloop
endfacet
facet normal 0 0 1
outer loop
vertex 102.69374270000205 -57.63444309999994 1
vertex 99.31609764999979 -48.382176650000076 1
vertex 77.65531969999974 -53.78281970000008 1
endloop
endfacet
facet normal 0 0 1
outer loop
vertex 102.69374270000205 -57.63444309999994 1
vertex 77.65531969999974 -53.78281970000008 1
vertex 77.3576966800077 -53.882397537874155 1
endloop
endfacet
facet normal 0 0 1
outer loop
vertex 102.69374270000205 -57.63444309999994 1
vertex 77.3576966800077 -53.882397537874155 1
vertex 77.07932084940454 -54.02731193940075 1
endloop
endfacet
facet normal 0 0 1
outer loop
vertex 102.69374270000205 -57.63444309999994 1
vertex 77.07932084940454 -54.02731193940075 1
vertex 76.82704189582321 -54.21398978065085 1
endloop
endfacet
facet normal 0 0 1
outer loop
vertex 102.69374270000205 -57.63444309999994 1
vertex 76.82704189582321 -54.21398978065085 1
vertex 76.6070717650983 -54.43783443308332 1
endloop
endfacet
facet normal 0 0 1
outer loop
vertex 102.69374270000205 -57.63444309999994 1
vertex 76.6070717650983 -54.43783443308332 1
vertex 76.42482685252465 -54.69333409780879 1
endloop
endfacet
facet normal 0 0 1
outer loop
vertex 102.69374270000205 -57.63444309999994 1
vertex 76.42482685252465 -54.69333409780879 1
vertex 76.28479463321435 -54.974197524386305 1
endloop
endfacet
facet normal 0 0 1
outer loop
vertex 102.69374270000205 -57.63444309999994 1
vertex 76.28479463321435 -54.974197524386305 1
vertex 76.19042316555301 -55.27350892230714 1
endloop
endfacet
facet normal 0 0 1
outer loop
vertex 102.69374270000205 -57.63444309999994 1
vertex 76.19042316555301 -55.27350892230714 1
vertex 76.14403618854907 -55.583898250728936 1
endloop
endfacet
facet normal 0 0 1
outer loop
vertex 102.69374270000205 -57.63444309999994 1
vertex 76.14403618854907 -55.583898250728936 1
vertex 76.14677590366024 -55.897722693363804 1
endloop
endfacet
facet normal 0 0 1
outer loop
vertex 102.69374270000205 -57.63444309999994 1
vertex 76.14677590366024 -55.897722693363804 1
vertex 76.19857485000004 -56.20725485000013 1
endloop
endfacet
facet normal 0 0 1
outer loop
vertex 102.69374270000205 -57.63444309999994 1
vertex 76.19857485000004 -56.20725485000013 1
vertex 76.55441277009345 -57.63444309999994 1
endloop
endfacet
facet normal 0 0 1
outer loop
vertex 218.9321069749121 -48.382176650000076 1
vertex 218.87260188202364 -48.3257079790224 1
vertex 218.80766284741122 -48.28107625268109 1
endloop
endfacet
facet normal 0 0 1
outer loop
vertex 218.9321069749121 -48.382176650000076 1
vertex 218.80766284741122 -48.28107625268109 1
vertex 99.61728385683175 -48.28107625268109 1
endloop
endfacet
facet normal 0 0 1
outer loop
vertex 218.9321069749121 -48.382176650000076 1
vertex 99.61728385683175 -48.28107625268109 1
vertex 99.31609764999979 -48.382176650000076 1
endloop
endfacet
facet normal 0 0 1
outer loop
vertex 218.80766284741122 -48.28107625268109 1
vertex 218.61396155512463 -48.14794795595034 1
vertex 218.5837944931243 -48.133558869369075 1
endloop
endfacet
facet normal 0 0 1
outer loop
vertex 218.80766284741122 -48.28107625268109 1
vertex 218.5837944931243 -48.133558869369075 1
vertex 99.89866090483741 -48.133558869369075 1
endloop
endfacet
facet normal 0 0 1
outer loop
vertex 218.80766284741122 -48.28107625268109 1
vertex 99.89866090483741 -48.133558869369075 1
vertex 99.61728385683175 -48.28107625268109 1
endloop
endfacet
facet normal 0 0 1
outer loop
vertex 218.5837944931243 -48.133558869369075 1
vertex 218.3306977074501 -48.01283675322585 1
vertex 218.09610692929897 -47.94334689550106 1
endloop
endfacet
facet normal 0 0 1
outer loop
vertex 218.5837944931243 -48.133558869369075 1
vertex 218.09610692929897 -47.94334689550106 1
vertex 100.15312863662481 -47.94334689550106 1
endloop
endfacet
facet normal 0 0 1
outer loop
vertex 218.5837944931243 -48.133558869369075 1
vertex 100.15312863662481 -47.94334689550106 1
vertex 99.89866090483741 -48.133558869369075 1
endloop
endfacet
facet normal 0 0 1
outer loop
vertex 218.09610692929897 -47.94334689550106 1
vertex 218.02978524701496 -47.92370126278563 1
vertex 217.71863365000002 -47.88273629999999 1
endloop
endfacet
facet normal 0 0 1
outer loop
vertex 218.09610692929897 -47.94334689550106 1
vertex 217.71863365000002 -47.88273629999999 1
vertex 214.52260812454577 -47.715240064964746 1
endloop
endfacet
facet normal 0 0 1
outer loop
vertex 218.09610692929897 -47.94334689550106 1
vertex 214.52260812454577 -47.715240064964746 1
vertex 100.3742659138673 -47.715240064964746 1
endloop
endfacet
facet normal 0 0 1
outer loop
vertex 218.09610692929897 -47.94334689550106 1
vertex 100.3742659138673 -47.715240064964746 1
vertex 100.15312863662481 -47.94334689550106 1
endloop
endfacet
facet normal 0 0 1
outer loop
vertex 214.52260812454577 -47.715240064964746 1
vertex 209.55681295866827 -47.45499433550597 1
vertex 100.55649264577653 -47.45499433550597 1
endloop
endfacet
facet normal 0 0 1
outer loop
vertex 214.52260812454577 -47.715240064964746 1
vertex 100.55649264577653 -47.45499433550597 1
vertex 100.3742659138673 -47.715240064964746 1
endloop
endfacet
facet normal 0 0 1
outer loop
vertex 209.55681295866827 -47.45499433550597 1
vertex 204.10307464768425 -47.16917664516463 1
vertex 100.69521059490911 -47.16917664516463 1
endloop
endfacet
facet normal 0 0 1
outer loop
vertex 209.55681295866827 -47.45499433550597 1
vertex 100.69521059490911 -47.16917664516463 1
vertex 100.55649264577653 -47.45499433550597 1
endloop
endfacet
facet normal 0 0 1
outer loop
vertex 204.10307464768425 -47.16917664516463 1
vertex 198.29901067197667 -46.86499920474931 1
vertex 100.78691940727771 -46.86499920474931 1
endloop
endfacet
facet normal 0 0 1
outer loop
vertex 204.10307464768425 -47.16917664516463 1
vertex 100.78691940727771 -46.86499920474931 1
vertex 100.69521059490911 -47.16917664516463 1
endloop
endfacet
facet normal 0 0 1
outer loop
vertex 198.29901067197667 -46.86499920474931 1
vertex 192.29107849151472 -46.55013750775725 1
vertex 100.82930493890095 -46.55013750775725 1
endloop
endfacet
facet normal 0 0 1
outer loop
vertex 198.29901067197667 -46.86499920474931 1
vertex 100.82930493890095 -46.55013750775725 1
vertex 100.78691940727771 -46.86499920474931 1
endloop
endfacet
facet normal 0 0 1
outer loop
vertex 192.29107849151472 -46.55013750775725 1
vertex 186.23081597414938 -46.23253329999998 1
vertex 100.8212953 -46.23253329999998 1
endloop
endfacet
facet normal 0 0 1
outer loop
vertex 192.29107849151472 -46.55013750775725 1
vertex 100.8212953 -46.23253329999998 1
vertex 100.82930493890095 -46.55013750775725 1
endloop
endfacet
facet normal 0 0 1
outer loop
vertex 186.23081597414938 -46.23253329999998 1
vertex 170.9248488 -45.430383299999995 1
vertex 100.73698745467915 -45.430383299999995 1
endloop
endfacet
facet normal 0 0 1
outer loop
vertex 186.23081597414938 -46.23253329999998 1
vertex 100.73698745467915 -45.430383299999995 1
vertex 100.8212953 -46.23253329999998 1
endloop
endfacet
facet normal 0 0 1
outer loop
vertex 170.9248488 -45.430383299999995 1
vertex 170.59853180342023 -45.38613203776166 1
vertex 100.73233654328847 -45.38613203776166 1
endloop
endfacet
facet normal 0 0 1
outer loop
vertex 170.9248488 -45.430383299999995 1
vertex 100.73233654328847 -45.38613203776166 1
vertex 100.73698745467915 -45.430383299999995 1
endloop
endfacet
facet normal 0 0 1
outer loop
vertex 170.59853180342023 -45.38613203776166 1
vertex 170.28390323930284 -45.288937359350854 1
vertex 100.72212115475331 -45.288937359350854 1
endloop
endfacet
facet normal 0 0 1
outer loop
vertex 170.59853180342023 -45.38613203776166 1
vertex 100.72212115475331 -45.288937359350854 1
vertex 100.73233654328847 -45.38613203776166 1
endloop
endfacet
facet normal 0 0 1
outer loop
vertex 170.28390323930284 -45.288937359350854 1
vertex 169.98948812589882 -45.141432512416735 1
vertex 100.70661804957423 -45.141432512416735 1
endloop
endfacet
facet normal 0 0 1
outer loop
vertex 170.28390323930284 -45.288937359350854 1
vertex 100.70661804957423 -45.141432512416735 1
vertex 100.72212115475331 -45.288937359350854 1
endloop
endfacet
facet normal 0 0 1
outer loop
vertex 169.98948812589882 -45.141432512416735 1
vertex 169.72326790522507 -44.94761627735278 1
vertex 100.68624750894412 -44.94761627735278 1
endloop
endfacet
facet normal 0 0 1
outer loop
vertex 169.98948812589882 -45.141432512416735 1
vertex 100.68624750894412 -44.94761627735278 1
vertex 100.70661804957423 -45.141432512416735 1
endloop
endfacet
facet normal 0 0 1
outer loop
vertex 169.72326790522507 -44.94761627735278 1
vertex 169.49245967028585 -44.71274291242173 1
vertex 100.6615617677229 -44.71274291242173 1
endloop
endfacet
facet normal 0 0 1
outer loop
vertex 169.72326790522507 -44.94761627735278 1
vertex 100.6615617677229 -44.71274291242173 1
vertex 100.68624750894412 -44.94761627735278 1
endloop
endfacet
facet normal 0 0 1
outer loop
vertex 169.49245967028585 -44.71274291242173 1
vertex 169.30332051339866 -44.4431797135204 1
vertex 100.63323004363492 -44.4431797135204 1
endloop
endfacet
facet normal 0 0 1
outer loop
vertex 169.49245967028585 -44.71274291242173 1
vertex 100.63323004363492 -44.4431797135204 1
vertex 100.6615617677229 -44.71274291242173 1
endloop
endfacet
facet normal 0 0 1
outer loop
vertex 169.30332051339866 -44.4431797135204 1
vertex 169.1609778996466 -44.14623440006986 1
vertex 100.60202039512137 -44.14623440006986 1
endloop
endfacet
facet normal 0 0 1
outer loop
vertex 169.30332051339866 -44.4431797135204 1
vertex 100.60202039512137 -44.14623440006986 1
vertex 100.63323004363492 -44.4431797135204 1
endloop
endfacet
facet normal 0 0 1
outer loop
vertex 169.1609778996466 -44.14623440006986 1
vertex 169.06929066394207 -43.82995700650753 1
vertex 100.56877889967173 -43.82995700650753 1
endloop
endfacet
facet normal 0 0 1
outer loop
vertex 169.1609778996466 -44.14623440006986 1
vertex 100.56877889967173 -43.82995700650753 1
vertex 100.60202039512137 -44.14623440006986 1
endloop
endfacet
facet normal 0 0 1
outer loop
vertex 169.06929066394207 -43.82995700650753 1
vertex 169.0307444 -43.50292165000037 1
vertex 100.53440671709882 -43.50292165000037 1
endloop
endfacet
facet normal 0 0 1
outer loop
vertex 169.06929066394207 -43.82995700650753 1
vertex 100.53440671709882 -43.50292165000037 1
vertex 100.56877889967173 -43.82995700650753 1
endloop
endfacet
facet normal 0 0 1
outer loop
vertex 169.0307444 -43.50292165000037 1
vertex 168.8809207292717 -39.21267944999999 1
vertex 121.16777380000009 -39.21267944999999 1
endloop
endfacet
facet normal 0 0 1
outer loop
vertex 169.0307444 -43.50292165000037 1
vertex 121.16777380000009 -39.21267944999999 1
vertex 102.30289340000004 -41.195453799999996 1
endloop
endfacet
facet normal 0 0 1
outer loop
vertex 169.0307444 -43.50292165000037 1
vertex 102.30289340000004 -41.195453799999996 1
vertex 101.96067488113984 -41.261973268535435 1
endloop
endfacet
facet normal 0 0 1
outer loop
vertex 169.0307444 -43.50292165000037 1
vertex 101.96067488113984 -41.261973268535435 1
vertex 101.63520837126353 -41.386909230256876 1
endloop
endfacet
facet normal 0 0 1
outer loop
vertex 169.0307444 -43.50292165000037 1
vertex 101.63520837126353 -41.386909230256876 1
vertex 101.336381262266 -41.56646368581474 1
endloop
endfacet
facet normal 0 0 1
outer loop
vertex 169.0307444 -43.50292165000037 1
vertex 101.336381262266 -41.56646368581474 1
vertex 101.0732732248726 -41.79518098783091 1
endloop
endfacet
facet normal 0 0 1
outer loop
vertex 169.0307444 -43.50292165000037 1
vertex 101.0732732248726 -41.79518098783091 1
vertex 100.85387862864607 -42.06611170725782 1
endloop
endfacet
facet normal 0 0 1
outer loop
vertex 169.0307444 -43.50292165000037 1
vertex 100.85387862864607 -42.06611170725782 1
vertex 100.68486363817688 -42.371023787338444 1
endloop
endfacet
facet normal 0 0 1
outer loop
vertex 169.0307444 -43.50292165000037 1
vertex 100.68486363817688 -42.371023787338444 1
vertex 100.57136366593201 -42.70065266939048 1
endloop
endfacet
facet normal 0 0 1
outer loop
vertex 169.0307444 -43.50292165000037 1
vertex 100.57136366593201 -42.70065266939048 1
vertex 100.5168273360298 -43.044982790500086 1
endloop
endfacet
facet normal 0 0 1
outer loop
vertex 169.0307444 -43.50292165000037 1
vertex 100.5168273360298 -43.044982790500086 1
vertex 100.5229117 -43.393551899999935 1
endloop
endfacet
facet normal 0 0 1
outer loop
vertex 169.0307444 -43.50292165000037 1
vertex 100.5229117 -43.393551899999935 1
vertex 100.53440671709882 -43.50292165000037 1
endloop
endfacet
facet normal 0 0 1
outer loop
vertex 168.8809207292717 -39.21267944999999 1
vertex 168.87867181183145 -39.1482810778369 1
vertex 121.5025298842747 -39.1482810778369 1
endloop
endfacet
facet normal 0 0 1
outer loop
vertex 168.8809207292717 -39.21267944999999 1
vertex 121.5025298842747 -39.1482810778369 1
vertex 121.16777380000009 -39.21267944999999 1
endloop
endfacet
facet normal 0 0 1
outer loop
vertex 168.87867181183145 -39.1482810778369 1
vertex 168.8745359 -39.02984810000015 1
vertex 168.8743050070645 -39.02796756181852 1
endloop
endfacet
facet normal 0 0 1
outer loop
vertex 168.87867181183145 -39.1482810778369 1
vertex 168.8743050070645 -39.02796756181852 1
vertex 121.82148669037758 -39.02796756181852 1
endloop
endfacet
facet normal 0 0 1
outer loop
vertex 168.87867181183145 -39.1482810778369 1
vertex 121.82148669037758 -39.02796756181852 1
vertex 121.5025298842747 -39.1482810778369 1
endloop
endfacet
facet normal 0 0 1
outer loop
vertex 168.8743050070645 -39.02796756181852 1
vertex 168.85309677193845 -38.8552342738627 1
vertex 122.11537782247937 -38.8552342738627 1
endloop
endfacet
facet normal 0 0 1
outer loop
vertex 168.8743050070645 -39.02796756181852 1
vertex 122.11537782247937 -38.8552342738627 1
vertex 121.82148669037758 -39.02796756181852 1
endloop
endfacet
facet normal 0 0 1
outer loop
vertex 168.85309677193845 -38.8552342738627 1
vertex 168.8320511082302 -38.6838250704122 1
vertex 168.81715414790796 -38.63509949540602 1
endloop
endfacet
facet normal 0 0 1
outer loop
vertex 168.85309677193845 -38.8552342738627 1
vertex 168.81715414790796 -38.63509949540602 1
vertex 122.37566509763884 -38.63509949540602 1
endloop
endfacet
facet normal 0 0 1
outer loop
vertex 168.85309677193845 -38.8552342738627 1
vertex 122.37566509763884 -38.63509949540602 1
vertex 122.11537782247937 -38.8552342738627 1
endloop
endfacet
facet normal 0 0 1
outer loop
vertex 168.81715414790796 -38.63509949540602 1
vertex 168.7373150658671 -38.37395862530482 1
vertex 122.59478659877244 -38.37395862530482 1
endloop
endfacet
facet normal 0 0 1
outer loop
vertex 168.81715414790796 -38.63509949540602 1
vertex 122.59478659877244 -38.37395862530482 1
vertex 122.37566509763884 -38.63509949540602 1
endloop
endfacet
facet normal 0 0 1
outer loop
vertex 168.7373150658671 -38.37395862530482 1
vertex 168.7301233635022 -38.35043571691121 1
vertex 168.5920226379807 -38.07939837945118 1
endloop
endfacet
facet normal 0 0 1
outer loop
vertex 168.7373150658671 -38.37395862530482 1
vertex 168.5920226379807 -38.07939837945118 1
vertex 122.76637636495536 -38.07939837945118 1
endloop
endfacet
facet normal 0 0 1
outer loop
vertex 168.7373150658671 -38.37395862530482 1
vertex 122.76637636495536 -38.07939837945118 1
vertex 122.59478659877244 -38.37395862530482 1
endloop
endfacet
facet normal 0 0 1
outer loop
vertex 168.5920226379807 -38.07939837945118 1
vertex 168.57185173239802 -38.03981083548542 1
vertex 168.3725452562512 -37.7753226 1
endloop
endfacet
facet normal 0 0 1
outer loop
vertex 168.5920226379807 -38.07939837945118 1
vertex 168.3725452562512 -37.7753226 1
vertex 147.49202830000004 -37.7753226 1
endloop
endfacet
facet normal 0 0 1
outer loop
vertex 168.5920226379807 -38.07939837945118 1
vertex 147.49202830000004 -37.7753226 1
vertex 122.8797286284777 -37.7753226 1
endloop
endfacet
facet normal 0 0 1
outer loop
vertex 168.5920226379807 -38.07939837945118 1
vertex 122.8797286284777 -37.7753226 1
vertex 122.76637636495536 -38.07939837945118 1
endloop
endfacet
facet normal 0 0 1
outer loop
vertex 147.49202830000004 -37.7753226 1
vertex 147.18787741497323 -37.7599763800103 1
vertex 122.88544933657053 -37.7599763800103 1
endloop
endfacet
facet normal 0 0 1
outer loop
vertex 147.49202830000004 -37.7753226 1
vertex 122.88544933657053 -37.7599763800103 1
vertex 122.8797286284777 -37.7753226 1
endloop
endfacet
facet normal 0 0 1
outer loop
vertex 147.18787741497323 -37.7599763800103 1
vertex 147.15156227499548 -37.75814406534514 1
vertex 122.88579444686792 -37.75814406534514 1
endloop
endfacet
facet normal 0 0 1
outer loop
vertex 147.18787741497323 -37.7599763800103 1
vertex 122.88579444686792 -37.75814406534514 1
vertex 122.88544933657053 -37.7599763800103 1
endloop
endfacet
facet normal 0 0 1
outer loop
vertex 147.15156227499548 -37.75814406534514 1
vertex 146.81896402919082 -37.68339164460125 1
vertex 122.8998738136076 -37.68339164460125 1
endloop
endfacet
facet normal 0 0 1
outer loop
vertex 147.15156227499548 -37.75814406534514 1
vertex 122.8998738136076 -37.68339164460125 1
vertex 122.88579444686792 -37.75814406534514 1
endloop
endfacet
facet normal 0 0 1
outer loop
vertex 146.81896402919082 -37.68339164460125 1
vertex 146.50389218300438 -37.553240773455336 1
vertex 122.92438729194205 -37.553240773455336 1
endloop
endfacet
facet normal 0 0 1
outer loop
vertex 146.81896402919082 -37.68339164460125 1
vertex 122.92438729194205 -37.553240773455336 1
vertex 122.8998738136076 -37.68339164460125 1
endloop
endfacet
facet normal 0 0 1
outer loop
vertex 146.50389218300438 -37.553240773455336 1
vertex 146.30038282606435 -37.424972537699915 1
vertex 122.94854618223995 -37.424972537699915 1
endloop
endfacet
facet normal 0 0 1
outer loop
vertex 146.50389218300438 -37.553240773455336 1
vertex 122.94854618223995 -37.424972537699915 1
vertex 122.92438729194205 -37.553240773455336 1
endloop
endfacet
facet normal 0 0 1
outer loop
vertex 146.30038282606435 -37.424972537699915 1
vertex 146.21550032324348 -37.371472644392576 1
vertex 122.9493767155079 -37.371472644392576 1
endloop
endfacet
facet normal 0 0 1
outer loop
vertex 146.30038282606435 -37.424972537699915 1
vertex 122.9493767155079 -37.371472644392576 1
vertex 122.94854618223995 -37.424972537699915 1
endloop
endfacet
facet normal 0 0 1
outer loop
vertex 146.21550032324348 -37.371472644392576 1
vertex 145.96216691962772 -37.143368054057504 1
vertex 122.95291781510885 -37.143368054057504 1
endloop
endfacet
facet normal 0 0 1
outer loop
vertex 146.21550032324348 -37.371472644392576 1
vertex 122.95291781510885 -37.143368054057504 1
vertex 122.9493767155079 -37.371472644392576 1
endloop
endfacet
facet normal 0 0 1
outer loop
vertex 168.3725452562512 -37.7753226 1
vertex 168.36204520845814 -37.76138858658016 1
vertex 168.10707864364647 -37.52362867195736 1
endloop
endfacet
facet normal 0 0 1
outer loop
vertex 168.3725452562512 -37.7753226 1
vertex 168.10707864364647 -37.52362867195736 1
vertex 167.81469905209752 -37.3337552914668 1
endloop
endfacet
facet normal 0 0 1
outer loop
vertex 168.3725452562512 -37.7753226 1
vertex 167.81469905209752 -37.3337552914668 1
vertex 167.4937902214954 -37.197537639839844 1
endloop
endfacet
facet normal 0 0 1
outer loop
vertex 168.3725452562512 -37.7753226 1
vertex 167.4937902214954 -37.197537639839844 1
vertex 167.15410278423502 -37.119114612987296 1
endloop
endfacet
facet normal 0 0 1
outer loop
vertex 168.3725452562512 -37.7753226 1
vertex 167.15410278423502 -37.119114612987296 1
vertex 166.8059579500001 -37.10086905000001 1
endloop
endfacet
facet normal 0 0 1
outer loop
vertex 168.3725452562512 -37.7753226 1
vertex 166.8059579500001 -37.10086905000001 1
vertex 147.49202830000004 -37.7753226 1
endloop
endfacet
facet normal 0 0 1
outer loop
vertex 145.96216691962772 -37.143368054057504 1
vertex 145.91550568238827 -37.08411890000011 1
vertex 122.95383759999999 -37.08411890000011 1
endloop
endfacet
facet normal 0 0 1
outer loop
vertex 145.96216691962772 -37.143368054057504 1
vertex 122.95383759999999 -37.08411890000011 1
vertex 122.95291781510885 -37.143368054057504 1
endloop
endfacet
facet normal 0 0 1
outer loop
vertex 145.91550568238827 -37.08411890000011 1
vertex 145.75125191030887 -36.8755539835471 1
vertex 122.93925301748324 -36.8755539835471 1
endloop
endfacet
facet normal 0 0 1
outer loop
vertex 145.91550568238827 -37.08411890000011 1
vertex 122.93925301748324 -36.8755539835471 1
vertex 122.95383759999999 -37.08411890000011 1
endloop
endfacet
facet normal 0 0 1
outer loop
vertex 145.75125191030887 -36.8755539835471 1
vertex 145.5888828781544 -36.57581106884099 1
vertex 122.91829251584332 -36.57581106884099 1
endloop
endfacet
facet normal 0 0 1
outer loop
vertex 145.75125191030887 -36.8755539835471 1
vertex 122.91829251584332 -36.57581106884099 1
vertex 122.93925301748324 -36.8755539835471 1
endloop
endfacet
facet normal 0 0 1
outer loop
vertex 145.5888828781544 -36.57581106884099 1
vertex 145.47977702988595 -36.25284755481351 1
vertex 122.89570823800626 -36.25284755481351 1
endloop
endfacet
facet normal 0 0 1
outer loop
vertex 145.5888828781544 -36.57581106884099 1
vertex 122.89570823800626 -36.25284755481351 1
vertex 122.91829251584332 -36.57581106884099 1
endloop
endfacet
facet normal 0 0 1
outer loop
vertex 145.47977702988595 -36.25284755481351 1
vertex 145.42710415000002 -35.91604630000011 1
vertex 122.87215631097985 -35.91604630000011 1
endloop
endfacet
facet normal 0 0 1
outer loop
vertex 145.47977702988595 -36.25284755481351 1
vertex 122.87215631097985 -35.91604630000011 1
vertex 122.89570823800626 -36.25284755481351 1
endloop
endfacet
facet normal 0 0 1
outer loop
vertex 145.42710415000002 -35.91604630000011 1
vertex 145.23982310000008 -33.23785310000066 1
vertex 145.1934342420974 -32.927466949159225 1
endloop
endfacet
facet normal 0 0 1
outer loop
vertex 145.42710415000002 -35.91604630000011 1
vertex 145.1934342420974 -32.927466949159225 1
vertex 145.09906235720763 -32.628155349005006 1
endloop
endfacet
facet normal 0 0 1
outer loop
vertex 145.42710415000002 -35.91604630000011 1
vertex 145.09906235720763 -32.628155349005006 1
vertex 144.95902964932668 -32.3472918103104 1
endloop
endfacet
facet normal 0 0 1
outer loop
vertex 145.42710415000002 -35.91604630000011 1
vertex 144.95902964932668 -32.3472918103104 1
vertex 144.77678419586545 -32.09179214037477 1
endloop
endfacet
facet normal 0 0 1
outer loop
vertex 145.42710415000002 -35.91604630000011 1
vertex 144.77678419586545 -32.09179214037477 1
vertex 144.5568134943578 -31.867947602530023 1
endloop
endfacet
facet normal 0 0 1
outer loop
vertex 145.42710415000002 -35.91604630000011 1
vertex 144.5568134943578 -31.867947602530023 1
vertex 144.304533965142 -31.68127000402623 1
endloop
endfacet
facet normal 0 0 1
outer loop
vertex 145.42710415000002 -35.91604630000011 1
vertex 144.304533965142 -31.68127000402623 1
vertex 144.02615758082814 -31.536355976751892 1
endloop
endfacet
facet normal 0 0 1
outer loop
vertex 145.42710415000002 -35.91604630000011 1
vertex 144.02615758082814 -31.536355976751892 1
vertex 143.72853890658888 -31.436773792659565 1
endloop
endfacet
facet normal 0 0 1
outer loop
vertex 145.42710415000002 -35.91604630000011 1
vertex 143.72853890658888 -31.436773792659565 1
vertex 143.41900631765327 -31.38497550087895 1
endloop
endfacet
facet normal 0 0 1
outer loop
vertex 145.42710415000002 -35.91604630000011 1
vertex 143.41900631765327 -31.38497550087895 1
vertex 143.10518155000005 -31.382236550000002 1
endloop
endfacet
facet normal 0 0 1
outer loop
vertex 145.42710415000002 -35.91604630000011 1
vertex 143.10518155000005 -31.382236550000002 1
vertex 124.65024719999997 -32.672732800000006 1
endloop
endfacet
facet normal 0 0 1
outer loop
vertex 145.42710415000002 -35.91604630000011 1
vertex 124.65024719999997 -32.672732800000006 1
vertex 124.33985899915925 -32.719118707902595 1
endloop
endfacet
facet normal 0 0 1
outer loop
vertex 145.42710415000002 -35.91604630000011 1
vertex 124.33985899915925 -32.719118707902595 1
vertex 124.04054739900495 -32.8134905927924 1
endloop
endfacet
facet normal 0 0 1
outer loop
vertex 145.42710415000002 -35.91604630000011 1
vertex 124.04054739900495 -32.8134905927924 1
vertex 123.75968386031035 -32.95352330067335 1
endloop
endfacet
facet normal 0 0 1
outer loop
vertex 145.42710415000002 -35.91604630000011 1
vertex 123.75968386031035 -32.95352330067335 1
vertex 123.50418419037462 -33.135768754134666 1
endloop
endfacet
facet normal 0 0 1
outer loop
vertex 145.42710415000002 -35.91604630000011 1
vertex 123.50418419037462 -33.135768754134666 1
vertex 123.28033965253016 -33.355739455642016 1
endloop
endfacet
facet normal 0 0 1
outer loop
vertex 145.42710415000002 -35.91604630000011 1
vertex 123.28033965253016 -33.355739455642016 1
vertex 123.09366205402621 -33.608018984858006 1
endloop
endfacet
facet normal 0 0 1
outer loop
vertex 145.42710415000002 -35.91604630000011 1
vertex 123.09366205402621 -33.608018984858006 1
vertex 122.94874802675187 -33.88639536917189 1
endloop
endfacet
facet normal 0 0 1
outer loop
vertex 145.42710415000002 -35.91604630000011 1
vertex 122.94874802675187 -33.88639536917189 1
vertex 122.84916584265956 -34.184014043411146 1
endloop
endfacet
facet normal 0 0 1
outer loop
vertex 145.42710415000002 -35.91604630000011 1
vertex 122.84916584265956 -34.184014043411146 1
vertex 122.79736755087895 -34.493546632346685 1
endloop
endfacet
facet normal 0 0 1
outer loop
vertex 145.42710415000002 -35.91604630000011 1
vertex 122.79736755087895 -34.493546632346685 1
vertex 122.79462860000001 -34.80737140000016 1
endloop
endfacet
facet normal 0 0 1
outer loop
vertex 145.42710415000002 -35.91604630000011 1
vertex 122.79462860000001 -34.80737140000016 1
vertex 122.87215631097985 -35.91604630000011 1
endloop
endfacet
facet normal 0.24192210406894793 -0.9702956742987434 0
outer loop
vertex 130.2514243999997 -101.99064890000005 1
vertex 92.04967359999978 -111.51542385000005 1
vertex 92.04967360000009 -111.51542384999999 0
endloop
endfacet
facet normal 0.24192210406894793 -0.9702956742987434 0
outer loop
vertex 130.2514243999997 -101.99064890000005 1
vertex 92.04967360000009 -111.51542384999999 0
vertex 130.25142439999973 -101.99064890000005 0
endloop
endfacet
facet normal 0.16193130356053595 -0.9868020333011002 0
outer loop
vertex 130.57360419573465 -101.93778014563632 1
vertex 130.2514243999997 -101.99064890000005 1
vertex 130.25142439999973 -101.99064890000005 0
endloop
endfacet
facet normal 0.16193130356053595 -0.9868020333011002 0
outer loop
vertex 130.57360419573465 -101.93778014563632 1
vertex 130.25142439999973 -101.99064890000005 0
vertex 130.57360419573465 -101.93778014563632 0
endloop
endfacet
facet normal -0.000793993008969096 -0.9999996847875011 0
outer loop
vertex 130.90009432705662 -101.9380393765998 1
vertex 130.57360419573465 -101.93778014563632 1
vertex 130.57360419573465 -101.93778014563632 0
endloop
endfacet
facet normal -0.000793993008969096 -0.9999996847875011 0
outer loop
vertex 130.90009432705662 -101.9380393765998 1
vertex 130.57360419573465 -101.93778014563632 0
vertex 130.90009432705622 -101.9380393765998 0
endloop
endfacet
facet normal -0.16348378130769003 -0.9865460218607845 0
outer loop
vertex 131.22219196881827 -101.99141523465269 1
vertex 130.90009432705662 -101.9380393765998 1
vertex 130.90009432705622 -101.9380393765998 0
endloop
endfacet
facet normal -0.16348378130769003 -0.9865460218607845 0
outer loop
vertex 131.22219196881827 -101.99141523465269 1
vertex 130.90009432705622 -101.9380393765998 0
vertex 131.22219196881835 -101.99141523465272 0
endloop
endfacet
facet normal 0 0 1
outer loop
vertex 131.5313135511869 -102.0964853082478 1
vertex 131.51405015626725 -102.09061749998668 1
vertex 131.22219196881827 -101.99141523465269 1
endloop
endfacet
facet normal 0 0 1
outer loop
vertex 131.5313135511869 -102.0964853082478 1
vertex 131.22219196881827 -101.99141523465269 1
vertex 131.22219196881835 -101.99141523465272 0
endloop
endfacet
facet normal 0 0 1
outer loop
vertex 131.5313135511869 -102.0964853082478 1
vertex 131.22219196881835 -101.99141523465272 0
vertex 131.51405015626693 -102.09061749998658 0
endloop
endfacet
facet normal 0 0 1
outer loop
vertex 131.5313135511869 -102.0964853082478 1
vertex 131.51405015626693 -102.09061749998658 0
vertex 131.53131355118697 -102.09648530824782 0
endloop
endfacet
facet normal -0.4715739214712617 -0.8818265342958422 0
outer loop
vertex 131.8192213029246 -102.25044958832851 1
vertex 131.5313135511869 -102.0964853082478 1
vertex 131.53131355118697 -102.09648530824782 0
endloop
endfacet
facet normal -0.4715739214712617 -0.8818265342958422 0
outer loop
vertex 131.8192213029246 -102.25044958832851 1
vertex 131.53131355118697 -102.09648530824782 0
vertex 131.81922130292463 -102.2504495883285 0
endloop
endfacet
facet normal 0 0 -1
outer loop
vertex 132.07824277949254 -102.44920508568127 1
vertex 131.9922929001698 -102.38325298302726 1
vertex 131.8192213029246 -102.25044958832851 1
endloop
endfacet
facet normal 0 0 -1
outer loop
vertex 132.07824277949254 -102.44920508568127 1
vertex 131.8192213029246 -102.25044958832851 1
vertex 131.81922130292463 -102.2504495883285 0
endloop
endfacet
facet normal 0 0 -1
outer loop
vertex 132.07824277949254 -102.44920508568127 1
vertex 131.81922130292463 -102.2504495883285 0
vertex 131.9922929001696 -102.38325298302706 0
endloop
endfacet
facet normal 0 0 -1
outer loop
vertex 132.07824277949254 -102.44920508568127 1
vertex 131.9922929001696 -102.38325298302706 0
vertex 132.07824277949246 -102.44920508568117 0
endloop
endfacet
facet normal 0 0 1
outer loop
vertex 132.30147532578215 -102.68745517136495 1
vertex 132.28010073722453 -102.66464264854983 1
vertex 132.07824277949254 -102.44920508568127 1
endloop
endfacet
facet normal 0 0 1
outer loop
vertex 132.30147532578215 -102.68745517136495 1
vertex 132.07824277949254 -102.44920508568127 1
vertex 132.07824277949246 -102.44920508568117 0
endloop
endfacet
facet normal 0 0 1
outer loop
vertex 132.30147532578215 -102.68745517136495 1
vertex 132.07824277949246 -102.44920508568117 0
vertex 132.28010073722447 -102.66464264854982 0
endloop
endfacet
facet normal 0 0 1
outer loop
vertex 132.30147532578215 -102.68745517136495 1
vertex 132.28010073722447 -102.66464264854982 0
vertex 132.30147532578215 -102.68745517136497 0
endloop
endfacet
facet normal 0 0 1
outer loop
vertex 132.48297002475246 -102.95885072640789 1
vertex 132.45964558318374 -102.92397284952483 1
vertex 132.30147532578215 -102.68745517136495 1
endloop
endfacet
facet normal 0 0 1
outer loop
vertex 132.48297002475246 -102.95885072640789 1
vertex 132.30147532578215 -102.68745517136495 1
vertex 132.30147532578215 -102.68745517136497 0
endloop
endfacet
facet normal 0 0 1
outer loop
vertex 132.48297002475246 -102.95885072640789 1
vertex 132.30147532578215 -102.68745517136497 0
vertex 132.45964558318374 -102.92397284952486 0
endloop
endfacet
facet normal 0 0 1
outer loop
vertex 132.48297002475246 -102.95885072640789 1
vertex 132.45964558318374 -102.92397284952486 0
vertex 132.4829700247525 -102.95885072640795 0
endloop
endfacet
facet normal 0 0 -1
outer loop
vertex 132.6178902299306 -103.25615933927686 1
vertex 132.5702943800789 -103.15127767178284 1
vertex 132.48297002475246 -102.95885072640789 1
endloop
endfacet
facet normal 0 0 -1
outer loop
vertex 132.6178902299306 -103.25615933927686 1
vertex 132.48297002475246 -102.95885072640789 1
vertex 132.4829700247525 -102.95885072640795 0
endloop
endfacet
facet normal 0 0 -1
outer loop
vertex 132.6178902299306 -103.25615933927686 1
vertex 132.4829700247525 -102.95885072640795 0
vertex 132.57029438007893 -103.15127767178288 0
endloop
endfacet
facet normal 0 0 -1
outer loop
vertex 132.6178902299306 -103.25615933927686 1
vertex 132.57029438007893 -103.15127767178288 0
vertex 132.6178902299306 -103.25615933927686 0
endloop
endfacet
facet normal 0 0 1
outer loop
vertex 132.70264045705073 -103.57145804218337 1
vertex 132.7000432076301 -103.56179542060369 1
vertex 132.67709936891194 -103.47643679876457 1
endloop
endfacet
facet normal 0 0 1
outer loop
vertex 132.70264045705073 -103.57145804218337 1
vertex 132.67709936891194 -103.47643679876457 1
vertex 132.63984059657824 -103.33782191845219 1
endloop
endfacet
facet normal 0 0 1
outer loop
vertex 132.70264045705073 -103.57145804218337 1
vertex 132.63984059657824 -103.33782191845219 1
vertex 132.6178902299306 -103.25615933927686 1
endloop
endfacet
facet normal 0 0 1
outer loop
vertex 132.70264045705073 -103.57145804218337 1
vertex 132.6178902299306 -103.25615933927686 1
vertex 132.6178902299306 -103.25615933927686 0
endloop
endfacet
facet normal 0 0 1
outer loop
vertex 132.70264045705073 -103.57145804218337 1
vertex 132.6178902299306 -103.25615933927686 0
vertex 132.63984059657824 -103.33782191845214 0
endloop
endfacet
facet normal 0 0 1
outer loop
vertex 132.70264045705073 -103.57145804218337 1
vertex 132.63984059657824 -103.33782191845214 0
vertex 132.67709936891194 -103.4764367987646 0
endloop
endfacet
facet normal 0 0 1
outer loop
vertex 132.70264045705073 -103.57145804218337 1
vertex 132.67709936891194 -103.4764367987646 0
vertex 132.70004320763007 -103.56179542060367 0
endloop
endfacet
facet normal 0 0 1
outer loop
vertex 132.70264045705073 -103.57145804218337 1
vertex 132.70004320763007 -103.56179542060367 0
vertex 132.70264045705073 -103.57145804218334 0
endloop
endfacet
facet normal 0 0 1
outer loop
vertex 132.73496219999998 -103.89634444999963 1
vertex 132.70454656040164 -103.59061750000004 1
vertex 132.70264045705073 -103.57145804218337 1
endloop
endfacet
facet normal 0 0 1
outer loop
vertex 132.73496219999998 -103.89634444999963 1
vertex 132.70264045705073 -103.57145804218337 1
vertex 132.70264045705073 -103.57145804218334 0
endloop
endfacet
facet normal 0 0 1
outer loop
vertex 132.73496219999998 -103.89634444999963 1
vertex 132.70264045705073 -103.57145804218334 0
vertex 132.70454656040164 -103.59061750000002 0
endloop
endfacet
facet normal 0 0 1
outer loop
vertex 132.73496219999998 -103.89634444999963 1
vertex 132.70454656040164 -103.59061750000002 0
vertex 132.73496219999998 -103.8963444499996 0
endloop
endfacet
facet normal 0 0 1
outer loop
vertex 132.937355299999 -115.49134540000004 1
vertex 132.92432743962726 -114.74498570000002 1
vertex 132.92218493460052 -114.62224264294642 1
endloop
endfacet
facet normal 0 0 1
outer loop
vertex 132.937355299999 -115.49134540000004 1
vertex 132.92218493460052 -114.62224264294642 1
vertex 132.91918553253794 -114.45040837703027 1
endloop
endfacet
facet normal 0 0 1
outer loop
vertex 132.937355299999 -115.49134540000004 1
vertex 132.91918553253794 -114.45040837703027 1
vertex 132.91541145378613 -114.23419326538551 1
endloop
endfacet
facet normal 0 0 1
outer loop
vertex 132.937355299999 -115.49134540000004 1
vertex 132.91541145378613 -114.23419326538551 1
vertex 132.91096621691543 -113.97952783588822 1
endloop
endfacet
facet normal 0 0 1
outer loop
vertex 132.937355299999 -115.49134540000004 1
vertex 132.91096621691543 -113.97952783588822 1
vertex 132.90597174957915 -113.6933972637052 1
endloop
endfacet
facet normal 0 0 1
outer loop
vertex 132.937355299999 -115.49134540000004 1
vertex 132.90597174957915 -113.6933972637052 1
vertex 132.90056504418055 -113.38364977610235 1
endloop
endfacet
facet normal 0 0 1
outer loop
vertex 132.937355299999 -115.49134540000004 1
vertex 132.90056504418055 -113.38364977610235 1
vertex 132.89489440033125 -113.0587813847402 1
endloop
endfacet
facet normal 0 0 1
outer loop
vertex 132.937355299999 -115.49134540000004 1
vertex 132.89489440033125 -113.0587813847402 1
vertex 132.88911535716613 -112.72770284999962 1
endloop
endfacet
facet normal 0 0 1
outer loop
vertex 132.937355299999 -115.49134540000004 1
vertex 132.88911535716613 -112.72770284999962 1
vertex 132.78877650567748 -106.97933949999994 1
endloop
endfacet
facet normal 0 0 1
outer loop
vertex 132.937355299999 -115.49134540000004 1
vertex 132.78877650567748 -106.97933949999994 1
vertex 132.7882734104192 -106.95051742060272 1
endloop
endfacet
facet normal 0 0 1
outer loop
vertex 132.937355299999 -115.49134540000004 1
vertex 132.7882734104192 -106.95051742060272 1
vertex 132.78678345831312 -106.86515879876526 1
endloop
endfacet
facet normal 0 0 1
outer loop
vertex 132.937355299999 -115.49134540000004 1
vertex 132.78678345831312 -106.86515879876526 1
vertex 132.7843639073832 -106.7265439184604 1
endloop
endfacet
facet normal 0 0 1
outer loop
vertex 132.937355299999 -115.49134540000004 1
vertex 132.7843639073832 -106.7265439184604 1
vertex 132.78110773961455 -106.53999967178954 1
endloop
endfacet
facet normal 0 0 1
outer loop
vertex 132.937355299999 -115.49134540000004 1
vertex 132.78110773961455 -106.53999967178954 1
vertex 132.77714008770818 -106.31269484952176 1
endloop
endfacet
facet normal 0 0 1
outer loop
vertex 132.937355299999 -115.49134540000004 1
vertex 132.77714008770818 -106.31269484952176 1
vertex 132.77261342630226 -106.05336464853161 1
endloop
endfacet
facet normal 0 0 1
outer loop
vertex 132.937355299999 -115.49134540000004 1
vertex 132.77261342630226 -106.05336464853161 1
vertex 132.76770171245647 -105.77197498303477 1
endloop
endfacet
facet normal 0 0 1
outer loop
vertex 132.937355299999 -115.49134540000004 1
vertex 132.76770171245647 -105.77197498303477 1
vertex 132.7625937005779 -105.47933949998352 1
endloop
endfacet
facet normal 0 0 1
outer loop
vertex 132.937355299999 -115.49134540000004 1
vertex 132.7625937005779 -105.47933949998352 1
vertex 132.7574856887004 -105.1867040169933 1
endloop
endfacet
facet normal 0 0 1
outer loop
vertex 132.937355299999 -115.49134540000004 1
vertex 132.7574856887004 -105.1867040169933 1
vertex 132.75257397485393 -104.90531435145735 1
endloop
endfacet
facet normal 0 0 1
outer loop
vertex 132.937355299999 -115.49134540000004 1
vertex 132.75257397485393 -104.90531435145735 1
vertex 132.74804731344778 -104.64598415045415 1
endloop
endfacet
facet normal 0 0 1
outer loop
vertex 132.937355299999 -115.49134540000004 1
vertex 132.74804731344778 -104.64598415045415 1
vertex 132.7440796615419 -104.4186793282135 1
endloop
endfacet
facet normal 0 0 1
outer loop
vertex 132.937355299999 -115.49134540000004 1
vertex 132.7440796615419 -104.4186793282135 1
vertex 132.74082349377335 -104.23213508154969 1
endloop
endfacet
facet normal 0 0 1
outer loop
vertex 132.937355299999 -115.49134540000004 1
vertex 132.74082349377335 -104.23213508154969 1
vertex 132.73840394284326 -104.09352020123573 1
endloop
endfacet
facet normal 0 0 1
outer loop
vertex 132.937355299999 -115.49134540000004 1
vertex 132.73840394284326 -104.09352020123573 1
vertex 132.7369139907371 -104.00816157939302 1
endloop
endfacet
facet normal 0 0 1
outer loop
vertex 132.937355299999 -115.49134540000004 1
vertex 132.7369139907371 -104.00816157939302 1
vertex 132.73641089547888 -103.97933949999964 1
endloop
endfacet
facet normal 0 0 1
outer loop
vertex 132.937355299999 -115.49134540000004 1
vertex 132.73641089547888 -103.97933949999964 1
vertex 132.73496219999998 -103.89634444999963 1
endloop
endfacet
facet normal 0 0 1
outer loop
vertex 132.937355299999 -115.49134540000004 1
vertex 132.73496219999998 -103.89634444999963 1
vertex 132.73496219999998 -103.8963444499996 0
endloop
endfacet
facet normal 0 0 1
outer loop
vertex 132.937355299999 -115.49134540000004 1
vertex 132.73496219999998 -103.8963444499996 0
vertex 132.73641089547888 -103.97933949999963 0
endloop
endfacet
facet normal 0 0 1
outer loop
vertex 132.937355299999 -115.49134540000004 1
vertex 132.73641089547888 -103.97933949999963 0
vertex 132.7369139907371 -104.00816157939299 0
endloop
endfacet
facet normal 0 0 1
outer loop
vertex 132.937355299999 -115.49134540000004 1
vertex 132.7369139907371 -104.00816157939299 0
vertex 132.73840394284326 -104.09352020123573 0
endloop
endfacet
facet normal 0 0 1
outer loop
vertex 132.937355299999 -115.49134540000004 1
vertex 132.73840394284326 -104.09352020123573 0
vertex 132.74082349377335 -104.23213508154969 0
endloop
endfacet
facet normal 0 0 1
outer loop
vertex 132.937355299999 -115.49134540000004 1
vertex 132.74082349377335 -104.23213508154969 0
vertex 132.7440796615419 -104.41867932821354 0
endloop
endfacet
facet normal 0 0 1
outer loop
vertex 132.937355299999 -115.49134540000004 1
vertex 132.7440796615419 -104.41867932821354 0
vertex 132.74804731344778 -104.64598415045415 0
endloop
endfacet
facet normal 0 0 1
outer loop
vertex 132.937355299999 -115.49134540000004 1
vertex 132.74804731344778 -104.64598415045415 0
vertex 132.75257397485393 -104.90531435145722 0
endloop
endfacet
facet normal 0 0 1
outer loop
vertex 132.937355299999 -115.49134540000004 1
vertex 132.75257397485393 -104.90531435145722 0
vertex 132.7574856887004 -105.18670401699329 0
endloop
endfacet
facet normal 0 0 1
outer loop
vertex 132.937355299999 -115.49134540000004 1
vertex 132.7574856887004 -105.18670401699329 0
vertex 132.7625937005779 -105.47933949998375 0
endloop
endfacet
facet normal 0 0 1
outer loop
vertex 132.937355299999 -115.49134540000004 1
vertex 132.7625937005779 -105.47933949998375 0
vertex 132.76770171245647 -105.7719749830349 0
endloop
endfacet
facet normal 0 0 1
outer loop
vertex 132.937355299999 -115.49134540000004 1
vertex 132.76770171245647 -105.7719749830349 0
vertex 132.77261342630226 -106.05336464853191 0
endloop
endfacet
facet normal 0 0 1
outer loop
vertex 132.937355299999 -115.49134540000004 1
vertex 132.77261342630226 -106.05336464853191 0
vertex 132.77714008770818 -106.31269484952163 0
endloop
endfacet
facet normal 0 0 1
outer loop
vertex 132.937355299999 -115.49134540000004 1
vertex 132.77714008770818 -106.31269484952163 0
vertex 132.78110773961455 -106.53999967178959 0
endloop
endfacet
facet normal 0 0 1
outer loop
vertex 132.937355299999 -115.49134540000004 1
vertex 132.78110773961455 -106.53999967178959 0
vertex 132.7843639073832 -106.72654391846034 0
endloop
endfacet
facet normal 0 0 1
outer loop
vertex 132.937355299999 -115.49134540000004 1
vertex 132.7843639073832 -106.72654391846034 0
vertex 132.78678345831312 -106.86515879876531 0
endloop
endfacet
facet normal 0 0 1
outer loop
vertex 132.937355299999 -115.49134540000004 1
vertex 132.78678345831312 -106.86515879876531 0
vertex 132.7882734104192 -106.95051742060272 0
endloop
endfacet
facet normal 0 0 1
outer loop
vertex 132.937355299999 -115.49134540000004 1
vertex 132.7882734104192 -106.95051742060272 0
vertex 132.78877650567748 -106.97933949999994 0
endloop
endfacet
facet normal 0 0 1
outer loop
vertex 132.937355299999 -115.49134540000004 1
vertex 132.78877650567748 -106.97933949999994 0
vertex 132.88911535716613 -112.72770284999956 0
endloop
endfacet
facet normal 0 0 1
outer loop
vertex 132.937355299999 -115.49134540000004 1
vertex 132.88911535716613 -112.72770284999956 0
vertex 132.89489440033125 -113.05878138473994 0
endloop
endfacet
facet normal 0 0 1
outer loop
vertex 132.937355299999 -115.49134540000004 1
vertex 132.89489440033125 -113.05878138473994 0
vertex 132.90056504418055 -113.38364977610223 0
endloop
endfacet
facet normal 0 0 1
outer loop
vertex 132.937355299999 -115.49134540000004 1
vertex 132.90056504418055 -113.38364977610223 0
vertex 132.90597174957915 -113.6933972637052 0
endloop
endfacet
facet normal 0 0 1
outer loop
vertex 132.937355299999 -115.49134540000004 1
vertex 132.90597174957915 -113.6933972637052 0
vertex 132.91096621691543 -113.97952783588809 0
endloop
endfacet
facet normal 0 0 1
outer loop
vertex 132.937355299999 -115.49134540000004 1
vertex 132.91096621691543 -113.97952783588809 0
vertex 132.91541145378613 -114.23419326538549 0
endloop
endfacet
facet normal 0 0 1
outer loop
vertex 132.937355299999 -115.49134540000004 1
vertex 132.91541145378613 -114.23419326538549 0
vertex 132.91918553253794 -114.45040837703031 0
endloop
endfacet
facet normal 0 0 1
outer loop
vertex 132.937355299999 -115.49134540000004 1
vertex 132.91918553253794 -114.45040837703031 0
vertex 132.92218493460052 -114.62224264294645 0
endloop
endfacet
facet normal 0 0 1
outer loop
vertex 132.937355299999 -115.49134540000004 1
vertex 132.92218493460052 -114.62224264294645 0
vertex 132.92432743962726 -114.74498570000006 0
endloop
endfacet
facet normal 0 0 1
outer loop
vertex 132.937355299999 -115.49134540000004 1
vertex 132.92432743962726 -114.74498570000006 0
vertex 132.937355299999 -115.49134540000004 0
endloop
endfacet
facet normal -0.9998476952663882 -0.01745240013556781 0
outer loop
vertex 133.07697450000072 -123.49012690000002 1.0000000000000004
vertex 132.937355299999 -115.49134540000004 1
vertex 132.937355299999 -115.49134540000004 0
endloop
endfacet
facet normal -0.9998476952663882 -0.01745240013556781 0
outer loop
vertex 133.07697450000072 -123.49012690000002 1.0000000000000004
vertex 132.937355299999 -115.49134540000004 0
vertex 133.07697450000072 -123.49012690000002 0
endloop
endfacet
facet normal 0.0006063498242982597 0.000058378381769035265 -0.9999998144659104
outer loop
vertex 133.10705082044936 -123.80251602534727 1
vertex 133.07697591447402 -123.49014159150151 1
vertex 133.07697450000072 -123.49012690000002 1.0000000000000004
endloop
endfacet
facet normal 0.0006063498242982597 0.000058378381769035265 -0.9999998144659104
outer loop
vertex 133.10705082044936 -123.80251602534727 1
vertex 133.07697450000072 -123.49012690000002 1.0000000000000004
vertex 133.07697450000072 -123.49012690000002 0
endloop
endfacet
facet normal 0.0006063498242982597 0.000058378381769035265 -0.9999998144659104
outer loop
vertex 133.10705082044936 -123.80251602534727 1
vertex 133.07697450000072 -123.49012690000002 0
vertex 133.07697591447402 -123.49014159150121 0
endloop
endfacet
facet normal 0.0006063498242982597 0.000058378381769035265 -0.9999998144659104
outer loop
vertex 133.10705082044936 -123.80251602534727 1
vertex 133.07697591447402 -123.49014159150121 0
vertex 133.1070508204494 -123.80251602534742 0
endloop
endfacet
facet normal -0.9681486494117609 -0.2503761023783686 0
outer loop
vertex 133.18562817667913 -124.10635716907288 1
vertex 133.10705082044936 -123.80251602534727 1
vertex 133.1070508204494 -123.80251602534742 0
endloop
endfacet
facet normal -0.9681486494117609 -0.2503761023783686 0
outer loop
vertex 133.18562817667913 -124.10635716907288 1
vertex 133.1070508204494 -123.80251602534742 0
vertex 133.18562817667913 -124.10635716907296 0
endloop
endfacet
facet normal -0.917061500920104 -0.39874578810335565 0
outer loop
vertex 133.31076947227123 -124.39416526081136 1
vertex 133.18562817667913 -124.10635716907288 1
vertex 133.18562817667913 -124.10635716907296 0
endloop
endfacet
facet normal -0.917061500920104 -0.39874578810335565 0
outer loop
vertex 133.31076947227123 -124.39416526081136 1
vertex 133.18562817667913 -124.10635716907296 0
vertex 133.31076947227112 -124.39416526081116 0
endloop
endfacet
facet normal -0.8433931248916964 -0.537296972711944 0
outer loop
vertex 133.479393295491 -124.65885346941728 1
vertex 133.31076947227123 -124.39416526081136 1
vertex 133.31076947227112 -124.39416526081116 0
endloop
endfacet
facet normal -0.8433931248916964 -0.537296972711944 0
outer loop
vertex 133.479393295491 -124.65885346941728 1
vertex 133.31076947227112 -124.39416526081116 0
vertex 133.4793932954911 -124.6588534694174 0
endloop
endfacet
facet normal -0.7489574916651451 -0.6626180465989846 0
outer loop
vertex 133.68734754430827 -124.89390425527301 1
vertex 133.479393295491 -124.65885346941728 1
vertex 133.4793932954911 -124.6588534694174 0
endloop
endfacet
facet normal -0.7489574916651451 -0.6626180465989846 0
outer loop
vertex 133.68734754430827 -124.89390425527301 1
vertex 133.4793932954911 -124.6588534694174 0
vertex 133.68734754430824 -124.89390425527299 0
endloop
endfacet
facet normal -0.6360799333138715 -0.7716231712665328 0
outer loop
vertex 133.92951166551546 -125.09352985466454 1
vertex 133.68734754430827 -124.89390425527301 1
vertex 133.68734754430824 -124.89390425527299 0
endloop
endfacet
facet normal -0.6360799333138715 -0.7716231712665328 0
outer loop
vertex 133.92951166551546 -125.09352985466454 1
vertex 133.68734754430824 -124.89390425527299 0
vertex 133.9295116655155 -125.09352985466457 0
endloop
endfacet
facet normal 0 0 -1
outer loop
vertex 134.19992274046794 -125.25281479455394 1
vertex 133.94341622629213 -125.1017203 1
vertex 133.92951166551546 -125.09352985466454 1
endloop
endfacet
facet normal 0 0 -1
outer loop
vertex 134.19992274046794 -125.25281479455394 1
vertex 133.92951166551546 -125.09352985466454 1
vertex 133.9295116655155 -125.09352985466457 0
endloop
endfacet
facet normal 0 0 -1
outer loop
vertex 134.19992274046794 -125.25281479455394 1
vertex 133.9295116655155 -125.09352985466457 0
vertex 133.94341622629213 -125.10172030000001 0
endloop
endfacet
facet normal 0 0 -1
outer loop
vertex 134.19992274046794 -125.25281479455394 1
vertex 133.94341622629213 -125.10172030000001 0
vertex 134.19992274046788 -125.25281479455391 0
endloop
endfacet
facet normal -0.36650245026058287 -0.9304170860173352 0
outer loop
vertex 134.4919223127743 -125.3678369285341 1
vertex 134.19992274046794 -125.25281479455394 1
vertex 134.19992274046788 -125.25281479455391 0
endloop
endfacet
facet normal -0.36650245026058287 -0.9304170860173352 0
outer loop
vertex 134.4919223127743 -125.3678369285341 1
vertex 134.19992274046788 -125.25281479455391 0
vertex 134.49192231277425 -125.36783692853409 0
endloop
endfacet
facet normal -0.21644045603270035 -0.9762958204316747 0
outer loop
vertex 134.79832034253403 -125.43576401364585 1
vertex 134.4919223127743 -125.3678369285341 1
vertex 134.49192231277425 -125.36783692853409 0
endloop
endfacet
facet normal -0.21644045603270035 -0.9762958204316747 0
outer loop
vertex 134.79832034253403 -125.43576401364585 1
vertex 134.49192231277425 -125.36783692853409 0
vertex 134.7983203425339 -125.43576401364584 0
endloop
endfacet
facet normal -0.06104894881033833 -0.9981347733894219 0
outer loop
vertex 135.1115722500001 -125.45492345 1
vertex 134.79832034253403 -125.43576401364585 1
vertex 134.7983203425339 -125.43576401364584 0
endloop
endfacet
facet normal -0.06104894881033833 -0.9981347733894219 0
outer loop
vertex 135.1115722500001 -125.45492345 1
vertex 134.7983203425339 -125.43576401364584 0
vertex 135.11157225000017 -125.45492345 0
endloop
endfacet
facet normal 0.017452700274915856 -0.9998476900273932 0
outer loop
vertex 155.1085286 -125.10586939999999 1
vertex 135.1115722500001 -125.45492345 1
vertex 135.11157225000017 -125.45492345 0
endloop
endfacet
facet normal 0.017452700274915856 -0.9998476900273932 0
outer loop
vertex 155.1085286 -125.10586939999999 1
vertex 135.11157225000017 -125.45492345 0
vertex 155.10852859999997 -125.10586939999999 0
endloop
endfacet
facet normal 0.9998477910576198 0.017446911394245035 0
outer loop
vertex 155.1084562 -125.1017203 1
vertex 155.1085286 -125.10586939999999 1
vertex 155.10852859999997 -125.10586939999999 0
endloop
endfacet
facet normal 0.9998477910576198 0.017446911394245035 0
outer loop
vertex 155.1084562 -125.1017203 1
vertex 155.10852859999997 -125.10586939999999 0
vertex 155.10845619999998 -125.10172030000001 0
endloop
endfacet
facet normal -0.017452406247912222 -0.9998476951596968 0
outer loop
vertex 190.06608650000013 -125.711908 1
vertex 155.1084562 -125.1017203 1
vertex 155.10845619999998 -125.10172030000001 0
endloop
endfacet
facet normal -0.017452406247912222 -0.9998476951596968 0
outer loop
vertex 190.06608650000013 -125.711908 1
vertex 155.10845619999998 -125.10172030000001 0
vertex 190.06608650000052 -125.71190800000001 0
endloop
endfacet
facet normal -0.06394560488939766 -0.9979533854921928 0
outer loop
vertex 190.251808834503 -125.72380848272184 1
vertex 190.06608650000013 -125.711908 1
vertex 190.06608650000052 -125.71190800000001 0
endloop
endfacet
facet normal -0.06394560488939766 -0.9979533854921928 0
outer loop
vertex 190.251808834503 -125.72380848272184 1
vertex 190.06608650000052 -125.71190800000001 0
vertex 190.25180883450292 -125.72380848272184 0
endloop
endfacet
facet normal -0.15642377444314107 -0.9876900337600666 0
outer loop
vertex 190.43561933816497 -125.75291916702797 1
vertex 190.251808834503 -125.72380848272184 1
vertex 190.25180883450292 -125.72380848272184 0
endloop
endfacet
facet normal -0.15642377444314107 -0.9876900337600666 0
outer loop
vertex 190.43561933816497 -125.75291916702797 1
vertex 190.25180883450292 -125.72380848272184 0
vertex 190.43561933816483 -125.75291916702794 0
endloop
endfacet
facet normal -0.2475523105423891 -0.9688745293097164 0
outer loop
vertex 190.6159282499996 -125.79898899999989 1
vertex 190.43561933816497 -125.75291916702797 1
vertex 190.43561933816483 -125.75291916702794 0
endloop
endfacet
facet normal -0.2475523105423891 -0.9688745293097164 0
outer loop
vertex 190.6159282499996 -125.79898899999989 1
vertex 190.43561933816483 -125.75291916702794 0
vertex 190.61592825000028 -125.79898900000008 0
endloop
endfacet
facet normal -0.29237193461428074 -0.9563046856781069 0
outer loop
vertex 213.29929029999985 -132.73399469999998 1
vertex 190.6159282499996 -125.79898899999989 1
vertex 190.61592825000028 -125.79898900000008 0
endloop
endfacet
facet normal -0.29237193461428074 -0.9563046856781069 0
outer loop
vertex 213.29929029999985 -132.73399469999998 1
vertex 190.61592825000028 -125.79898900000008 0
vertex 213.29929029999997 -132.7339947 0
endloop
endfacet
facet normal -0.20789778996766028 -0.9781505553474693 0
outer loop
vertex 213.6402980296003 -132.80647306537864 1
vertex 213.29929029999985 -132.73399469999998 1
vertex 213.29929029999997 -132.7339947 0
endloop
endfacet
facet normal -0.20789778996766028 -0.9781505553474693 0
outer loop
vertex 213.6402980296003 -132.80647306537864 1
vertex 213.29929029999997 -132.7339947 0
vertex 213.64029802960027 -132.80647306537864 0
endloop
endfacet
facet normal -0.03489589480452081 -0.9993909527936462 0
outer loop
vertex 213.98870643972927 -132.8186384979302 1
vertex 213.6402980296003 -132.80647306537864 1
vertex 213.64029802960027 -132.80647306537864 0
endloop
endfacet
facet normal -0.03489589480452081 -0.9993909527936462 0
outer loop
vertex 213.98870643972927 -132.8186384979302 1
vertex 213.64029802960027 -132.80647306537864 0
vertex 213.98870643972924 -132.8186384979302 0
endloop
endfacet
facet normal 0.13917555943652357 -0.9902677232221249 0
outer loop
vertex 214.3339343028442 -132.77011901188075 1
vertex 213.98870643972927 -132.8186384979302 1
vertex 213.98870643972924 -132.8186384979302 0
endloop
endfacet
facet normal 0.13917555943652357 -0.9902677232221249 0
outer loop
vertex 214.3339343028442 -132.77011901188075 1
vertex 213.98870643972924 -132.8186384979302 0
vertex 214.33393430284428 -132.77011901188075 0
endloop
endfacet
facet normal 0.3090182889359029 -0.951056095665827 0
outer loop
vertex 214.66549217947713 -132.6623888283645 1
vertex 214.3339343028442 -132.77011901188075 1
vertex 214.33393430284428 -132.77011901188075 0
endloop
endfacet
facet normal 0.3090182889359029 -0.951056095665827 0
outer loop
vertex 214.66549217947713 -132.6623888283645 1
vertex 214.33393430284428 -132.77011901188075 0
vertex 214.66549217947698 -132.66238882836456 0
endloop
endfacet
facet normal 0.4694717744519567 -0.8829474803140508 0
outer loop
vertex 214.97330598045582 -132.4987212325355 1
vertex 214.66549217947713 -132.6623888283645 1
vertex 214.66549217947698 -132.66238882836456 0
endloop
endfacet
facet normal 0.4694717744519567 -0.8829474803140508 0
outer loop
vertex 214.97330598045582 -132.4987212325355 1
vertex 214.66549217947698 -132.66238882836456 0
vertex 214.97330598045593 -132.49872123253544 0
endloop
endfacet
facet normal 0.6156607805135308 -0.7880112964529571 0
outer loop
vertex 215.2480230590858 -132.28408911772823 1
vertex 214.97330598045582 -132.4987212325355 1
vertex 214.97330598045593 -132.49872123253544 0
endloop
endfacet
facet normal 0.6156607805135308 -0.7880112964529571 0
outer loop
vertex 215.2480230590858 -132.28408911772823 1
vertex 214.97330598045593 -132.49872123253544 0
vertex 215.24802305908582 -132.2840891177282 0
endloop
endfacet
facet normal 0.7431434850838807 -0.6691320950136705 0
outer loop
vertex 215.4812963829418 -132.02501388854813 1
vertex 215.2480230590858 -132.28408911772823 1
vertex 215.24802305908582 -132.2840891177282 0
endloop
endfacet
facet normal 0.7431434850838807 -0.6691320950136705 0
outer loop
vertex 215.4812963829418 -132.02501388854813 1
vertex 215.24802305908582 -132.2840891177282 0
vertex 215.48129638294185 -132.02501388854807 0
endloop
endfacet
facet normal 0.8480464403453696 -0.5299219140756001 0
outer loop
vertex 215.66603815097508 -131.72936731383146 1
vertex 215.4812963829418 -132.02501388854813 1
vertex 215.48129638294185 -132.02501388854807 0
endloop
endfacet
facet normal 0.8480464403453696 -0.5299219140756001 0
outer loop
vertex 215.66603815097508 -131.72936731383146 1
vertex 215.48129638294185 -132.02501388854807 0
vertex 215.6660381509749 -131.7293673138318 0
endloop
endfacet
facet normal 0.9271822639430214 -0.37461053032381986 0
outer loop
vertex 215.79663514999984 -131.4061323500004 1
vertex 215.66603815097508 -131.72936731383146 1
vertex 215.6660381509749 -131.7293673138318 0
endloop
endfacet
facet normal 0.9271822639430214 -0.37461053032381986 0
outer loop
vertex 215.79663514999984 -131.4061323500004 1
vertex 215.6660381509749 -131.7293673138318 0
vertex 215.79663514999984 -131.40613235000038 0
endloop
endfacet
facet normal 0 0 -1
outer loop
vertex 220.03603299999997 -117.5397096 1
vertex 217.72409051265174 -125.1017203 1
vertex 217.53753710445736 -125.711908 1
endloop
endfacet
facet normal 0 0 -1
outer loop
vertex 220.03603299999997 -117.5397096 1
vertex 217.53753710445736 -125.711908 1
vertex 217.53389875578054 -125.72380848272184 1
endloop
endfacet
facet normal 0 0 -1
outer loop
vertex 220.03603299999997 -117.5397096 1
vertex 217.53389875578054 -125.72380848272184 1
vertex 217.5249987117905 -125.75291916702797 1
endloop
endfacet
facet normal 0 0 -1
outer loop
vertex 220.03603299999997 -117.5397096 1
vertex 217.5249987117905 -125.75291916702797 1
vertex 217.51091372719335 -125.79898899999989 1
endloop
endfacet
facet normal 0 0 -1
outer loop
vertex 220.03603299999997 -117.5397096 1
vertex 217.51091372719335 -125.79898899999989 1
vertex 215.79663514999984 -131.4061323500004 1
endloop
endfacet
facet normal 0 0 -1
outer loop
vertex 220.03603299999997 -117.5397096 1
vertex 215.79663514999984 -131.4061323500004 1
vertex 215.79663514999984 -131.40613235000038 0
endloop
endfacet
facet normal 0 0 -1
outer loop
vertex 220.03603299999997 -117.5397096 1
vertex 215.79663514999984 -131.40613235000038 0
vertex 217.51091372719333 -125.79898900000008 0
endloop
endfacet
facet normal 0 0 -1
outer loop
vertex 220.03603299999997 -117.5397096 1
vertex 217.51091372719333 -125.79898900000008 0
vertex 217.52499871179052 -125.75291916702794 0
endloop
endfacet
facet normal 0 0 -1
outer loop
vertex 220.03603299999997 -117.5397096 1
vertex 217.52499871179052 -125.75291916702794 0
vertex 217.53389875578054 -125.72380848272184 0
endloop
endfacet
facet normal 0 0 -1
outer loop
vertex 220.03603299999997 -117.5397096 1
vertex 217.53389875578054 -125.72380848272184 0
vertex 217.53753710445739 -125.71190800000001 0
endloop
endfacet
facet normal 0 0 -1
outer loop
vertex 220.03603299999997 -117.5397096 1
vertex 217.53753710445739 -125.71190800000001 0
vertex 217.72409051265174 -125.10172030000001 0
endloop
endfacet
facet normal 0 0 -1
outer loop
vertex 220.03603299999997 -117.5397096 1
vertex 217.72409051265174 -125.10172030000001 0
vertex 220.03603299999995 -117.53970960000015 0
endloop
endfacet
facet normal 0.9781500533351509 -0.2079001519009584 0
outer loop
vertex 220.10851221537865 -117.19870192039942 1
vertex 220.03603299999997 -117.5397096 1
vertex 220.03603299999995 -117.53970960000015 0
endloop
endfacet
facet normal 0.9781500533351509 -0.2079001519009584 0
outer loop
vertex 220.10851221537865 -117.19870192039942 1
vertex 220.03603299999995 -117.53970960000015 0
vertex 220.10851221537865 -117.1987019203995 0
endloop
endfacet
facet normal 0.9993909527936452 -0.03489589480454922 0
outer loop
vertex 220.12067764793022 -116.8502935102709 1
vertex 220.10851221537865 -117.19870192039942 1
vertex 220.10851221537865 -117.1987019203995 0
endloop
endfacet
facet normal 0.9993909527936452 -0.03489589480454922 0
outer loop
vertex 220.12067764793022 -116.8502935102709 1
vertex 220.10851221537865 -117.1987019203995 0
vertex 220.12067764793022 -116.85029351027082 0
endloop
endfacet
facet normal 0.9902677232221249 0.13917555943652357 0
outer loop
vertex 220.07215816188076 -116.50506564715572 1
vertex 220.12067764793022 -116.8502935102709 1
vertex 220.12067764793022 -116.85029351027082 0
endloop
endfacet
facet normal 0.9902677232221249 0.13917555943652357 0
outer loop
vertex 220.07215816188076 -116.50506564715572 1
vertex 220.12067764793022 -116.85029351027082 0
vertex 220.0721581618808 -116.50506564715589 0
endloop
endfacet
facet normal 0.951056095665827 0.3090182889359029 0
outer loop
vertex 219.96442797836463 -116.17350777052316 1
vertex 220.07215816188076 -116.50506564715572 1
vertex 220.0721581618808 -116.50506564715589 0
endloop
endfacet
facet normal 0.951056095665827 0.3090182889359029 0
outer loop
vertex 219.96442797836463 -116.17350777052316 1
vertex 220.0721581618808 -116.50506564715589 0
vertex 219.96442797836457 -116.17350777052303 0
endloop
endfacet
facet normal 0.8829474803140477 0.4694717744519626 0
outer loop
vertex 219.80076038253546 -115.86569396954414 1
vertex 219.96442797836463 -116.17350777052316 1
vertex 219.96442797836457 -116.17350777052303 0
endloop
endfacet
facet normal 0.8829474803140477 0.4694717744519626 0
outer loop
vertex 219.80076038253546 -115.86569396954414 1
vertex 219.96442797836457 -116.17350777052303 0
vertex 219.80076038253546 -115.86569396954414 0
endloop
endfacet
facet normal 0.7880112964529326 0.6156607805135622 0
outer loop
vertex 219.58612826772807 -115.59097689091404 1
vertex 219.80076038253546 -115.86569396954414 1
vertex 219.80076038253546 -115.86569396954414 0
endloop
endfacet
facet normal 0.7880112964529326 0.6156607805135622 0
outer loop
vertex 219.58612826772807 -115.59097689091404 1
vertex 219.80076038253546 -115.86569396954414 0
vertex 219.5861282677281 -115.59097689091408 0
endloop
endfacet
facet normal 0.6691320950136627 0.7431434850838878 0
outer loop
vertex 219.32705303854817 -115.35770356705827 1
vertex 219.58612826772807 -115.59097689091404 1
vertex 219.5861282677281 -115.59097689091408 0
endloop
endfacet
facet normal 0.6691320950136627 0.7431434850838878 0
outer loop
vertex 219.32705303854817 -115.35770356705827 1
vertex 219.5861282677281 -115.59097689091408 0
vertex 219.32705303854814 -115.35770356705825 0
endloop
endfacet
facet normal 0.5299219140756772 0.8480464403453212 0
outer loop
vertex 219.03140646383162 -115.172961799025 1
vertex 219.32705303854817 -115.35770356705827 1
vertex 219.32705303854814 -115.35770356705825 0
endloop
endfacet
facet normal 0.5299219140756772 0.8480464403453212 0
outer loop
vertex 219.03140646383162 -115.172961799025 1
vertex 219.32705303854814 -115.35770356705825 0
vertex 219.0314064638316 -115.17296179902499 0
endloop
endfacet
facet normal 0.37461053032379604 0.927182263943031 0
outer loop
vertex 218.70817149999993 -115.04236479999999 1
vertex 219.03140646383162 -115.172961799025 1
vertex 219.0314064638316 -115.17296179902499 0
endloop
endfacet
facet normal 0.37461053032379604 0.927182263943031 0
outer loop
vertex 218.70817149999993 -115.04236479999999 1
vertex 219.0314064638316 -115.17296179902499 0
vertex 218.70817149999996 -115.0423648 0
endloop
endfacet
facet normal 0.29237767209545507 0.9563029315337492 0
outer loop
vertex 217.73551000000003 -114.74498570000002 1
vertex 218.70817149999993 -115.04236479999999 1
vertex 218.70817149999996 -115.0423648 0
endloop
endfacet
facet normal 0.29237767209545507 0.9563029315337492 0
outer loop
vertex 217.73551000000003 -114.74498570000002 1
vertex 218.70817149999996 -115.0423648 0
vertex 217.73551000000015 -114.74498570000006 0
endloop
endfacet
facet normal 0.37056287028131135 0.9288073853974654 0
outer loop
vertex 217.4278573260797 -114.62224264294642 1
vertex 217.73551000000003 -114.74498570000002 1
vertex 217.73551000000015 -114.74498570000006 0
endloop
endfacet
facet normal 0.37056287028131135 0.9288073853974654 0
outer loop
vertex 217.4278573260797 -114.62224264294642 1
vertex 217.73551000000015 -114.74498570000006 0
vertex 217.42785732607976 -114.62224264294645 0
endloop
endfacet
facet normal 0.5187715162054208 0.8549129277148222 0
outer loop
vertex 217.14468191885877 -114.45040837703027 1
vertex 217.4278573260797 -114.62224264294642 1
vertex 217.42785732607976 -114.62224264294645 0
endloop
endfacet
facet normal 0.5187715162054208 0.8549129277148222 0
outer loop
vertex 217.14468191885877 -114.45040837703027 1
vertex 217.42785732607976 -114.62224264294645 0
vertex 217.14468191885885 -114.45040837703031 0
endloop
endfacet
facet normal 0.6527582883212989 0.7575662459665479 0
outer loop
vertex 216.89375094888027 -114.23419326538551 1
vertex 217.14468191885877 -114.45040837703027 1
vertex 217.14468191885885 -114.45040837703031 0
endloop
endfacet
facet normal 0.6527582883212989 0.7575662459665479 0
outer loop
vertex 216.89375094888027 -114.23419326538551 1
vertex 217.14468191885885 -114.45040837703031 0
vertex 216.8937509488803 -114.23419326538549 0
endloop
endfacet
facet normal 0.7688406633043909 0.6394404072700319 0
outer loop
vertex 216.6819471594508 -113.97952783588822 1
vertex 216.89375094888027 -114.23419326538551 1
vertex 216.8937509488803 -114.23419326538549 0
endloop
endfacet
facet normal 0.7688406633043909 0.6394404072700319 0
outer loop
vertex 216.6819471594508 -113.97952783588822 1
vertex 216.8937509488803 -114.23419326538549 0
vertex 216.68194715945071 -113.97952783588809 0
endloop
endfacet
facet normal 0.8638346372452641 0.5037754653566836 0
outer loop
vertex 216.51508008103178 -113.6933972637052 1
vertex 216.6819471594508 -113.97952783588822 1
vertex 216.68194715945071 -113.97952783588809 0
endloop
endfacet
facet normal 0.8638346372452641 0.5037754653566836 0
outer loop
vertex 216.51508008103178 -113.6933972637052 1
vertex 216.68194715945071 -113.97952783588809 0
vertex 216.51508008103178 -113.6933972637052 0
endloop
endfacet
facet normal 0.935134636434617 0.3542925510652134 0
outer loop
vertex 216.39772668260858 -113.38364977610235 1
vertex 216.51508008103178 -113.6933972637052 1
vertex 216.51508008103178 -113.6933972637052 0
endloop
endfacet
facet normal 0.935134636434617 0.3542925510652134 0
outer loop
vertex 216.39772668260858 -113.38364977610235 1
vertex 216.51508008103178 -113.6933972637052 0
vertex 216.39772668260855 -113.38364977610223 0
endloop
endfacet
facet normal 0.9807849852051067 0.19509180607144605 0
outer loop
vertex 216.3331058307782 -113.0587813847402 1
vertex 216.39772668260858 -113.38364977610235 1
vertex 216.39772668260855 -113.38364977610223 0
endloop
endfacet
facet normal 0.9807849852051067 0.19509180607144605 0
outer loop
vertex 216.3331058307782 -113.0587813847402 1
vertex 216.39772668260855 -113.38364977610223 0
vertex 216.33310583077818 -113.05878138473994 0
endloop
endfacet
facet normal 0.9995335478301866 0.03053992079230737 0
outer loop
vertex 216.32298999999998 -112.72770284999962 1
vertex 216.3331058307782 -113.0587813847402 1
vertex 216.33310583077818 -113.05878138473994 0
endloop
endfacet
facet normal 0.9995335478301866 0.03053992079230737 0
outer loop
vertex 216.32298999999998 -112.72770284999962 1
vertex 216.33310583077818 -113.05878138473994 0
vertex 216.32298999999998 -112.72770284999956 0
endloop
endfacet
facet normal 0 0 -1
outer loop
vertex 219.6112173 -49.98467259999958 1
vertex 219.21030927728242 -57.63444309999994 1
vertex 219.20879877407702 -57.6632651793946 1
endloop
endfacet
facet normal 0 0 -1
outer loop
vertex 219.6112173 -49.98467259999958 1
vertex 219.20879877407702 -57.6632651793946 1
vertex 219.20432531225165 -57.748623801236896 1
endloop
endfacet
facet normal 0 0 -1
outer loop
vertex 219.6112173 -49.98467259999958 1
vertex 219.20432531225165 -57.748623801236896 1
vertex 219.1970608044366 -57.887238681537546 1
endloop
endfacet
facet normal 0 0 -1
outer loop
vertex 219.6112173 -49.98467259999958 1
vertex 219.1970608044366 -57.887238681537546 1
vertex 219.18728442159113 -58.0737829282232 1
endloop
endfacet
facet normal 0 0 -1
outer loop
vertex 219.6112173 -49.98467259999958 1
vertex 219.18728442159113 -58.0737829282232 1
vertex 219.17537186462712 -58.30108775047398 1
endloop
endfacet
facet normal 0 0 -1
outer loop
vertex 219.6112173 -49.98467259999958 1
vertex 219.17537186462712 -58.30108775047398 1
vertex 219.161780926428 -58.56041795144704 1
endloop
endfacet
facet normal 0 0 -1
outer loop
vertex 219.6112173 -49.98467259999958 1
vertex 219.161780926428 -58.56041795144704 1
vertex 219.1470338991255 -58.841807616978514 1
endloop
endfacet
facet normal 0 0 -1
outer loop
vertex 219.6112173 -49.98467259999958 1
vertex 219.1470338991255 -58.841807616978514 1
vertex 219.13169750271007 -59.13444309999994 1
endloop
endfacet
facet normal 0 0 -1
outer loop
vertex 219.6112173 -49.98467259999958 1
vertex 219.13169750271007 -59.13444309999994 1
vertex 219.11636110629453 -59.42707858302285 1
endloop
endfacet
facet normal 0 0 -1
outer loop
vertex 219.6112173 -49.98467259999958 1
vertex 219.11636110629453 -59.42707858302285 1
vertex 219.1016140789924 -59.708468248547106 1
endloop
endfacet
facet normal 0 0 -1
outer loop
vertex 219.6112173 -49.98467259999958 1
vertex 219.1016140789924 -59.708468248547106 1
vertex 219.08802314079247 -59.96779844953546 1
endloop
endfacet
facet normal 0 0 -1
outer loop
vertex 219.6112173 -49.98467259999958 1
vertex 219.08802314079247 -59.96779844953546 1
vertex 219.07611058382952 -60.195103271766655 1
endloop
endfacet
facet normal 0 0 -1
outer loop
vertex 219.6112173 -49.98467259999958 1
vertex 219.07611058382952 -60.195103271766655 1
vertex 219.06633420098353 -60.38164751846209 1
endloop
endfacet
facet normal 0 0 -1
outer loop
vertex 219.6112173 -49.98467259999958 1
vertex 219.06633420098353 -60.38164751846209 1
vertex 219.0590696931683 -60.52026239876592 1
endloop
endfacet
facet normal 0 0 -1
outer loop
vertex 219.6112173 -49.98467259999958 1
vertex 219.0590696931683 -60.52026239876592 1
vertex 219.0545962313431 -60.60562102060471 1
endloop
endfacet
facet normal 0 0 -1
outer loop
vertex 219.6112173 -49.98467259999958 1
vertex 219.0545962313431 -60.60562102060471 1
vertex 219.0530857281377 -60.63444309999999 1
endloop
endfacet
facet normal 0 0 -1
outer loop
vertex 219.6112173 -49.98467259999958 1
vertex 219.0530857281377 -60.63444309999999 1
vertex 219.05078014960517 -60.67843610000034 1
endloop
endfacet
facet normal 0 0 -1
outer loop
vertex 219.6112173 -49.98467259999958 1
vertex 219.05078014960517 -60.67843610000034 1
vertex 219.04926964639978 -60.70725817939493 1
endloop
endfacet
facet normal 0 0 -1
outer loop
vertex 219.6112173 -49.98467259999958 1
vertex 219.04926964639978 -60.70725817939493 1
vertex 219.0447961845745 -60.79261680123564 1
endloop
endfacet
facet normal 0 0 -1
outer loop
vertex 219.6112173 -49.98467259999958 1
vertex 219.0447961845745 -60.79261680123564 1
vertex 219.03753167675904 -60.93123168154379 1
endloop
endfacet
facet normal 0 0 -1
outer loop
vertex 219.6112173 -49.98467259999958 1
vertex 219.03753167675904 -60.93123168154379 1
vertex 219.02775529391397 -61.117775928221775 1
endloop
endfacet
facet normal 0 0 -1
outer loop
vertex 219.6112173 -49.98467259999958 1
vertex 219.02775529391397 -61.117775928221775 1
vertex 219.01584273695048 -61.3450807504628 1
endloop
endfacet
facet normal 0 0 -1
outer loop
vertex 219.6112173 -49.98467259999958 1
vertex 219.01584273695048 -61.3450807504628 1
vertex 219.00225179875034 -61.60441095145513 1
endloop
endfacet
facet normal 0 0 -1
outer loop
vertex 219.6112173 -49.98467259999958 1
vertex 219.00225179875034 -61.60441095145513 1
vertex 218.9875047714481 -61.885800616981555 1
endloop
endfacet
facet normal 0 0 -1
outer loop
vertex 219.6112173 -49.98467259999958 1
vertex 218.9875047714481 -61.885800616981555 1
vertex 218.9721683750332 -62.178436099992894 1
endloop
endfacet
facet normal 0 0 -1
outer loop
vertex 219.6112173 -49.98467259999958 1
vertex 218.9721683750332 -62.178436099992894 1
vertex 218.9568319786169 -62.471071583030785 1
endloop
endfacet
facet normal 0 0 -1
outer loop
vertex 219.6112173 -49.98467259999958 1
vertex 218.9568319786169 -62.471071583030785 1
vertex 218.94208495131573 -62.75246124853637 1
endloop
endfacet
facet normal 0 0 -1
outer loop
vertex 219.6112173 -49.98467259999958 1
vertex 218.94208495131573 -62.75246124853637 1
vertex 218.92849401311565 -63.01179144952785 1
endloop
endfacet
facet normal 0 0 -1
outer loop
vertex 219.6112173 -49.98467259999958 1
vertex 218.92849401311565 -63.01179144952785 1
vertex 218.91658145615133 -63.23909627178445 1
endloop
endfacet
facet normal 0 0 -1
outer loop
vertex 219.6112173 -49.98467259999958 1
vertex 218.91658145615133 -63.23909627178445 1
vertex 218.90680507330637 -63.425640518460234 1
endloop
endfacet
facet normal 0 0 -1
outer loop
vertex 219.6112173 -49.98467259999958 1
vertex 218.90680507330637 -63.425640518460234 1
vertex 218.8995405654911 -63.56425539876553 1
endloop
endfacet
facet normal 0 0 -1
outer loop
vertex 219.6112173 -49.98467259999958 1
vertex 218.8995405654911 -63.56425539876553 1
vertex 218.89506710366587 -63.6496140206046 1
endloop
endfacet
facet normal 0 0 -1
outer loop
vertex 219.6112173 -49.98467259999958 1
vertex 218.89506710366587 -63.6496140206046 1
vertex 218.89355660046044 -63.67843610000031 1
endloop
endfacet
facet normal 0 0 -1
outer loop
vertex 219.6112173 -49.98467259999958 1
vertex 218.89355660046044 -63.67843610000031 1
vertex 217.25012052237804 -95.03702239999978 1
endloop
endfacet
facet normal 0 0 -1
outer loop
vertex 219.6112173 -49.98467259999958 1
vertex 217.25012052237804 -95.03702239999978 1
vertex 217.24861001917267 -95.06584447939407 1
endloop
endfacet
facet normal 0 0 -1
outer loop
vertex 219.6112173 -49.98467259999958 1
vertex 217.24861001917267 -95.06584447939407 1
vertex 217.24413655734733 -95.15120310123544 1
endloop
endfacet
facet normal 0 0 -1
outer loop
vertex 219.6112173 -49.98467259999958 1
vertex 217.24413655734733 -95.15120310123544 1
vertex 217.23687204953225 -95.28981798153683 1
endloop
endfacet
facet normal 0 0 -1
outer loop
vertex 219.6112173 -49.98467259999958 1
vertex 217.23687204953225 -95.28981798153683 1
vertex 217.22709566668635 -95.4763622282303 1
endloop
endfacet
facet normal 0 0 -1
outer loop
vertex 219.6112173 -49.98467259999958 1
vertex 217.22709566668635 -95.4763622282303 1
vertex 217.2151831097224 -95.70366705048023 1
endloop
endfacet
facet normal 0 0 -1
outer loop
vertex 219.6112173 -49.98467259999958 1
vertex 217.2151831097224 -95.70366705048023 1
vertex 217.20159217152383 -95.96299725144303 1
endloop
endfacet
facet normal 0 0 -1
outer loop
vertex 219.6112173 -49.98467259999958 1
vertex 217.20159217152383 -95.96299725144303 1
vertex 217.18684514422137 -96.24438691697327 1
endloop
endfacet
facet normal 0 0 -1
outer loop
vertex 219.6112173 -49.98467259999958 1
vertex 217.18684514422137 -96.24438691697327 1
vertex 217.17150874780592 -96.53702239999528 1
endloop
endfacet
facet normal 0 0 -1
outer loop
vertex 219.6112173 -49.98467259999958 1
vertex 217.17150874780592 -96.53702239999528 1
vertex 217.15617235139032 -96.82965788301927 1
endloop
endfacet
facet normal 0 0 -1
outer loop
vertex 219.6112173 -49.98467259999958 1
vertex 217.15617235139032 -96.82965788301927 1
vertex 217.14142532408792 -97.11104754854911 1
endloop
endfacet
facet normal 0 0 -1
outer loop
vertex 219.6112173 -49.98467259999958 1
vertex 217.14142532408792 -97.11104754854911 1
vertex 217.12783438588863 -97.37037774952499 1
endloop
endfacet
facet normal 0 0 -1
outer loop
vertex 219.6112173 -49.98467259999958 1
vertex 217.12783438588863 -97.37037774952499 1
vertex 217.11592182892457 -97.59768257177731 1
endloop
endfacet
facet normal 0 0 -1
outer loop
vertex 219.6112173 -49.98467259999958 1
vertex 217.11592182892457 -97.59768257177731 1
vertex 217.1061454460796 -97.78422681845281 1
endloop
endfacet
facet normal 0 0 -1
outer loop
vertex 219.6112173 -49.98467259999958 1
vertex 217.1061454460796 -97.78422681845281 1
vertex 217.0988809382637 -97.92284169876986 1
endloop
endfacet
facet normal 0 0 -1
outer loop
vertex 219.6112173 -49.98467259999958 1
vertex 217.0988809382637 -97.92284169876986 1
vertex 217.09440747643873 -98.00820032060446 1
endloop
endfacet
facet normal 0 0 -1
outer loop
vertex 219.6112173 -49.98467259999958 1
vertex 217.09440747643873 -98.00820032060446 1
vertex 217.0928969732333 -98.0370224 1
endloop
endfacet
facet normal 0 0 -1
outer loop
vertex 219.6112173 -49.98467259999958 1
vertex 217.0928969732333 -98.0370224 1
vertex 216.95906854499978 -100.59061749999984 1
endloop
endfacet
facet normal 0 0 -1
outer loop
vertex 219.6112173 -49.98467259999958 1
vertex 216.95906854499978 -100.59061749999984 1
vertex 216.95755804179447 -100.61943957939303 1
endloop
endfacet
facet normal 0 0 -1
outer loop
vertex 219.6112173 -49.98467259999958 1
vertex 216.95755804179447 -100.61943957939303 1
vertex 216.95308457996907 -100.70479820123535 1
endloop
endfacet
facet normal 0 0 -1
outer loop
vertex 219.6112173 -49.98467259999958 1
vertex 216.95308457996907 -100.70479820123535 1
vertex 216.94582007215337 -100.84341308154849 1
endloop
endfacet
facet normal 0 0 -1
outer loop
vertex 219.6112173 -49.98467259999958 1
vertex 216.94582007215337 -100.84341308154849 1
vertex 216.93604368930943 -101.02995732820484 1
endloop
endfacet
facet normal 0 0 -1
outer loop
vertex 219.6112173 -49.98467259999958 1
vertex 216.93604368930943 -101.02995732820484 1
vertex 216.9241311323444 -101.25726215047533 1
endloop
endfacet
facet normal 0 0 -1
outer loop
vertex 219.6112173 -49.98467259999958 1
vertex 216.9241311323444 -101.25726215047533 1
vertex 216.91054019414463 -101.51659235146053 1
endloop
endfacet
facet normal 0 0 -1
outer loop
vertex 219.6112173 -49.98467259999958 1
vertex 216.91054019414463 -101.51659235146053 1
vertex 216.89579316684274 -101.79798201698068 1
endloop
endfacet
facet normal 0 0 -1
outer loop
vertex 219.6112173 -49.98467259999958 1
vertex 216.89579316684274 -101.79798201698068 1
vertex 216.88045677042814 -102.09061749998668 1
endloop
endfacet
facet normal 0 0 -1
outer loop
vertex 219.6112173 -49.98467259999958 1
vertex 216.88045677042814 -102.09061749998668 1
vertex 216.8651203740117 -102.38325298302726 1
endloop
endfacet
facet normal 0 0 -1
outer loop
vertex 219.6112173 -49.98467259999958 1
vertex 216.8651203740117 -102.38325298302726 1
vertex 216.85037334670966 -102.66464264854983 1
endloop
endfacet
facet normal 0 0 -1
outer loop
vertex 219.6112173 -49.98467259999958 1
vertex 216.85037334670966 -102.66464264854983 1
vertex 216.8367824085104 -102.92397284952483 1
endloop
endfacet
facet normal 0 0 -1
outer loop
vertex 219.6112173 -49.98467259999958 1
vertex 216.8367824085104 -102.92397284952483 1
vertex 216.82486985154603 -103.15127767178284 1
endloop
endfacet
facet normal 0 0 -1
outer loop
vertex 219.6112173 -49.98467259999958 1
vertex 216.82486985154603 -103.15127767178284 1
vertex 216.8150934687014 -103.33782191845219 1
endloop
endfacet
facet normal 0 0 -1
outer loop
vertex 219.6112173 -49.98467259999958 1
vertex 216.8150934687014 -103.33782191845219 1
vertex 216.80782896088576 -103.47643679876457 1
endloop
endfacet
facet normal 0 0 -1
outer loop
vertex 219.6112173 -49.98467259999958 1
vertex 216.80782896088576 -103.47643679876457 1
vertex 216.80335549906053 -103.56179542060369 1
endloop
endfacet
facet normal 0 0 -1
outer loop
vertex 219.6112173 -49.98467259999958 1
vertex 216.80335549906053 -103.56179542060369 1
vertex 216.80184499585505 -103.59061750000004 1
endloop
endfacet
facet normal 0 0 -1
outer loop
vertex 219.6112173 -49.98467259999958 1
vertex 216.80184499585505 -103.59061750000004 1
vertex 216.7858225038057 -103.89634444999963 1
endloop
endfacet
facet normal 0 0 -1
outer loop
vertex 219.6112173 -49.98467259999958 1
vertex 216.7858225038057 -103.89634444999963 1
vertex 216.7814729116982 -103.97933949999964 1
endloop
endfacet
facet normal 0 0 -1
outer loop
vertex 219.6112173 -49.98467259999958 1
vertex 216.7814729116982 -103.97933949999964 1
vertex 216.77996240849288 -104.00816157939302 1
endloop
endfacet
facet normal 0 0 -1
outer loop
vertex 219.6112173 -49.98467259999958 1
vertex 216.77996240849288 -104.00816157939302 1
vertex 216.77548894666748 -104.09352020123573 1
endloop
endfacet
facet normal 0 0 -1
outer loop
vertex 219.6112173 -49.98467259999958 1
vertex 216.77548894666748 -104.09352020123573 1
vertex 216.76822443885172 -104.23213508154969 1
endloop
endfacet
facet normal 0 0 -1
outer loop
vertex 219.6112173 -49.98467259999958 1
vertex 216.76822443885172 -104.23213508154969 1
vertex 216.75844805600738 -104.4186793282135 1
endloop
endfacet
facet normal 0 0 -1
outer loop
vertex 219.6112173 -49.98467259999958 1
vertex 216.75844805600738 -104.4186793282135 1
vertex 216.74653549904392 -104.64598415045415 1
endloop
endfacet
facet normal 0 0 -1
outer loop
vertex 219.6112173 -49.98467259999958 1
vertex 216.74653549904392 -104.64598415045415 1
vertex 216.7329445608432 -104.90531435145735 1
endloop
endfacet
facet normal 0 0 -1
outer loop
vertex 219.6112173 -49.98467259999958 1
vertex 216.7329445608432 -104.90531435145735 1
vertex 216.71819753354046 -105.1867040169933 1
endloop
endfacet
facet normal 0 0 -1
outer loop
vertex 219.6112173 -49.98467259999958 1
vertex 216.71819753354046 -105.1867040169933 1
vertex 216.70286113712666 -105.47933949998352 1
endloop
endfacet
facet normal 0 0 -1
outer loop
vertex 219.6112173 -49.98467259999958 1
vertex 216.70286113712666 -105.47933949998352 1
vertex 216.68752474070968 -105.77197498303477 1
endloop
endfacet
facet normal 0 0 -1
outer loop
vertex 219.6112173 -49.98467259999958 1
vertex 216.68752474070968 -105.77197498303477 1
vertex 216.67277771340898 -106.05336464853161 1
endloop
endfacet
facet normal 0 0 -1
outer loop
vertex 219.6112173 -49.98467259999958 1
vertex 216.67277771340898 -106.05336464853161 1
vertex 216.65918677520895 -106.31269484952176 1
endloop
endfacet
facet normal 0 0 -1
outer loop
vertex 219.6112173 -49.98467259999958 1
vertex 216.65918677520895 -106.31269484952176 1
vertex 216.64727421824406 -106.53999967178954 1
endloop
endfacet
facet normal 0 0 -1
outer loop
vertex 219.6112173 -49.98467259999958 1
vertex 216.64727421824406 -106.53999967178954 1
vertex 216.63749783539936 -106.7265439184604 1
endloop
endfacet
facet normal 0 0 -1
outer loop
vertex 219.6112173 -49.98467259999958 1
vertex 216.63749783539936 -106.7265439184604 1
vertex 216.63023332758408 -106.86515879876526 1
endloop
endfacet
facet normal 0 0 -1
outer loop
vertex 219.6112173 -49.98467259999958 1
vertex 216.63023332758408 -106.86515879876526 1
vertex 216.62575986575897 -106.95051742060272 1
endloop
endfacet
facet normal 0 0 -1
outer loop
vertex 219.6112173 -49.98467259999958 1
vertex 216.62575986575897 -106.95051742060272 1
vertex 216.62424936255343 -106.97933949999994 1
endloop
endfacet
facet normal 0 0 -1
outer loop
vertex 219.6112173 -49.98467259999958 1
vertex 216.62424936255343 -106.97933949999994 1
vertex 216.32298999999998 -112.72770284999962 1
endloop
endfacet
facet normal 0 0 -1
outer loop
vertex 219.6112173 -49.98467259999958 1
vertex 216.32298999999998 -112.72770284999962 1
vertex 216.32298999999998 -112.72770284999956 0
endloop
endfacet
facet normal 0 0 -1
outer loop
vertex 219.6112173 -49.98467259999958 1
vertex 216.32298999999998 -112.72770284999956 0
vertex 216.62424936255346 -106.97933949999994 0
endloop
endfacet
facet normal 0 0 -1
outer loop
vertex 219.6112173 -49.98467259999958 1
vertex 216.62424936255346 -106.97933949999994 0
vertex 216.625759865759 -106.95051742060272 0
endloop
endfacet
facet normal 0 0 -1
outer loop
vertex 219.6112173 -49.98467259999958 1
vertex 216.625759865759 -106.95051742060272 0
vertex 216.6302333275841 -106.86515879876531 0
endloop
endfacet
facet normal 0 0 -1
outer loop
vertex 219.6112173 -49.98467259999958 1
vertex 216.6302333275841 -106.86515879876531 0
vertex 216.6374978353994 -106.72654391846034 0
endloop
endfacet
facet normal 0 0 -1
outer loop
vertex 219.6112173 -49.98467259999958 1
vertex 216.6374978353994 -106.72654391846034 0
vertex 216.6472742182441 -106.53999967178959 0
endloop
endfacet
facet normal 0 0 -1
outer loop
vertex 219.6112173 -49.98467259999958 1
vertex 216.6472742182441 -106.53999967178959 0
vertex 216.65918677520898 -106.31269484952163 0
endloop
endfacet
facet normal 0 0 -1
outer loop
vertex 219.6112173 -49.98467259999958 1
vertex 216.65918677520898 -106.31269484952163 0
vertex 216.672777713409 -106.05336464853191 0
endloop
endfacet
facet normal 0 0 -1
outer loop
vertex 219.6112173 -49.98467259999958 1
vertex 216.672777713409 -106.05336464853191 0
vertex 216.68752474070965 -105.7719749830349 0
endloop
endfacet
facet normal 0 0 -1
outer loop
vertex 219.6112173 -49.98467259999958 1
vertex 216.68752474070965 -105.7719749830349 0
vertex 216.70286113712666 -105.47933949998375 0
endloop
endfacet
facet normal 0 0 -1
outer loop
vertex 219.6112173 -49.98467259999958 1
vertex 216.70286113712666 -105.47933949998375 0
vertex 216.71819753354046 -105.18670401699329 0
endloop
endfacet
facet normal 0 0 -1
outer loop
vertex 219.6112173 -49.98467259999958 1
vertex 216.71819753354046 -105.18670401699329 0
vertex 216.7329445608432 -104.90531435145722 0
endloop
endfacet
facet normal 0 0 -1
outer loop
vertex 219.6112173 -49.98467259999958 1
vertex 216.7329445608432 -104.90531435145722 0
vertex 216.74653549904392 -104.64598415045415 0
endloop
endfacet
facet normal 0 0 -1
outer loop
vertex 219.6112173 -49.98467259999958 1
vertex 216.74653549904392 -104.64598415045415 0
vertex 216.75844805600738 -104.41867932821354 0
endloop
endfacet
facet normal 0 0 -1
outer loop
vertex 219.6112173 -49.98467259999958 1
vertex 216.75844805600738 -104.41867932821354 0
vertex 216.76822443885172 -104.23213508154969 0
endloop
endfacet
facet normal 0 0 -1
outer loop
vertex 219.6112173 -49.98467259999958 1
vertex 216.76822443885172 -104.23213508154969 0
vertex 216.77548894666745 -104.09352020123573 0
endloop
endfacet
facet normal 0 0 -1
outer loop
vertex 219.6112173 -49.98467259999958 1
vertex 216.77548894666745 -104.09352020123573 0
vertex 216.77996240849285 -104.00816157939299 0
endloop
endfacet
facet normal 0 0 -1
outer loop
vertex 219.6112173 -49.98467259999958 1
vertex 216.77996240849285 -104.00816157939299 0
vertex 216.7814729116982 -103.97933949999963 0
endloop
endfacet
facet normal 0 0 -1
outer loop
vertex 219.6112173 -49.98467259999958 1
vertex 216.7814729116982 -103.97933949999963 0
vertex 216.78582250380566 -103.8963444499996 0
endloop
endfacet
facet normal 0 0 -1
outer loop
vertex 219.6112173 -49.98467259999958 1
vertex 216.78582250380566 -103.8963444499996 0
vertex 216.80184499585505 -103.59061750000002 0
endloop
endfacet
facet normal 0 0 -1
outer loop
vertex 219.6112173 -49.98467259999958 1
vertex 216.80184499585505 -103.59061750000002 0
vertex 216.8033554990605 -103.56179542060367 0
endloop
endfacet
facet normal 0 0 -1
outer loop
vertex 219.6112173 -49.98467259999958 1
vertex 216.8033554990605 -103.56179542060367 0
vertex 216.80782896088573 -103.4764367987646 0
endloop
endfacet
facet normal 0 0 -1
outer loop
vertex 219.6112173 -49.98467259999958 1
vertex 216.80782896088573 -103.4764367987646 0
vertex 216.8150934687014 -103.33782191845214 0
endloop
endfacet
facet normal 0 0 -1
outer loop
vertex 219.6112173 -49.98467259999958 1
vertex 216.8150934687014 -103.33782191845214 0
vertex 216.82486985154603 -103.15127767178288 0
endloop
endfacet
facet normal 0 0 -1
outer loop
vertex 219.6112173 -49.98467259999958 1
vertex 216.82486985154603 -103.15127767178288 0
vertex 216.8367824085104 -102.92397284952486 0
endloop
endfacet
facet normal 0 0 -1
outer loop
vertex 219.6112173 -49.98467259999958 1
vertex 216.8367824085104 -102.92397284952486 0
vertex 216.85037334670963 -102.66464264854982 0
endloop
endfacet
facet normal 0 0 -1
outer loop
vertex 219.6112173 -49.98467259999958 1
vertex 216.85037334670963 -102.66464264854982 0
vertex 216.86512037401167 -102.38325298302706 0
endloop
endfacet
facet normal 0 0 -1
outer loop
vertex 219.6112173 -49.98467259999958 1
vertex 216.86512037401167 -102.38325298302706 0
vertex 216.8804567704281 -102.09061749998658 0
endloop
endfacet
facet normal 0 0 -1
outer loop
vertex 219.6112173 -49.98467259999958 1
vertex 216.8804567704281 -102.09061749998658 0
vertex 216.89579316684274 -101.79798201698088 0
endloop
endfacet
facet normal 0 0 -1
outer loop
vertex 219.6112173 -49.98467259999958 1
vertex 216.89579316684274 -101.79798201698088 0
vertex 216.91054019414466 -101.51659235146039 0
endloop
endfacet
facet normal 0 0 -1
outer loop
vertex 219.6112173 -49.98467259999958 1
vertex 216.91054019414466 -101.51659235146039 0
vertex 216.92413113234443 -101.25726215047527 0
endloop
endfacet
facet normal 0 0 -1
outer loop
vertex 219.6112173 -49.98467259999958 1
vertex 216.92413113234443 -101.25726215047527 0
vertex 216.93604368930946 -101.02995732820487 0
endloop
endfacet
facet normal 0 0 -1
outer loop
vertex 219.6112173 -49.98467259999958 1
vertex 216.93604368930946 -101.02995732820487 0
vertex 216.94582007215342 -100.8434130815484 0
endloop
endfacet
facet normal 0 0 -1
outer loop
vertex 219.6112173 -49.98467259999958 1
vertex 216.94582007215342 -100.8434130815484 0
vertex 216.9530845799691 -100.70479820123536 0
endloop
endfacet
facet normal 0 0 -1
outer loop
vertex 219.6112173 -49.98467259999958 1
vertex 216.9530845799691 -100.70479820123536 0
vertex 216.9575580417945 -100.61943957939303 0
endloop
endfacet
facet normal 0 0 -1
outer loop
vertex 219.6112173 -49.98467259999958 1
vertex 216.9575580417945 -100.61943957939303 0
vertex 216.9590685449998 -100.59061749999982 0
endloop
endfacet
facet normal 0 0 -1
outer loop
vertex 219.6112173 -49.98467259999958 1
vertex 216.9590685449998 -100.59061749999982 0
vertex 217.0928969732333 -98.0370224 0
endloop
endfacet
facet normal 0 0 -1
outer loop
vertex 219.6112173 -49.98467259999958 1
vertex 217.0928969732333 -98.0370224 0
vertex 217.09440747643876 -98.00820032060446 0
endloop
endfacet
facet normal 0 0 -1
outer loop
vertex 219.6112173 -49.98467259999958 1
vertex 217.09440747643876 -98.00820032060446 0
vertex 217.09888093826373 -97.92284169876986 0
endloop
endfacet
facet normal 0 0 -1
outer loop
vertex 219.6112173 -49.98467259999958 1
vertex 217.09888093826373 -97.92284169876986 0
vertex 217.10614544607964 -97.7842268184528 0
endloop
endfacet
facet normal 0 0 -1
outer loop
vertex 219.6112173 -49.98467259999958 1
vertex 217.10614544607964 -97.7842268184528 0
vertex 217.1159218289246 -97.59768257177727 0
endloop
endfacet
facet normal 0 0 -1
outer loop
vertex 219.6112173 -49.98467259999958 1
vertex 217.1159218289246 -97.59768257177727 0
vertex 217.12783438588866 -97.37037774952496 0
endloop
endfacet
facet normal 0 0 -1
outer loop
vertex 219.6112173 -49.98467259999958 1
vertex 217.12783438588866 -97.37037774952496 0
vertex 217.14142532408795 -97.11104754854915 0
endloop
endfacet
facet normal 0 0 -1
outer loop
vertex 219.6112173 -49.98467259999958 1
vertex 217.14142532408795 -97.11104754854915 0
vertex 217.15617235139035 -96.82965788301915 0
endloop
endfacet
facet normal 0 0 -1
outer loop
vertex 219.6112173 -49.98467259999958 1
vertex 217.15617235139035 -96.82965788301915 0
vertex 217.17150874780592 -96.5370223999953 0
endloop
endfacet
facet normal 0 0 -1
outer loop
vertex 219.6112173 -49.98467259999958 1
vertex 217.17150874780592 -96.5370223999953 0
vertex 217.1868451442214 -96.24438691697327 0
endloop
endfacet
facet normal 0 0 -1
outer loop
vertex 219.6112173 -49.98467259999958 1
vertex 217.1868451442214 -96.24438691697327 0
vertex 217.20159217152383 -95.96299725144299 0
endloop
endfacet
facet normal 0 0 -1
outer loop
vertex 219.6112173 -49.98467259999958 1
vertex 217.20159217152383 -95.96299725144299 0
vertex 217.21518310972243 -95.70366705048033 0
endloop
endfacet
facet normal 0 0 -1
outer loop
vertex 219.6112173 -49.98467259999958 1
vertex 217.21518310972243 -95.70366705048033 0
vertex 217.22709566668638 -95.4763622282303 0
endloop
endfacet
facet normal 0 0 -1
outer loop
vertex 219.6112173 -49.98467259999958 1
vertex 217.22709566668638 -95.4763622282303 0
vertex 217.23687204953225 -95.28981798153684 0
endloop
endfacet
facet normal 0 0 -1
outer loop
vertex 219.6112173 -49.98467259999958 1
vertex 217.23687204953225 -95.28981798153684 0
vertex 217.24413655734736 -95.15120310123544 0
endloop
endfacet
facet normal 0 0 -1
outer loop
vertex 219.6112173 -49.98467259999958 1
vertex 217.24413655734736 -95.15120310123544 0
vertex 217.24861001917267 -95.06584447939407 0
endloop
endfacet
facet normal 0 0 -1
outer loop
vertex 219.6112173 -49.98467259999958 1
vertex 217.24861001917267 -95.06584447939407 0
vertex 217.25012052237804 -95.0370223999998 0
endloop
endfacet
facet normal 0 0 -1
outer loop
vertex 219.6112173 -49.98467259999958 1
vertex 217.25012052237804 -95.0370223999998 0
vertex 218.89355660046044 -63.67843610000031 0
endloop
endfacet
facet normal 0 0 -1
outer loop
vertex 219.6112173 -49.98467259999958 1
vertex 218.89355660046044 -63.67843610000031 0
vertex 218.8950671036659 -63.64961402060461 0
endloop
endfacet
facet normal 0 0 -1
outer loop
vertex 219.6112173 -49.98467259999958 1
vertex 218.8950671036659 -63.64961402060461 0
vertex 218.8995405654911 -63.564255398765525 0
endloop
endfacet
facet normal 0 0 -1
outer loop
vertex 219.6112173 -49.98467259999958 1
vertex 218.8995405654911 -63.564255398765525 0
vertex 218.90680507330637 -63.42564051846024 0
endloop
endfacet
facet normal 0 0 -1
outer loop
vertex 219.6112173 -49.98467259999958 1
vertex 218.90680507330637 -63.42564051846024 0
vertex 218.91658145615136 -63.23909627178439 0
endloop
endfacet
facet normal 0 0 -1
outer loop
vertex 219.6112173 -49.98467259999958 1
vertex 218.91658145615136 -63.23909627178439 0
vertex 218.92849401311565 -63.011791449527806 0
endloop
endfacet
facet normal 0 0 -1
outer loop
vertex 219.6112173 -49.98467259999958 1
vertex 218.92849401311565 -63.011791449527806 0
vertex 218.94208495131573 -62.752461248536534 0
endloop
endfacet
facet normal 0 0 -1
outer loop
vertex 219.6112173 -49.98467259999958 1
vertex 218.94208495131573 -62.752461248536534 0
vertex 218.95683197861692 -62.47107158303051 0
endloop
endfacet
facet normal 0 0 -1
outer loop
vertex 219.6112173 -49.98467259999958 1
vertex 218.95683197861692 -62.47107158303051 0
vertex 218.9721683750332 -62.17843609999281 0
endloop
endfacet
facet normal 0 0 -1
outer loop
vertex 219.6112173 -49.98467259999958 1
vertex 218.9721683750332 -62.17843609999281 0
vertex 218.9875047714481 -61.88580061698172 0
endloop
endfacet
facet normal 0 0 -1
outer loop
vertex 219.6112173 -49.98467259999958 1
vertex 218.9875047714481 -61.88580061698172 0
vertex 219.00225179875034 -61.60441095145495 0
endloop
endfacet
facet normal 0 0 -1
outer loop
vertex 219.6112173 -49.98467259999958 1
vertex 219.00225179875034 -61.60441095145495 0
vertex 219.01584273695048 -61.34508075046286 0
endloop
endfacet
facet normal 0 0 -1
outer loop
vertex 219.6112173 -49.98467259999958 1
vertex 219.01584273695048 -61.34508075046286 0
vertex 219.02775529391397 -61.11777592822167 0
endloop
endfacet
facet normal 0 0 -1
outer loop
vertex 219.6112173 -49.98467259999958 1
vertex 219.02775529391397 -61.11777592822167 0
vertex 219.03753167675904 -60.93123168154379 0
endloop
endfacet
facet normal 0 0 -1
outer loop
vertex 219.6112173 -49.98467259999958 1
vertex 219.03753167675904 -60.93123168154379 0
vertex 219.04479618457447 -60.79261680123566 0
endloop
endfacet
facet normal 0 0 -1
outer loop
vertex 219.6112173 -49.98467259999958 1
vertex 219.04479618457447 -60.79261680123566 0
vertex 219.04926964639978 -60.70725817939494 0
endloop
endfacet
facet normal 0 0 -1
outer loop
vertex 219.6112173 -49.98467259999958 1
vertex 219.04926964639978 -60.70725817939494 0
vertex 219.05078014960517 -60.67843610000034 0
endloop
endfacet
facet normal 0 0 -1
outer loop
vertex 219.6112173 -49.98467259999958 1
vertex 219.05078014960517 -60.67843610000034 0
vertex 219.0530857281377 -60.63444309999999 0
endloop
endfacet
facet normal 0 0 -1
outer loop
vertex 219.6112173 -49.98467259999958 1
vertex 219.0530857281377 -60.63444309999999 0
vertex 219.0545962313431 -60.60562102060471 0
endloop
endfacet
facet normal 0 0 -1
outer loop
vertex 219.6112173 -49.98467259999958 1
vertex 219.0545962313431 -60.60562102060471 0
vertex 219.0590696931683 -60.52026239876594 0
endloop
endfacet
facet normal 0 0 -1
outer loop
vertex 219.6112173 -49.98467259999958 1
vertex 219.0590696931683 -60.52026239876594 0
vertex 219.06633420098353 -60.381647518462074 0
endloop
endfacet
facet normal 0 0 -1
outer loop
vertex 219.6112173 -49.98467259999958 1
vertex 219.06633420098353 -60.381647518462074 0
vertex 219.07611058382952 -60.19510327176668 0
endloop
endfacet
facet normal 0 0 -1
outer loop
vertex 219.6112173 -49.98467259999958 1
vertex 219.07611058382952 -60.19510327176668 0
vertex 219.08802314079247 -59.96779844953546 0
endloop
endfacet
facet normal 0 0 -1
outer loop
vertex 219.6112173 -49.98467259999958 1
vertex 219.08802314079247 -59.96779844953546 0
vertex 219.1016140789924 -59.70846824854701 0
endloop
endfacet
facet normal 0 0 -1
outer loop
vertex 219.6112173 -49.98467259999958 1
vertex 219.1016140789924 -59.70846824854701 0
vertex 219.11636110629453 -59.427078583022954 0
endloop
endfacet
facet normal 0 0 -1
outer loop
vertex 219.6112173 -49.98467259999958 1
vertex 219.11636110629453 -59.427078583022954 0
vertex 219.13169750271004 -59.13444309999996 0
endloop
endfacet
facet normal 0 0 -1
outer loop
vertex 219.6112173 -49.98467259999958 1
vertex 219.13169750271004 -59.13444309999996 0
vertex 219.1470338991255 -58.841807616978514 0
endloop
endfacet
facet normal 0 0 -1
outer loop
vertex 219.6112173 -49.98467259999958 1
vertex 219.1470338991255 -58.841807616978514 0
vertex 219.161780926428 -58.56041795144699 0
endloop
endfacet
facet normal 0 0 -1
outer loop
vertex 219.6112173 -49.98467259999958 1
vertex 219.161780926428 -58.56041795144699 0
vertex 219.17537186462712 -58.301087750474 0
endloop
endfacet
facet normal 0 0 -1
outer loop
vertex 219.6112173 -49.98467259999958 1
vertex 219.17537186462712 -58.301087750474 0
vertex 219.18728442159113 -58.07378292822322 0
endloop
endfacet
facet normal 0 0 -1
outer loop
vertex 219.6112173 -49.98467259999958 1
vertex 219.18728442159113 -58.07378292822322 0
vertex 219.1970608044366 -57.88723868153755 0
endloop
endfacet
facet normal 0 0 -1
outer loop
vertex 219.6112173 -49.98467259999958 1
vertex 219.1970608044366 -57.88723868153755 0
vertex 219.20432531225165 -57.74862380123691 0
endloop
endfacet
facet normal 0 0 -1
outer loop
vertex 219.6112173 -49.98467259999958 1
vertex 219.20432531225165 -57.74862380123691 0
vertex 219.20879877407702 -57.6632651793946 0
endloop
endfacet
facet normal 0 0 -1
outer loop
vertex 219.6112173 -49.98467259999958 1
vertex 219.20879877407702 -57.6632651793946 0
vertex 219.21030927728242 -57.63444309999995 0
endloop
endfacet
facet normal 0 0 -1
outer loop
vertex 219.6112173 -49.98467259999958 1
vertex 219.21030927728242 -57.63444309999995 0
vertex 219.61121729999996 -49.9846725999998 0
endloop
endfacet
facet normal 0.9996571335304407 0.02618425828055137 0
outer loop
vertex 219.60299981437765 -49.67094715343348 1
vertex 219.6112173 -49.98467259999958 1
vertex 219.61121729999996 -49.9846725999998 0
endloop
endfacet
facet normal 0.9996571335304407 0.02618425828055137 0
outer loop
vertex 219.60299981437765 -49.67094715343348 1
vertex 219.61121729999996 -49.9846725999998 0
vertex 219.6029998143776 -49.670947153433296 0
endloop
endfacet
facet normal 0.9832557252883127 0.18223111339108367 0
outer loop
vertex 219.54580901175552 -49.362365467981334 1
vertex 219.60299981437765 -49.67094715343348 1
vertex 219.6029998143776 -49.670947153433296 0
endloop
endfacet
facet normal 0.9832557252883127 0.18223111339108367 0
outer loop
vertex 219.54580901175552 -49.362365467981334 1
vertex 219.6029998143776 -49.670947153433296 0
vertex 219.54580901175547 -49.36236546798111 0
endloop
endfacet
facet normal 0.9426429438068447 0.33380275686573646 0
outer loop
vertex 219.44104947191957 -49.066529561921 1
vertex 219.54580901175552 -49.362365467981334 1
vertex 219.54580901175547 -49.36236546798111 0
endloop
endfacet
facet normal 0.9426429438068447 0.33380275686573646 0
outer loop
vertex 219.44104947191957 -49.066529561921 1
vertex 219.54580901175547 -49.36236546798111 0
vertex 219.44104947191963 -49.06652956192111 0
endloop
endfacet
facet normal 0.8788191247078517 0.4771550545134415 0
outer loop
vertex 219.29130072685066 -48.790723909601624 1
vertex 219.44104947191957 -49.066529561921 1
vertex 219.44104947191963 -49.06652956192111 0
endloop
endfacet
facet normal 0.8788191247078517 0.4771550545134415 0
outer loop
vertex 219.29130072685066 -48.790723909601624 1
vertex 219.44104947191963 -49.06652956192111 0
vertex 219.2913007268506 -48.790723909601546 0
endloop
endfacet
facet normal 0.7933558249373648 0.6087581909411598 0
outer loop
vertex 219.10025009397657 -48.54173977320046 1
vertex 219.29130072685066 -48.790723909601624 1
vertex 219.2913007268506 -48.790723909601546 0
endloop
endfacet
facet normal 0.7933558249373648 0.6087581909411598 0
outer loop
vertex 219.10025009397657 -48.54173977320046 1
vertex 219.2913007268506 -48.790723909601546 0
vertex 219.10025009397657 -48.54173977320045 0
endloop
endfacet
facet normal 0 0 1
outer loop
vertex 218.87260188202364 -48.3257079790224 1
vertex 218.9321069749121 -48.382176650000076 1
vertex 219.10025009397657 -48.54173977320046 1
endloop
endfacet
facet normal 0 0 1
outer loop
vertex 218.87260188202364 -48.3257079790224 1
vertex 219.10025009397657 -48.54173977320046 1
vertex 219.10025009397657 -48.54173977320045 0
endloop
endfacet
facet normal 0 0 1
outer loop
vertex 218.87260188202364 -48.3257079790224 1
vertex 219.10025009397657 -48.54173977320045 0
vertex 218.93210697491205 -48.38217665000001 0
endloop
endfacet
facet normal 0 0 1
outer loop
vertex 218.87260188202364 -48.3257079790224 1
vertex 218.93210697491205 -48.38217665000001 0
vertex 218.8726018820236 -48.32570797902234 0
endloop
endfacet
facet normal 0 0 -1
outer loop
vertex 218.61396155512463 -48.14794795595034 1
vertex 218.80766284741122 -48.28107625268109 1
vertex 218.87260188202364 -48.3257079790224 1
endloop
endfacet
facet normal 0 0 -1
outer loop
vertex 218.61396155512463 -48.14794795595034 1
vertex 218.87260188202364 -48.3257079790224 1
vertex 218.8726018820236 -48.32570797902234 0
endloop
endfacet
facet normal 0 0 -1
outer loop
vertex 218.61396155512463 -48.14794795595034 1
vertex 218.8726018820236 -48.32570797902234 0
vertex 218.80766284741125 -48.2810762526811 0
endloop
endfacet
facet normal 0 0 -1
outer loop
vertex 218.61396155512463 -48.14794795595034 1
vertex 218.80766284741125 -48.2810762526811 0
vertex 218.61396155512477 -48.14794795595042 0
endloop
endfacet
facet normal 0 0 -1
outer loop
vertex 218.3306977074501 -48.01283675322585 1
vertex 218.5837944931243 -48.133558869369075 1
vertex 218.61396155512463 -48.14794795595034 1
endloop
endfacet
facet normal 0 0 -1
outer loop
vertex 218.3306977074501 -48.01283675322585 1
vertex 218.61396155512463 -48.14794795595034 1
vertex 218.61396155512477 -48.14794795595042 0
endloop
endfacet
facet normal 0 0 -1
outer loop
vertex 218.3306977074501 -48.01283675322585 1
vertex 218.61396155512477 -48.14794795595042 0
vertex 218.58379449312417 -48.13355886936903 0
endloop
endfacet
facet normal 0 0 -1
outer loop
vertex 218.3306977074501 -48.01283675322585 1
vertex 218.58379449312417 -48.13355886936903 0
vertex 218.33069770745007 -48.012836753225834 0
endloop
endfacet
facet normal 0 0 -1
outer loop
vertex 218.02978524701496 -47.92370126278563 1
vertex 218.09610692929897 -47.94334689550106 1
vertex 218.3306977074501 -48.01283675322585 1
endloop
endfacet
facet normal 0 0 -1
outer loop
vertex 218.02978524701496 -47.92370126278563 1
vertex 218.3306977074501 -48.01283675322585 1
vertex 218.33069770745007 -48.012836753225834 0
endloop
endfacet
facet normal 0 0 -1
outer loop
vertex 218.02978524701496 -47.92370126278563 1
vertex 218.33069770745007 -48.012836753225834 0
vertex 218.09610692929914 -47.94334689550111 0
endloop
endfacet
facet normal 0 0 -1
outer loop
vertex 218.02978524701496 -47.92370126278563 1
vertex 218.09610692929914 -47.94334689550111 0
vertex 218.02978524701498 -47.923701262785634 0
endloop
endfacet
facet normal 0.13052956832545703 0.9914444168952539 0
outer loop
vertex 217.71863365000002 -47.88273629999999 1
vertex 218.02978524701496 -47.92370126278563 1
vertex 218.02978524701498 -47.923701262785634 0
endloop
endfacet
facet normal 0.13052956832545703 0.9914444168952539 0
outer loop
vertex 217.71863365000002 -47.88273629999999 1
vertex 218.02978524701498 -47.923701262785634 0
vertex 217.71863364999996 -47.88273629999999 0
endloop
endfacet
facet normal 0 0 1
outer loop
vertex 170.9248488 -45.430383299999995 1
vertex 186.23081597414938 -46.23253329999998 1
vertex 192.29107849151472 -46.55013750775725 1
endloop
endfacet
facet normal 0 0 1
outer loop
vertex 170.9248488 -45.430383299999995 1
vertex 192.29107849151472 -46.55013750775725 1
vertex 198.29901067197667 -46.86499920474931 1
endloop
endfacet
facet normal 0 0 1
outer loop
vertex 170.9248488 -45.430383299999995 1
vertex 198.29901067197667 -46.86499920474931 1
vertex 204.10307464768425 -47.16917664516463 1
endloop
endfacet
facet normal 0 0 1
outer loop
vertex 170.9248488 -45.430383299999995 1
vertex 204.10307464768425 -47.16917664516463 1
vertex 209.55681295866827 -47.45499433550597 1
endloop
endfacet
facet normal 0 0 1
outer loop
vertex 170.9248488 -45.430383299999995 1
vertex 209.55681295866827 -47.45499433550597 1
vertex 214.52260812454577 -47.715240064964746 1
endloop
endfacet
facet normal 0 0 1
outer loop
vertex 170.9248488 -45.430383299999995 1
vertex 214.52260812454577 -47.715240064964746 1
vertex 217.71863365000002 -47.88273629999999 1
endloop
endfacet
facet normal 0 0 1
outer loop
vertex 170.9248488 -45.430383299999995 1
vertex 217.71863365000002 -47.88273629999999 1
vertex 217.71863364999996 -47.88273629999999 0
endloop
endfacet
facet normal 0 0 1
outer loop
vertex 170.9248488 -45.430383299999995 1
vertex 217.71863364999996 -47.88273629999999 0
vertex 214.52260812454463 -47.71524006496469 0
endloop
endfacet
facet normal 0 0 1
outer loop
vertex 170.9248488 -45.430383299999995 1
vertex 214.52260812454463 -47.71524006496469 0
vertex 209.5568129586685 -47.45499433550599 0
endloop
endfacet
facet normal 0 0 1
outer loop
vertex 170.9248488 -45.430383299999995 1
vertex 209.5568129586685 -47.45499433550599 0
vertex 204.1030746476838 -47.16917664516461 0
endloop
endfacet
facet normal 0 0 1
outer loop
vertex 170.9248488 -45.430383299999995 1
vertex 204.1030746476838 -47.16917664516461 0
vertex 198.29901067197773 -46.86499920474937 0
endloop
endfacet
facet normal 0 0 1
outer loop
vertex 170.9248488 -45.430383299999995 1
vertex 198.29901067197773 -46.86499920474937 0
vertex 192.291078491514 -46.55013750775721 0
endloop
endfacet
facet normal 0 0 1
outer loop
vertex 170.9248488 -45.430383299999995 1
vertex 192.291078491514 -46.55013750775721 0
vertex 186.23081597414802 -46.23253329999991 0
endloop
endfacet
facet normal 0 0 1
outer loop
vertex 170.9248488 -45.430383299999995 1
vertex 186.23081597414802 -46.23253329999991 0
vertex 170.9248488 -45.430383299999995 0
endloop
endfacet
facet normal 0.1343782538496683 0.9909301110029476 0
outer loop
vertex 170.59853180342023 -45.38613203776166 1
vertex 170.9248488 -45.430383299999995 1
vertex 170.9248488 -45.430383299999995 0
endloop
endfacet
facet normal 0.1343782538496683 0.9909301110029476 0
outer loop
vertex 170.59853180342023 -45.38613203776166 1
vertex 170.9248488 -45.430383299999995 0
vertex 170.5985318034202 -45.386132037761655 0
endloop
endfacet
facet normal 0.2951561658180282 0.9554490241659158 0
outer loop
vertex 170.28390323930284 -45.288937359350854 1
vertex 170.59853180342023 -45.38613203776166 1
vertex 170.5985318034202 -45.386132037761655 0
endloop
endfacet
facet normal 0.2951561658180282 0.9554490241659158 0
outer loop
vertex 170.28390323930284 -45.288937359350854 1
vertex 170.5985318034202 -45.386132037761655 0
vertex 170.28390323930296 -45.288937359350896 0
endloop
endfacet
facet normal 0.4479356871440493 0.8940657806799164 0
outer loop
vertex 169.98948812589882 -45.141432512416735 1
vertex 170.28390323930284 -45.288937359350854 1
vertex 170.28390323930296 -45.288937359350896 0
endloop
endfacet
facet normal 0.4479356871440493 0.8940657806799164 0
outer loop
vertex 169.98948812589882 -45.141432512416735 1
vertex 170.28390323930296 -45.288937359350896 0
vertex 169.98948812589876 -45.141432512416685 0
endloop
endfacet
facet normal 0.5885719028050139 0.8084448745761736 0
outer loop
vertex 169.72326790522507 -44.94761627735278 1
vertex 169.98948812589882 -45.141432512416735 1
vertex 169.98948812589876 -45.141432512416685 0
endloop
endfacet
facet normal 0.5885719028050139 0.8084448745761736 0
outer loop
vertex 169.72326790522507 -44.94761627735278 1
vertex 169.98948812589876 -45.141432512416685 0
vertex 169.72326790522504 -44.94761627735275 0
endloop
endfacet
facet normal 0.7132522374617415 0.7009074445002134 0
outer loop
vertex 169.49245967028585 -44.71274291242173 1
vertex 169.72326790522507 -44.94761627735278 1
vertex 169.72326790522504 -44.94761627735275 0
endloop
endfacet
facet normal 0.7132522374617415 0.7009074445002134 0
outer loop
vertex 169.49245967028585 -44.71274291242173 1
vertex 169.72326790522504 -44.94761627735275 0
vertex 169.4924596702858 -44.712742912421646 0
endloop
endfacet
facet normal 0.8185966714873859 0.5743687747691137 0
outer loop
vertex 169.30332051339866 -44.4431797135204 1
vertex 169.49245967028585 -44.71274291242173 1
vertex 169.4924596702858 -44.712742912421646 0
endloop
endfacet
facet normal 0.8185966714873859 0.5743687747691137 0
outer loop
vertex 169.30332051339866 -44.4431797135204 1
vertex 169.4924596702858 -44.712742912421646 0
vertex 169.30332051339866 -44.44317971352042 0
endloop
endfacet
facet normal 0.9017493715574723 0.4322592635163577 0
outer loop
vertex 169.1609778996466 -44.14623440006986 1
vertex 169.30332051339866 -44.4431797135204 1
vertex 169.30332051339866 -44.44317971352042 0
endloop
endfacet
facet normal 0.9017493715574723 0.4322592635163577 0
outer loop
vertex 169.1609778996466 -44.14623440006986 1
vertex 169.30332051339866 -44.44317971352042 0
vertex 169.16097789964664 -44.14623440006993 0
endloop
endfacet
facet normal 0.9604561108203826 0.2784314263652452 0
outer loop
vertex 169.06929066394207 -43.82995700650753 1
vertex 169.1609778996466 -44.14623440006986 1
vertex 169.16097789964664 -44.14623440006993 0
endloop
endfacet
facet normal 0.9604561108203826 0.2784314263652452 0
outer loop
vertex 169.06929066394207 -43.82995700650753 1
vertex 169.16097789964664 -44.14623440006993 0
vertex 169.06929066394207 -43.82995700650746 0
endloop
endfacet
facet normal 0.9931253798252035 0.11705545671622967 0
outer loop
vertex 169.0307444 -43.50292165000037 1
vertex 169.06929066394207 -43.82995700650753 1
vertex 169.06929066394207 -43.82995700650746 0
endloop
endfacet
facet normal 0.9931253798252035 0.11705545671622967 0
outer loop
vertex 169.0307444 -43.50292165000037 1
vertex 169.06929066394207 -43.82995700650746 0
vertex 169.03074439999997 -43.50292165000009 0
endloop
endfacet
facet normal 0 0 1
outer loop
vertex 168.8745359 -39.02984810000015 1
vertex 168.87867181183145 -39.1482810778369 1
vertex 168.8809207292717 -39.21267944999999 1
endloop
endfacet
facet normal 0 0 1
outer loop
vertex 168.8745359 -39.02984810000015 1
vertex 168.8809207292717 -39.21267944999999 1
vertex 169.0307444 -43.50292165000037 1
endloop
endfacet
facet normal 0 0 1
outer loop
vertex 168.8745359 -39.02984810000015 1
vertex 169.0307444 -43.50292165000037 1
vertex 169.03074439999997 -43.50292165000009 0
endloop
endfacet
facet normal 0 0 1
outer loop
vertex 168.8745359 -39.02984810000015 1
vertex 169.03074439999997 -43.50292165000009 0
vertex 168.8809207292717 -39.212679449999996 0
endloop
endfacet
facet normal 0 0 1
outer loop
vertex 168.8745359 -39.02984810000015 1
vertex 168.8809207292717 -39.212679449999996 0
vertex 168.87867181183145 -39.14828107783691 0
endloop
endfacet
facet normal 0 0 1
outer loop
vertex 168.8745359 -39.02984810000015 1
vertex 168.87867181183145 -39.14828107783691 0
vertex 168.8745359 -39.02984810000021 0
endloop
endfacet
facet normal 0 0 1
outer loop
vertex 168.8320511082302 -38.6838250704122 1
vertex 168.85309677193845 -38.8552342738627 1
vertex 168.8743050070645 -39.02796756181852 1
endloop
endfacet
facet normal 0 0 1
outer loop
vertex 168.8320511082302 -38.6838250704122 1
vertex 168.8743050070645 -39.02796756181852 1
vertex 168.8745359 -39.02984810000015 1
endloop
endfacet
facet normal 0 0 1
outer loop
vertex 168.8320511082302 -38.6838250704122 1
vertex 168.8745359 -39.02984810000015 1
vertex 168.8745359 -39.02984810000021 0
endloop
endfacet
facet normal 0 0 1
outer loop
vertex 168.8320511082302 -38.6838250704122 1
vertex 168.8745359 -39.02984810000021 0
vertex 168.87430500706446 -39.027967561818485 0
endloop
endfacet
facet normal 0 0 1
outer loop
vertex 168.8320511082302 -38.6838250704122 1
vertex 168.87430500706446 -39.027967561818485 0
vertex 168.85309677193845 -38.855234273862685 0
endloop
endfacet
facet normal 0 0 1
outer loop
vertex 168.8320511082302 -38.6838250704122 1
vertex 168.85309677193845 -38.855234273862685 0
vertex 168.8320511082302 -38.68382507041228 0
endloop
endfacet
facet normal 0 0 -1
outer loop
vertex 168.7301233635022 -38.35043571691121 1
vertex 168.7373150658671 -38.37395862530482 1
vertex 168.81715414790796 -38.63509949540602 1
endloop
endfacet
facet normal 0 0 -1
outer loop
vertex 168.7301233635022 -38.35043571691121 1
vertex 168.81715414790796 -38.63509949540602 1
vertex 168.8320511082302 -38.6838250704122 1
endloop
endfacet
facet normal 0 0 -1
outer loop
vertex 168.7301233635022 -38.35043571691121 1
vertex 168.8320511082302 -38.6838250704122 1
vertex 168.8320511082302 -38.68382507041228 0
endloop
endfacet
facet normal 0 0 -1
outer loop
vertex 168.7301233635022 -38.35043571691121 1
vertex 168.8320511082302 -38.68382507041228 0
vertex 168.81715414790796 -38.63509949540601 0
endloop
endfacet
facet normal 0 0 -1
outer loop
vertex 168.7301233635022 -38.35043571691121 1
vertex 168.81715414790796 -38.63509949540601 0
vertex 168.73731506586708 -38.373958625304795 0
endloop
endfacet
facet normal 0 0 -1
outer loop
vertex 168.7301233635022 -38.35043571691121 1
vertex 168.73731506586708 -38.373958625304795 0
vertex 168.73012336350217 -38.35043571691118 0
endloop
endfacet
facet normal 0 0 -1
outer loop
vertex 168.57185173239802 -38.03981083548542 1
vertex 168.5920226379807 -38.07939837945118 1
vertex 168.7301233635022 -38.35043571691121 1
endloop
endfacet
facet normal 0 0 -1
outer loop
vertex 168.57185173239802 -38.03981083548542 1
vertex 168.7301233635022 -38.35043571691121 1
vertex 168.73012336350217 -38.35043571691118 0
endloop
endfacet
facet normal 0 0 -1
outer loop
vertex 168.57185173239802 -38.03981083548542 1
vertex 168.73012336350217 -38.35043571691118 0
vertex 168.59202263798065 -38.07939837945116 0
endloop
endfacet
facet normal 0 0 -1
outer loop
vertex 168.57185173239802 -38.03981083548542 1
vertex 168.59202263798065 -38.07939837945116 0
vertex 168.571851732398 -38.03981083548543 0
endloop
endfacet
facet normal 0 0 -1
outer loop
vertex 168.36204520845814 -37.76138858658016 1
vertex 168.3725452562512 -37.7753226 1
vertex 168.57185173239802 -38.03981083548542 1
endloop
endfacet
facet normal 0 0 -1
outer loop
vertex 168.36204520845814 -37.76138858658016 1
vertex 168.57185173239802 -38.03981083548542 1
vertex 168.571851732398 -38.03981083548543 0
endloop
endfacet
facet normal 0 0 -1
outer loop
vertex 168.36204520845814 -37.76138858658016 1
vertex 168.571851732398 -38.03981083548543 0
vertex 168.37254525625116 -37.77532260000001 0
endloop
endfacet
facet normal 0 0 -1
outer loop
vertex 168.36204520845814 -37.76138858658016 1
vertex 168.37254525625116 -37.77532260000001 0
vertex 168.362045208458 -37.76138858658001 0
endloop
endfacet
facet normal 0.6819979710891163 0.7313540643425243 0
outer loop
vertex 168.10707864364647 -37.52362867195736 1
vertex 168.36204520845814 -37.76138858658016 1
vertex 168.362045208458 -37.76138858658001 0
endloop
endfacet
facet normal 0.6819979710891163 0.7313540643425243 0
outer loop
vertex 168.10707864364647 -37.52362867195736 1
vertex 168.362045208458 -37.76138858658001 0
vertex 168.10707864364656 -37.52362867195743 0
endloop
endfacet
facet normal 0.5446387397297847 0.8386707597058286 0
outer loop
vertex 167.81469905209752 -37.3337552914668 1
vertex 168.10707864364647 -37.52362867195736 1
vertex 168.10707864364656 -37.52362867195743 0
endloop
endfacet
facet normal 0.5446387397297847 0.8386707597058286 0
outer loop
vertex 167.81469905209752 -37.3337552914668 1
vertex 168.10707864364656 -37.52362867195743 0
vertex 167.81469905209747 -37.33375529146678 0
endloop
endfacet
facet normal 0.39073096986737677 0.9205049207834249 0
outer loop
vertex 167.4937902214954 -37.197537639839844 1
vertex 167.81469905209752 -37.3337552914668 1
vertex 167.81469905209747 -37.33375529146678 0
endloop
endfacet
facet normal 0.39073096986737677 0.9205049207834249 0
outer loop
vertex 167.4937902214954 -37.197537639839844 1
vertex 167.81469905209747 -37.33375529146678 0
vertex 167.49379022149543 -37.19753763983986 0
endloop
endfacet
facet normal 0.22495106159914124 0.9743700631102227 0
outer loop
vertex 167.15410278423502 -37.119114612987296 1
vertex 167.4937902214954 -37.197537639839844 1
vertex 167.49379022149543 -37.19753763983986 0
endloop
endfacet
facet normal 0.22495106159914124 0.9743700631102227 0
outer loop
vertex 167.15410278423502 -37.119114612987296 1
vertex 167.49379022149543 -37.19753763983986 0
vertex 167.15410278423496 -37.11911461298729 0
endloop
endfacet
facet normal 0.05233614319915603 0.9986295249565964 0
outer loop
vertex 166.8059579500001 -37.10086905000001 1
vertex 167.15410278423502 -37.119114612987296 1
vertex 167.15410278423496 -37.11911461298729 0
endloop
endfacet
facet normal 0.05233614319915603 0.9986295249565964 0
outer loop
vertex 166.8059579500001 -37.10086905000001 1
vertex 167.15410278423496 -37.11911461298729 0
vertex 166.80595795000016 -37.10086905 0
endloop
endfacet
facet normal -0.034899303657098805 0.9993908337603712 0
outer loop
vertex 147.49202830000004 -37.7753226 1
vertex 166.8059579500001 -37.10086905000001 1
vertex 166.80595795000016 -37.10086905 0
endloop
endfacet
facet normal -0.034899303657098805 0.9993908337603712 0
outer loop
vertex 147.49202830000004 -37.7753226 1
vertex 166.80595795000016 -37.10086905 0
vertex 147.4920283000001 -37.77532260000001 0
endloop
endfacet
facet normal 0 0 1
outer loop
vertex 147.15156227499548 -37.75814406534514 1
vertex 147.18787741497323 -37.7599763800103 1
vertex 147.49202830000004 -37.7753226 1
endloop
endfacet
facet normal 0 0 1
outer loop
vertex 147.15156227499548 -37.75814406534514 1
vertex 147.49202830000004 -37.7753226 1
vertex 147.4920283000001 -37.77532260000001 0
endloop
endfacet
facet normal 0 0 1
outer loop
vertex 147.15156227499548 -37.75814406534514 1
vertex 147.4920283000001 -37.77532260000001 0
vertex 147.18787741497147 -37.759976380010215 0
endloop
endfacet
facet normal 0 0 1
outer loop
vertex 147.15156227499548 -37.75814406534514 1
vertex 147.18787741497147 -37.759976380010215 0
vertex 147.15156227499546 -37.75814406534514 0
endloop
endfacet
facet normal 0.21928272129558302 0.9756613593564132 0
outer loop
vertex 146.81896402919082 -37.68339164460125 1
vertex 147.15156227499548 -37.75814406534514 1
vertex 147.15156227499546 -37.75814406534514 0
endloop
endfacet
facet normal 0.21928272129558302 0.9756613593564132 0
outer loop
vertex 146.81896402919082 -37.68339164460125 1
vertex 147.15156227499546 -37.75814406534514 0
vertex 146.81896402919082 -37.683391644601244 0
endloop
endfacet
facet normal 0.38179147805321634 0.9242484878461745 0
outer loop
vertex 146.50389218300438 -37.553240773455336 1
vertex 146.81896402919082 -37.68339164460125 1
vertex 146.81896402919082 -37.683391644601244 0
endloop
endfacet
facet normal 0.38179147805321634 0.9242484878461745 0
outer loop
vertex 146.50389218300438 -37.553240773455336 1
vertex 146.81896402919082 -37.683391644601244 0
vertex 146.50389218300438 -37.553240773455336 0
endloop
endfacet
facet normal 0 0 -1
outer loop
vertex 146.21550032324348 -37.371472644392576 1
vertex 146.30038282606435 -37.424972537699915 1
vertex 146.50389218300438 -37.553240773455336 1
endloop
endfacet
facet normal 0 0 -1
outer loop
vertex 146.21550032324348 -37.371472644392576 1
vertex 146.50389218300438 -37.553240773455336 1
vertex 146.50389218300438 -37.553240773455336 0
endloop
endfacet
facet normal 0 0 -1
outer loop
vertex 146.21550032324348 -37.371472644392576 1
vertex 146.50389218300438 -37.553240773455336 0
vertex 146.30038282606444 -37.42497253769998 0
endloop
endfacet
facet normal 0 0 -1
outer loop
vertex 146.21550032324348 -37.371472644392576 1
vertex 146.30038282606444 -37.42497253769998 0
vertex 146.21550032324342 -37.37147264439255 0
endloop
endfacet
facet normal 0.6691341204860288 0.7431416613280329 0
outer loop
vertex 145.96216691962772 -37.143368054057504 1
vertex 146.21550032324348 -37.371472644392576 1
vertex 146.21550032324342 -37.37147264439255 0
endloop
endfacet
facet normal 0.6691341204860288 0.7431416613280329 0
outer loop
vertex 145.96216691962772 -37.143368054057504 1
vertex 146.21550032324342 -37.37147264439255 0
vertex 145.9621669196278 -37.143368054057596 0
endloop
endfacet
facet normal 0 0 -1
outer loop
vertex 145.75125191030887 -36.8755539835471 1
vertex 145.91550568238827 -37.08411890000011 1
vertex 145.96216691962772 -37.143368054057504 1
endloop
endfacet
facet normal 0 0 -1
outer loop
vertex 145.75125191030887 -36.8755539835471 1
vertex 145.96216691962772 -37.143368054057504 1
vertex 145.9621669196278 -37.143368054057596 0
endloop
endfacet
facet normal 0 0 -1
outer loop
vertex 145.75125191030887 -36.8755539835471 1
vertex 145.9621669196278 -37.143368054057596 0
vertex 145.91550568238821 -37.08411890000001 0
endloop
endfacet
facet normal 0 0 -1
outer loop
vertex 145.75125191030887 -36.8755539835471 1
vertex 145.91550568238821 -37.08411890000001 0
vertex 145.75125191030884 -36.87555398354705 0
endloop
endfacet
facet normal 0.8792817860847191 0.4763019427418561 0
outer loop
vertex 145.5888828781544 -36.57581106884099 1
vertex 145.75125191030887 -36.8755539835471 1
vertex 145.75125191030884 -36.87555398354705 0
endloop
endfacet
facet normal 0.8792817860847191 0.4763019427418561 0
outer loop
vertex 145.5888828781544 -36.57581106884099 1
vertex 145.75125191030884 -36.87555398354705 0
vertex 145.58888287815432 -36.57581106884084 0
endloop
endfacet
facet normal 0.9473983254371003 0.32005689019138156 0
outer loop
vertex 145.47977702988595 -36.25284755481351 1
vertex 145.5888828781544 -36.57581106884099 1
vertex 145.58888287815432 -36.57581106884084 0
endloop
endfacet
facet normal 0.9473983254371003 0.32005689019138156 0
outer loop
vertex 145.47977702988595 -36.25284755481351 1
vertex 145.58888287815432 -36.57581106884084 0
vertex 145.47977702988595 -36.25284755481354 0
endloop
endfacet
facet normal 0.987990689215047 0.15451342344397306 0
outer loop
vertex 145.42710415000002 -35.91604630000011 1
vertex 145.47977702988595 -36.25284755481351 1
vertex 145.47977702988595 -36.25284755481354 0
endloop
endfacet
facet normal 0.987990689215047 0.15451342344397306 0
outer loop
vertex 145.42710415000002 -35.91604630000011 1
vertex 145.47977702988595 -36.25284755481354 0
vertex 145.42710415000005 -35.91604630000033 0
endloop
endfacet
facet normal 0.9975639585626364 0.06975778506262029 0
outer loop
vertex 145.23982310000008 -33.23785310000066 1
vertex 145.42710415000002 -35.91604630000011 1
vertex 145.42710415000005 -35.91604630000033 0
endloop
endfacet
facet normal 0.9975639585626364 0.06975778506262029 0
outer loop
vertex 145.23982310000008 -33.23785310000066 1
vertex 145.42710415000005 -35.91604630000033 0
vertex 145.2398231 -33.23785310000006 0
endloop
endfacet
facet normal 0.9890152406369626 0.14781357781953366 0
outer loop
vertex 145.1934342420974 -32.927466949159225 1
vertex 145.23982310000008 -33.23785310000066 1
vertex 145.2398231 -33.23785310000006 0
endloop
endfacet
facet normal 0.9890152406369626 0.14781357781953366 0
outer loop
vertex 145.1934342420974 -32.927466949159225 1
vertex 145.2398231 -33.23785310000006 0
vertex 145.19343424209737 -32.9274669491591 0
endloop
endfacet
facet normal 0.9537175905400405 0.30070377033635604 0
outer loop
vertex 145.09906235720763 -32.628155349005006 1
vertex 145.1934342420974 -32.927466949159225 1
vertex 145.19343424209737 -32.9274669491591 0
endloop
endfacet
facet normal 0.9537175905400405 0.30070377033635604 0
outer loop
vertex 145.09906235720763 -32.628155349005006 1
vertex 145.19343424209737 -32.9274669491591 0
vertex 145.09906235720769 -32.6281553490051 0
endloop
endfacet
facet normal 0.8949352355750444 0.4461960601868197 0
outer loop
vertex 144.95902964932668 -32.3472918103104 1
vertex 145.09906235720763 -32.628155349005006 1
vertex 145.09906235720769 -32.6281553490051 0
endloop
endfacet
facet normal 0.8949352355750444 0.4461960601868197 0
outer loop
vertex 144.95902964932668 -32.3472918103104 1
vertex 145.09906235720769 -32.6281553490051 0
vertex 144.95902964932668 -32.34729181031042 0
endloop
endfacet
facet normal 0.8141165576918717 0.5807014986134764 0
outer loop
vertex 144.77678419586545 -32.09179214037477 1
vertex 144.95902964932668 -32.3472918103104 1
vertex 144.95902964932668 -32.34729181031042 0
endloop
endfacet
facet normal 0.8141165576918717 0.5807014986134764 0
outer loop
vertex 144.77678419586545 -32.09179214037477 1
vertex 144.95902964932668 -32.34729181031042 0
vertex 144.7767841958654 -32.09179214037473 0
endloop
endfacet
facet normal 0.7132515852331608 0.7009081082156087 0
outer loop
vertex 144.5568134943578 -31.867947602530023 1
vertex 144.77678419586545 -32.09179214037477 1
vertex 144.7767841958654 -32.09179214037473 0
endloop
endfacet
facet normal 0.7132515852331608 0.7009081082156087 0
outer loop
vertex 144.5568134943578 -31.867947602530023 1
vertex 144.7767841958654 -32.09179214037473 0
vertex 144.55681349435784 -31.867947602530037 0
endloop
endfacet
facet normal 0.5948239539033514 0.8038559969688499 0
outer loop
vertex 144.304533965142 -31.68127000402623 1
vertex 144.5568134943578 -31.867947602530023 1
vertex 144.55681349435784 -31.867947602530037 0
endloop
endfacet
facet normal 0.5948239539033514 0.8038559969688499 0
outer loop
vertex 144.304533965142 -31.68127000402623 1
vertex 144.55681349435784 -31.867947602530037 0
vertex 144.304533965142 -31.68127000402623 0
endloop
endfacet
facet normal 0.46174975128367624 0.8870102407466687 0
outer loop
vertex 144.02615758082814 -31.536355976751892 1
vertex 144.304533965142 -31.68127000402623 1
vertex 144.304533965142 -31.68127000402623 0
endloop
endfacet
facet normal 0.46174975128367624 0.8870102407466687 0
outer loop
vertex 144.02615758082814 -31.536355976751892 1
vertex 144.304533965142 -31.68127000402623 0
vertex 144.0261575808281 -31.536355976751878 0
endloop
endfacet
facet normal 0.31730571292362686 0.9483233016993882 0
outer loop
vertex 143.72853890658888 -31.436773792659565 1
vertex 144.02615758082814 -31.536355976751892 1
vertex 144.0261575808281 -31.536355976751878 0
endloop
endfacet
facet normal 0.31730571292362686 0.9483233016993882 0
outer loop
vertex 143.72853890658888 -31.436773792659565 1
vertex 144.0261575808281 -31.536355976751878 0
vertex 143.72853890658888 -31.436773792659565 0
endloop
endfacet
facet normal 0.16504853806411027 0.986285445539424 0
outer loop
vertex 143.41900631765327 -31.38497550087895 1
vertex 143.72853890658888 -31.436773792659565 1
vertex 143.72853890658888 -31.436773792659565 0
endloop
endfacet
facet normal 0.16504853806411027 0.986285445539424 0
outer loop
vertex 143.41900631765327 -31.38497550087895 1
vertex 143.72853890658888 -31.436773792659565 0
vertex 143.41900631765327 -31.38497550087895 0
endloop
endfacet
facet normal 0.008727311709705532 0.9999619162899764 0
outer loop
vertex 143.10518155000005 -31.382236550000002 1
vertex 143.41900631765327 -31.38497550087895 1
vertex 143.41900631765327 -31.38497550087895 0
endloop
endfacet
facet normal 0.008727311709705532 0.9999619162899764 0
outer loop
vertex 143.10518155000005 -31.382236550000002 1
vertex 143.41900631765327 -31.38497550087895 0
vertex 143.10518155000003 -31.382236550000002 0
endloop
endfacet
facet normal -0.06975655584417238 0.9975640445188264 0
outer loop
vertex 124.65024719999997 -32.672732800000006 1
vertex 143.10518155000005 -31.382236550000002 1
vertex 143.10518155000003 -31.382236550000002 0
endloop
endfacet
facet normal -0.06975655584417238 0.9975640445188264 0
outer loop
vertex 124.65024719999997 -32.672732800000006 1
vertex 143.10518155000003 -31.382236550000002 0
vertex 124.65024719999985 -32.67273280000001 0
endloop
endfacet
facet normal -0.14780342842168176 0.9890167574651083 0
outer loop
vertex 124.33985899915925 -32.719118707902595 1
vertex 124.65024719999997 -32.672732800000006 1
vertex 124.65024719999985 -32.67273280000001 0
endloop
endfacet
facet normal -0.14780342842168176 0.9890167574651083 0
outer loop
vertex 124.33985899915925 -32.719118707902595 1
vertex 124.65024719999985 -32.67273280000001 0
vertex 124.33985899915923 -32.71911870790259 0
endloop
endfacet
facet normal -0.30070377033641177 0.9537175905400228 0
outer loop
vertex 124.04054739900495 -32.8134905927924 1
vertex 124.33985899915925 -32.719118707902595 1
vertex 124.33985899915923 -32.71911870790259 0
endloop
endfacet
facet normal -0.30070377033641177 0.9537175905400228 0
outer loop
vertex 124.04054739900495 -32.8134905927924 1
vertex 124.33985899915923 -32.71911870790259 0
vertex 124.04054739900499 -32.81349059279237 0
endloop
endfacet
facet normal -0.4461960601868083 0.8949352355750501 0
outer loop
vertex 123.75968386031035 -32.95352330067335 1
vertex 124.04054739900495 -32.8134905927924 1
vertex 124.04054739900499 -32.81349059279237 0
endloop
endfacet
facet normal -0.4461960601868083 0.8949352355750501 0
outer loop
vertex 123.75968386031035 -32.95352330067335 1
vertex 124.04054739900499 -32.81349059279237 0
vertex 123.75968386031036 -32.95352330067334 0
endloop
endfacet
facet normal -0.580701498613467 0.8141165576918784 0
outer loop
vertex 123.50418419037462 -33.135768754134666 1
vertex 123.75968386031035 -32.95352330067335 1
vertex 123.75968386031036 -32.95352330067334 0
endloop
endfacet
facet normal -0.580701498613467 0.8141165576918784 0
outer loop
vertex 123.50418419037462 -33.135768754134666 1
vertex 123.75968386031036 -32.95352330067334 0
vertex 123.50418419037462 -33.135768754134666 0
endloop
endfacet
facet normal -0.7009081082156301 0.7132515852331396 0
outer loop
vertex 123.28033965253016 -33.355739455642016 1
vertex 123.50418419037462 -33.135768754134666 1
vertex 123.50418419037462 -33.135768754134666 0
endloop
endfacet
facet normal -0.7009081082156301 0.7132515852331396 0
outer loop
vertex 123.28033965253016 -33.355739455642016 1
vertex 123.50418419037462 -33.135768754134666 0
vertex 123.28033965253015 -33.35573945564203 0
endloop
endfacet
facet normal -0.8038559969688229 0.5948239539033879 0
outer loop
vertex 123.09366205402621 -33.608018984858006 1
vertex 123.28033965253016 -33.355739455642016 1
vertex 123.28033965253015 -33.35573945564203 0
endloop
endfacet
facet normal -0.8038559969688229 0.5948239539033879 0
outer loop
vertex 123.09366205402621 -33.608018984858006 1
vertex 123.28033965253015 -33.35573945564203 0
vertex 123.09366205402624 -33.60801898485796 0
endloop
endfacet
facet normal -0.8870102407466907 0.461749751283634 0
outer loop
vertex 122.94874802675187 -33.88639536917189 1
vertex 123.09366205402621 -33.608018984858006 1
vertex 123.09366205402624 -33.60801898485796 0
endloop
endfacet
facet normal -0.8870102407466907 0.461749751283634 0
outer loop
vertex 122.94874802675187 -33.88639536917189 1
vertex 123.09366205402624 -33.60801898485796 0
vertex 122.94874802675186 -33.886395369171936 0
endloop
endfacet
facet normal -0.9483233016993975 0.31730571292359894 0
outer loop
vertex 122.84916584265956 -34.184014043411146 1
vertex 122.94874802675187 -33.88639536917189 1
vertex 122.94874802675186 -33.886395369171936 0
endloop
endfacet
facet normal -0.9483233016993975 0.31730571292359894 0
outer loop
vertex 122.84916584265956 -34.184014043411146 1
vertex 122.94874802675186 -33.886395369171936 0
vertex 122.84916584265956 -34.18401404341115 0
endloop
endfacet
facet normal -0.9862854455394188 0.16504853806414127 0
outer loop
vertex 122.79736755087895 -34.493546632346685 1
vertex 122.84916584265956 -34.184014043411146 1
vertex 122.84916584265956 -34.18401404341115 0
endloop
endfacet
facet normal -0.9862854455394188 0.16504853806414127 0
outer loop
vertex 122.79736755087895 -34.493546632346685 1
vertex 122.84916584265956 -34.18401404341115 0
vertex 122.79736755087895 -34.49354663234673 0
endloop
endfacet
facet normal -0.9999619162899768 0.0087273117096629 0
outer loop
vertex 122.79462860000001 -34.80737140000016 1
vertex 122.79736755087895 -34.493546632346685 1
vertex 122.79736755087895 -34.49354663234673 0
endloop
endfacet
facet normal -0.9999619162899768 0.0087273117096629 0
outer loop
vertex 122.79462860000001 -34.80737140000016 1
vertex 122.79736755087895 -34.49354663234673 0
vertex 122.79462860000001 -34.80737140000006 0
endloop
endfacet
facet normal 0 0 1
outer loop
vertex 122.95383759999999 -37.08411890000011 1
vertex 122.93925301748324 -36.8755539835471 1
vertex 122.91829251584332 -36.57581106884099 1
endloop
endfacet
facet normal 0 0 1
outer loop
vertex 122.95383759999999 -37.08411890000011 1
vertex 122.91829251584332 -36.57581106884099 1
vertex 122.89570823800626 -36.25284755481351 1
endloop
endfacet
facet normal 0 0 1
outer loop
vertex 122.95383759999999 -37.08411890000011 1
vertex 122.89570823800626 -36.25284755481351 1
vertex 122.87215631097985 -35.91604630000011 1
endloop
endfacet
facet normal 0 0 1
outer loop
vertex 122.95383759999999 -37.08411890000011 1
vertex 122.87215631097985 -35.91604630000011 1
vertex 122.79462860000001 -34.80737140000016 1
endloop
endfacet
facet normal 0 0 1
outer loop
vertex 122.95383759999999 -37.08411890000011 1
vertex 122.79462860000001 -34.80737140000016 1
vertex 122.79462860000001 -34.80737140000006 0
endloop
endfacet
facet normal 0 0 1
outer loop
vertex 122.95383759999999 -37.08411890000011 1
vertex 122.79462860000001 -34.80737140000006 0
vertex 122.87215631097988 -35.91604630000033 0
endloop
endfacet
facet normal 0 0 1
outer loop
vertex 122.95383759999999 -37.08411890000011 1
vertex 122.87215631097988 -35.91604630000033 0
vertex 122.89570823800629 -36.25284755481354 0
endloop
endfacet
facet normal 0 0 1
outer loop
vertex 122.95383759999999 -37.08411890000011 1
vertex 122.89570823800629 -36.25284755481354 0
vertex 122.91829251584332 -36.57581106884084 0
endloop
endfacet
facet normal 0 0 1
outer loop
vertex 122.95383759999999 -37.08411890000011 1
vertex 122.91829251584332 -36.57581106884084 0
vertex 122.93925301748325 -36.87555398354705 0
endloop
endfacet
facet normal 0 0 1
outer loop
vertex 122.95383759999999 -37.08411890000011 1
vertex 122.93925301748325 -36.87555398354705 0
vertex 122.9538376 -37.08411890000001 0
endloop
endfacet
facet normal 0 0 1
outer loop
vertex 122.94854618223995 -37.424972537699915 1
vertex 122.9493767155079 -37.371472644392576 1
vertex 122.95291781510885 -37.143368054057504 1
endloop
endfacet
facet normal 0 0 1
outer loop
vertex 122.94854618223995 -37.424972537699915 1
vertex 122.95291781510885 -37.143368054057504 1
vertex 122.95383759999999 -37.08411890000011 1
endloop
endfacet
facet normal 0 0 1
outer loop
vertex 122.94854618223995 -37.424972537699915 1
vertex 122.95383759999999 -37.08411890000011 1
vertex 122.9538376 -37.08411890000001 0
endloop
endfacet
facet normal 0 0 1
outer loop
vertex 122.94854618223995 -37.424972537699915 1
vertex 122.9538376 -37.08411890000001 0
vertex 122.95291781510886 -37.143368054057596 0
endloop
endfacet
facet normal 0 0 1
outer loop
vertex 122.94854618223995 -37.424972537699915 1
vertex 122.95291781510886 -37.143368054057596 0
vertex 122.9493767155079 -37.37147264439255 0
endloop
endfacet
facet normal 0 0 1
outer loop
vertex 122.94854618223995 -37.424972537699915 1
vertex 122.9493767155079 -37.37147264439255 0
vertex 122.94854618223997 -37.42497253769998 0
endloop
endfacet
facet normal 0 0 1
outer loop
vertex 122.88544933657053 -37.7599763800103 1
vertex 122.88579444686792 -37.75814406534514 1
vertex 122.8998738136076 -37.68339164460125 1
endloop
endfacet
facet normal 0 0 1
outer loop
vertex 122.88544933657053 -37.7599763800103 1
vertex 122.8998738136076 -37.68339164460125 1
vertex 122.92438729194205 -37.553240773455336 1
endloop
endfacet
facet normal 0 0 1
outer loop
vertex 122.88544933657053 -37.7599763800103 1
vertex 122.92438729194205 -37.553240773455336 1
vertex 122.94854618223995 -37.424972537699915 1
endloop
endfacet
facet normal 0 0 1
outer loop
vertex 122.88544933657053 -37.7599763800103 1
vertex 122.94854618223995 -37.424972537699915 1
vertex 122.94854618223997 -37.42497253769998 0
endloop
endfacet
facet normal 0 0 1
outer loop
vertex 122.88544933657053 -37.7599763800103 1
vertex 122.94854618223997 -37.42497253769998 0
vertex 122.92438729194208 -37.553240773455336 0
endloop
endfacet
facet normal 0 0 1
outer loop
vertex 122.88544933657053 -37.7599763800103 1
vertex 122.92438729194208 -37.553240773455336 0
vertex 122.89987381360763 -37.683391644601244 0
endloop
endfacet
facet normal 0 0 1
outer loop
vertex 122.88544933657053 -37.7599763800103 1
vertex 122.89987381360763 -37.683391644601244 0
vertex 122.88579444686793 -37.75814406534514 0
endloop
endfacet
facet normal 0 0 1
outer loop
vertex 122.88544933657053 -37.7599763800103 1
vertex 122.88579444686793 -37.75814406534514 0
vertex 122.88544933657056 -37.759976380010215 0
endloop
endfacet
facet normal 0 0 1
outer loop
vertex 122.76637636495536 -38.07939837945118 1
vertex 122.8797286284777 -37.7753226 1
vertex 122.88544933657053 -37.7599763800103 1
endloop
endfacet
facet normal 0 0 1
outer loop
vertex 122.76637636495536 -38.07939837945118 1
vertex 122.88544933657053 -37.7599763800103 1
vertex 122.88544933657056 -37.759976380010215 0
endloop
endfacet
facet normal 0 0 1
outer loop
vertex 122.76637636495536 -38.07939837945118 1
vertex 122.88544933657056 -37.759976380010215 0
vertex 122.87972862847768 -37.77532260000001 0
endloop
endfacet
facet normal 0 0 1
outer loop
vertex 122.76637636495536 -38.07939837945118 1
vertex 122.87972862847768 -37.77532260000001 0
vertex 122.76637636495536 -38.07939837945116 0
endloop
endfacet
facet normal -0.8640813885353625 0.5033521172964308 0
outer loop
vertex 122.59478659877244 -38.37395862530482 1
vertex 122.76637636495536 -38.07939837945118 1
vertex 122.76637636495536 -38.07939837945116 0
endloop
endfacet
facet normal -0.8640813885353625 0.5033521172964308 0
outer loop
vertex 122.59478659877244 -38.37395862530482 1
vertex 122.76637636495536 -38.07939837945116 0
vertex 122.59478659877244 -38.373958625304795 0
endloop
endfacet
facet normal -0.7660469082861445 0.6427846718032714 0
outer loop
vertex 122.37566509763884 -38.63509949540602 1
vertex 122.59478659877244 -38.37395862530482 1
vertex 122.59478659877244 -38.373958625304795 0
endloop
endfacet
facet normal -0.7660469082861445 0.6427846718032714 0
outer loop
vertex 122.37566509763884 -38.63509949540602 1
vertex 122.59478659877244 -38.373958625304795 0
vertex 122.37566509763883 -38.63509949540601 0
endloop
endfacet
facet normal -0.6457570826724792 0.7635429196700921 0
outer loop
vertex 122.11537782247937 -38.8552342738627 1
vertex 122.37566509763884 -38.63509949540602 1
vertex 122.37566509763883 -38.63509949540601 0
endloop
endfacet
facet normal -0.6457570826724792 0.7635429196700921 0
outer loop
vertex 122.11537782247937 -38.8552342738627 1
vertex 122.37566509763883 -38.63509949540601 0
vertex 122.11537782247937 -38.855234273862685 0
endloop
endfacet
facet normal -0.5067065953539468 0.8621185685419446 0
outer loop
vertex 121.82148669037758 -39.02796756181852 1
vertex 122.11537782247937 -38.8552342738627 1
vertex 122.11537782247937 -38.855234273862685 0
endloop
endfacet
facet normal -0.5067065953539468 0.8621185685419446 0
outer loop
vertex 121.82148669037758 -39.02796756181852 1
vertex 122.11537782247937 -38.855234273862685 0
vertex 121.82148669037761 -39.027967561818485 0
endloop
endfacet
facet normal -0.3529351684218224 0.9356477792904015 0
outer loop
vertex 121.5025298842747 -39.1482810778369 1
vertex 121.82148669037758 -39.02796756181852 1
vertex 121.82148669037761 -39.027967561818485 0
endloop
endfacet
facet normal -0.3529351684218224 0.9356477792904015 0
outer loop
vertex 121.5025298842747 -39.1482810778369 1
vertex 121.82148669037761 -39.027967561818485 0
vertex 121.5025298842746 -39.14828107783691 0
endloop
endfacet
facet normal -0.18891019959882271 0.9819943668308557 0
outer loop
vertex 121.16777380000009 -39.21267944999999 1
vertex 121.5025298842747 -39.1482810778369 1
vertex 121.5025298842746 -39.14828107783691 0
endloop
endfacet
facet normal -0.18891019959882271 0.9819943668308557 0
outer loop
vertex 121.16777380000009 -39.21267944999999 1
vertex 121.5025298842746 -39.14828107783691 0
vertex 121.16777380000005 -39.212679449999996 0
endloop
endfacet
facet normal -0.10452822978442808 0.9945219199083215 0
outer loop
vertex 102.30289340000004 -41.195453799999996 1
vertex 121.16777380000009 -39.21267944999999 1
vertex 121.16777380000005 -39.212679449999996 0
endloop
endfacet
facet normal -0.10452822978442808 0.9945219199083215 0
outer loop
vertex 102.30289340000004 -41.195453799999996 1
vertex 121.16777380000005 -39.212679449999996 0
vertex 102.30289340000002 -41.1954538 0
endloop
endfacet
facet normal -0.19080602974352676 0.9816277599036778 0
outer loop
vertex 101.96067488113984 -41.261973268535435 1
vertex 102.30289340000004 -41.195453799999996 1
vertex 102.30289340000002 -41.1954538 0
endloop
endfacet
facet normal -0.19080602974352676 0.9816277599036778 0
outer loop
vertex 101.96067488113984 -41.261973268535435 1
vertex 102.30289340000002 -41.1954538 0
vertex 101.96067488113987 -41.26197326853543 0
endloop
endfacet
facet normal -0.3583706345244187 0.9335793958258535 0
outer loop
vertex 101.63520837126353 -41.386909230256876 1
vertex 101.96067488113984 -41.261973268535435 1
vertex 101.96067488113987 -41.26197326853543 0
endloop
endfacet
facet normal -0.3583706345244187 0.9335793958258535 0
outer loop
vertex 101.63520837126353 -41.386909230256876 1
vertex 101.96067488113987 -41.26197326853543 0
vertex 101.6352083712635 -41.38690923025689 0
endloop
endfacet
facet normal -0.5150402116676659 0.8571660168049864 0
outer loop
vertex 101.336381262266 -41.56646368581474 1
vertex 101.63520837126353 -41.386909230256876 1
vertex 101.6352083712635 -41.38690923025689 0
endloop
endfacet
facet normal -0.5150402116676659 0.8571660168049864 0
outer loop
vertex 101.336381262266 -41.56646368581474 1
vertex 101.6352083712635 -41.38690923025689 0
vertex 101.33638126226595 -41.56646368581477 0
endloop
endfacet
facet normal -0.6560606211438361 0.7547081961820502 0
outer loop
vertex 101.0732732248726 -41.79518098783091 1
vertex 101.336381262266 -41.56646368581474 1
vertex 101.33638126226595 -41.56646368581477 0
endloop
endfacet
facet normal -0.6560606211438361 0.7547081961820502 0
outer loop
vertex 101.0732732248726 -41.79518098783091 1
vertex 101.33638126226595 -41.56646368581477 0
vertex 101.0732732248725 -41.79518098783103 0
endloop
endfacet
facet normal -0.7771470479377287 0.629319049355471 0
outer loop
vertex 100.85387862864607 -42.06611170725782 1
vertex 101.0732732248726 -41.79518098783091 1
vertex 101.0732732248725 -41.79518098783103 0
endloop
endfacet
facet normal -0.7771470479377287 0.629319049355471 0
outer loop
vertex 100.85387862864607 -42.06611170725782 1
vertex 101.0732732248725 -41.79518098783103 0
vertex 100.85387862864607 -42.06611170725781 0
endloop
endfacet
facet normal -0.8746203583581587 0.48480844541472895 0
outer loop
vertex 100.68486363817688 -42.371023787338444 1
vertex 100.85387862864607 -42.06611170725782 1
vertex 100.85387862864607 -42.06611170725781 0
endloop
endfacet
facet normal -0.8746203583581587 0.48480844541472895 0
outer loop
vertex 100.68486363817688 -42.371023787338444 1
vertex 100.85387862864607 -42.06611170725781 0
vertex 100.68486363817689 -42.37102378733841 0
endloop
endfacet
facet normal -0.9455188881635576 0.3255672467032733 0
outer loop
vertex 100.57136366593201 -42.70065266939048 1
vertex 100.68486363817688 -42.371023787338444 1
vertex 100.68486363817689 -42.37102378733841 0
endloop
endfacet
facet normal -0.9455188881635576 0.3255672467032733 0
outer loop
vertex 100.57136366593201 -42.70065266939048 1
vertex 100.68486363817689 -42.37102378733841 0
vertex 100.57136366593203 -42.70065266939047 0
endloop
endfacet
facet normal -0.987688430837353 0.1564338952722436 0
outer loop
vertex 100.5168273360298 -43.044982790500086 1
vertex 100.57136366593201 -42.70065266939048 1
vertex 100.57136366593203 -42.70065266939047 0
endloop
endfacet
facet normal -0.987688430837353 0.1564338952722436 0
outer loop
vertex 100.5168273360298 -43.044982790500086 1
vertex 100.57136366593203 -42.70065266939047 0
vertex 100.5168273360298 -43.04498279050017 0
endloop
endfacet
facet normal -0.9998476917761673 -0.017452600089114863 0
outer loop
vertex 100.5229117 -43.393551899999935 1
vertex 100.5168273360298 -43.044982790500086 1
vertex 100.5168273360298 -43.04498279050017 0
endloop
endfacet
facet normal -0.9998476917761673 -0.017452600089114863 0
outer loop
vertex 100.5229117 -43.393551899999935 1
vertex 100.5168273360298 -43.04498279050017 0
vertex 100.5229117 -43.39355189999992 0
endloop
endfacet
facet normal 0 0 -1
outer loop
vertex 100.8212953 -46.23253329999998 1
vertex 100.73698745467915 -45.430383299999995 1
vertex 100.73233654328847 -45.38613203776166 1
endloop
endfacet
facet normal 0 0 -1
outer loop
vertex 100.8212953 -46.23253329999998 1
vertex 100.73233654328847 -45.38613203776166 1
vertex 100.72212115475331 -45.288937359350854 1
endloop
endfacet
facet normal 0 0 -1
outer loop
vertex 100.8212953 -46.23253329999998 1
vertex 100.72212115475331 -45.288937359350854 1
vertex 100.70661804957423 -45.141432512416735 1
endloop
endfacet
facet normal 0 0 -1
outer loop
vertex 100.8212953 -46.23253329999998 1
vertex 100.70661804957423 -45.141432512416735 1
vertex 100.68624750894412 -44.94761627735278 1
endloop
endfacet
facet normal 0 0 -1
outer loop
vertex 100.8212953 -46.23253329999998 1
vertex 100.68624750894412 -44.94761627735278 1
vertex 100.6615617677229 -44.71274291242173 1
endloop
endfacet
facet normal 0 0 -1
outer loop
vertex 100.8212953 -46.23253329999998 1
vertex 100.6615617677229 -44.71274291242173 1
vertex 100.63323004363492 -44.4431797135204 1
endloop
endfacet
facet normal 0 0 -1
outer loop
vertex 100.8212953 -46.23253329999998 1
vertex 100.63323004363492 -44.4431797135204 1
vertex 100.60202039512137 -44.14623440006986 1
endloop
endfacet
facet normal 0 0 -1
outer loop
vertex 100.8212953 -46.23253329999998 1
vertex 100.60202039512137 -44.14623440006986 1
vertex 100.56877889967173 -43.82995700650753 1
endloop
endfacet
facet normal 0 0 -1
outer loop
vertex 100.8212953 -46.23253329999998 1
vertex 100.56877889967173 -43.82995700650753 1
vertex 100.53440671709882 -43.50292165000037 1
endloop
endfacet
facet normal 0 0 -1
outer loop
vertex 100.8212953 -46.23253329999998 1
vertex 100.53440671709882 -43.50292165000037 1
vertex 100.5229117 -43.393551899999935 1
endloop
endfacet
facet normal 0 0 -1
outer loop
vertex 100.8212953 -46.23253329999998 1
vertex 100.5229117 -43.393551899999935 1
vertex 100.5229117 -43.39355189999992 0
endloop
endfacet
facet normal 0 0 -1
outer loop
vertex 100.8212953 -46.23253329999998 1
vertex 100.5229117 -43.39355189999992 0
vertex 100.53440671709879 -43.50292165000009 0
endloop
endfacet
facet normal 0 0 -1
outer loop
vertex 100.8212953 -46.23253329999998 1
vertex 100.53440671709879 -43.50292165000009 0
vertex 100.56877889967171 -43.82995700650746 0
endloop
endfacet
facet normal 0 0 -1
outer loop
vertex 100.8212953 -46.23253329999998 1
vertex 100.56877889967171 -43.82995700650746 0
vertex 100.60202039512139 -44.14623440006993 0
endloop
endfacet
facet normal 0 0 -1
outer loop
vertex 100.8212953 -46.23253329999998 1
vertex 100.60202039512139 -44.14623440006993 0
vertex 100.63323004363492 -44.44317971352042 0
endloop
endfacet
facet normal 0 0 -1
outer loop
vertex 100.8212953 -46.23253329999998 1
vertex 100.63323004363492 -44.44317971352042 0
vertex 100.66156176772289 -44.712742912421646 0
endloop
endfacet
facet normal 0 0 -1
outer loop
vertex 100.8212953 -46.23253329999998 1
vertex 100.66156176772289 -44.712742912421646 0
vertex 100.6862475089441 -44.94761627735275 0
endloop
endfacet
facet normal 0 0 -1
outer loop
vertex 100.8212953 -46.23253329999998 1
vertex 100.6862475089441 -44.94761627735275 0
vertex 100.70661804957422 -45.141432512416685 0
endloop
endfacet
facet normal 0 0 -1
outer loop
vertex 100.8212953 -46.23253329999998 1
vertex 100.70661804957422 -45.141432512416685 0
vertex 100.72212115475331 -45.288937359350896 0
endloop
endfacet
facet normal 0 0 -1
outer loop
vertex 100.8212953 -46.23253329999998 1
vertex 100.72212115475331 -45.288937359350896 0
vertex 100.73233654328845 -45.386132037761655 0
endloop
endfacet
facet normal 0 0 -1
outer loop
vertex 100.8212953 -46.23253329999998 1
vertex 100.73233654328845 -45.386132037761655 0
vertex 100.73698745467914 -45.430383299999995 0
endloop
endfacet
facet normal 0 0 -1
outer loop
vertex 100.8212953 -46.23253329999998 1
vertex 100.73698745467914 -45.430383299999995 0
vertex 100.8212953 -46.23253329999991 0
endloop
endfacet
facet normal -0.9996821543388146 -0.02521091621711946 0
outer loop
vertex 100.82930493890095 -46.55013750775725 1
vertex 100.8212953 -46.23253329999998 1
vertex 100.8212953 -46.23253329999991 0
endloop
endfacet
facet normal -0.9996821543388146 -0.02521091621711946 0
outer loop
vertex 100.82930493890095 -46.55013750775725 1
vertex 100.8212953 -46.23253329999991 0
vertex 100.82930493890095 -46.55013750775721 0
endloop
endfacet
facet normal -0.9910605354457838 0.13341294945362836 0
outer loop
vertex 100.78691940727771 -46.86499920474931 1
vertex 100.82930493890095 -46.55013750775725 1
vertex 100.82930493890095 -46.55013750775721 0
endloop
endfacet
facet normal -0.9910605354457838 0.13341294945362836 0
outer loop
vertex 100.78691940727771 -46.86499920474931 1
vertex 100.82930493890095 -46.55013750775721 0
vertex 100.7869194072777 -46.86499920474937 0
endloop
endfacet
facet normal -0.9574307063973765 0.2886631989835569 0
outer loop
vertex 100.69521059490911 -47.16917664516463 1
vertex 100.78691940727771 -46.86499920474931 1
vertex 100.7869194072777 -46.86499920474937 0
endloop
endfacet
facet normal -0.9574307063973765 0.2886631989835569 0
outer loop
vertex 100.69521059490911 -47.16917664516463 1
vertex 100.7869194072777 -46.86499920474937 0
vertex 100.69521059490913 -47.16917664516461 0
endloop
endfacet
facet normal -0.8996414487241825 0.4366294352622761 0
outer loop
vertex 100.55649264577653 -47.45499433550597 1
vertex 100.69521059490911 -47.16917664516463 1
vertex 100.69521059490913 -47.16917664516461 0
endloop
endfacet
facet normal -0.8996414487241825 0.4366294352622761 0
outer loop
vertex 100.55649264577653 -47.45499433550597 1
vertex 100.69521059490913 -47.16917664516461 0
vertex 100.5564926457765 -47.45499433550599 0
endloop
endfacet
facet normal -0.8191509937495322 0.5735779366739571 0
outer loop
vertex 100.3742659138673 -47.715240064964746 1
vertex 100.55649264577653 -47.45499433550597 1
vertex 100.5564926457765 -47.45499433550599 0
endloop
endfacet
facet normal -0.8191509937495322 0.5735779366739571 0
outer loop
vertex 100.3742659138673 -47.715240064964746 1
vertex 100.5564926457765 -47.45499433550599 0
vertex 100.37426591386733 -47.71524006496469 0
endloop
endfacet
facet normal -0.7179904058512393 0.6960529987763665 0
outer loop
vertex 100.15312863662481 -47.94334689550106 1
vertex 100.3742659138673 -47.715240064964746 1
vertex 100.37426591386733 -47.71524006496469 0
endloop
endfacet
facet normal -0.7179904058512393 0.6960529987763665 0
outer loop
vertex 100.15312863662481 -47.94334689550106 1
vertex 100.37426591386733 -47.71524006496469 0
vertex 100.15312863662474 -47.94334689550111 0
endloop
endfacet
facet normal -0.5987123313843775 0.8009641341834747 0
outer loop
vertex 99.89866090483741 -48.133558869369075 1
vertex 100.15312863662481 -47.94334689550106 1
vertex 100.15312863662474 -47.94334689550111 0
endloop
endfacet
facet normal -0.5987123313843775 0.8009641341834747 0
outer loop
vertex 99.89866090483741 -48.133558869369075 1
vertex 100.15312863662474 -47.94334689550111 0
vertex 99.89866090483747 -48.13355886936903 0
endloop
endfacet
facet normal -0.46432658621071626 0.8856640567042915 0
outer loop
vertex 99.61728385683175 -48.28107625268109 1
vertex 99.89866090483741 -48.133558869369075 1
vertex 99.89866090483747 -48.13355886936903 0
endloop
endfacet
facet normal -0.46432658621071626 0.8856640567042915 0
outer loop
vertex 99.61728385683175 -48.28107625268109 1
vertex 99.89866090483747 -48.13355886936903 0
vertex 99.61728385683172 -48.2810762526811 0
endloop
endfacet
facet normal -0.3182242071926991 0.9480154819181901 0
outer loop
vertex 99.31609764999979 -48.382176650000076 1
vertex 99.61728385683175 -48.28107625268109 1
vertex 99.61728385683172 -48.2810762526811 0
endloop
endfacet
facet normal -0.3182242071926991 0.9480154819181901 0
outer loop
vertex 99.31609764999979 -48.382176650000076 1
vertex 99.61728385683172 -48.2810762526811 0
vertex 99.31609764999999 -48.38217665000001 0
endloop
endfacet
facet normal -0.24192208722266223 0.9702956784989978 0
outer loop
vertex 77.65531969999974 -53.78281970000008 1
vertex 99.31609764999979 -48.382176650000076 1
vertex 99.31609764999999 -48.38217665000001 0
endloop
endfacet
facet normal -0.24192208722266223 0.9702956784989978 0
outer loop
vertex 77.65531969999974 -53.78281970000008 1
vertex 99.31609764999999 -48.38217665000001 0
vertex 77.65531969999982 -53.78281970000005 0
endloop
endfacet
facet normal -0.3172890919508691 0.9483288628577078 0
outer loop
vertex 77.3576966800077 -53.882397537874155 1
vertex 77.65531969999974 -53.78281970000008 1
vertex 77.65531969999982 -53.78281970000005 0
endloop
endfacet
facet normal -0.3172890919508691 0.9483288628577078 0
outer loop
vertex 77.3576966800077 -53.882397537874155 1
vertex 77.65531969999982 -53.78281970000005 0
vertex 77.35769668000773 -53.88239753787414 0
endloop
endfacet
facet normal -0.46175141216065135 0.8870093761441556 0
outer loop
vertex 77.07932084940454 -54.02731193940075 1
vertex 77.3576966800077 -53.882397537874155 1
vertex 77.35769668000773 -53.88239753787414 0
endloop
endfacet
facet normal -0.46175141216065135 0.8870093761441556 0
outer loop
vertex 77.07932084940454 -54.02731193940075 1
vertex 77.35769668000773 -53.88239753787414 0
vertex 77.07932084940451 -54.02731193940076 0
endloop
endfacet
facet normal -0.5948253307349043 0.8038549781621754 0
outer loop
vertex 76.82704189582321 -54.21398978065085 1
vertex 77.07932084940454 -54.02731193940075 1
vertex 77.07932084940451 -54.02731193940076 0
endloop
endfacet
facet normal -0.5948253307349043 0.8038549781621754 0
outer loop
vertex 76.82704189582321 -54.21398978065085 1
vertex 77.07932084940451 -54.02731193940076 0
vertex 76.82704189582331 -54.21398978065078 0
endloop
endfacet
facet normal -0.7132526738301386 0.7009070004459637 0
outer loop
vertex 76.6070717650983 -54.43783443308332 1
vertex 76.82704189582321 -54.21398978065085 1
vertex 76.82704189582331 -54.21398978065078 0
endloop
endfacet
facet normal -0.7132526738301386 0.7009070004459637 0
outer loop
vertex 76.6070717650983 -54.43783443308332 1
vertex 76.82704189582331 -54.21398978065078 0
vertex 76.60707176509827 -54.43783443308338 0
endloop
endfacet
facet normal -0.814117366878234 0.580700364170069 0
outer loop
vertex 76.42482685252465 -54.69333409780879 1
vertex 76.6070717650983 -54.43783443308332 1
vertex 76.60707176509827 -54.43783443308338 0
endloop
endfacet
facet normal -0.814117366878234 0.580700364170069 0
outer loop
vertex 76.42482685252465 -54.69333409780879 1
vertex 76.60707176509827 -54.43783443308338 0
vertex 76.4248268525246 -54.693334097808865 0
endloop
endfacet
facet normal -0.8949357860932639 0.44619495601097026 0
outer loop
vertex 76.28479463321435 -54.974197524386305 1
vertex 76.42482685252465 -54.69333409780879 1
vertex 76.4248268525246 -54.693334097808865 0
endloop
endfacet
facet normal -0.8949357860932639 0.44619495601097026 0
outer loop
vertex 76.28479463321435 -54.974197524386305 1
vertex 76.4248268525246 -54.693334097808865 0
vertex 76.28479463321439 -54.97419752438622 0
endloop
endfacet
facet normal -0.9537179135388931 0.300702745905355 0
outer loop
vertex 76.19042316555301 -55.27350892230714 1
vertex 76.28479463321435 -54.974197524386305 1
vertex 76.28479463321439 -54.97419752438622 0
endloop
endfacet
facet normal -0.9537179135388931 0.300702745905355 0
outer loop
vertex 76.19042316555301 -55.27350892230714 1
vertex 76.28479463321439 -54.97419752438622 0
vertex 76.19042316555301 -55.27350892230721 0
endloop
endfacet
facet normal -0.9890163379803483 0.14780623534865345 0
outer loop
vertex 76.14403618854907 -55.583898250728936 1
vertex 76.19042316555301 -55.27350892230714 1
vertex 76.19042316555301 -55.27350892230721 0
endloop
endfacet
facet normal -0.9890163379803483 0.14780623534865345 0
outer loop
vertex 76.14403618854907 -55.583898250728936 1
vertex 76.19042316555301 -55.27350892230721 0
vertex 76.14403618854905 -55.58389825072908 0
endloop
endfacet
facet normal -0.9999618949567864 -0.00872975569147627 0
outer loop
vertex 76.14677590366024 -55.897722693363804 1
vertex 76.14403618854907 -55.583898250728936 1
vertex 76.14403618854905 -55.58389825072908 0
endloop
endfacet
facet normal -0.9999618949567864 -0.00872975569147627 0
outer loop
vertex 76.14677590366024 -55.897722693363804 1
vertex 76.14403618854905 -55.58389825072908 0
vertex 76.14677590366023 -55.897722693363654 0
endloop
endfacet
facet normal -0.9862850684975069 -0.16505079114887167 0
outer loop
vertex 76.19857485000004 -56.20725485000013 1
vertex 76.14677590366024 -55.897722693363804 1
vertex 76.14677590366023 -55.897722693363654 0
endloop
endfacet
facet normal -0.9862850684975069 -0.16505079114887167 0
outer loop
vertex 76.19857485000004 -56.20725485000013 1
vertex 76.14677590366023 -55.897722693363654 0
vertex 76.19857485000006 -56.207254850000204 0
endloop
endfacet
facet normal 0 0 -1
outer loop
vertex 89.62523720000002 -110.05866770000007 1
vertex 87.61365461510499 -101.99064890000005 1
vertex 87.60047295698055 -101.93778014563632 1
endloop
endfacet
facet normal 0 0 -1
outer loop
vertex 89.62523720000002 -110.05866770000007 1
vertex 87.60047295698055 -101.93778014563632 1
vertex 87.5656173762022 -101.79798201698068 1
endloop
endfacet
facet normal 0 0 -1
outer loop
vertex 89.62523720000002 -110.05866770000007 1
vertex 87.5656173762022 -101.79798201698068 1
vertex 87.49545906785397 -101.51659235146053 1
endloop
endfacet
facet normal 0 0 -1
outer loop
vertex 89.62523720000002 -110.05866770000007 1
vertex 87.49545906785397 -101.51659235146053 1
vertex 87.43080080056792 -101.25726215047533 1
endloop
endfacet
facet normal 0 0 -1
outer loop
vertex 89.62523720000002 -110.05866770000007 1
vertex 87.43080080056792 -101.25726215047533 1
vertex 87.37412735529261 -101.02995732820484 1
endloop
endfacet
facet normal 0 0 -1
outer loop
vertex 89.62523720000002 -110.05866770000007 1
vertex 87.37412735529261 -101.02995732820484 1
vertex 87.32761666076048 -100.84341308154849 1
endloop
endfacet
facet normal 0 0 -1
outer loop
vertex 89.62523720000002 -110.05866770000007 1
vertex 87.32761666076048 -100.84341308154849 1
vertex 87.29305609686527 -100.70479820123535 1
endloop
endfacet
facet normal 0 0 -1
outer loop
vertex 89.62523720000002 -110.05866770000007 1
vertex 87.29305609686527 -100.70479820123535 1
vertex 87.27177380669899 -100.61943957939303 1
endloop
endfacet
facet normal 0 0 -1
outer loop
vertex 89.62523720000002 -110.05866770000007 1
vertex 87.27177380669899 -100.61943957939303 1
vertex 87.26458765674012 -100.59061749999984 1
endloop
endfacet
facet normal 0 0 -1
outer loop
vertex 89.62523720000002 -110.05866770000007 1
vertex 87.26458765674012 -100.59061749999984 1
vertex 86.62790502629893 -98.0370224 1
endloop
endfacet
facet normal 0 0 -1
outer loop
vertex 89.62523720000002 -110.05866770000007 1
vertex 86.62790502629893 -98.0370224 1
vertex 86.62071887633947 -98.00820032060446 1
endloop
endfacet
facet normal 0 0 -1
outer loop
vertex 89.62523720000002 -110.05866770000007 1
vertex 86.62071887633947 -98.00820032060446 1
vertex 86.5994365861751 -97.92284169876986 1
endloop
endfacet
facet normal 0 0 -1
outer loop
vertex 89.62523720000002 -110.05866770000007 1
vertex 86.5994365861751 -97.92284169876986 1
vertex 86.56487602227891 -97.78422681845281 1
endloop
endfacet
facet normal 0 0 -1
outer loop
vertex 89.62523720000002 -110.05866770000007 1
vertex 86.56487602227891 -97.78422681845281 1
vertex 86.51836532774202 -97.59768257177731 1
endloop
endfacet
facet normal 0 0 -1
outer loop
vertex 89.62523720000002 -110.05866770000007 1
vertex 86.51836532774202 -97.59768257177731 1
vertex 86.46169188247123 -97.37037774952499 1
endloop
endfacet
facet normal 0 0 -1
outer loop
vertex 89.62523720000002 -110.05866770000007 1
vertex 86.46169188247123 -97.37037774952499 1
vertex 86.39703361518752 -97.11104754854911 1
endloop
endfacet
facet normal 0 0 -1
outer loop
vertex 89.62523720000002 -110.05866770000007 1
vertex 86.39703361518752 -97.11104754854911 1
vertex 86.32687530683687 -96.82965788301927 1
endloop
endfacet
facet normal 0 0 -1
outer loop
vertex 89.62523720000002 -110.05866770000007 1
vertex 86.32687530683687 -96.82965788301927 1
vertex 86.2539131018686 -96.53702239999528 1
endloop
endfacet
facet normal 0 0 -1
outer loop
vertex 89.62523720000002 -110.05866770000007 1
vertex 86.2539131018686 -96.53702239999528 1
vertex 86.18095089690084 -96.24438691697327 1
endloop
endfacet
facet normal 0 0 -1
outer loop
vertex 89.62523720000002 -110.05866770000007 1
vertex 86.18095089690084 -96.24438691697327 1
vertex 86.11079258855008 -95.96299725144303 1
endloop
endfacet
facet normal 0 0 -1
outer loop
vertex 89.62523720000002 -110.05866770000007 1
vertex 86.11079258855008 -95.96299725144303 1
vertex 86.04613432126963 -95.70366705048023 1
endloop
endfacet
facet normal 0 0 -1
outer loop
vertex 89.62523720000002 -110.05866770000007 1
vertex 86.04613432126963 -95.70366705048023 1
vertex 85.98946087599944 -95.4763622282303 1
endloop
endfacet
facet normal 0 0 -1
outer loop
vertex 89.62523720000002 -110.05866770000007 1
vertex 85.98946087599944 -95.4763622282303 1
vertex 85.94295018145806 -95.28981798153683 1
endloop
endfacet
facet normal 0 0 -1
outer loop
vertex 89.62523720000002 -110.05866770000007 1
vertex 85.94295018145806 -95.28981798153683 1
vertex 85.90838961756577 -95.15120310123544 1
endloop
endfacet
facet normal 0 0 -1
outer loop
vertex 89.62523720000002 -110.05866770000007 1
vertex 85.90838961756577 -95.15120310123544 1
vertex 85.88710732739973 -95.06584447939407 1
endloop
endfacet
facet normal 0 0 -1
outer loop
vertex 89.62523720000002 -110.05866770000007 1
vertex 85.88710732739973 -95.06584447939407 1
vertex 85.87992117744058 -95.03702239999978 1
endloop
endfacet
facet normal 0 0 -1
outer loop
vertex 89.62523720000002 -110.05866770000007 1
vertex 85.87992117744058 -95.03702239999978 1
vertex 78.06134915229774 -63.67843610000031 1
endloop
endfacet
facet normal 0 0 -1
outer loop
vertex 89.62523720000002 -110.05866770000007 1
vertex 78.06134915229774 -63.67843610000031 1
vertex 78.05416300233824 -63.6496140206046 1
endloop
endfacet
facet normal 0 0 -1
outer loop
vertex 89.62523720000002 -110.05866770000007 1
vertex 78.05416300233824 -63.6496140206046 1
vertex 78.03288071217276 -63.56425539876553 1
endloop
endfacet
facet normal 0 0 -1
outer loop
vertex 89.62523720000002 -110.05866770000007 1
vertex 78.03288071217276 -63.56425539876553 1
vertex 77.9983201482795 -63.425640518460234 1
endloop
endfacet
facet normal 0 0 -1
outer loop
vertex 89.62523720000002 -110.05866770000007 1
vertex 77.9983201482795 -63.425640518460234 1
vertex 77.95180945374253 -63.23909627178445 1
endloop
endfacet
facet normal 0 0 -1
outer loop
vertex 89.62523720000002 -110.05866770000007 1
vertex 77.95180945374253 -63.23909627178445 1
vertex 77.89513600847067 -63.01179144952785 1
endloop
endfacet
facet normal 0 0 -1
outer loop
vertex 89.62523720000002 -110.05866770000007 1
vertex 77.89513600847067 -63.01179144952785 1
vertex 77.83047774118307 -62.75246124853637 1
endloop
endfacet
facet normal 0 0 -1
outer loop
vertex 89.62523720000002 -110.05866770000007 1
vertex 77.83047774118307 -62.75246124853637 1
vertex 77.76031943283847 -62.471071583030785 1
endloop
endfacet
facet normal 0 0 -1
outer loop
vertex 89.62523720000002 -110.05866770000007 1
vertex 77.76031943283847 -62.471071583030785 1
vertex 77.68735722786674 -62.178436099992894 1
endloop
endfacet
facet normal 0 0 -1
outer loop
vertex 89.62523720000002 -110.05866770000007 1
vertex 77.68735722786674 -62.178436099992894 1
vertex 77.61439502290163 -61.885800616981555 1
endloop
endfacet
facet normal 0 0 -1
outer loop
vertex 89.62523720000002 -110.05866770000007 1
vertex 77.61439502290163 -61.885800616981555 1
vertex 77.54423671455183 -61.60441095145513 1
endloop
endfacet
facet normal 0 0 -1
outer loop
vertex 89.62523720000002 -110.05866770000007 1
vertex 77.54423671455183 -61.60441095145513 1
vertex 77.47957844726402 -61.3450807504628 1
endloop
endfacet
facet normal 0 0 -1
outer loop
vertex 89.62523720000002 -110.05866770000007 1
vertex 77.47957844726402 -61.3450807504628 1
vertex 77.42290500199606 -61.117775928221775 1
endloop
endfacet
facet normal 0 0 -1
outer loop
vertex 89.62523720000002 -110.05866770000007 1
vertex 77.42290500199606 -61.117775928221775 1
vertex 77.37639430745854 -60.93123168154379 1
endloop
endfacet
facet normal 0 0 -1
outer loop
vertex 89.62523720000002 -110.05866770000007 1
vertex 77.37639430745854 -60.93123168154379 1
vertex 77.34183374356456 -60.79261680123564 1
endloop
endfacet
facet normal 0 0 -1
outer loop
vertex 89.62523720000002 -110.05866770000007 1
vertex 77.34183374356456 -60.79261680123564 1
vertex 77.32055145339868 -60.70725817939493 1
endloop
endfacet
facet normal 0 0 -1
outer loop
vertex 89.62523720000002 -110.05866770000007 1
vertex 77.32055145339868 -60.70725817939493 1
vertex 77.31336530343945 -60.67843610000034 1
endloop
endfacet
facet normal 0 0 -1
outer loop
vertex 89.62523720000002 -110.05866770000007 1
vertex 77.31336530343945 -60.67843610000034 1
vertex 77.30239661895176 -60.63444309999999 1
endloop
endfacet
facet normal 0 0 -1
outer loop
vertex 89.62523720000002 -110.05866770000007 1
vertex 77.30239661895176 -60.63444309999999 1
vertex 77.29521046899237 -60.60562102060471 1
endloop
endfacet
facet normal 0 0 -1
outer loop
vertex 89.62523720000002 -110.05866770000007 1
vertex 77.29521046899237 -60.60562102060471 1
vertex 77.27392817882696 -60.52026239876592 1
endloop
endfacet
facet normal 0 0 -1
outer loop
vertex 89.62523720000002 -110.05866770000007 1
vertex 77.27392817882696 -60.52026239876592 1
vertex 77.23936761493405 -60.38164751846209 1
endloop
endfacet
facet normal 0 0 -1
outer loop
vertex 89.62523720000002 -110.05866770000007 1
vertex 77.23936761493405 -60.38164751846209 1
vertex 77.19285692039219 -60.195103271766655 1
endloop
endfacet
facet normal 0 0 -1
outer loop
vertex 89.62523720000002 -110.05866770000007 1
vertex 77.19285692039219 -60.195103271766655 1
vertex 77.13618347512667 -59.96779844953546 1
endloop
endfacet
facet normal 0 0 -1
outer loop
vertex 89.62523720000002 -110.05866770000007 1
vertex 77.13618347512667 -59.96779844953546 1
vertex 77.07152520783985 -59.708468248547106 1
endloop
endfacet
facet normal 0 0 -1
outer loop
vertex 89.62523720000002 -110.05866770000007 1
vertex 77.07152520783985 -59.708468248547106 1
vertex 77.00136689949059 -59.42707858302285 1
endloop
endfacet
facet normal 0 0 -1
outer loop
vertex 89.62523720000002 -110.05866770000007 1
vertex 77.00136689949059 -59.42707858302285 1
vertex 76.9284046945226 -59.13444309999994 1
endloop
endfacet
facet normal 0 0 -1
outer loop
vertex 89.62523720000002 -110.05866770000007 1
vertex 76.9284046945226 -59.13444309999994 1
vertex 76.85544248955497 -58.841807616978514 1
endloop
endfacet
facet normal 0 0 -1
outer loop
vertex 89.62523720000002 -110.05866770000007 1
vertex 76.85544248955497 -58.841807616978514 1
vertex 76.7852841812039 -58.56041795144704 1
endloop
endfacet
facet normal 0 0 -1
outer loop
vertex 89.62523720000002 -110.05866770000007 1
vertex 76.7852841812039 -58.56041795144704 1
vertex 76.7206259139209 -58.30108775047398 1
endloop
endfacet
facet normal 0 0 -1
outer loop
vertex 89.62523720000002 -110.05866770000007 1
vertex 76.7206259139209 -58.30108775047398 1
vertex 76.6639524686505 -58.0737829282232 1
endloop
endfacet
facet normal 0 0 -1
outer loop
vertex 89.62523720000002 -110.05866770000007 1
vertex 76.6639524686505 -58.0737829282232 1
vertex 76.61744177411107 -57.887238681537546 1
endloop
endfacet
facet normal 0 0 -1
outer loop
vertex 89.62523720000002 -110.05866770000007 1
vertex 76.61744177411107 -57.887238681537546 1
vertex 76.58288121021896 -57.748623801236896 1
endloop
endfacet
facet normal 0 0 -1
outer loop
vertex 89.62523720000002 -110.05866770000007 1
vertex 76.58288121021896 -57.748623801236896 1
vertex 76.56159892005269 -57.6632651793946 1
endloop
endfacet
facet normal 0 0 -1
outer loop
vertex 89.62523720000002 -110.05866770000007 1
vertex 76.56159892005269 -57.6632651793946 1
vertex 76.55441277009345 -57.63444309999994 1
endloop
endfacet
facet normal 0 0 -1
outer loop
vertex 89.62523720000002 -110.05866770000007 1
vertex 76.55441277009345 -57.63444309999994 1
vertex 76.19857485000004 -56.20725485000013 1
endloop
endfacet
facet normal 0 0 -1
outer loop
vertex 89.62523720000002 -110.05866770000007 1
vertex 76.19857485000004 -56.20725485000013 1
vertex 76.19857485000006 -56.207254850000204 0
endloop
endfacet
facet normal 0 0 -1
outer loop
vertex 89.62523720000002 -110.05866770000007 1
vertex 76.19857485000006 -56.207254850000204 0
vertex 76.55441277009344 -57.63444309999995 0
endloop
endfacet
facet normal 0 0 -1
outer loop
vertex 89.62523720000002 -110.05866770000007 1
vertex 76.55441277009344 -57.63444309999995 0
vertex 76.56159892005267 -57.6632651793946 0
endloop
endfacet
facet normal 0 0 -1
outer loop
vertex 89.62523720000002 -110.05866770000007 1
vertex 76.56159892005267 -57.6632651793946 0
vertex 76.58288121021896 -57.74862380123691 0
endloop
endfacet
facet normal 0 0 -1
outer loop
vertex 89.62523720000002 -110.05866770000007 1
vertex 76.58288121021896 -57.74862380123691 0
vertex 76.61744177411106 -57.88723868153755 0
endloop
endfacet
facet normal 0 0 -1
outer loop
vertex 89.62523720000002 -110.05866770000007 1
vertex 76.61744177411106 -57.88723868153755 0
vertex 76.66395246865049 -58.07378292822322 0
endloop
endfacet
facet normal 0 0 -1
outer loop
vertex 89.62523720000002 -110.05866770000007 1
vertex 76.66395246865049 -58.07378292822322 0
vertex 76.7206259139209 -58.301087750474 0
endloop
endfacet
facet normal 0 0 -1
outer loop
vertex 89.62523720000002 -110.05866770000007 1
vertex 76.7206259139209 -58.301087750474 0
vertex 76.78528418120389 -58.56041795144699 0
endloop
endfacet
facet normal 0 0 -1
outer loop
vertex 89.62523720000002 -110.05866770000007 1
vertex 76.78528418120389 -58.56041795144699 0
vertex 76.85544248955496 -58.841807616978514 0
endloop
endfacet
facet normal 0 0 -1
outer loop
vertex 89.62523720000002 -110.05866770000007 1
vertex 76.85544248955496 -58.841807616978514 0
vertex 76.92840469452258 -59.13444309999996 0
endloop
endfacet
facet normal 0 0 -1
outer loop
vertex 89.62523720000002 -110.05866770000007 1
vertex 76.92840469452258 -59.13444309999996 0
vertex 77.0013668994906 -59.427078583022954 0
endloop
endfacet
facet normal 0 0 -1
outer loop
vertex 89.62523720000002 -110.05866770000007 1
vertex 77.0013668994906 -59.427078583022954 0
vertex 77.07152520783981 -59.70846824854701 0
endloop
endfacet
facet normal 0 0 -1
outer loop
vertex 89.62523720000002 -110.05866770000007 1
vertex 77.07152520783981 -59.70846824854701 0
vertex 77.13618347512666 -59.96779844953546 0
endloop
endfacet
facet normal 0 0 -1
outer loop
vertex 89.62523720000002 -110.05866770000007 1
vertex 77.13618347512666 -59.96779844953546 0
vertex 77.19285692039217 -60.19510327176668 0
endloop
endfacet
facet normal 0 0 -1
outer loop
vertex 89.62523720000002 -110.05866770000007 1
vertex 77.19285692039217 -60.19510327176668 0
vertex 77.23936761493404 -60.381647518462074 0
endloop
endfacet
facet normal 0 0 -1
outer loop
vertex 89.62523720000002 -110.05866770000007 1
vertex 77.23936761493404 -60.381647518462074 0
vertex 77.27392817882695 -60.52026239876594 0
endloop
endfacet
facet normal 0 0 -1
outer loop
vertex 89.62523720000002 -110.05866770000007 1
vertex 77.27392817882695 -60.52026239876594 0
vertex 77.29521046899235 -60.60562102060471 0
endloop
endfacet
facet normal 0 0 -1
outer loop
vertex 89.62523720000002 -110.05866770000007 1
vertex 77.29521046899235 -60.60562102060471 0
vertex 77.30239661895175 -60.63444309999999 0
endloop
endfacet
facet normal 0 0 -1
outer loop
vertex 89.62523720000002 -110.05866770000007 1
vertex 77.30239661895175 -60.63444309999999 0
vertex 77.31336530343944 -60.67843610000034 0
endloop
endfacet
facet normal 0 0 -1
outer loop
vertex 89.62523720000002 -110.05866770000007 1
vertex 77.31336530343944 -60.67843610000034 0
vertex 77.32055145339866 -60.70725817939494 0
endloop
endfacet
facet normal 0 0 -1
outer loop
vertex 89.62523720000002 -110.05866770000007 1
vertex 77.32055145339866 -60.70725817939494 0
vertex 77.34183374356455 -60.79261680123566 0
endloop
endfacet
facet normal 0 0 -1
outer loop
vertex 89.62523720000002 -110.05866770000007 1
vertex 77.34183374356455 -60.79261680123566 0
vertex 77.37639430745853 -60.93123168154379 0
endloop
endfacet
facet normal 0 0 -1
outer loop
vertex 89.62523720000002 -110.05866770000007 1
vertex 77.37639430745853 -60.93123168154379 0
vertex 77.42290500199601 -61.11777592822167 0
endloop
endfacet
facet normal 0 0 -1
outer loop
vertex 89.62523720000002 -110.05866770000007 1
vertex 77.42290500199601 -61.11777592822167 0
vertex 77.47957844726402 -61.34508075046286 0
endloop
endfacet
facet normal 0 0 -1
outer loop
vertex 89.62523720000002 -110.05866770000007 1
vertex 77.47957844726402 -61.34508075046286 0
vertex 77.54423671455177 -61.60441095145495 0
endloop
endfacet
facet normal 0 0 -1
outer loop
vertex 89.62523720000002 -110.05866770000007 1
vertex 77.54423671455177 -61.60441095145495 0
vertex 77.61439502290166 -61.88580061698172 0
endloop
endfacet
facet normal 0 0 -1
outer loop
vertex 89.62523720000002 -110.05866770000007 1
vertex 77.61439502290166 -61.88580061698172 0
vertex 77.68735722786673 -62.17843609999281 0
endloop
endfacet
facet normal 0 0 -1
outer loop
vertex 89.62523720000002 -110.05866770000007 1
vertex 77.68735722786673 -62.17843609999281 0
vertex 77.7603194328384 -62.47107158303051 0
endloop
endfacet
facet normal 0 0 -1
outer loop
vertex 89.62523720000002 -110.05866770000007 1
vertex 77.7603194328384 -62.47107158303051 0
vertex 77.83047774118312 -62.752461248536534 0
endloop
endfacet
facet normal 0 0 -1
outer loop
vertex 89.62523720000002 -110.05866770000007 1
vertex 77.83047774118312 -62.752461248536534 0
vertex 77.89513600847067 -63.011791449527806 0
endloop
endfacet
facet normal 0 0 -1
outer loop
vertex 89.62523720000002 -110.05866770000007 1
vertex 77.89513600847067 -63.011791449527806 0
vertex 77.95180945374251 -63.23909627178439 0
endloop
endfacet
facet normal 0 0 -1
outer loop
vertex 89.62523720000002 -110.05866770000007 1
vertex 77.95180945374251 -63.23909627178439 0
vertex 77.9983201482795 -63.42564051846024 0
endloop
endfacet
facet normal 0 0 -1
outer loop
vertex 89.62523720000002 -110.05866770000007 1
vertex 77.9983201482795 -63.42564051846024 0
vertex 78.03288071217276 -63.564255398765525 0
endloop
endfacet
facet normal 0 0 -1
outer loop
vertex 89.62523720000002 -110.05866770000007 1
vertex 78.03288071217276 -63.564255398765525 0
vertex 78.05416300233824 -63.64961402060461 0
endloop
endfacet
facet normal 0 0 -1
outer loop
vertex 89.62523720000002 -110.05866770000007 1
vertex 78.05416300233824 -63.64961402060461 0
vertex 78.06134915229774 -63.67843610000031 0
endloop
endfacet
facet normal 0 0 -1
outer loop
vertex 89.62523720000002 -110.05866770000007 1
vertex 78.06134915229774 -63.67843610000031 0
vertex 85.87992117744058 -95.0370223999998 0
endloop
endfacet
facet normal 0 0 -1
outer loop
vertex 89.62523720000002 -110.05866770000007 1
vertex 85.87992117744058 -95.0370223999998 0
vertex 85.88710732739973 -95.06584447939407 0
endloop
endfacet
facet normal 0 0 -1
outer loop
vertex 89.62523720000002 -110.05866770000007 1
vertex 85.88710732739973 -95.06584447939407 0
vertex 85.90838961756577 -95.15120310123544 0
endloop
endfacet
facet normal 0 0 -1
outer loop
vertex 89.62523720000002 -110.05866770000007 1
vertex 85.90838961756577 -95.15120310123544 0
vertex 85.94295018145807 -95.28981798153684 0
endloop
endfacet
facet normal 0 0 -1
outer loop
vertex 89.62523720000002 -110.05866770000007 1
vertex 85.94295018145807 -95.28981798153684 0
vertex 85.98946087599944 -95.4763622282303 0
endloop
endfacet
facet normal 0 0 -1
outer loop
vertex 89.62523720000002 -110.05866770000007 1
vertex 85.98946087599944 -95.4763622282303 0
vertex 86.04613432126966 -95.70366705048033 0
endloop
endfacet
facet normal 0 0 -1
outer loop
vertex 89.62523720000002 -110.05866770000007 1
vertex 86.04613432126966 -95.70366705048033 0
vertex 86.11079258855007 -95.96299725144299 0
endloop
endfacet
facet normal 0 0 -1
outer loop
vertex 89.62523720000002 -110.05866770000007 1
vertex 86.11079258855007 -95.96299725144299 0
vertex 86.18095089690084 -96.24438691697327 0
endloop
endfacet
facet normal 0 0 -1
outer loop
vertex 89.62523720000002 -110.05866770000007 1
vertex 86.18095089690084 -96.24438691697327 0
vertex 86.2539131018686 -96.5370223999953 0
endloop
endfacet
facet normal 0 0 -1
outer loop
vertex 89.62523720000002 -110.05866770000007 1
vertex 86.2539131018686 -96.5370223999953 0
vertex 86.32687530683684 -96.82965788301915 0
endloop
endfacet
facet normal 0 0 -1
outer loop
vertex 89.62523720000002 -110.05866770000007 1
vertex 86.32687530683684 -96.82965788301915 0
vertex 86.39703361518752 -97.11104754854915 0
endloop
endfacet
facet normal 0 0 -1
outer loop
vertex 89.62523720000002 -110.05866770000007 1
vertex 86.39703361518752 -97.11104754854915 0
vertex 86.46169188247123 -97.37037774952496 0
endloop
endfacet
facet normal 0 0 -1
outer loop
vertex 89.62523720000002 -110.05866770000007 1
vertex 86.46169188247123 -97.37037774952496 0
vertex 86.518365327742 -97.59768257177727 0
endloop
endfacet
facet normal 0 0 -1
outer loop
vertex 89.62523720000002 -110.05866770000007 1
vertex 86.518365327742 -97.59768257177727 0
vertex 86.56487602227891 -97.7842268184528 0
endloop
endfacet
facet normal 0 0 -1
outer loop
vertex 89.62523720000002 -110.05866770000007 1
vertex 86.56487602227891 -97.7842268184528 0
vertex 86.5994365861751 -97.92284169876986 0
endloop
endfacet
facet normal 0 0 -1
outer loop
vertex 89.62523720000002 -110.05866770000007 1
vertex 86.5994365861751 -97.92284169876986 0
vertex 86.62071887633947 -98.00820032060446 0
endloop
endfacet
facet normal 0 0 -1
outer loop
vertex 89.62523720000002 -110.05866770000007 1
vertex 86.62071887633947 -98.00820032060446 0
vertex 86.62790502629892 -98.0370224 0
endloop
endfacet
facet normal 0 0 -1
outer loop
vertex 89.62523720000002 -110.05866770000007 1
vertex 86.62790502629892 -98.0370224 0
vertex 87.2645876567401 -100.59061749999982 0
endloop
endfacet
facet normal 0 0 -1
outer loop
vertex 89.62523720000002 -110.05866770000007 1
vertex 87.2645876567401 -100.59061749999982 0
vertex 87.27177380669899 -100.61943957939303 0
endloop
endfacet
facet normal 0 0 -1
outer loop
vertex 89.62523720000002 -110.05866770000007 1
vertex 87.27177380669899 -100.61943957939303 0
vertex 87.29305609686527 -100.70479820123536 0
endloop
endfacet
facet normal 0 0 -1
outer loop
vertex 89.62523720000002 -110.05866770000007 1
vertex 87.29305609686527 -100.70479820123536 0
vertex 87.32761666076047 -100.8434130815484 0
endloop
endfacet
facet normal 0 0 -1
outer loop
vertex 89.62523720000002 -110.05866770000007 1
vertex 87.32761666076047 -100.8434130815484 0
vertex 87.37412735529263 -101.02995732820487 0
endloop
endfacet
facet normal 0 0 -1
outer loop
vertex 89.62523720000002 -110.05866770000007 1
vertex 87.37412735529263 -101.02995732820487 0
vertex 87.43080080056791 -101.25726215047527 0
endloop
endfacet
facet normal 0 0 -1
outer loop
vertex 89.62523720000002 -110.05866770000007 1
vertex 87.43080080056791 -101.25726215047527 0
vertex 87.49545906785393 -101.51659235146039 0
endloop
endfacet
facet normal 0 0 -1
outer loop
vertex 89.62523720000002 -110.05866770000007 1
vertex 87.49545906785393 -101.51659235146039 0
vertex 87.56561737620224 -101.79798201698088 0
endloop
endfacet
facet normal 0 0 -1
outer loop
vertex 89.62523720000002 -110.05866770000007 1
vertex 87.56561737620224 -101.79798201698088 0
vertex 87.60047295698054 -101.93778014563632 0
endloop
endfacet
facet normal 0 0 -1
outer loop
vertex 89.62523720000002 -110.05866770000007 1
vertex 87.60047295698054 -101.93778014563632 0
vertex 87.61365461510498 -101.99064890000005 0
endloop
endfacet
facet normal 0 0 -1
outer loop
vertex 89.62523720000002 -110.05866770000007 1
vertex 87.61365461510498 -101.99064890000005 0
vertex 89.62523719999997 -110.05866769999994 0
endloop
endfacet
facet normal -0.9483278366786091 -0.3172921590277159 0
outer loop
vertex 89.72481396928379 -110.35628432717326 1
vertex 89.62523720000002 -110.05866770000007 1
vertex 89.62523719999997 -110.05866769999994 0
endloop
endfacet
facet normal -0.9483278366786091 -0.3172921590277159 0
outer loop
vertex 89.72481396928379 -110.35628432717326 1
vertex 89.62523719999997 -110.05866769999994 0
vertex 89.72481396928383 -110.35628432717337 0
endloop
endfacet
facet normal -0.8870133519709624 -0.46174377464697625 0
outer loop
vertex 89.8697266444523 -110.63466269370907 1
vertex 89.72481396928379 -110.35628432717326 1
vertex 89.72481396928383 -110.35628432717337 0
endloop
endfacet
facet normal -0.8870133519709624 -0.46174377464697625 0
outer loop
vertex 89.8697266444523 -110.63466269370907 1
vertex 89.72481396928383 -110.35628432717337 0
vertex 89.86972664445229 -110.63466269370906 0
endloop
endfacet
facet normal -0.8038596665593135 -0.5948189947195275 0
outer loop
vertex 90.05640336106151 -110.88694428609271 1
vertex 89.8697266444523 -110.63466269370907 1
vertex 89.86972664445229 -110.63466269370906 0
endloop
endfacet
facet normal -0.8038596665593135 -0.5948189947195275 0
outer loop
vertex 90.05640336106151 -110.88694428609271 1
vertex 89.86972664445229 -110.63466269370906 0
vertex 90.05640336106148 -110.88694428609267 0
endloop
endfacet
facet normal -0.7009121027807672 -0.7132476597756514 0
outer loop
vertex 90.28024747572178 -111.1069170360222 1
vertex 90.05640336106151 -110.88694428609271 1
vertex 90.05640336106148 -110.88694428609267 0
endloop
endfacet
facet normal -0.7009121027807672 -0.7132476597756514 0
outer loop
vertex 90.28024747572178 -111.1069170360222 1
vertex 90.05640336106148 -110.88694428609267 0
vertex 90.28024747572178 -111.1069170360222 0
endloop
endfacet
facet normal -0.580705595077755 -0.814113635707811 0
outer loop
vertex 90.53574715177443 -111.28916443358032 1
vertex 90.28024747572178 -111.1069170360222 1
vertex 90.28024747572178 -111.1069170360222 0
endloop
endfacet
facet normal -0.580705595077755 -0.814113635707811 0
outer loop
vertex 90.53574715177443 -111.28916443358032 1
vertex 90.28024747572178 -111.1069170360222 0
vertex 90.53574715177439 -111.2891644335803 0
endloop
endfacet
facet normal -0.44620005435437043 -0.8949332441552035 0
outer loop
vertex 90.81661108027419 -111.42919890093444 1
vertex 90.53574715177443 -111.28916443358032 1
vertex 90.53574715177439 -111.2891644335803 0
endloop
endfacet
facet normal -0.44620005435437043 -0.8949332441552035 0
outer loop
vertex 90.81661108027419 -111.42919890093444 1
vertex 90.53574715177439 -111.2891644335803 0
vertex 90.81661108027421 -111.42919890093447 0
endloop
endfacet
facet normal -0.3007074844632741 -0.9537164194810582 0
outer loop
vertex 91.1159233943487 -111.52357229243295 1
vertex 90.81661108027419 -111.42919890093444 1
vertex 90.81661108027421 -111.42919890093447 0
endloop
endfacet
facet normal -0.3007074844632741 -0.9537164194810582 0
outer loop
vertex 91.1159233943487 -111.52357229243295 1
vertex 90.81661108027421 -111.42919890093447 0
vertex 91.11592339434874 -111.52357229243296 0
endloop
endfacet
facet normal -0.14781042891495141 -0.9890157112523431 0
outer loop
vertex 91.42631396238794 -111.56996080018975 1
vertex 91.1159233943487 -111.52357229243295 1
vertex 91.11592339434874 -111.52357229243296 0
endloop
endfacet
facet normal -0.14781042891495141 -0.9890157112523431 0
outer loop
vertex 91.42631396238794 -111.56996080018975 1
vertex 91.11592339434874 -111.52357229243296 0
vertex 91.42631396238801 -111.56996080018976 0
endloop
endfacet
facet normal 0.008726244060397903 -0.9999619256074695 0
outer loop
vertex 91.74013986684594 -111.56722217448346 1
vertex 91.42631396238794 -111.56996080018975 1
vertex 91.42631396238801 -111.56996080018976 0
endloop
endfacet
facet normal 0.008726244060397903 -0.9999619256074695 0
outer loop
vertex 91.74013986684594 -111.56722217448346 1
vertex 91.42631396238801 -111.56996080018976 0
vertex 91.7401398668459 -111.56722217448348 0
endloop
endfacet
facet normal 0.16504804593233738 -0.9862855278943907 0
outer loop
vertex 92.04967359999978 -111.51542385000005 1
vertex 91.74013986684594 -111.56722217448346 1
vertex 91.7401398668459 -111.56722217448348 0
endloop
endfacet
facet normal 0.16504804593233738 -0.9862855278943907 0
outer loop
vertex 92.04967359999978 -111.51542385000005 1
vertex 91.7401398668459 -111.56722217448348 0
vertex 92.04967360000009 -111.51542384999999 0
endloop
endfacet
facet normal -0.9951847266721969 0.0980171403295599 0
outer loop
vertex 104.16492062060497 -59.42707858302285 1
vertex 104.19374270000013 -59.13444309999994 1
vertex 104.19374270000013 -59.13444309999996 0
endloop
endfacet
facet normal -0.9951847266721969 0.0980171403295599 0
outer loop
vertex 104.16492062060497 -59.42707858302285 1
vertex 104.19374270000013 -59.13444309999996 0
vertex 104.16492062060509 -59.427078583022954 0
endloop
endfacet
facet normal -0.9951847266721984 -0.09801714032954582 0
outer loop
vertex 104.19374270000013 -59.13444309999994 1
vertex 104.16492062060526 -58.841807616978514 1
vertex 104.16492062060524 -58.841807616978514 0
endloop
endfacet
facet normal -0.9951847266721984 -0.09801714032954582 0
outer loop
vertex 104.19374270000013 -59.13444309999994 1
vertex 104.16492062060524 -58.841807616978514 0
vertex 104.19374270000013 -59.13444309999996 0
endloop
endfacet
facet normal -0.9569403357322133 -0.2902846772544479 0
outer loop
vertex 104.16492062060526 -58.841807616978514 1
vertex 104.0795619987649 -58.56041795144704 1
vertex 104.07956199876489 -58.56041795144699 0
endloop
endfacet
facet normal -0.9569403357322133 -0.2902846772544479 0
outer loop
vertex 104.16492062060526 -58.841807616978514 1
vertex 104.07956199876489 -58.56041795144699 0
vertex 104.16492062060524 -58.841807616978514 0
endloop
endfacet
facet normal -0.8819212643483568 -0.4713967368259944 0
outer loop
vertex 104.0795619987649 -58.56041795144704 1
vertex 103.94094711845645 -58.30108775047398 1
vertex 103.94094711845646 -58.301087750474 0
endloop
endfacet
facet normal -0.8819212643483568 -0.4713967368259944 0
outer loop
vertex 104.0795619987649 -58.56041795144704 1
vertex 103.94094711845646 -58.301087750474 0
vertex 104.07956199876489 -58.56041795144699 0
endloop
endfacet
facet normal -0.7730104533627332 -0.6343932841636499 0
outer loop
vertex 103.94094711845645 -58.30108775047398 1
vertex 103.75440287178215 -58.0737829282232 1
vertex 103.75440287178218 -58.07378292822322 0
endloop
endfacet
facet normal -0.7730104533627332 -0.6343932841636499 0
outer loop
vertex 103.94094711845645 -58.30108775047398 1
vertex 103.75440287178218 -58.07378292822322 0
vertex 103.94094711845646 -58.301087750474 0
endloop
endfacet
facet normal -0.634393284163652 -0.7730104533627318 0
outer loop
vertex 103.75440287178215 -58.0737829282232 1
vertex 103.52709804951753 -57.887238681537546 1
vertex 103.52709804951755 -57.88723868153755 0
endloop
endfacet
facet normal -0.634393284163652 -0.7730104533627318 0
outer loop
vertex 103.75440287178215 -58.0737829282232 1
vertex 103.52709804951755 -57.88723868153755 0
vertex 103.75440287178218 -58.07378292822322 0
endloop
endfacet
facet normal -0.4713967368259915 -0.8819212643483584 0
outer loop
vertex 103.52709804951753 -57.887238681537546 1
vertex 103.26776784855907 -57.748623801236896 1
vertex 103.26776784855909 -57.74862380123691 0
endloop
endfacet
facet normal -0.4713967368259915 -0.8819212643483584 0
outer loop
vertex 103.52709804951753 -57.887238681537546 1
vertex 103.26776784855909 -57.74862380123691 0
vertex 103.52709804951755 -57.88723868153755 0
endloop
endfacet
facet normal -0.29028467725446194 -0.956940335732209 0
outer loop
vertex 103.26776784855907 -57.748623801236896 1
vertex 102.98637818302119 -57.6632651793946 1
vertex 102.98637818302116 -57.6632651793946 0
endloop
endfacet
facet normal -0.29028467725446194 -0.956940335732209 0
outer loop
vertex 103.26776784855907 -57.748623801236896 1
vertex 102.98637818302116 -57.6632651793946 0
vertex 103.26776784855909 -57.74862380123691 0
endloop
endfacet
facet normal -0.09801714032955289 -0.9951847266721976 0
outer loop
vertex 102.98637818302119 -57.6632651793946 1
vertex 102.69374270000205 -57.63444309999994 1
vertex 102.69374270000202 -57.63444309999995 0
endloop
endfacet
facet normal -0.09801714032955289 -0.9951847266721976 0
outer loop
vertex 102.98637818302119 -57.6632651793946 1
vertex 102.69374270000202 -57.63444309999995 0
vertex 102.98637818302116 -57.6632651793946 0
endloop
endfacet
facet normal 0.09801714032955997 -0.9951847266721969 0
outer loop
vertex 102.69374270000205 -57.63444309999994 1
vertex 102.4011072169784 -57.6632651793946 1
vertex 102.4011072169829 -57.6632651793946 0
endloop
endfacet
facet normal 0.09801714032955997 -0.9951847266721969 0
outer loop
vertex 102.69374270000205 -57.63444309999994 1
vertex 102.4011072169829 -57.6632651793946 0
vertex 102.69374270000202 -57.63444309999995 0
endloop
endfacet
facet normal 0.2902846772544629 -0.9569403357322087 0
outer loop
vertex 102.4011072169784 -57.6632651793946 1
vertex 102.11971755145159 -57.748623801236896 1
vertex 102.1197175514416 -57.74862380123691 0
endloop
endfacet
facet normal 0.2902846772544629 -0.9569403357322087 0
outer loop
vertex 102.4011072169784 -57.6632651793946 1
vertex 102.1197175514416 -57.74862380123691 0
vertex 102.4011072169829 -57.6632651793946 0
endloop
endfacet
facet normal 0.4713967368260084 -0.8819212643483493 0
outer loop
vertex 102.11971755145159 -57.748623801236896 1
vertex 101.86038735046755 -57.887238681537546 1
vertex 101.86038735048767 -57.88723868153755 0
endloop
endfacet
facet normal 0.4713967368260084 -0.8819212643483493 0
outer loop
vertex 102.11971755145159 -57.748623801236896 1
vertex 101.86038735048767 -57.88723868153755 0
vertex 102.1197175514416 -57.74862380123691 0
endloop
endfacet
facet normal 0.6343932841636518 -0.7730104533627319 0
outer loop
vertex 101.86038735046755 -57.887238681537546 1
vertex 101.63308252822078 -58.0737829282232 1
vertex 101.63308252820693 -58.07378292822322 0
endloop
endfacet
facet normal 0.6343932841636518 -0.7730104533627319 0
outer loop
vertex 101.86038735046755 -57.887238681537546 1
vertex 101.63308252820693 -58.07378292822322 0
vertex 101.86038735048767 -57.88723868153755 0
endloop
endfacet
facet normal 0.7730104533627318 -0.6343932841636518 0
outer loop
vertex 101.63308252822078 -58.0737829282232 1
vertex 101.44653828154645 -58.30108775047398 1
vertex 101.44653828154534 -58.301087750474 0
endloop
endfacet
facet normal 0.7730104533627318 -0.6343932841636518 0
outer loop
vertex 101.63308252822078 -58.0737829282232 1
vertex 101.44653828154534 -58.301087750474 0
vertex 101.63308252820693 -58.07378292822322 0
endloop
endfacet
facet normal 0.8819212643483568 -0.4713967368259944 0
outer loop
vertex 101.44653828154645 -58.30108775047398 1
vertex 101.30792340123335 -58.56041795144704 1
vertex 101.30792340123712 -58.56041795144699 0
endloop
endfacet
facet normal 0.8819212643483568 -0.4713967368259944 0
outer loop
vertex 101.44653828154645 -58.30108775047398 1
vertex 101.30792340123712 -58.56041795144699 0
vertex 101.44653828154534 -58.301087750474 0
endloop
endfacet
facet normal 0.9569403357322133 -0.2902846772544479 0
outer loop
vertex 101.30792340123335 -58.56041795144704 1
vertex 101.222564779395 -58.841807616978514 1
vertex 101.22256477939375 -58.841807616978514 0
endloop
endfacet
facet normal 0.9569403357322133 -0.2902846772544479 0
outer loop
vertex 101.30792340123335 -58.56041795144704 1
vertex 101.22256477939375 -58.841807616978514 0
vertex 101.30792340123712 -58.56041795144699 0
endloop
endfacet
facet normal 0.9951847266721984 -0.09801714032954582 0
outer loop
vertex 101.222564779395 -58.841807616978514 1
vertex 101.19374269999963 -59.13444309999994 1
vertex 101.19374270000003 -59.13444309999996 0
endloop
endfacet
facet normal 0.9951847266721984 -0.09801714032954582 0
outer loop
vertex 101.222564779395 -58.841807616978514 1
vertex 101.19374270000003 -59.13444309999996 0
vertex 101.22256477939375 -58.841807616978514 0
endloop
endfacet
facet normal 0.9951847266721956 0.09801714032957415 0
outer loop
vertex 101.19374269999963 -59.13444309999994 1
vertex 101.22256477939435 -59.42707858302285 1
vertex 101.22256477939466 -59.427078583022954 0
endloop
endfacet
facet normal 0.9951847266721956 0.09801714032957415 0
outer loop
vertex 101.19374269999963 -59.13444309999994 1
vertex 101.22256477939466 -59.427078583022954 0
vertex 101.19374270000003 -59.13444309999996 0
endloop
endfacet
facet normal 0.9569403357322133 0.2902846772544479 0
outer loop
vertex 101.22256477939435 -59.42707858302285 1
vertex 101.3079234012325 -59.708468248547106 1
vertex 101.30792340123246 -59.70846824854701 0
endloop
endfacet
facet normal 0.9569403357322133 0.2902846772544479 0
outer loop
vertex 101.22256477939435 -59.42707858302285 1
vertex 101.30792340123246 -59.70846824854701 0
vertex 101.22256477939466 -59.427078583022954 0
endloop
endfacet
facet normal 0.8819212643483529 0.47139673682600136 0
outer loop
vertex 101.3079234012325 -59.708468248547106 1
vertex 101.44653828154914 -59.96779844953546 1
vertex 101.44653828154914 -59.96779844953546 0
endloop
endfacet
facet normal 0.8819212643483529 0.47139673682600136 0
outer loop
vertex 101.3079234012325 -59.708468248547106 1
vertex 101.44653828154914 -59.96779844953546 0
vertex 101.30792340123246 -59.70846824854701 0
endloop
endfacet
facet normal 0.7730104533627331 0.63439328416365 0
outer loop
vertex 101.44653828154914 -59.96779844953546 1
vertex 101.63308252820737 -60.195103271766655 1
vertex 101.63308252820738 -60.19510327176668 0
endloop
endfacet
facet normal 0.7730104533627331 0.63439328416365 0
outer loop
vertex 101.44653828154914 -59.96779844953546 1
vertex 101.63308252820738 -60.19510327176668 0
vertex 101.44653828154914 -59.96779844953546 0
endloop
endfacet
facet normal 0.6343932841636207 0.7730104533627574 0
outer loop
vertex 101.63308252820737 -60.195103271766655 1
vertex 101.86038735048392 -60.38164751846209 1
vertex 101.8603873504839 -60.381647518462074 0
endloop
endfacet
facet normal 0.6343932841636207 0.7730104533627574 0
outer loop
vertex 101.63308252820737 -60.195103271766655 1
vertex 101.8603873504839 -60.381647518462074 0
vertex 101.63308252820738 -60.19510327176668 0
endloop
endfacet
facet normal 0.471396736826014 0.8819212643483463 0
outer loop
vertex 101.86038735048392 -60.38164751846209 1
vertex 102.11971755144637 -60.52026239876592 1
vertex 102.11971755144835 -60.52026239876594 0
endloop
endfacet
facet normal 0.471396736826014 0.8819212643483463 0
outer loop
vertex 101.86038735048392 -60.38164751846209 1
vertex 102.11971755144835 -60.52026239876594 0
vertex 101.8603873504839 -60.381647518462074 0
endloop
endfacet
facet normal 0.2902846772544479 0.9569403357322133 0
outer loop
vertex 102.11971755144637 -60.52026239876592 1
vertex 102.40110721697611 -60.60562102060471 1
vertex 102.4011072169761 -60.60562102060471 0
endloop
endfacet
facet normal 0.2902846772544479 0.9569403357322133 0
outer loop
vertex 102.11971755144637 -60.52026239876592 1
vertex 102.4011072169761 -60.60562102060471 0
vertex 102.11971755144835 -60.52026239876594 0
endloop
endfacet
facet normal 0.09801714032955997 0.9951847266721969 0
outer loop
vertex 102.40110721697611 -60.60562102060471 1
vertex 102.69374270000162 -60.63444309999999 1
vertex 102.69374270000161 -60.63444309999999 0
endloop
endfacet
facet normal 0.09801714032955997 0.9951847266721969 0
outer loop
vertex 102.40110721697611 -60.60562102060471 1
vertex 102.69374270000161 -60.63444309999999 0
vertex 102.4011072169761 -60.60562102060471 0
endloop
endfacet
facet normal -0.09801714032955997 0.9951847266721969 0
outer loop
vertex 102.69374270000162 -60.63444309999999 1
vertex 102.98637818302707 -60.60562102060471 1
vertex 102.98637818302218 -60.60562102060471 0
endloop
endfacet
facet normal -0.09801714032955997 0.9951847266721969 0
outer loop
vertex 102.69374270000162 -60.63444309999999 1
vertex 102.98637818302218 -60.60562102060471 0
vertex 102.69374270000161 -60.63444309999999 0
endloop
endfacet
facet normal -0.2902846772544619 0.956940335732209 0
outer loop
vertex 102.98637818302707 -60.60562102060471 1
vertex 103.26776784854891 -60.52026239876592 1
vertex 103.26776784855004 -60.52026239876594 0
endloop
endfacet
facet normal -0.2902846772544619 0.956940335732209 0
outer loop
vertex 102.98637818302707 -60.60562102060471 1
vertex 103.26776784855004 -60.52026239876594 0
vertex 102.98637818302218 -60.60562102060471 0
endloop
endfacet
facet normal -0.4713967368259944 0.8819212643483568 0
outer loop
vertex 103.26776784854891 -60.52026239876592 1
vertex 103.5270980495145 -60.38164751846209 1
vertex 103.52709804952629 -60.381647518462074 0
endloop
endfacet
facet normal -0.4713967368259944 0.8819212643483568 0
outer loop
vertex 103.26776784854891 -60.52026239876592 1
vertex 103.52709804952629 -60.381647518462074 0
vertex 103.26776784855004 -60.52026239876594 0
endloop
endfacet
facet normal -0.6343932841636448 0.7730104533627375 0
outer loop
vertex 103.5270980495145 -60.38164751846209 1
vertex 103.75440287179984 -60.195103271766655 1
vertex 103.75440287178125 -60.19510327176668 0
endloop
endfacet
facet normal -0.6343932841636448 0.7730104533627375 0
outer loop
vertex 103.5270980495145 -60.38164751846209 1
vertex 103.75440287178125 -60.19510327176668 0
vertex 103.52709804952629 -60.381647518462074 0
endloop
endfacet
facet normal -0.7730104533627191 0.6343932841636674 0
outer loop
vertex 103.75440287179984 -60.195103271766655 1
vertex 103.94094711844407 -59.96779844953546 1
vertex 103.94094711845389 -59.96779844953546 0
endloop
endfacet
facet normal -0.7730104533627191 0.6343932841636674 0
outer loop
vertex 103.75440287179984 -60.195103271766655 1
vertex 103.94094711845389 -59.96779844953546 0
vertex 103.75440287178125 -60.19510327176668 0
endloop
endfacet
facet normal -0.8819212643483568 0.4713967368259944 0
outer loop
vertex 103.94094711844407 -59.96779844953546 1
vertex 104.07956199876836 -59.708468248547106 1
vertex 104.07956199876728 -59.70846824854701 0
endloop
endfacet
facet normal -0.8819212643483568 0.4713967368259944 0
outer loop
vertex 103.94094711844407 -59.96779844953546 1
vertex 104.07956199876728 -59.70846824854701 0
vertex 103.94094711845389 -59.96779844953546 0
endloop
endfacet
facet normal -0.9569403357322133 0.2902846772544479 0
outer loop
vertex 104.07956199876836 -59.708468248547106 1
vertex 104.16492062060497 -59.42707858302285 1
vertex 104.16492062060509 -59.427078583022954 0
endloop
endfacet
facet normal -0.9569403357322133 0.2902846772544479 0
outer loop
vertex 104.07956199876836 -59.708468248547106 1
vertex 104.16492062060509 -59.427078583022954 0
vertex 104.07956199876728 -59.70846824854701 0
endloop
endfacet
facet normal -0.9951847266721956 0.09801714032957415 0
outer loop
vertex 120.14854162060293 -96.82965788301927 1
vertex 120.17736369999938 -96.53702239999528 1
vertex 120.17736369999939 -96.5370223999953 0
endloop
endfacet
facet normal -0.9951847266721956 0.09801714032957415 0
outer loop
vertex 120.14854162060293 -96.82965788301927 1
vertex 120.17736369999939 -96.5370223999953 0
vertex 120.14854162060426 -96.82965788301915 0
endloop
endfacet
facet normal -0.9951847266721969 -0.09801714032956006 0
outer loop
vertex 120.17736369999938 -96.53702239999528 1
vertex 120.14854162060445 -96.24438691697327 1
vertex 120.14854162060445 -96.24438691697327 0
endloop
endfacet
facet normal -0.9951847266721969 -0.09801714032956006 0
outer loop
vertex 120.17736369999938 -96.53702239999528 1
vertex 120.14854162060445 -96.24438691697327 0
vertex 120.17736369999939 -96.5370223999953 0
endloop
endfacet
facet normal -0.956940335732209 -0.2902846772544619 0
outer loop
vertex 120.14854162060445 -96.24438691697327 1
vertex 120.06318299876447 -95.96299725144303 1
vertex 120.06318299876446 -95.96299725144299 0
endloop
endfacet
facet normal -0.956940335732209 -0.2902846772544619 0
outer loop
vertex 120.14854162060445 -96.24438691697327 1
vertex 120.06318299876446 -95.96299725144299 0
vertex 120.14854162060445 -96.24438691697327 0
endloop
endfacet
facet normal -0.8819212643483455 -0.4713967368260154 0
outer loop
vertex 120.06318299876447 -95.96299725144303 1
vertex 119.92456811846148 -95.70366705048023 1
vertex 119.92456811846156 -95.70366705048033 0
endloop
endfacet
facet normal -0.8819212643483455 -0.4713967368260154 0
outer loop
vertex 120.06318299876447 -95.96299725144303 1
vertex 119.92456811846156 -95.70366705048033 0
vertex 120.06318299876446 -95.96299725144299 0
endloop
endfacet
facet normal -0.7730104533627252 -0.6343932841636599 0
outer loop
vertex 119.92456811846148 -95.70366705048023 1
vertex 119.73802387178787 -95.4763622282303 1
vertex 119.73802387178787 -95.4763622282303 0
endloop
endfacet
facet normal -0.7730104533627252 -0.6343932841636599 0
outer loop
vertex 119.92456811846148 -95.70366705048023 1
vertex 119.73802387178787 -95.4763622282303 0
vertex 119.92456811846156 -95.70366705048033 0
endloop
endfacet
facet normal -0.6343932841636745 -0.7730104533627132 0
outer loop
vertex 119.73802387178787 -95.4763622282303 1
vertex 119.51071904951374 -95.28981798153683 1
vertex 119.51071904951375 -95.28981798153684 0
endloop
endfacet
facet normal -0.6343932841636745 -0.7730104533627132 0
outer loop
vertex 119.73802387178787 -95.4763622282303 1
vertex 119.51071904951375 -95.28981798153684 0
vertex 119.73802387178787 -95.4763622282303 0
endloop
endfacet
facet normal -0.4713967368260014 -0.881921264348353 0
outer loop
vertex 119.51071904951374 -95.28981798153683 1
vertex 119.25138884855392 -95.15120310123544 1
vertex 119.25138884855389 -95.15120310123544 0
endloop
endfacet
facet normal -0.4713967368260014 -0.881921264348353 0
outer loop
vertex 119.51071904951374 -95.28981798153683 1
vertex 119.25138884855389 -95.15120310123544 0
vertex 119.51071904951375 -95.28981798153684 0
endloop
endfacet
facet normal -0.2902846772544619 -0.956940335732209 0
outer loop
vertex 119.25138884855392 -95.15120310123544 1
vertex 118.96999918301911 -95.06584447939407 1
vertex 118.96999918301906 -95.06584447939407 0
endloop
endfacet
facet normal -0.2902846772544619 -0.956940335732209 0
outer loop
vertex 119.25138884855392 -95.15120310123544 1
vertex 118.96999918301906 -95.06584447939407 0
vertex 119.25138884855389 -95.15120310123544 0
endloop
endfacet
facet normal -0.09801714032957423 -0.9951847266721956 0
outer loop
vertex 118.96999918301911 -95.06584447939407 1
vertex 118.67736370000384 -95.03702239999978 1
vertex 118.6773637000038 -95.0370223999998 0
endloop
endfacet
facet normal -0.09801714032957423 -0.9951847266721956 0
outer loop
vertex 118.96999918301911 -95.06584447939407 1
vertex 118.6773637000038 -95.0370223999998 0
vertex 118.96999918301906 -95.06584447939407 0
endloop
endfacet
facet normal 0.09801714032956006 -0.9951847266721969 0
outer loop
vertex 118.67736370000384 -95.03702239999978 1
vertex 118.3847282169782 -95.06584447939407 1
vertex 118.38472821698853 -95.06584447939407 0
endloop
endfacet
facet normal 0.09801714032956006 -0.9951847266721969 0
outer loop
vertex 118.67736370000384 -95.03702239999978 1
vertex 118.38472821698853 -95.06584447939407 0
vertex 118.6773637000038 -95.0370223999998 0
endloop
endfacet
facet normal 0.2902846772544629 -0.9569403357322087 0
outer loop
vertex 118.3847282169782 -95.06584447939407 1
vertex 118.10333855144587 -95.15120310123544 1
vertex 118.10333855144349 -95.15120310123544 0
endloop
endfacet
facet normal 0.2902846772544629 -0.9569403357322087 0
outer loop
vertex 118.3847282169782 -95.06584447939407 1
vertex 118.10333855144349 -95.15120310123544 0
vertex 118.38472821698853 -95.06584447939407 0
endloop
endfacet
facet normal 0.47139673682600836 -0.8819212643483493 0
outer loop
vertex 118.10333855144587 -95.15120310123544 1
vertex 117.84400835047353 -95.28981798153683 1
vertex 117.844008350486 -95.28981798153684 0
endloop
endfacet
facet normal 0.47139673682600836 -0.8819212643483493 0
outer loop
vertex 118.10333855144587 -95.15120310123544 1
vertex 117.844008350486 -95.28981798153684 0
vertex 118.10333855144349 -95.15120310123544 0
endloop
endfacet
facet normal 0.6343932841636603 -0.7730104533627248 0
outer loop
vertex 117.84400835047353 -95.28981798153683 1
vertex 117.61670352822122 -95.4763622282303 1
vertex 117.61670352819965 -95.4763622282303 0
endloop
endfacet
facet normal 0.6343932841636603 -0.7730104533627248 0
outer loop
vertex 117.84400835047353 -95.28981798153683 1
vertex 117.61670352819965 -95.4763622282303 0
vertex 117.844008350486 -95.28981798153684 0
endloop
endfacet
facet normal 0.7730104533627319 -0.6343932841636518 0
outer loop
vertex 117.61670352822122 -95.4763622282303 1
vertex 117.43015928154703 -95.70366705048023 1
vertex 117.43015928154739 -95.70366705048033 0
endloop
endfacet
facet normal 0.7730104533627319 -0.6343932841636518 0
outer loop
vertex 117.61670352822122 -95.4763622282303 1
vertex 117.43015928154739 -95.70366705048033 0
vertex 117.61670352819965 -95.4763622282303 0
endloop
endfacet
facet normal 0.8819212643483584 -0.4713967368259914 0
outer loop
vertex 117.43015928154703 -95.70366705048023 1
vertex 117.29154440123403 -95.96299725144303 1
vertex 117.29154440124394 -95.96299725144299 0
endloop
endfacet
facet normal 0.8819212643483584 -0.4713967368259914 0
outer loop
vertex 117.43015928154703 -95.70366705048023 1
vertex 117.29154440124394 -95.96299725144299 0
vertex 117.43015928154739 -95.70366705048033 0
endloop
endfacet
facet normal 0.9569403357322133 -0.2902846772544479 0
outer loop
vertex 117.29154440123403 -95.96299725144303 1
vertex 117.20618577939507 -96.24438691697327 1
vertex 117.20618577939415 -96.24438691697327 0
endloop
endfacet
facet normal 0.9569403357322133 -0.2902846772544479 0
outer loop
vertex 117.29154440123403 -95.96299725144303 1
vertex 117.20618577939415 -96.24438691697327 0
vertex 117.29154440124394 -95.96299725144299 0
endloop
endfacet
facet normal 0.9951847266721969 -0.09801714032956006 0
outer loop
vertex 117.20618577939507 -96.24438691697327 1
vertex 117.17736369999994 -96.53702239999528 1
vertex 117.17736370000014 -96.5370223999953 0
endloop
endfacet
facet normal 0.9951847266721969 -0.09801714032956006 0
outer loop
vertex 117.20618577939507 -96.24438691697327 1
vertex 117.17736370000014 -96.5370223999953 0
vertex 117.20618577939415 -96.24438691697327 0
endloop
endfacet
facet normal 0.9951847266721984 0.09801714032954582 0
outer loop
vertex 117.17736369999994 -96.53702239999528 1
vertex 117.20618577939437 -96.82965788301927 1
vertex 117.20618577939503 -96.82965788301915 0
endloop
endfacet
facet normal 0.9951847266721984 0.09801714032954582 0
outer loop
vertex 117.17736369999994 -96.53702239999528 1
vertex 117.20618577939503 -96.82965788301915 0
vertex 117.17736370000014 -96.5370223999953 0
endloop
endfacet
facet normal 0.9569403357322133 0.2902846772544479 0
outer loop
vertex 117.20618577939437 -96.82965788301927 1
vertex 117.29154440123423 -97.11104754854911 1
vertex 117.29154440123423 -97.11104754854915 0
endloop
endfacet
facet normal 0.9569403357322133 0.2902846772544479 0
outer loop
vertex 117.20618577939437 -96.82965788301927 1
vertex 117.29154440123423 -97.11104754854915 0
vertex 117.20618577939503 -96.82965788301915 0
endloop
endfacet
facet normal 0.8819212643483494 0.47139673682600847 0
outer loop
vertex 117.29154440123423 -97.11104754854911 1
vertex 117.4301592815442 -97.37037774952499 1
vertex 117.43015928154416 -97.37037774952496 0
endloop
endfacet
facet normal 0.8819212643483494 0.47139673682600847 0
outer loop
vertex 117.29154440123423 -97.11104754854911 1
vertex 117.43015928154416 -97.37037774952496 0
vertex 117.29154440123423 -97.11104754854915 0
endloop
endfacet
facet normal 0.7730104533627252 0.6343932841636599 0
outer loop
vertex 117.4301592815442 -97.37037774952499 1
vertex 117.61670352821977 -97.59768257177731 1
vertex 117.61670352821972 -97.59768257177727 0
endloop
endfacet
facet normal 0.7730104533627252 0.6343932841636599 0
outer loop
vertex 117.4301592815442 -97.37037774952499 1
vertex 117.61670352821972 -97.59768257177727 0
vertex 117.43015928154416 -97.37037774952496 0
endloop
endfacet
facet normal 0.6343932841636449 0.7730104533627374 0
outer loop
vertex 117.61670352821977 -97.59768257177731 1
vertex 117.84400835047201 -97.78422681845281 1
vertex 117.844008350472 -97.7842268184528 0
endloop
endfacet
facet normal 0.6343932841636449 0.7730104533627374 0
outer loop
vertex 117.61670352821977 -97.59768257177731 1
vertex 117.844008350472 -97.7842268184528 0
vertex 117.61670352821972 -97.59768257177727 0
endloop
endfacet
facet normal 0.4713967368259909 0.8819212643483587 0
outer loop
vertex 117.84400835047201 -97.78422681845281 1
vertex 118.10333855146114 -97.92284169876986 1
vertex 118.10333855146116 -97.92284169876986 0
endloop
endfacet
facet normal 0.4713967368259909 0.8819212643483587 0
outer loop
vertex 117.84400835047201 -97.78422681845281 1
vertex 118.10333855146116 -97.92284169876986 0
vertex 117.844008350472 -97.7842268184528 0
endloop
endfacet
facet normal 0.29028467725447593 0.9569403357322048 0
outer loop
vertex 118.10333855146114 -97.92284169876986 1
vertex 118.38472821697364 -98.00820032060446 1
vertex 118.38472821697366 -98.00820032060446 0
endloop
endfacet
facet normal 0.29028467725447593 0.9569403357322048 0
outer loop
vertex 118.10333855146114 -97.92284169876986 1
vertex 118.38472821697366 -98.00820032060446 0
vertex 118.10333855146116 -97.92284169876986 0
endloop
endfacet
facet normal 0.09801714032956006 0.9951847266721969 0
outer loop
vertex 118.38472821697364 -98.00820032060446 1
vertex 118.67736370000173 -98.0370224 1
vertex 118.67736370000173 -98.0370224 0
endloop
endfacet
facet normal 0.09801714032956006 0.9951847266721969 0
outer loop
vertex 118.38472821697364 -98.00820032060446 1
vertex 118.67736370000173 -98.0370224 0
vertex 118.38472821697366 -98.00820032060446 0
endloop
endfacet
facet normal -0.09801714032956006 0.9951847266721969 0
outer loop
vertex 118.67736370000173 -98.0370224 1
vertex 118.96999918302987 -98.00820032060446 1
vertex 118.96999918302174 -98.00820032060446 0
endloop
endfacet
facet normal -0.09801714032956006 0.9951847266721969 0
outer loop
vertex 118.67736370000173 -98.0370224 1
vertex 118.96999918302174 -98.00820032060446 0
vertex 118.67736370000173 -98.0370224 0
endloop
endfacet
facet normal -0.2902846772544629 0.9569403357322087 0
outer loop
vertex 118.96999918302987 -98.00820032060446 1
vertex 119.25138884853489 -97.92284169876986 1
vertex 119.2513888485456 -97.92284169876986 0
endloop
endfacet
facet normal -0.2902846772544629 0.9569403357322087 0
outer loop
vertex 118.96999918302987 -98.00820032060446 1
vertex 119.2513888485456 -97.92284169876986 0
vertex 118.96999918302174 -98.00820032060446 0
endloop
endfacet
facet normal -0.47139673682600836 0.8819212643483493 0
outer loop
vertex 119.25138884853489 -97.92284169876986 1
vertex 119.5107190495331 -97.78422681845281 1
vertex 119.51071904953216 -97.7842268184528 0
endloop
endfacet
facet normal -0.47139673682600836 0.8819212643483493 0
outer loop
vertex 119.25138884853489 -97.92284169876986 1
vertex 119.51071904953216 -97.7842268184528 0
vertex 119.2513888485456 -97.92284169876986 0
endloop
endfacet
facet normal -0.6343932841636603 0.7730104533627248 0
outer loop
vertex 119.5107190495331 -97.78422681845281 1
vertex 119.73802387178382 -97.59768257177731 1
vertex 119.73802387178003 -97.59768257177727 0
endloop
endfacet
facet normal -0.6343932841636603 0.7730104533627248 0
outer loop
vertex 119.5107190495331 -97.78422681845281 1
vertex 119.73802387178003 -97.59768257177727 0
vertex 119.51071904953216 -97.7842268184528 0
endloop
endfacet
facet normal -0.7730104533627248 0.6343932841636603 0
outer loop
vertex 119.73802387178382 -97.59768257177731 1
vertex 119.92456811845648 -97.37037774952499 1
vertex 119.92456811845467 -97.37037774952496 0
endloop
endfacet
facet normal -0.7730104533627248 0.6343932841636603 0
outer loop
vertex 119.73802387178382 -97.59768257177731 1
vertex 119.92456811845467 -97.37037774952496 0
vertex 119.73802387178003 -97.59768257177727 0
endloop
endfacet
facet normal -0.8819212643483552 0.47139673682599736 0
outer loop
vertex 119.92456811845648 -97.37037774952499 1
vertex 120.06318299876585 -97.11104754854911 1
vertex 120.06318299876807 -97.11104754854915 0
endloop
endfacet
facet normal -0.8819212643483552 0.47139673682599736 0
outer loop
vertex 119.92456811845648 -97.37037774952499 1
vertex 120.06318299876807 -97.11104754854915 0
vertex 119.92456811845467 -97.37037774952496 0
endloop
endfacet
facet normal -0.9569403357322133 0.2902846772544479 0
outer loop
vertex 120.06318299876585 -97.11104754854911 1
vertex 120.14854162060293 -96.82965788301927 1
vertex 120.14854162060426 -96.82965788301915 0
endloop
endfacet
facet normal -0.9569403357322133 0.2902846772544479 0
outer loop
vertex 120.06318299876585 -97.11104754854911 1
vertex 120.14854162060426 -96.82965788301915 0
vertex 120.06318299876807 -97.11104754854915 0
endloop
endfacet
facet normal -0.9951847266721957 0.09801714032957415 0
outer loop
vertex 173.65560422060395 -62.471071583030785 1
vertex 173.68442630000013 -62.178436099992894 1
vertex 173.68442630000013 -62.17843609999281 0
endloop
endfacet
facet normal -0.9951847266721957 0.09801714032957415 0
outer loop
vertex 173.65560422060395 -62.471071583030785 1
vertex 173.68442630000013 -62.17843609999281 0
vertex 173.65560422060366 -62.47107158303051 0
endloop
endfacet
facet normal -0.9951847266721956 -0.09801714032957415 0
outer loop
vertex 173.68442630000013 -62.178436099992894 1
vertex 173.65560422060622 -61.885800616981555 1
vertex 173.65560422060625 -61.88580061698172 0
endloop
endfacet
facet normal -0.9951847266721956 -0.09801714032957415 0
outer loop
vertex 173.68442630000013 -62.178436099992894 1
vertex 173.65560422060625 -61.88580061698172 0
vertex 173.68442630000013 -62.17843609999281 0
endloop
endfacet
facet normal -0.9569403357322217 -0.2902846772544199 0
outer loop
vertex 173.65560422060622 -61.885800616981555 1
vertex 173.57024559876743 -61.60441095145513 1
vertex 173.57024559876734 -61.60441095145495 0
endloop
endfacet
facet normal -0.9569403357322217 -0.2902846772544199 0
outer loop
vertex 173.65560422060622 -61.885800616981555 1
vertex 173.57024559876734 -61.60441095145495 0
vertex 173.65560422060625 -61.88580061698172 0
endloop
endfacet
facet normal -0.881921264348342 -0.47139673682602246 0
outer loop
vertex 173.57024559876743 -61.60441095145513 1
vertex 173.43163071844867 -61.3450807504628 1
vertex 173.4316307184487 -61.34508075046286 0
endloop
endfacet
facet normal -0.881921264348342 -0.47139673682602246 0
outer loop
vertex 173.57024559876743 -61.60441095145513 1
vertex 173.4316307184487 -61.34508075046286 0
vertex 173.57024559876734 -61.60441095145495 0
endloop
endfacet
facet normal -0.7730104533627671 -0.6343932841636089 0
outer loop
vertex 173.43163071844867 -61.3450807504628 1
vertex 173.2450864717824 -61.117775928221775 1
vertex 173.2450864717823 -61.11777592822167 0
endloop
endfacet
facet normal -0.7730104533627671 -0.6343932841636089 0
outer loop
vertex 173.43163071844867 -61.3450807504628 1
vertex 173.2450864717823 -61.11777592822167 0
vertex 173.4316307184487 -61.34508075046286 0
endloop
endfacet
facet normal -0.6343932841636208 -0.7730104533627572 0
outer loop
vertex 173.2450864717824 -61.117775928221775 1
vertex 173.0177816495271 -60.93123168154379 1
vertex 173.01778164952714 -60.93123168154379 0
endloop
endfacet
facet normal -0.6343932841636208 -0.7730104533627572 0
outer loop
vertex 173.2450864717824 -61.117775928221775 1
vertex 173.01778164952714 -60.93123168154379 0
vertex 173.2450864717823 -61.11777592822167 0
endloop
endfacet
facet normal -0.4713967368259909 -0.8819212643483587 0
outer loop
vertex 173.0177816495271 -60.93123168154379 1
vertex 172.7584514485546 -60.79261680123564 1
vertex 172.7584514485547 -60.79261680123566 0
endloop
endfacet
facet normal -0.4713967368259909 -0.8819212643483587 0
outer loop
vertex 173.0177816495271 -60.93123168154379 1
vertex 172.7584514485547 -60.79261680123566 0
vertex 173.01778164952714 -60.93123168154379 0
endloop
endfacet
facet normal -0.29028467725444784 -0.9569403357322133 0
outer loop
vertex 172.7584514485546 -60.79261680123564 1
vertex 172.47706178302192 -60.70725817939493 1
vertex 172.47706178302198 -60.70725817939494 0
endloop
endfacet
facet normal -0.29028467725444784 -0.9569403357322133 0
outer loop
vertex 172.7584514485546 -60.79261680123564 1
vertex 172.47706178302198 -60.70725817939494 0
vertex 172.7584514485547 -60.79261680123566 0
endloop
endfacet
facet normal -0.09801714032955997 -0.9951847266721969 0
outer loop
vertex 172.47706178302192 -60.70725817939493 1
vertex 172.1844263000035 -60.67843610000034 1
vertex 172.18442630000342 -60.67843610000034 0
endloop
endfacet
facet normal -0.09801714032955997 -0.9951847266721969 0
outer loop
vertex 172.47706178302192 -60.70725817939493 1
vertex 172.18442630000342 -60.67843610000034 0
vertex 172.47706178302198 -60.70725817939494 0
endloop
endfacet
facet normal 0.09801714032955998 -0.9951847266721969 0
outer loop
vertex 172.1844263000035 -60.67843610000034 1
vertex 171.89179081697145 -60.70725817939493 1
vertex 171.89179081698484 -60.70725817939494 0
endloop
endfacet
facet normal 0.09801714032955998 -0.9951847266721969 0
outer loop
vertex 172.1844263000035 -60.67843610000034 1
vertex 171.89179081698484 -60.70725817939494 0
vertex 172.18442630000342 -60.67843610000034 0
endloop
endfacet
facet normal 0.29028467725444695 -0.9569403357322136 0
outer loop
vertex 171.89179081697145 -60.70725817939493 1
vertex 171.61040115145397 -60.79261680123564 1
vertex 171.61040115143882 -60.79261680123566 0
endloop
endfacet
facet normal 0.29028467725444695 -0.9569403357322136 0
outer loop
vertex 171.89179081697145 -60.70725817939493 1
vertex 171.61040115143882 -60.79261680123566 0
vertex 171.89179081698484 -60.70725817939494 0
endloop
endfacet
facet normal 0.47139673682600547 -0.8819212643483508 0
outer loop
vertex 171.61040115145397 -60.79261680123564 1
vertex 171.35107095047107 -60.93123168154379 1
vertex 171.35107095048147 -60.93123168154379 0
endloop
endfacet
facet normal 0.47139673682600547 -0.8819212643483508 0
outer loop
vertex 171.61040115145397 -60.79261680123564 1
vertex 171.35107095048147 -60.93123168154379 0
vertex 171.61040115143882 -60.79261680123566 0
endloop
endfacet
facet normal 0.6343932841636208 -0.7730104533627572 0
outer loop
vertex 171.35107095047107 -60.93123168154379 1
vertex 171.12376612821748 -61.117775928221775 1
vertex 171.12376612821595 -61.11777592822167 0
endloop
endfacet
facet normal 0.6343932841636208 -0.7730104533627572 0
outer loop
vertex 171.35107095047107 -60.93123168154379 1
vertex 171.12376612821595 -61.11777592822167 0
vertex 171.35107095048147 -60.93123168154379 0
endloop
endfacet
facet normal 0.7730104533627769 -0.634393284163597 0
outer loop
vertex 171.12376612821748 -61.117775928221775 1
vertex 170.93722188154675 -61.3450807504628 1
vertex 170.937221881551 -61.34508075046286 0
endloop
endfacet
facet normal 0.7730104533627769 -0.634393284163597 0
outer loop
vertex 171.12376612821748 -61.117775928221775 1
vertex 170.937221881551 -61.34508075046286 0
vertex 171.12376612821595 -61.11777592822167 0
endloop
endfacet
facet normal 0.8819212643483402 -0.47139673682602534 0
outer loop
vertex 170.93722188154675 -61.3450807504628 1
vertex 170.79860700123362 -61.60441095145513 1
vertex 170.79860700122813 -61.60441095145495 0
endloop
endfacet
facet normal 0.8819212643483402 -0.47139673682602534 0
outer loop
vertex 170.93722188154675 -61.3450807504628 1
vertex 170.79860700122813 -61.60441095145495 0
vertex 170.937221881551 -61.34508075046286 0
endloop
endfacet
facet normal 0.9569403357322133 -0.2902846772544479 0
outer loop
vertex 170.79860700123362 -61.60441095145513 1
vertex 170.71324837939443 -61.885800616981555 1
vertex 170.71324837939466 -61.88580061698172 0
endloop
endfacet
facet normal 0.9569403357322133 -0.2902846772544479 0
outer loop
vertex 170.79860700123362 -61.60441095145513 1
vertex 170.71324837939466 -61.88580061698172 0
vertex 170.79860700122813 -61.60441095145495 0
endloop
endfacet
facet normal 0.9951847266721956 -0.09801714032957415 0
outer loop
vertex 170.71324837939443 -61.885800616981555 1
vertex 170.68442630000015 -62.178436099992894 1
vertex 170.68442630000052 -62.17843609999281 0
endloop
endfacet
facet normal 0.9951847266721956 -0.09801714032957415 0
outer loop
vertex 170.71324837939443 -61.885800616981555 1
vertex 170.68442630000052 -62.17843609999281 0
vertex 170.71324837939466 -61.88580061698172 0
endloop
endfacet
facet normal 0.9951847266721956 0.09801714032957415 0
outer loop
vertex 170.68442630000015 -62.178436099992894 1
vertex 170.71324837939656 -62.471071583030785 1
vertex 170.71324837939662 -62.47107158303051 0
endloop
endfacet
facet normal 0.9951847266721956 0.09801714032957415 0
outer loop
vertex 170.68442630000015 -62.178436099992894 1
vertex 170.71324837939662 -62.47107158303051 0
vertex 170.68442630000052 -62.17843609999281 0
endloop
endfacet
facet normal 0.9569403357322048 0.29028467725447593 0
outer loop
vertex 170.71324837939656 -62.471071583030785 1
vertex 170.79860700122907 -62.75246124853637 1
vertex 170.79860700122913 -62.752461248536534 0
endloop
endfacet
facet normal 0.9569403357322048 0.29028467725447593 0
outer loop
vertex 170.71324837939656 -62.471071583030785 1
vertex 170.79860700122913 -62.752461248536534 0
vertex 170.71324837939662 -62.47107158303051 0
endloop
endfacet
facet normal 0.8819212643483268 0.47139673682605043 0
outer loop
vertex 170.79860700122907 -62.75246124853637 1
vertex 170.9372218815474 -63.01179144952785 1
vertex 170.93722188154734 -63.011791449527806 0
endloop
endfacet
facet normal 0.8819212643483268 0.47139673682605043 0
outer loop
vertex 170.79860700122907 -62.75246124853637 1
vertex 170.93722188154734 -63.011791449527806 0
vertex 170.79860700122913 -62.752461248536534 0
endloop
endfacet
facet normal 0.7730104533627572 0.6343932841636208 0
outer loop
vertex 170.9372218815474 -63.01179144952785 1
vertex 171.12376612822646 -63.23909627178445 1
vertex 171.12376612822638 -63.23909627178439 0
endloop
endfacet
facet normal 0.7730104533627572 0.6343932841636208 0
outer loop
vertex 170.9372218815474 -63.01179144952785 1
vertex 171.12376612822638 -63.23909627178439 0
vertex 170.93722188154734 -63.011791449527806 0
endloop
endfacet
facet normal 0.6343932841636208 0.7730104533627572 0
outer loop
vertex 171.12376612822646 -63.23909627178445 1
vertex 171.35107095047908 -63.425640518460234 1
vertex 171.3510709504791 -63.42564051846024 0
endloop
endfacet
facet normal 0.6343932841636208 0.7730104533627572 0
outer loop
vertex 171.12376612822646 -63.23909627178445 1
vertex 171.3510709504791 -63.42564051846024 0
vertex 171.12376612822638 -63.23909627178439 0
endloop
endfacet
facet normal 0.4713967368260197 0.8819212643483433 0
outer loop
vertex 171.35107095047908 -63.425640518460234 1
vertex 171.6104011514462 -63.56425539876553 1
vertex 171.61040115144618 -63.564255398765525 0
endloop
endfacet
facet normal 0.4713967368260197 0.8819212643483433 0
outer loop
vertex 171.35107095047908 -63.425640518460234 1
vertex 171.61040115144618 -63.564255398765525 0
vertex 171.3510709504791 -63.42564051846024 0
endloop
endfacet
facet normal 0.2902846772544479 0.9569403357322133 0
outer loop
vertex 171.6104011514462 -63.56425539876553 1
vertex 171.89179081697347 -63.6496140206046 1
vertex 171.8917908169735 -63.64961402060461 0
endloop
endfacet
facet normal 0.2902846772544479 0.9569403357322133 0
outer loop
vertex 171.6104011514462 -63.56425539876553 1
vertex 171.8917908169735 -63.64961402060461 0
vertex 171.61040115144618 -63.564255398765525 0
endloop
endfacet
facet normal 0.09801714032955997 0.9951847266721969 0
outer loop
vertex 171.89179081697347 -63.6496140206046 1
vertex 172.1844263000033 -63.67843610000031 1
vertex 172.18442630000328 -63.67843610000031 0
endloop
endfacet
facet normal 0.09801714032955997 0.9951847266721969 0
outer loop
vertex 171.89179081697347 -63.6496140206046 1
vertex 172.18442630000328 -63.67843610000031 0
vertex 171.8917908169735 -63.64961402060461 0
endloop
endfacet
facet normal -0.09801714032955998 0.9951847266721969 0
outer loop
vertex 172.1844263000033 -63.67843610000031 1
vertex 172.47706178303312 -63.6496140206046 1
vertex 172.47706178301922 -63.64961402060461 0
endloop
endfacet
facet normal -0.09801714032955998 0.9951847266721969 0
outer loop
vertex 172.1844263000033 -63.67843610000031 1
vertex 172.47706178301922 -63.64961402060461 0
vertex 172.18442630000328 -63.67843610000031 0
endloop
endfacet
facet normal -0.2902846772544479 0.9569403357322133 0
outer loop
vertex 172.47706178303312 -63.6496140206046 1
vertex 172.75845144854765 -63.56425539876553 1
vertex 172.758451448551 -63.564255398765525 0
endloop
endfacet
facet normal -0.2902846772544479 0.9569403357322133 0
outer loop
vertex 172.47706178303312 -63.6496140206046 1
vertex 172.758451448551 -63.564255398765525 0
vertex 172.47706178301922 -63.64961402060461 0
endloop
endfacet
facet normal -0.47139673682600847 0.8819212643483494 0
outer loop
vertex 172.75845144854765 -63.56425539876553 1
vertex 173.01778164951807 -63.425640518460234 1
vertex 173.017781649529 -63.42564051846024 0
endloop
endfacet
facet normal -0.47139673682600847 0.8819212643483494 0
outer loop
vertex 172.75845144854765 -63.56425539876553 1
vertex 173.017781649529 -63.42564051846024 0
vertex 172.758451448551 -63.564255398765525 0
endloop
endfacet
facet normal -0.6343932841636208 0.7730104533627572 0
outer loop
vertex 173.01778164951807 -63.425640518460234 1
vertex 173.245086471779 -63.23909627178445 1
vertex 173.24508647177694 -63.23909627178439 0
endloop
endfacet
facet normal -0.6343932841636208 0.7730104533627572 0
outer loop
vertex 173.01778164951807 -63.425640518460234 1
vertex 173.24508647177694 -63.23909627178439 0
vertex 173.017781649529 -63.42564051846024 0
endloop
endfacet
facet normal -0.7730104533627769 0.634393284163597 0
outer loop
vertex 173.245086471779 -63.23909627178445 1
vertex 173.43163071845527 -63.01179144952785 1
vertex 173.4316307184544 -63.011791449527806 0
endloop
endfacet
facet normal -0.7730104533627769 0.634393284163597 0
outer loop
vertex 173.245086471779 -63.23909627178445 1
vertex 173.4316307184544 -63.011791449527806 0
vertex 173.24508647177694 -63.23909627178439 0
endloop
endfacet
facet normal -0.8819212643483402 0.47139673682602534 0
outer loop
vertex 173.43163071845527 -63.01179144952785 1
vertex 173.5702455987727 -62.75246124853637 1
vertex 173.5702455987674 -62.752461248536534 0
endloop
endfacet
facet normal -0.8819212643483402 0.47139673682602534 0
outer loop
vertex 173.43163071845527 -63.01179144952785 1
vertex 173.5702455987674 -62.752461248536534 0
vertex 173.4316307184544 -63.011791449527806 0
endloop
endfacet
facet normal -0.9569403357322133 0.2902846772544479 0
outer loop
vertex 173.5702455987727 -62.75246124853637 1
vertex 173.65560422060395 -62.471071583030785 1
vertex 173.65560422060366 -62.47107158303051 0
endloop
endfacet
facet normal -0.9569403357322133 0.2902846772544479 0
outer loop
vertex 173.5702455987727 -62.75246124853637 1
vertex 173.65560422060366 -62.47107158303051 0
vertex 173.5702455987674 -62.752461248536534 0
endloop
endfacet
facet normal -0.9951847266721957 0.09801714032957415 0
outer loop
vertex 162.54174892060274 -102.38325298302726 1
vertex 162.5705710000001 -102.09061749998668 1
vertex 162.5705710000001 -102.09061749998658 0
endloop
endfacet
facet normal -0.9951847266721957 0.09801714032957415 0
outer loop
vertex 162.54174892060274 -102.38325298302726 1
vertex 162.5705710000001 -102.09061749998658 0
vertex 162.54174892060334 -102.38325298302706 0
endloop
endfacet
facet normal -0.9951847266721956 -0.09801714032957415 0
outer loop
vertex 162.5705710000001 -102.09061749998668 1
vertex 162.54174892060672 -101.79798201698068 1
vertex 162.54174892060675 -101.79798201698088 0
endloop
endfacet
facet normal -0.9951847266721956 -0.09801714032957415 0
outer loop
vertex 162.5705710000001 -102.09061749998668 1
vertex 162.54174892060675 -101.79798201698088 0
vertex 162.5705710000001 -102.09061749998658 0
endloop
endfacet
facet normal -0.9569403357322048 -0.29028467725447593 0
outer loop
vertex 162.54174892060672 -101.79798201698068 1
vertex 162.4563902987698 -101.51659235146053 1
vertex 162.45639029876972 -101.51659235146039 0
endloop
endfacet
facet normal -0.9569403357322048 -0.29028467725447593 0
outer loop
vertex 162.54174892060672 -101.79798201698068 1
vertex 162.45639029876972 -101.51659235146039 0
vertex 162.54174892060675 -101.79798201698088 0
endloop
endfacet
facet normal -0.8819212643483417 -0.4713967368260224 0
outer loop
vertex 162.4563902987698 -101.51659235146053 1
vertex 162.31777541845486 -101.25726215047533 1
vertex 162.3177754184548 -101.25726215047527 0
endloop
endfacet
facet normal -0.8819212643483417 -0.4713967368260224 0
outer loop
vertex 162.4563902987698 -101.51659235146053 1
vertex 162.3177754184548 -101.25726215047527 0
vertex 162.45639029876972 -101.51659235146039 0
endloop
endfacet
facet normal -0.7730104533627797 -0.6343932841635934 0
outer loop
vertex 162.31777541845486 -101.25726215047533 1
vertex 162.13123117176443 -101.02995732820484 1
vertex 162.13123117176443 -101.02995732820487 0
endloop
endfacet
facet normal -0.7730104533627797 -0.6343932841635934 0
outer loop
vertex 162.31777541845486 -101.25726215047533 1
vertex 162.13123117176443 -101.02995732820487 0
vertex 162.3177754184548 -101.25726215047527 0
endloop
endfacet
facet normal -0.6343932841636286 -0.7730104533627508 0
outer loop
vertex 162.13123117176443 -101.02995732820484 1
vertex 161.90392634953548 -100.84341308154849 1
vertex 161.90392634953537 -100.8434130815484 0
endloop
endfacet
facet normal -0.6343932841636286 -0.7730104533627508 0
outer loop
vertex 162.13123117176443 -101.02995732820484 1
vertex 161.90392634953537 -100.8434130815484 0
vertex 162.13123117176443 -101.02995732820487 0
endloop
endfacet
facet normal -0.47139673682600314 -0.881921264348352 0
outer loop
vertex 161.90392634953548 -100.84341308154849 1
vertex 161.64459614855366 -100.70479820123535 1
vertex 161.64459614855375 -100.70479820123536 0
endloop
endfacet
facet normal -0.47139673682600314 -0.881921264348352 0
outer loop
vertex 161.90392634953548 -100.84341308154849 1
vertex 161.64459614855375 -100.70479820123536 0
vertex 161.90392634953537 -100.8434130815484 0
endloop
endfacet
facet normal -0.2902846772544479 -0.9569403357322133 0
outer loop
vertex 161.64459614855366 -100.70479820123535 1
vertex 161.3632064830157 -100.61943957939303 1
vertex 161.36320648301572 -100.61943957939303 0
endloop
endfacet
facet normal -0.2902846772544479 -0.9569403357322133 0
outer loop
vertex 161.64459614855366 -100.70479820123535 1
vertex 161.36320648301572 -100.61943957939303 0
vertex 161.64459614855375 -100.70479820123536 0
endloop
endfacet
facet normal -0.09801714032954582 -0.9951847266721984 0
outer loop
vertex 161.3632064830157 -100.61943957939303 1
vertex 161.0705710000113 -100.59061749999984 1
vertex 161.07057100001128 -100.59061749999982 0
endloop
endfacet
facet normal -0.09801714032954582 -0.9951847266721984 0
outer loop
vertex 161.3632064830157 -100.61943957939303 1
vertex 161.07057100001128 -100.59061749999982 0
vertex 161.36320648301572 -100.61943957939303 0
endloop
endfacet
facet normal 0.09801714032956006 -0.9951847266721969 0
outer loop
vertex 161.0705710000113 -100.59061749999984 1
vertex 160.7779355169695 -100.61943957939303 1
vertex 160.77793551700685 -100.61943957939303 0
endloop
endfacet
facet normal 0.09801714032956006 -0.9951847266721969 0
outer loop
vertex 161.0705710000113 -100.59061749999984 1
vertex 160.77793551700685 -100.61943957939303 0
vertex 161.07057100001128 -100.59061749999982 0
endloop
endfacet
facet normal 0.2902846772544479 -0.9569403357322133 0
outer loop
vertex 160.7779355169695 -100.61943957939303 1
vertex 160.49654585146106 -100.70479820123535 1
vertex 160.4965458514332 -100.70479820123536 0
endloop
endfacet
facet normal 0.2902846772544479 -0.9569403357322133 0
outer loop
vertex 160.7779355169695 -100.61943957939303 1
vertex 160.4965458514332 -100.70479820123536 0
vertex 160.77793551700685 -100.61943957939303 0
endloop
endfacet
facet normal 0.47139673682599736 -0.8819212643483553 0
outer loop
vertex 160.49654585146106 -100.70479820123535 1
vertex 160.23721565046245 -100.84341308154849 1
vertex 160.237215650478 -100.8434130815484 0
endloop
endfacet
facet normal 0.47139673682599736 -0.8819212643483553 0
outer loop
vertex 160.49654585146106 -100.70479820123535 1
vertex 160.237215650478 -100.8434130815484 0
vertex 160.4965458514332 -100.70479820123536 0
endloop
endfacet
facet normal 0.6343932841636518 -0.7730104533627319 0
outer loop
vertex 160.23721565046245 -100.84341308154849 1
vertex 160.00991082822114 -101.02995732820484 1
vertex 160.0099108282342 -101.02995732820487 0
endloop
endfacet
facet normal 0.6343932841636518 -0.7730104533627319 0
outer loop
vertex 160.23721565046245 -100.84341308154849 1
vertex 160.0099108282342 -101.02995732820487 0
vertex 160.237215650478 -100.8434130815484 0
endloop
endfacet
facet normal 0.7730104533627572 -0.6343932841636208 0
outer loop
vertex 160.00991082822114 -101.02995732820484 1
vertex 159.82336658154674 -101.25726215047533 1
vertex 159.8233665815336 -101.25726215047527 0
endloop
endfacet
facet normal 0.7730104533627572 -0.6343932841636208 0
outer loop
vertex 160.00991082822114 -101.02995732820484 1
vertex 159.8233665815336 -101.25726215047527 0
vertex 160.0099108282342 -101.02995732820487 0
endloop
endfacet
facet normal 0.8819212643483284 -0.47139673682604744 0
outer loop
vertex 159.82336658154674 -101.25726215047533 1
vertex 159.68475170123438 -101.51659235146053 1
vertex 159.68475170123068 -101.51659235146039 0
endloop
endfacet
facet normal 0.8819212643483284 -0.47139673682604744 0
outer loop
vertex 159.82336658154674 -101.25726215047533 1
vertex 159.68475170123068 -101.51659235146039 0
vertex 159.8233665815336 -101.25726215047527 0
endloop
endfacet
facet normal 0.9569403357322133 -0.2902846772544479 0
outer loop
vertex 159.68475170123438 -101.51659235146053 1
vertex 159.5993930793933 -101.79798201698068 1
vertex 159.59939307939538 -101.79798201698088 0
endloop
endfacet
facet normal 0.9569403357322133 -0.2902846772544479 0
outer loop
vertex 159.68475170123438 -101.51659235146053 1
vertex 159.59939307939538 -101.79798201698088 0
vertex 159.68475170123068 -101.51659235146039 0
endloop
endfacet
facet normal 0 0 -1
outer loop
vertex 159.5993930793933 -101.79798201698068 1
vertex 159.58562416551558 -101.93778014563632 1
vertex 159.5855986334942 -101.9380393765998 1
endloop
endfacet
facet normal 0 0 -1
outer loop
vertex 159.5993930793933 -101.79798201698068 1
vertex 159.5855986334942 -101.9380393765998 1
vertex 159.5803415703292 -101.99141523465269 1
endloop
endfacet
facet normal 0 0 -1
outer loop
vertex 159.5993930793933 -101.79798201698068 1
vertex 159.5803415703292 -101.99141523465269 1
vertex 159.57057100000026 -102.09061749998668 1
endloop
endfacet
facet normal 0 0 -1
outer loop
vertex 159.5993930793933 -101.79798201698068 1
vertex 159.57057100000026 -102.09061749998668 1
vertex 159.57057100000026 -102.09061749998658 0
endloop
endfacet
facet normal 0 0 -1
outer loop
vertex 159.5993930793933 -101.79798201698068 1
vertex 159.57057100000026 -102.09061749998658 0
vertex 159.5803415703292 -101.99141523465272 0
endloop
endfacet
facet normal 0 0 -1
outer loop
vertex 159.5993930793933 -101.79798201698068 1
vertex 159.5803415703292 -101.99141523465272 0
vertex 159.5855986334942 -101.9380393765998 0
endloop
endfacet
facet normal 0 0 -1
outer loop
vertex 159.5993930793933 -101.79798201698068 1
vertex 159.5855986334942 -101.9380393765998 0
vertex 159.58562416551558 -101.93778014563632 0
endloop
endfacet
facet normal 0 0 -1
outer loop
vertex 159.5993930793933 -101.79798201698068 1
vertex 159.58562416551558 -101.93778014563632 0
vertex 159.59939307939538 -101.79798201698088 0
endloop
endfacet
facet normal 0 0 -1
outer loop
vertex 159.57057100000026 -102.09061749998668 1
vertex 159.57114892867054 -102.0964853082478 1
vertex 159.58631308668257 -102.25044958832851 1
endloop
endfacet
facet normal 0 0 -1
outer loop
vertex 159.57057100000026 -102.09061749998668 1
vertex 159.58631308668257 -102.25044958832851 1
vertex 159.59939307939703 -102.38325298302726 1
endloop
endfacet
facet normal 0 0 -1
outer loop
vertex 159.57057100000026 -102.09061749998668 1
vertex 159.59939307939703 -102.38325298302726 1
vertex 159.599393079397 -102.38325298302706 0
endloop
endfacet
facet normal 0 0 -1
outer loop
vertex 159.57057100000026 -102.09061749998668 1
vertex 159.599393079397 -102.38325298302706 0
vertex 159.58631308668254 -102.2504495883285 0
endloop
endfacet
facet normal 0 0 -1
outer loop
vertex 159.57057100000026 -102.09061749998668 1
vertex 159.58631308668254 -102.2504495883285 0
vertex 159.5711489286705 -102.09648530824782 0
endloop
endfacet
facet normal 0 0 -1
outer loop
vertex 159.57057100000026 -102.09061749998668 1
vertex 159.5711489286705 -102.09648530824782 0
vertex 159.57057100000026 -102.09061749998658 0
endloop
endfacet
facet normal 0 0 1
outer loop
vertex 159.59939307939703 -102.38325298302726 1
vertex 159.61939943101405 -102.44920508568127 1
vertex 159.6847517012347 -102.66464264854983 1
endloop
endfacet
facet normal 0 0 1
outer loop
vertex 159.59939307939703 -102.38325298302726 1
vertex 159.6847517012347 -102.66464264854983 1
vertex 159.6847517012347 -102.66464264854982 0
endloop
endfacet
facet normal 0 0 1
outer loop
vertex 159.59939307939703 -102.38325298302726 1
vertex 159.6847517012347 -102.66464264854982 0
vertex 159.61939943101402 -102.44920508568117 0
endloop
endfacet
facet normal 0 0 1
outer loop
vertex 159.59939307939703 -102.38325298302726 1
vertex 159.61939943101402 -102.44920508568117 0
vertex 159.599393079397 -102.38325298302706 0
endloop
endfacet
facet normal 0 0 1
outer loop
vertex 159.6847517012347 -102.66464264854983 1
vertex 159.6969452487185 -102.68745517136495 1
vertex 159.8233665815442 -102.92397284952483 1
endloop
endfacet
facet normal 0 0 1
outer loop
vertex 159.6847517012347 -102.66464264854983 1
vertex 159.8233665815442 -102.92397284952483 1
vertex 159.82336658154424 -102.92397284952486 0
endloop
endfacet
facet normal 0 0 1
outer loop
vertex 159.6847517012347 -102.66464264854983 1
vertex 159.82336658154424 -102.92397284952486 0
vertex 159.69694524871852 -102.68745517136497 0
endloop
endfacet
facet normal 0 0 1
outer loop
vertex 159.6847517012347 -102.66464264854983 1
vertex 159.69694524871852 -102.68745517136497 0
vertex 159.6847517012347 -102.66464264854982 0
endloop
endfacet
facet normal 0 0 1
outer loop
vertex 159.8233665815442 -102.92397284952483 1
vertex 159.85199011537125 -102.95885072640789 1
vertex 160.0099108282244 -103.15127767178284 1
endloop
endfacet
facet normal 0 0 1
outer loop
vertex 159.8233665815442 -102.92397284952483 1
vertex 160.0099108282244 -103.15127767178284 1
vertex 160.00991082822443 -103.15127767178288 0
endloop
endfacet
facet normal 0 0 1
outer loop
vertex 159.8233665815442 -102.92397284952483 1
vertex 160.00991082822443 -103.15127767178288 0
vertex 159.8519901153713 -102.95885072640795 0
endloop
endfacet
facet normal 0 0 1
outer loop
vertex 159.8233665815442 -102.92397284952483 1
vertex 159.8519901153713 -102.95885072640795 0
vertex 159.82336658154424 -102.92397284952486 0
endloop
endfacet
facet normal 0 0 1
outer loop
vertex 160.0099108282244 -103.15127767178284 1
vertex 160.13770950983542 -103.25615933927686 1
vertex 160.23721565046918 -103.33782191845219 1
endloop
endfacet
facet normal 0 0 1
outer loop
vertex 160.0099108282244 -103.15127767178284 1
vertex 160.23721565046918 -103.33782191845219 1
vertex 160.23721565046907 -103.33782191845214 0
endloop
endfacet
facet normal 0 0 1
outer loop
vertex 160.0099108282244 -103.15127767178284 1
vertex 160.23721565046907 -103.33782191845214 0
vertex 160.1377095098354 -103.25615933927686 0
endloop
endfacet
facet normal 0 0 1
outer loop
vertex 160.0099108282244 -103.15127767178284 1
vertex 160.1377095098354 -103.25615933927686 0
vertex 160.00991082822443 -103.15127767178288 0
endloop
endfacet
facet normal 0.47139673682600286 0.8819212643483524 0
outer loop
vertex 160.23721565046918 -103.33782191845219 1
vertex 160.49654585144955 -103.47643679876457 1
vertex 160.4965458514496 -103.4764367987646 0
endloop
endfacet
facet normal 0.47139673682600286 0.8819212643483524 0
outer loop
vertex 160.23721565046918 -103.33782191845219 1
vertex 160.4965458514496 -103.4764367987646 0
vertex 160.23721565046907 -103.33782191845214 0
endloop
endfacet
facet normal 0.29028467725443347 0.9569403357322178 0
outer loop
vertex 160.49654585144955 -103.47643679876457 1
vertex 160.77793551697698 -103.56179542060369 1
vertex 160.77793551697692 -103.56179542060367 0
endloop
endfacet
facet normal 0.29028467725443347 0.9569403357322178 0
outer loop
vertex 160.49654585144955 -103.47643679876457 1
vertex 160.77793551697692 -103.56179542060367 0
vertex 160.4965458514496 -103.4764367987646 0
endloop
endfacet
facet normal 0 0 -1
outer loop
vertex 160.77793551697698 -103.56179542060369 1
vertex 160.87604176026647 -103.57145804218337 1
vertex 161.07057100001336 -103.59061750000004 1
endloop
endfacet
facet normal 0 0 -1
outer loop
vertex 160.77793551697698 -103.56179542060369 1
vertex 161.07057100001336 -103.59061750000004 1
vertex 161.0705710000133 -103.59061750000002 0
endloop
endfacet
facet normal 0 0 -1
outer loop
vertex 160.77793551697698 -103.56179542060369 1
vertex 161.0705710000133 -103.59061750000002 0
vertex 160.87604176026628 -103.57145804218334 0
endloop
endfacet
facet normal 0 0 -1
outer loop
vertex 160.77793551697698 -103.56179542060369 1
vertex 160.87604176026628 -103.57145804218334 0
vertex 160.77793551697692 -103.56179542060367 0
endloop
endfacet
facet normal -0.09801714032956006 0.9951847266721969 0
outer loop
vertex 161.07057100001336 -103.59061750000004 1
vertex 161.36320648304965 -103.56179542060369 1
vertex 161.363206483016 -103.56179542060367 0
endloop
endfacet
facet normal -0.09801714032956006 0.9951847266721969 0
outer loop
vertex 161.07057100001336 -103.59061750000004 1
vertex 161.363206483016 -103.56179542060367 0
vertex 161.0705710000133 -103.59061750000002 0
endloop
endfacet
facet normal -0.2902846772544479 0.9569403357322133 0
outer loop
vertex 161.36320648304965 -103.56179542060369 1
vertex 161.64459614854619 -103.47643679876457 1
vertex 161.64459614855645 -103.4764367987646 0
endloop
endfacet
facet normal -0.2902846772544479 0.9569403357322133 0
outer loop
vertex 161.36320648304965 -103.56179542060369 1
vertex 161.64459614855645 -103.4764367987646 0
vertex 161.363206483016 -103.56179542060367 0
endloop
endfacet
facet normal -0.47139673682599736 0.8819212643483552 0
outer loop
vertex 161.64459614854619 -103.47643679876457 1
vertex 161.90392634953645 -103.33782191845219 1
vertex 161.90392634951817 -103.33782191845214 0
endloop
endfacet
facet normal -0.47139673682599736 0.8819212643483552 0
outer loop
vertex 161.64459614854619 -103.47643679876457 1
vertex 161.90392634951817 -103.33782191845214 0
vertex 161.64459614855645 -103.4764367987646 0
endloop
endfacet
facet normal -0.6343932841636448 0.7730104533627374 0
outer loop
vertex 161.90392634953645 -103.33782191845219 1
vertex 162.13123117176733 -103.15127767178284 1
vertex 162.1312311717829 -103.15127767178288 0
endloop
endfacet
facet normal -0.6343932841636448 0.7730104533627374 0
outer loop
vertex 161.90392634953645 -103.33782191845219 1
vertex 162.1312311717829 -103.15127767178288 0
vertex 161.90392634951817 -103.33782191845214 0
endloop
endfacet
facet normal -0.7730104533627769 0.634393284163597 0
outer loop
vertex 162.13123117176733 -103.15127767178284 1
vertex 162.3177754184603 -102.92397284952483 1
vertex 162.31777541845503 -102.92397284952486 0
endloop
endfacet
facet normal -0.7730104533627769 0.634393284163597 0
outer loop
vertex 162.13123117176733 -103.15127767178284 1
vertex 162.31777541845503 -102.92397284952486 0
vertex 162.1312311717829 -103.15127767178288 0
endloop
endfacet
facet normal -0.8819212643483403 0.4713967368260254 0
outer loop
vertex 162.3177754184603 -102.92397284952483 1
vertex 162.45639029876554 -102.66464264854983 1
vertex 162.4563902987679 -102.66464264854982 0
endloop
endfacet
facet normal -0.8819212643483403 0.4713967368260254 0
outer loop
vertex 162.3177754184603 -102.92397284952483 1
vertex 162.4563902987679 -102.66464264854982 0
vertex 162.31777541845503 -102.92397284952486 0
endloop
endfacet
facet normal -0.9569403357322133 0.2902846772544479 0
outer loop
vertex 162.45639029876554 -102.66464264854983 1
vertex 162.54174892060274 -102.38325298302726 1
vertex 162.54174892060334 -102.38325298302706 0
endloop
endfacet
facet normal -0.9569403357322133 0.2902846772544479 0
outer loop
vertex 162.45639029876554 -102.66464264854983 1
vertex 162.54174892060334 -102.38325298302706 0
vertex 162.4563902987679 -102.66464264854982 0
endloop
endfacet
facet normal -0.9951847266721927 0.09801714032960263 0
outer loop
vertex 195.64316502060223 -105.77197498303477 1
vertex 195.67198710000005 -105.47933949998352 1
vertex 195.67198710000005 -105.47933949998375 0
endloop
endfacet
facet normal -0.9951847266721927 0.09801714032960263 0
outer loop
vertex 195.64316502060223 -105.77197498303477 1
vertex 195.67198710000005 -105.47933949998375 0
vertex 195.6431650206022 -105.7719749830349 0
endloop
endfacet
facet normal -0.9951847266721956 -0.09801714032957415 0
outer loop
vertex 195.67198710000005 -105.47933949998352 1
vertex 195.64316502060825 -105.1867040169933 1
vertex 195.64316502060822 -105.18670401699329 0
endloop
endfacet
facet normal -0.9951847266721956 -0.09801714032957415 0
outer loop
vertex 195.67198710000005 -105.47933949998352 1
vertex 195.64316502060822 -105.18670401699329 0
vertex 195.67198710000005 -105.47933949998375 0
endloop
endfacet
facet normal -0.9569403357322133 -0.2902846772544479 0
outer loop
vertex 195.64316502060825 -105.1867040169933 1
vertex 195.55780639876653 -104.90531435145735 1
vertex 195.55780639876647 -104.90531435145722 0
endloop
endfacet
facet normal -0.9569403357322133 -0.2902846772544479 0
outer loop
vertex 195.64316502060825 -105.1867040169933 1
vertex 195.55780639876647 -104.90531435145722 0
vertex 195.64316502060822 -105.18670401699329 0
endloop
endfacet
facet normal -0.8819212643483417 -0.4713967368260224 0
outer loop
vertex 195.55780639876653 -104.90531435145735 1
vertex 195.41919151844195 -104.64598415045415 1
vertex 195.41919151844198 -104.64598415045415 0
endloop
endfacet
facet normal -0.8819212643483417 -0.4713967368260224 0
outer loop
vertex 195.55780639876653 -104.90531435145735 1
vertex 195.41919151844198 -104.64598415045415 0
vertex 195.55780639876647 -104.90531435145722 0
endloop
endfacet
facet normal -0.7730104533627671 -0.6343932841636089 0
outer loop
vertex 195.41919151844195 -104.64598415045415 1
vertex 195.232647271776 -104.4186793282135 1
vertex 195.23264727177605 -104.41867932821354 0
endloop
endfacet
facet normal -0.7730104533627671 -0.6343932841636089 0
outer loop
vertex 195.41919151844195 -104.64598415045415 1
vertex 195.23264727177605 -104.41867932821354 0
vertex 195.41919151844198 -104.64598415045415 0
endloop
endfacet
facet normal -0.6343932841636286 -0.773010453362751 0
outer loop
vertex 195.232647271776 -104.4186793282135 1
vertex 195.00534244953798 -104.23213508154969 1
vertex 195.00534244953798 -104.23213508154969 0
endloop
endfacet
facet normal -0.6343932841636286 -0.773010453362751 0
outer loop
vertex 195.232647271776 -104.4186793282135 1
vertex 195.00534244953798 -104.23213508154969 0
vertex 195.23264727177605 -104.41867932821354 0
endloop
endfacet
facet normal -0.4713967368260026 -0.8819212643483525 0
outer loop
vertex 195.00534244953798 -104.23213508154969 1
vertex 194.74601224855465 -104.09352020123573 1
vertex 194.74601224855465 -104.09352020123573 0
endloop
endfacet
facet normal -0.4713967368260026 -0.8819212643483525 0
outer loop
vertex 195.00534244953798 -104.23213508154969 1
vertex 194.74601224855465 -104.09352020123573 0
vertex 195.00534244953798 -104.23213508154969 0
endloop
endfacet
facet normal -0.2902846772544479 -0.9569403357322133 0
outer loop
vertex 194.74601224855465 -104.09352020123573 1
vertex 194.46462258301534 -104.00816157939302 1
vertex 194.46462258301528 -104.00816157939299 0
endloop
endfacet
facet normal -0.2902846772544479 -0.9569403357322133 0
outer loop
vertex 194.74601224855465 -104.09352020123573 1
vertex 194.46462258301528 -104.00816157939299 0
vertex 194.74601224855465 -104.09352020123573 0
endloop
endfacet
facet normal -0.09801714032955997 -0.9951847266721969 0
outer loop
vertex 194.46462258301534 -104.00816157939302 1
vertex 194.17198710000918 -103.97933949999964 1
vertex 194.1719871000093 -103.97933949999963 0
endloop
endfacet
facet normal -0.09801714032955997 -0.9951847266721969 0
outer loop
vertex 194.46462258301534 -104.00816157939302 1
vertex 194.1719871000093 -103.97933949999963 0
vertex 194.46462258301528 -104.00816157939299 0
endloop
endfacet
facet normal 0.09801714032957415 -0.9951847266721956 0
outer loop
vertex 194.17198710000918 -103.97933949999964 1
vertex 193.8793516169711 -104.00816157939302 1
vertex 193.87935161700332 -104.00816157939299 0
endloop
endfacet
facet normal 0.09801714032957415 -0.9951847266721956 0
outer loop
vertex 194.17198710000918 -103.97933949999964 1
vertex 193.87935161700332 -104.00816157939299 0
vertex 194.1719871000093 -103.97933949999963 0
endloop
endfacet
facet normal 0.2902846772544479 -0.9569403357322133 0
outer loop
vertex 193.8793516169711 -104.00816157939302 1
vertex 193.59796195146117 -104.09352020123573 1
vertex 193.59796195143383 -104.09352020123573 0
endloop
endfacet
facet normal 0.2902846772544479 -0.9569403357322133 0
outer loop
vertex 193.8793516169711 -104.00816157939302 1
vertex 193.59796195143383 -104.09352020123573 0
vertex 193.87935161700332 -104.00816157939299 0
endloop
endfacet
facet normal 0.4713967368259914 -0.8819212643483584 0
outer loop
vertex 193.59796195146117 -104.09352020123573 1
vertex 193.33863175045815 -104.23213508154969 1
vertex 193.33863175047446 -104.23213508154969 0
endloop
endfacet
facet normal 0.4713967368259914 -0.8819212643483584 0
outer loop
vertex 193.59796195146117 -104.09352020123573 1
vertex 193.33863175047446 -104.23213508154969 0
vertex 193.59796195143383 -104.09352020123573 0
endloop
endfacet
facet normal 0.6343932841636518 -0.7730104533627319 0
outer loop
vertex 193.33863175045815 -104.23213508154969 1
vertex 193.11132692822343 -104.4186793282135 1
vertex 193.111326928223 -104.41867932821354 0
endloop
endfacet
facet normal 0.6343932841636518 -0.7730104533627319 0
outer loop
vertex 193.33863175045815 -104.23213508154969 1
vertex 193.111326928223 -104.41867932821354 0
vertex 193.33863175047446 -104.23213508154969 0
endloop
endfacet
facet normal 0.7730104533627825 -0.63439328416359 0
outer loop
vertex 193.11132692822343 -104.4186793282135 1
vertex 192.92478268154747 -104.64598415045415 1
vertex 192.9247826815591 -104.64598415045415 0
endloop
endfacet
facet normal 0.7730104533627825 -0.63439328416359 0
outer loop
vertex 193.11132692822343 -104.4186793282135 1
vertex 192.9247826815591 -104.64598415045415 0
vertex 193.111326928223 -104.41867932821354 0
endloop
endfacet
facet normal 0.8819212643483252 -0.4713967368260534 0
outer loop
vertex 192.92478268154747 -104.64598415045415 1
vertex 192.78616780123508 -104.90531435145735 1
vertex 192.7861678012305 -104.90531435145722 0
endloop
endfacet
facet normal 0.8819212643483252 -0.4713967368260534 0
outer loop
vertex 192.92478268154747 -104.64598415045415 1
vertex 192.7861678012305 -104.90531435145722 0
vertex 192.9247826815591 -104.64598415045415 0
endloop
endfacet
facet normal 0.9569403357322217 -0.2902846772544199 0
outer loop
vertex 192.78616780123508 -104.90531435145735 1
vertex 192.70080917939302 -105.1867040169933 1
vertex 192.70080917939296 -105.18670401699329 0
endloop
endfacet
facet normal 0.9569403357322217 -0.2902846772544199 0
outer loop
vertex 192.78616780123508 -104.90531435145735 1
vertex 192.70080917939296 -105.18670401699329 0
vertex 192.7861678012305 -104.90531435145722 0
endloop
endfacet
facet normal 0.9951847266721957 -0.09801714032957415 0
outer loop
vertex 192.70080917939302 -105.1867040169933 1
vertex 192.67198710000025 -105.47933949998352 1
vertex 192.67198710000108 -105.47933949998375 0
endloop
endfacet
facet normal 0.9951847266721957 -0.09801714032957415 0
outer loop
vertex 192.70080917939302 -105.1867040169933 1
vertex 192.67198710000108 -105.47933949998375 0
vertex 192.70080917939296 -105.18670401699329 0
endloop
endfacet
facet normal 0.9951847266721956 0.09801714032957415 0
outer loop
vertex 192.67198710000025 -105.47933949998352 1
vertex 192.70080917939856 -105.77197498303477 1
vertex 192.70080917939802 -105.7719749830349 0
endloop
endfacet
facet normal 0.9951847266721956 0.09801714032957415 0
outer loop
vertex 192.67198710000025 -105.47933949998352 1
vertex 192.70080917939802 -105.7719749830349 0
vertex 192.67198710000108 -105.47933949998375 0
endloop
endfacet
facet normal 0.9569403357322133 0.2902846772544479 0
outer loop
vertex 192.70080917939856 -105.77197498303477 1
vertex 192.78616780122624 -106.05336464853161 1
vertex 192.78616780122806 -106.05336464853191 0
endloop
endfacet
facet normal 0.9569403357322133 0.2902846772544479 0
outer loop
vertex 192.70080917939856 -105.77197498303477 1
vertex 192.78616780122806 -106.05336464853191 0
vertex 192.70080917939802 -105.7719749830349 0
endloop
endfacet
facet normal 0.881921264348327 0.4713967368260505 0
outer loop
vertex 192.78616780122624 -106.05336464853161 1
vertex 192.92478268154386 -106.31269484952176 1
vertex 192.92478268154377 -106.31269484952163 0
endloop
endfacet
facet normal 0.881921264348327 0.4713967368260505 0
outer loop
vertex 192.78616780122624 -106.05336464853161 1
vertex 192.92478268154377 -106.31269484952163 0
vertex 192.78616780122806 -106.05336464853191 0
endloop
endfacet
facet normal 0.7730104533627572 0.6343932841636208 0
outer loop
vertex 192.92478268154386 -106.31269484952176 1
vertex 193.1113269282321 -106.53999967178954 1
vertex 193.11132692823216 -106.53999967178959 0
endloop
endfacet
facet normal 0.7730104533627572 0.6343932841636208 0
outer loop
vertex 192.92478268154386 -106.31269484952176 1
vertex 193.11132692823216 -106.53999967178959 0
vertex 192.92478268154377 -106.31269484952163 0
endloop
endfacet
facet normal 0.6343932841636423 0.7730104533627397 0
outer loop
vertex 193.1113269282321 -106.53999967178954 1
vertex 193.3386317504787 -106.7265439184604 1
vertex 193.3386317504786 -106.72654391846034 0
endloop
endfacet
facet normal 0.6343932841636423 0.7730104533627397 0
outer loop
vertex 193.1113269282321 -106.53999967178954 1
vertex 193.3386317504786 -106.72654391846034 0
vertex 193.11132692823216 -106.53999967178959 0
endloop
endfacet
facet normal 0.47139673682601435 0.8819212643483461 0
outer loop
vertex 193.3386317504787 -106.7265439184604 1
vertex 193.59796195144503 -106.86515879876526 1
vertex 193.59796195144514 -106.86515879876531 0
endloop
endfacet
facet normal 0.47139673682601435 0.8819212643483461 0
outer loop
vertex 193.3386317504787 -106.7265439184604 1
vertex 193.59796195144514 -106.86515879876531 0
vertex 193.3386317504786 -106.72654391846034 0
endloop
endfacet
facet normal 0.2902846772544479 0.9569403357322133 0
outer loop
vertex 193.59796195144503 -106.86515879876526 1
vertex 193.879351616967 -106.95051742060272 1
vertex 193.87935161696697 -106.95051742060272 0
endloop
endfacet
facet normal 0.2902846772544479 0.9569403357322133 0
outer loop
vertex 193.59796195144503 -106.86515879876526 1
vertex 193.87935161696697 -106.95051742060272 0
vertex 193.59796195144514 -106.86515879876531 0
endloop
endfacet
facet normal 0.09801714032956006 0.9951847266721969 0
outer loop
vertex 193.879351616967 -106.95051742060272 1
vertex 194.17198710001213 -106.97933949999994 1
vertex 194.17198710001207 -106.97933949999994 0
endloop
endfacet
facet normal 0.09801714032956006 0.9951847266721969 0
outer loop
vertex 193.879351616967 -106.95051742060272 1
vertex 194.17198710001207 -106.97933949999994 0
vertex 193.87935161696697 -106.95051742060272 0
endloop
endfacet
facet normal -0.09801714032956006 0.9951847266721969 0
outer loop
vertex 194.17198710001213 -106.97933949999994 1
vertex 194.46462258305718 -106.95051742060272 1
vertex 194.46462258301662 -106.95051742060272 0
endloop
endfacet
facet normal -0.09801714032956006 0.9951847266721969 0
outer loop
vertex 194.17198710001213 -106.97933949999994 1
vertex 194.46462258301662 -106.95051742060272 0
vertex 194.17198710001207 -106.97933949999994 0
endloop
endfacet
facet normal -0.2902846772544479 0.9569403357322133 0
outer loop
vertex 194.46462258305718 -106.95051742060272 1
vertex 194.74601224854192 -106.86515879876526 1
vertex 194.74601224855638 -106.86515879876531 0
endloop
endfacet
facet normal -0.2902846772544479 0.9569403357322133 0
outer loop
vertex 194.46462258305718 -106.95051742060272 1
vertex 194.74601224855638 -106.86515879876531 0
vertex 194.46462258301662 -106.95051742060272 0
endloop
endfacet
facet normal -0.4713967368259914 0.8819212643483584 0
outer loop
vertex 194.74601224854192 -106.86515879876526 1
vertex 195.0053424495219 -106.7265439184604 1
vertex 195.00534244951672 -106.72654391846034 0
endloop
endfacet
facet normal -0.4713967368259914 0.8819212643483584 0
outer loop
vertex 194.74601224854192 -106.86515879876526 1
vertex 195.00534244951672 -106.72654391846034 0
vertex 194.74601224855638 -106.86515879876531 0
endloop
endfacet
facet normal -0.6343932841636518 0.7730104533627319 0
outer loop
vertex 195.0053424495219 -106.7265439184604 1
vertex 195.23264727176414 -106.53999967178954 1
vertex 195.232647271784 -106.53999967178959 0
endloop
endfacet
facet normal -0.6343932841636518 0.7730104533627319 0
outer loop
vertex 195.0053424495219 -106.7265439184604 1
vertex 195.232647271784 -106.53999967178959 0
vertex 195.00534244951672 -106.72654391846034 0
endloop
endfacet
facet normal -0.7730104533627825 0.63439328416359 0
outer loop
vertex 195.23264727176414 -106.53999967178954 1
vertex 195.41919151846616 -106.31269484952176 1
vertex 195.4191915184544 -106.31269484952163 0
endloop
endfacet
facet normal -0.7730104533627825 0.63439328416359 0
outer loop
vertex 195.23264727176414 -106.53999967178954 1
vertex 195.4191915184544 -106.31269484952163 0
vertex 195.232647271784 -106.53999967178959 0
endloop
endfacet
facet normal -0.8819212643483252 0.4713967368260534 0
outer loop
vertex 195.41919151846616 -106.31269484952176 1
vertex 195.55780639877443 -106.05336464853161 1
vertex 195.5578063987683 -106.05336464853191 0
endloop
endfacet
facet normal -0.8819212643483252 0.4713967368260534 0
outer loop
vertex 195.41919151846616 -106.31269484952176 1
vertex 195.5578063987683 -106.05336464853191 0
vertex 195.4191915184544 -106.31269484952163 0
endloop
endfacet
facet normal -0.9569403357322139 0.29028467725444596 0
outer loop
vertex 195.55780639877443 -106.05336464853161 1
vertex 195.64316502060223 -105.77197498303477 1
vertex 195.6431650206022 -105.7719749830349 0
endloop
endfacet
facet normal -0.9569403357322139 0.29028467725444596 0
outer loop
vertex 195.55780639877443 -106.05336464853161 1
vertex 195.6431650206022 -105.7719749830349 0
vertex 195.5578063987683 -106.05336464853191 0
endloop
endfacet
endsolid csg.js
